Nodes,Speed_kmh,Flows,Packet_Rate_pps,Mobility_Seed,Offered_Load_kbps,Flows_per_Node,Rate_x_Flows,Nodes_x_Speed,Speed_per_Flow,Best_Protocol_Composite,Best_Protocol_PDR
50,20,5,2,1,40.96,0.1,10,1000,4,AODV,AODV
50,20,5,2,2,40.96,0.1,10,1000,4,AOMDV,AODV
50,20,5,2,3,40.96,0.1,10,1000,4,AOMDV,AODV
50,20,5,2,4,40.96,0.1,10,1000,4,AOMDV,AODV
50,20,5,2,5,40.96,0.1,10,1000,4,AODV,AODV
50,20,5,4,1,81.92,0.1,20,1000,4,AOMDV,AODV
50,20,5,4,2,81.92,0.1,20,1000,4,AOMDV,AODV
50,20,5,4,3,81.92,0.1,20,1000,4,AOMDV,AODV
50,20,5,4,4,81.92,0.1,20,1000,4,AOMDV,AODV
50,20,5,4,5,81.92,0.1,20,1000,4,AOMDV,AODV
50,20,5,8,1,163.84,0.1,40,1000,4,AOMDV,AODV
50,20,5,8,2,163.84,0.1,40,1000,4,AOMDV,AODV
50,20,5,8,3,163.84,0.1,40,1000,4,AOMDV,AODV
50,20,5,8,4,163.84,0.1,40,1000,4,AODV,AODV
50,20,5,8,5,163.84,0.1,40,1000,4,AOMDV,AODV
50,20,10,2,1,81.92,0.2,20,1000,2,AOMDV,AODV
50,20,10,2,2,81.92,0.2,20,1000,2,AODV,AODV
50,20,10,2,3,81.92,0.2,20,1000,2,AOMDV,AODV
50,20,10,2,4,81.92,0.2,20,1000,2,AODV,AODV
50,20,10,2,5,81.92,0.2,20,1000,2,AOMDV,AODV
50,20,10,4,1,163.84,0.2,40,1000,2,AOMDV,AODV
50,20,10,4,2,163.84,0.2,40,1000,2,AOMDV,AODV
50,20,10,4,3,163.84,0.2,40,1000,2,AOMDV,AODV
50,20,10,4,4,163.84,0.2,40,1000,2,AODV,AODV
50,20,10,4,5,163.84,0.2,40,1000,2,AOMDV,AODV
50,20,10,8,1,327.68,0.2,80,1000,2,DSDV,AODV
50,20,10,8,2,327.68,0.2,80,1000,2,AOMDV,AODV
50,20,10,8,3,327.68,0.2,80,1000,2,AODV,AODV
50,20,10,8,4,327.68,0.2,80,1000,2,AODV,AODV
50,20,10,8,5,327.68,0.2,80,1000,2,DSDV,AODV
50,20,15,2,1,122.88,0.3,30,1000,1.3333333333333333,AOMDV,AODV
50,20,15,2,2,122.88,0.3,30,1000,1.3333333333333333,AODV,AODV
50,20,15,2,3,122.88,0.3,30,1000,1.3333333333333333,AODV,AODV
50,20,15,2,4,122.88,0.3,30,1000,1.3333333333333333,AODV,AODV
50,20,15,2,5,122.88,0.3,30,1000,1.3333333333333333,AOMDV,AODV
50,20,15,4,1,245.76,0.3,60,1000,1.3333333333333333,AOMDV,AODV
50,20,15,4,2,245.76,0.3,60,1000,1.3333333333333333,AOMDV,AODV
50,20,15,4,3,245.76,0.3,60,1000,1.3333333333333333,AOMDV,AODV
50,20,15,4,4,245.76,0.3,60,1000,1.3333333333333333,AODV,AODV
50,20,15,4,5,245.76,0.3,60,1000,1.3333333333333333,DSDV,AODV
50,20,15,8,1,491.52,0.3,120,1000,1.3333333333333333,AOMDV,AOMDV
50,20,15,8,2,491.52,0.3,120,1000,1.3333333333333333,DSDV,DSDV
50,20,15,8,3,491.52,0.3,120,1000,1.3333333333333333,DSDV,AODV
50,20,15,8,4,491.52,0.3,120,1000,1.3333333333333333,AOMDV,AOMDV
50,20,15,8,5,491.52,0.3,120,1000,1.3333333333333333,DSDV,AOMDV
50,20,20,2,1,163.84,0.4,40,1000,1,AOMDV,AODV
50,20,20,2,2,163.84,0.4,40,1000,1,AOMDV,AODV
50,20,20,2,3,163.84,0.4,40,1000,1,AOMDV,AODV
50,20,20,2,4,163.84,0.4,40,1000,1,AOMDV,AODV
50,20,20,2,5,163.84,0.4,40,1000,1,AOMDV,AODV
50,20,20,4,1,327.68,0.4,80,1000,1,AOMDV,AOMDV
50,20,20,4,2,327.68,0.4,80,1000,1,DSDV,AODV
50,20,20,4,3,327.68,0.4,80,1000,1,DSDV,AODV
50,20,20,4,4,327.68,0.4,80,1000,1,DSDV,AODV
50,20,20,4,5,327.68,0.4,80,1000,1,AODV,AODV
50,20,20,8,1,655.36,0.4,160,1000,1,DSDV,AOMDV
50,20,20,8,2,655.36,0.4,160,1000,1,DSDV,DSDV
50,20,20,8,3,655.36,0.4,160,1000,1,AODV,AODV
50,20,20,8,4,655.36,0.4,160,1000,1,DSDV,DSDV
50,20,20,8,5,655.36,0.4,160,1000,1,DSDV,DSDV
50,20,25,2,1,204.8,0.5,50,1000,0.8,AOMDV,AODV
50,20,25,2,2,204.8,0.5,50,1000,0.8,AOMDV,AODV
50,20,25,2,3,204.8,0.5,50,1000,0.8,AOMDV,AODV
50,20,25,2,4,204.8,0.5,50,1000,0.8,AOMDV,AODV
50,20,25,2,5,204.8,0.5,50,1000,0.8,AOMDV,AODV
50,20,25,4,1,409.6,0.5,100,1000,0.8,AOMDV,AOMDV
50,20,25,4,2,409.6,0.5,100,1000,0.8,DSDV,AOMDV
50,20,25,4,3,409.6,0.5,100,1000,0.8,AOMDV,AOMDV
50,20,25,4,4,409.6,0.5,100,1000,0.8,AOMDV,AOMDV
50,20,25,4,5,409.6,0.5,100,1000,0.8,DSDV,AOMDV
50,20,25,8,1,819.2,0.5,200,1000,0.8,DSDV,DSDV
50,20,25,8,2,819.2,0.5,200,1000,0.8,DSDV,DSDV
50,20,25,8,3,819.2,0.5,200,1000,0.8,DSDV,DSDV
50,20,25,8,4,819.2,0.5,200,1000,0.8,DSDV,DSDV
50,20,25,8,5,819.2,0.5,200,1000,0.8,DSDV,DSDV
50,30,5,2,1,40.96,0.1,10,1500,6,AOMDV,AODV
50,30,5,2,2,40.96,0.1,10,1500,6,AOMDV,AODV
50,30,5,2,3,40.96,0.1,10,1500,6,AODV,AODV
50,30,5,2,4,40.96,0.1,10,1500,6,AOMDV,AODV
50,30,5,2,5,40.96,0.1,10,1500,6,AOMDV,AODV
50,30,5,4,1,81.92,0.1,20,1500,6,AODV,AODV
50,30,5,4,2,81.92,0.1,20,1500,6,AODV,AODV
50,30,5,4,3,81.92,0.1,20,1500,6,AODV,AODV
50,30,5,4,4,81.92,0.1,20,1500,6,AOMDV,AODV
50,30,5,4,5,81.92,0.1,20,1500,6,AOMDV,AODV
50,30,5,8,1,163.84,0.1,40,1500,6,AOMDV,AODV
50,30,5,8,2,163.84,0.1,40,1500,6,AOMDV,AODV
50,30,5,8,3,163.84,0.1,40,1500,6,AOMDV,AODV
50,30,5,8,4,163.84,0.1,40,1500,6,AOMDV,AODV
50,30,5,8,5,163.84,0.1,40,1500,6,AOMDV,AODV
50,30,10,2,1,81.92,0.2,20,1500,3,AODV,AODV
50,30,10,2,2,81.92,0.2,20,1500,3,AODV,AODV
50,30,10,2,3,81.92,0.2,20,1500,3,AODV,AODV
50,30,10,2,4,81.92,0.2,20,1500,3,AOMDV,AODV
50,30,10,2,5,81.92,0.2,20,1500,3,AOMDV,AODV
50,30,10,4,1,163.84,0.2,40,1500,3,AOMDV,AODV
50,30,10,4,2,163.84,0.2,40,1500,3,AOMDV,AODV
50,30,10,4,3,163.84,0.2,40,1500,3,DSDV,AODV
50,30,10,4,4,163.84,0.2,40,1500,3,AOMDV,AODV
50,30,10,4,5,163.84,0.2,40,1500,3,AOMDV,AODV
50,30,10,8,1,327.68,0.2,80,1500,3,DSDV,AODV
50,30,10,8,2,327.68,0.2,80,1500,3,AOMDV,AODV
50,30,10,8,3,327.68,0.2,80,1500,3,AODV,AODV
50,30,10,8,4,327.68,0.2,80,1500,3,AOMDV,AODV
50,30,10,8,5,327.68,0.2,80,1500,3,DSDV,AODV
50,30,15,2,1,122.88,0.3,30,1500,2,AOMDV,AODV
50,30,15,2,2,122.88,0.3,30,1500,2,AODV,AODV
50,30,15,2,3,122.88,0.3,30,1500,2,AOMDV,AODV
50,30,15,2,4,122.88,0.3,30,1500,2,AOMDV,AODV
50,30,15,2,5,122.88,0.3,30,1500,2,AOMDV,AODV
50,30,15,4,1,245.76,0.3,60,1500,2,AOMDV,AODV
50,30,15,4,2,245.76,0.3,60,1500,2,AOMDV,AODV
50,30,15,4,3,245.76,0.3,60,1500,2,AOMDV,AODV
50,30,15,4,4,245.76,0.3,60,1500,2,AOMDV,AODV
50,30,15,4,5,245.76,0.3,60,1500,2,AOMDV,AODV
50,30,15,8,1,491.52,0.3,120,1500,2,AOMDV,AOMDV
50,30,15,8,2,491.52,0.3,120,1500,2,AODV,AODV
50,30,15,8,3,491.52,0.3,120,1500,2,DSDV,AOMDV
50,30,15,8,4,491.52,0.3,120,1500,2,AODV,AODV
50,30,15,8,5,491.52,0.3,120,1500,2,DSDV,AODV
50,30,20,2,1,163.84,0.4,40,1500,1.5,AOMDV,AODV
50,30,20,2,2,163.84,0.4,40,1500,1.5,AOMDV,AODV
50,30,20,2,3,163.84,0.4,40,1500,1.5,AOMDV,AODV
50,30,20,2,4,163.84,0.4,40,1500,1.5,AOMDV,AODV
50,30,20,2,5,163.84,0.4,40,1500,1.5,AOMDV,AODV
50,30,20,4,1,327.68,0.4,80,1500,1.5,DSDV,AODV
50,30,20,4,2,327.68,0.4,80,1500,1.5,AOMDV,AODV
50,30,20,4,3,327.68,0.4,80,1500,1.5,AOMDV,AOMDV
50,30,20,4,4,327.68,0.4,80,1500,1.5,AOMDV,AODV
50,30,20,4,5,327.68,0.4,80,1500,1.5,DSDV,AODV
50,30,20,8,1,655.36,0.4,160,1500,1.5,DSDV,AODV
50,30,20,8,2,655.36,0.4,160,1500,1.5,DSDV,DSDV
50,30,20,8,3,655.36,0.4,160,1500,1.5,DSDV,AODV
50,30,20,8,4,655.36,0.4,160,1500,1.5,AODV,AODV
50,30,20,8,5,655.36,0.4,160,1500,1.5,DSDV,AODV
50,30,25,2,1,204.8,0.5,50,1500,1.2,AOMDV,AODV
50,30,25,2,2,204.8,0.5,50,1500,1.2,AOMDV,AODV
50,30,25,2,3,204.8,0.5,50,1500,1.2,AOMDV,AODV
50,30,25,2,4,204.8,0.5,50,1500,1.2,AOMDV,AODV
50,30,25,2,5,204.8,0.5,50,1500,1.2,AOMDV,AODV
50,30,25,4,1,409.6,0.5,100,1500,1.2,DSDV,AODV
50,30,25,4,2,409.6,0.5,100,1500,1.2,DSDV,AODV
50,30,25,4,3,409.6,0.5,100,1500,1.2,AOMDV,AOMDV
50,30,25,4,4,409.6,0.5,100,1500,1.2,DSDV,AODV
50,30,25,4,5,409.6,0.5,100,1500,1.2,AOMDV,AODV
50,30,25,8,1,819.2,0.5,200,1500,1.2,AODV,AODV
50,30,25,8,2,819.2,0.5,200,1500,1.2,DSDV,AODV
50,30,25,8,3,819.2,0.5,200,1500,1.2,DSDV,DSDV
50,30,25,8,4,819.2,0.5,200,1500,1.2,DSDV,DSDV
50,30,25,8,5,819.2,0.5,200,1500,1.2,DSDV,AODV
50,40,5,2,1,40.96,0.1,10,2000,8,AODV,AODV
50,40,5,2,2,40.96,0.1,10,2000,8,AOMDV,AODV
50,40,5,2,3,40.96,0.1,10,2000,8,AODV,AODV
50,40,5,2,4,40.96,0.1,10,2000,8,AODV,AODV
50,40,5,2,5,40.96,0.1,10,2000,8,AOMDV,AODV
50,40,5,4,1,81.92,0.1,20,2000,8,DSDV,AODV
50,40,5,4,2,81.92,0.1,20,2000,8,AOMDV,AODV
50,40,5,4,3,81.92,0.1,20,2000,8,AOMDV,AODV
50,40,5,4,4,81.92,0.1,20,2000,8,AODV,AODV
50,40,5,4,5,81.92,0.1,20,2000,8,AOMDV,AODV
50,40,5,8,1,163.84,0.1,40,2000,8,AOMDV,AODV
50,40,5,8,2,163.84,0.1,40,2000,8,AOMDV,AODV
50,40,5,8,3,163.84,0.1,40,2000,8,AODV,AODV
50,40,5,8,4,163.84,0.1,40,2000,8,AODV,AODV
50,40,5,8,5,163.84,0.1,40,2000,8,AOMDV,AODV
50,40,10,2,1,81.92,0.2,20,2000,4,AOMDV,AODV
50,40,10,2,2,81.92,0.2,20,2000,4,AOMDV,AODV
50,40,10,2,3,81.92,0.2,20,2000,4,AODV,AODV
50,40,10,2,4,81.92,0.2,20,2000,4,AOMDV,AODV
50,40,10,2,5,81.92,0.2,20,2000,4,AODV,AODV
50,40,10,4,1,163.84,0.2,40,2000,4,AOMDV,AODV
50,40,10,4,2,163.84,0.2,40,2000,4,DSDV,AODV
50,40,10,4,3,163.84,0.2,40,2000,4,AODV,AODV
50,40,10,4,4,163.84,0.2,40,2000,4,AOMDV,AODV
50,40,10,4,5,163.84,0.2,40,2000,4,AOMDV,AODV
50,40,10,8,1,327.68,0.2,80,2000,4,AODV,AODV
50,40,10,8,2,327.68,0.2,80,2000,4,DSDV,AODV
50,40,10,8,3,327.68,0.2,80,2000,4,AOMDV,AODV
50,40,10,8,4,327.68,0.2,80,2000,4,AOMDV,AODV
50,40,10,8,5,327.68,0.2,80,2000,4,AOMDV,AODV
50,40,15,2,1,122.88,0.3,30,2000,2.6666666666666665,AOMDV,AODV
50,40,15,2,2,122.88,0.3,30,2000,2.6666666666666665,AOMDV,AODV
50,40,15,2,3,122.88,0.3,30,2000,2.6666666666666665,AOMDV,AODV
50,40,15,2,4,122.88,0.3,30,2000,2.6666666666666665,AOMDV,AODV
50,40,15,2,5,122.88,0.3,30,2000,2.6666666666666665,AOMDV,AODV
50,40,15,4,1,245.76,0.3,60,2000,2.6666666666666665,AOMDV,AODV
50,40,15,4,2,245.76,0.3,60,2000,2.6666666666666665,AOMDV,AODV
50,40,15,4,3,245.76,0.3,60,2000,2.6666666666666665,AOMDV,AODV
50,40,15,4,4,245.76,0.3,60,2000,2.6666666666666665,AOMDV,AODV
50,40,15,4,5,245.76,0.3,60,2000,2.6666666666666665,AOMDV,AODV
50,40,15,8,1,491.52,0.3,120,2000,2.6666666666666665,AOMDV,AODV
50,40,15,8,2,491.52,0.3,120,2000,2.6666666666666665,DSDV,AODV
50,40,15,8,3,491.52,0.3,120,2000,2.6666666666666665,AOMDV,AODV
50,40,15,8,4,491.52,0.3,120,2000,2.6666666666666665,DSDV,AOMDV
50,40,15,8,5,491.52,0.3,120,2000,2.6666666666666665,AOMDV,AOMDV
50,40,20,2,1,163.84,0.4,40,2000,2,AOMDV,AODV
50,40,20,2,2,163.84,0.4,40,2000,2,AOMDV,AODV
50,40,20,2,3,163.84,0.4,40,2000,2,AOMDV,AODV
50,40,20,2,4,163.84,0.4,40,2000,2,AOMDV,AODV
50,40,20,2,5,163.84,0.4,40,2000,2,AOMDV,AODV
50,40,20,4,1,327.68,0.4,80,2000,2,AOMDV,AODV
50,40,20,4,2,327.68,0.4,80,2000,2,AOMDV,AOMDV
50,40,20,4,3,327.68,0.4,80,2000,2,AOMDV,AODV
50,40,20,4,4,327.68,0.4,80,2000,2,AOMDV,AODV
50,40,20,4,5,327.68,0.4,80,2000,2,AOMDV,AODV
50,40,20,8,1,655.36,0.4,160,2000,2,AOMDV,AOMDV
50,40,20,8,2,655.36,0.4,160,2000,2,DSDV,DSDV
50,40,20,8,3,655.36,0.4,160,2000,2,DSDV,DSDV
50,40,20,8,4,655.36,0.4,160,2000,2,DSDV,DSDV
50,40,20,8,5,655.36,0.4,160,2000,2,DSDV,AODV
50,40,25,2,1,204.8,0.5,50,2000,1.6,AOMDV,AODV
50,40,25,2,2,204.8,0.5,50,2000,1.6,AOMDV,AODV
50,40,25,2,3,204.8,0.5,50,2000,1.6,AOMDV,AODV
50,40,25,2,4,204.8,0.5,50,2000,1.6,DSDV,AODV
50,40,25,2,5,204.8,0.5,50,2000,1.6,AOMDV,AODV
50,40,25,4,1,409.6,0.5,100,2000,1.6,DSDV,AODV
50,40,25,4,2,409.6,0.5,100,2000,1.6,DSDV,AODV
50,40,25,4,3,409.6,0.5,100,2000,1.6,AOMDV,AODV
50,40,25,4,4,409.6,0.5,100,2000,1.6,AOMDV,AOMDV
50,40,25,4,5,409.6,0.5,100,2000,1.6,AOMDV,AODV
50,40,25,8,1,819.2,0.5,200,2000,1.6,AODV,AODV
50,40,25,8,2,819.2,0.5,200,2000,1.6,DSDV,DSDV
50,40,25,8,3,819.2,0.5,200,2000,1.6,DSDV,DSDV
50,40,25,8,4,819.2,0.5,200,2000,1.6,DSDV,DSDV
50,40,25,8,5,819.2,0.5,200,2000,1.6,DSDV,DSDV
50,50,5,2,1,40.96,0.1,10,2500,10,AODV,AODV
50,50,5,2,2,40.96,0.1,10,2500,10,AOMDV,AODV
50,50,5,2,3,40.96,0.1,10,2500,10,AOMDV,AODV
50,50,5,2,4,40.96,0.1,10,2500,10,AOMDV,AODV
50,50,5,2,5,40.96,0.1,10,2500,10,AOMDV,AODV
50,50,5,4,1,81.92,0.1,20,2500,10,AODV,AODV
50,50,5,4,2,81.92,0.1,20,2500,10,AODV,AODV
50,50,5,4,3,81.92,0.1,20,2500,10,AOMDV,AODV
50,50,5,4,4,81.92,0.1,20,2500,10,AODV,AODV
50,50,5,4,5,81.92,0.1,20,2500,10,AOMDV,AODV
50,50,5,8,1,163.84,0.1,40,2500,10,AODV,AODV
50,50,5,8,2,163.84,0.1,40,2500,10,AODV,AODV
50,50,5,8,3,163.84,0.1,40,2500,10,AODV,AODV
50,50,5,8,4,163.84,0.1,40,2500,10,AODV,AODV
50,50,5,8,5,163.84,0.1,40,2500,10,AOMDV,AODV
50,50,10,2,1,81.92,0.2,20,2500,5,AODV,AODV
50,50,10,2,2,81.92,0.2,20,2500,5,AODV,AODV
50,50,10,2,3,81.92,0.2,20,2500,5,AODV,AODV
50,50,10,2,4,81.92,0.2,20,2500,5,AOMDV,AODV
50,50,10,2,5,81.92,0.2,20,2500,5,AOMDV,AODV
50,50,10,4,1,163.84,0.2,40,2500,5,DSDV,AODV
50,50,10,4,2,163.84,0.2,40,2500,5,AOMDV,AODV
50,50,10,4,3,163.84,0.2,40,2500,5,AOMDV,AODV
50,50,10,4,4,163.84,0.2,40,2500,5,AOMDV,AODV
50,50,10,4,5,163.84,0.2,40,2500,5,AOMDV,AODV
50,50,10,8,1,327.68,0.2,80,2500,5,DSDV,AODV
50,50,10,8,2,327.68,0.2,80,2500,5,DSDV,AODV
50,50,10,8,3,327.68,0.2,80,2500,5,AOMDV,AODV
50,50,10,8,4,327.68,0.2,80,2500,5,DSDV,AODV
50,50,10,8,5,327.68,0.2,80,2500,5,AOMDV,AODV
50,50,15,2,1,122.88,0.3,30,2500,3.3333333333333335,AODV,AODV
50,50,15,2,2,122.88,0.3,30,2500,3.3333333333333335,AODV,AODV
50,50,15,2,3,122.88,0.3,30,2500,3.3333333333333335,AOMDV,AODV
50,50,15,2,4,122.88,0.3,30,2500,3.3333333333333335,AOMDV,AODV
50,50,15,2,5,122.88,0.3,30,2500,3.3333333333333335,AOMDV,AODV
50,50,15,4,1,245.76,0.3,60,2500,3.3333333333333335,AOMDV,AODV
50,50,15,4,2,245.76,0.3,60,2500,3.3333333333333335,AOMDV,AODV
50,50,15,4,3,245.76,0.3,60,2500,3.3333333333333335,AOMDV,AODV
50,50,15,4,4,245.76,0.3,60,2500,3.3333333333333335,AOMDV,AODV
50,50,15,4,5,245.76,0.3,60,2500,3.3333333333333335,AOMDV,AODV
50,50,15,8,1,491.52,0.3,120,2500,3.3333333333333335,AOMDV,AOMDV
50,50,15,8,2,491.52,0.3,120,2500,3.3333333333333335,AODV,AODV
50,50,15,8,3,491.52,0.3,120,2500,3.3333333333333335,AOMDV,AODV
50,50,15,8,4,491.52,0.3,120,2500,3.3333333333333335,DSDV,AODV
50,50,15,8,5,491.52,0.3,120,2500,3.3333333333333335,DSDV,AODV
50,50,20,2,1,163.84,0.4,40,2500,2.5,AOMDV,AODV
50,50,20,2,2,163.84,0.4,40,2500,2.5,AOMDV,AODV
50,50,20,2,3,163.84,0.4,40,2500,2.5,AODV,AODV
50,50,20,2,4,163.84,0.4,40,2500,2.5,AODV,AODV
50,50,20,2,5,163.84,0.4,40,2500,2.5,AOMDV,AODV
50,50,20,4,1,327.68,0.4,80,2500,2.5,AOMDV,AODV
50,50,20,4,2,327.68,0.4,80,2500,2.5,AOMDV,AODV
50,50,20,4,3,327.68,0.4,80,2500,2.5,AOMDV,AODV
50,50,20,4,4,327.68,0.4,80,2500,2.5,AOMDV,AODV
50,50,20,4,5,327.68,0.4,80,2500,2.5,AOMDV,AOMDV
50,50,20,8,1,655.36,0.4,160,2500,2.5,DSDV,AODV
50,50,20,8,2,655.36,0.4,160,2500,2.5,DSDV,DSDV
50,50,20,8,3,655.36,0.4,160,2500,2.5,DSDV,AODV
50,50,20,8,4,655.36,0.4,160,2500,2.5,DSDV,DSDV
50,50,20,8,5,655.36,0.4,160,2500,2.5,DSDV,AOMDV
50,50,25,2,1,204.8,0.5,50,2500,2,AOMDV,AODV
50,50,25,2,2,204.8,0.5,50,2500,2,AOMDV,AODV
50,50,25,2,3,204.8,0.5,50,2500,2,AOMDV,AODV
50,50,25,2,4,204.8,0.5,50,2500,2,AOMDV,AODV
50,50,25,2,5,204.8,0.5,50,2500,2,AOMDV,AODV
50,50,25,4,1,409.6,0.5,100,2500,2,DSDV,AODV
50,50,25,4,2,409.6,0.5,100,2500,2,DSDV,AODV
50,50,25,4,3,409.6,0.5,100,2500,2,AOMDV,AOMDV
50,50,25,4,4,409.6,0.5,100,2500,2,AOMDV,AOMDV
50,50,25,4,5,409.6,0.5,100,2500,2,DSDV,AODV
50,50,25,8,1,819.2,0.5,200,2500,2,DSDV,DSDV
50,50,25,8,2,819.2,0.5,200,2500,2,DSDV,DSDV
50,50,25,8,3,819.2,0.5,200,2500,2,DSDV,DSDV
50,50,25,8,4,819.2,0.5,200,2500,2,DSDV,DSDV
50,50,25,8,5,819.2,0.5,200,2500,2,DSDV,DSDV
100,20,5,2,1,40.96,0.05,10,2000,4,AODV,AODV
100,20,5,2,2,40.96,0.05,10,2000,4,AOMDV,AODV
100,20,5,2,3,40.96,0.05,10,2000,4,AODV,AODV
100,20,5,2,4,40.96,0.05,10,2000,4,AOMDV,AODV
100,20,5,2,5,40.96,0.05,10,2000,4,AODV,AODV
100,20,5,4,1,81.92,0.05,20,2000,4,AOMDV,AODV
100,20,5,4,2,81.92,0.05,20,2000,4,AODV,AODV
100,20,5,4,3,81.92,0.05,20,2000,4,AOMDV,AODV
100,20,5,4,4,81.92,0.05,20,2000,4,AOMDV,AODV
100,20,5,4,5,81.92,0.05,20,2000,4,AOMDV,AODV
100,20,5,8,1,163.84,0.05,40,2000,4,AOMDV,AODV
100,20,5,8,2,163.84,0.05,40,2000,4,AOMDV,AODV
100,20,5,8,3,163.84,0.05,40,2000,4,AOMDV,AODV
100,20,5,8,4,163.84,0.05,40,2000,4,AODV,AODV
100,20,5,8,5,163.84,0.05,40,2000,4,AODV,AODV
100,20,10,2,1,81.92,0.1,20,2000,2,DSDV,AODV
100,20,10,2,2,81.92,0.1,20,2000,2,AOMDV,AODV
100,20,10,2,3,81.92,0.1,20,2000,2,AOMDV,AODV
100,20,10,2,4,81.92,0.1,20,2000,2,AOMDV,AODV
100,20,10,2,5,81.92,0.1,20,2000,2,AODV,AODV
100,20,10,4,1,163.84,0.1,40,2000,2,AOMDV,AODV
100,20,10,4,2,163.84,0.1,40,2000,2,AOMDV,AODV
100,20,10,4,3,163.84,0.1,40,2000,2,AODV,AODV
100,20,10,4,4,163.84,0.1,40,2000,2,AOMDV,AODV
100,20,10,4,5,163.84,0.1,40,2000,2,AOMDV,AODV
100,20,10,8,1,327.68,0.1,80,2000,2,DSDV,AODV
100,20,10,8,2,327.68,0.1,80,2000,2,DSDV,AODV
100,20,10,8,3,327.68,0.1,80,2000,2,AOMDV,AODV
100,20,10,8,4,327.68,0.1,80,2000,2,AOMDV,AOMDV
100,20,10,8,5,327.68,0.1,80,2000,2,AOMDV,AOMDV
100,20,15,2,1,122.88,0.15,30,2000,1.3333333333333333,AOMDV,AODV
100,20,15,2,2,122.88,0.15,30,2000,1.3333333333333333,AOMDV,AODV
100,20,15,2,3,122.88,0.15,30,2000,1.3333333333333333,AOMDV,AODV
100,20,15,2,4,122.88,0.15,30,2000,1.3333333333333333,AODV,AODV
100,20,15,2,5,122.88,0.15,30,2000,1.3333333333333333,AODV,AODV
100,20,15,4,1,245.76,0.15,60,2000,1.3333333333333333,AOMDV,AODV
100,20,15,4,2,245.76,0.15,60,2000,1.3333333333333333,AOMDV,AODV
100,20,15,4,3,245.76,0.15,60,2000,1.3333333333333333,AOMDV,AODV
100,20,15,4,4,245.76,0.15,60,2000,1.3333333333333333,AOMDV,AOMDV
100,20,15,4,5,245.76,0.15,60,2000,1.3333333333333333,AOMDV,AODV
100,20,15,8,1,491.52,0.15,120,2000,1.3333333333333333,DSDV,DSDV
100,20,15,8,2,491.52,0.15,120,2000,1.3333333333333333,DSDV,AOMDV
100,20,15,8,3,491.52,0.15,120,2000,1.3333333333333333,DSDV,AOMDV
100,20,15,8,4,491.52,0.15,120,2000,1.3333333333333333,DSDV,DSDV
100,20,15,8,5,491.52,0.15,120,2000,1.3333333333333333,AOMDV,AOMDV
100,20,20,2,1,163.84,0.2,40,2000,1,AOMDV,AODV
100,20,20,2,2,163.84,0.2,40,2000,1,DSDV,AODV
100,20,20,2,3,163.84,0.2,40,2000,1,AOMDV,AODV
100,20,20,2,4,163.84,0.2,40,2000,1,AOMDV,AODV
100,20,20,2,5,163.84,0.2,40,2000,1,DSDV,AODV
100,20,20,4,1,327.68,0.2,80,2000,1,DSDV,DSDV
100,20,20,4,2,327.68,0.2,80,2000,1,AOMDV,AOMDV
100,20,20,4,3,327.68,0.2,80,2000,1,AOMDV,AOMDV
100,20,20,4,4,327.68,0.2,80,2000,1,DSDV,AOMDV
100,20,20,4,5,327.68,0.2,80,2000,1,AOMDV,AOMDV
100,20,20,8,1,655.36,0.2,160,2000,1,DSDV,DSDV
100,20,20,8,2,655.36,0.2,160,2000,1,DSDV,DSDV
100,20,20,8,3,655.36,0.2,160,2000,1,DSDV,DSDV
100,20,20,8,4,655.36,0.2,160,2000,1,DSDV,DSDV
100,20,20,8,5,655.36,0.2,160,2000,1,DSDV,DSDV
100,20,25,2,1,204.8,0.25,50,2000,0.8,AOMDV,AODV
100,20,25,2,2,204.8,0.25,50,2000,0.8,AOMDV,AODV
100,20,25,2,3,204.8,0.25,50,2000,0.8,AOMDV,AODV
100,20,25,2,4,204.8,0.25,50,2000,0.8,AOMDV,AODV
100,20,25,2,5,204.8,0.25,50,2000,0.8,AOMDV,AODV
100,20,25,4,1,409.6,0.25,100,2000,0.8,DSDV,DSDV
100,20,25,4,2,409.6,0.25,100,2000,0.8,DSDV,AOMDV
100,20,25,4,3,409.6,0.25,100,2000,0.8,DSDV,AOMDV
100,20,25,4,4,409.6,0.25,100,2000,0.8,DSDV,DSDV
100,20,25,4,5,409.6,0.25,100,2000,0.8,DSDV,DSDV
100,20,25,8,1,819.2,0.25,200,2000,0.8,DSDV,DSDV
100,20,25,8,2,819.2,0.25,200,2000,0.8,DSDV,DSDV
100,20,25,8,3,819.2,0.25,200,2000,0.8,DSDV,DSDV
100,20,25,8,4,819.2,0.25,200,2000,0.8,DSDV,DSDV
100,20,25,8,5,819.2,0.25,200,2000,0.8,DSDV,DSDV
100,30,5,2,1,40.96,0.05,10,3000,6,AOMDV,AODV
100,30,5,2,2,40.96,0.05,10,3000,6,AODV,AODV
100,30,5,2,3,40.96,0.05,10,3000,6,AODV,AODV
100,30,5,2,4,40.96,0.05,10,3000,6,AOMDV,AODV
100,30,5,2,5,40.96,0.05,10,3000,6,AODV,AODV
100,30,5,4,1,81.92,0.05,20,3000,6,AOMDV,AODV
100,30,5,4,2,81.92,0.05,20,3000,6,AOMDV,AODV
100,30,5,4,3,81.92,0.05,20,3000,6,AOMDV,AODV
100,30,5,4,4,81.92,0.05,20,3000,6,AODV,AODV
100,30,5,4,5,81.92,0.05,20,3000,6,AOMDV,AODV
100,30,5,8,1,163.84,0.05,40,3000,6,AODV,AODV
100,30,5,8,2,163.84,0.05,40,3000,6,AOMDV,AODV
100,30,5,8,3,163.84,0.05,40,3000,6,AODV,AODV
100,30,5,8,4,163.84,0.05,40,3000,6,AODV,AODV
100,30,5,8,5,163.84,0.05,40,3000,6,DSDV,AODV
100,30,10,2,1,81.92,0.1,20,3000,3,AOMDV,AODV
100,30,10,2,2,81.92,0.1,20,3000,3,AOMDV,AODV
100,30,10,2,3,81.92,0.1,20,3000,3,AODV,AODV
100,30,10,2,4,81.92,0.1,20,3000,3,AODV,AODV
100,30,10,2,5,81.92,0.1,20,3000,3,AODV,AODV
100,30,10,4,1,163.84,0.1,40,3000,3,AODV,AODV
100,30,10,4,2,163.84,0.1,40,3000,3,AOMDV,AODV
100,30,10,4,3,163.84,0.1,40,3000,3,AODV,AODV
100,30,10,4,4,163.84,0.1,40,3000,3,AODV,AODV
100,30,10,4,5,163.84,0.1,40,3000,3,AOMDV,AODV
100,30,10,8,1,327.68,0.1,80,3000,3,DSDV,AOMDV
100,30,10,8,2,327.68,0.1,80,3000,3,AOMDV,AOMDV
100,30,10,8,3,327.68,0.1,80,3000,3,AOMDV,AODV
100,30,10,8,4,327.68,0.1,80,3000,3,AOMDV,AOMDV
100,30,10,8,5,327.68,0.1,80,3000,3,AODV,AODV
100,30,15,2,1,122.88,0.15,30,3000,2,AODV,AODV
100,30,15,2,2,122.88,0.15,30,3000,2,AOMDV,AODV
100,30,15,2,3,122.88,0.15,30,3000,2,AODV,AODV
100,30,15,2,4,122.88,0.15,30,3000,2,AODV,AODV
100,30,15,2,5,122.88,0.15,30,3000,2,AOMDV,AODV
100,30,15,4,1,245.76,0.15,60,3000,2,AOMDV,AODV
100,30,15,4,2,245.76,0.15,60,3000,2,AOMDV,AODV
100,30,15,4,3,245.76,0.15,60,3000,2,AOMDV,AODV
100,30,15,4,4,245.76,0.15,60,3000,2,AOMDV,AOMDV
100,30,15,4,5,245.76,0.15,60,3000,2,AOMDV,AODV
100,30,15,8,1,491.52,0.15,120,3000,2,DSDV,AODV
100,30,15,8,2,491.52,0.15,120,3000,2,AOMDV,AOMDV
100,30,15,8,3,491.52,0.15,120,3000,2,DSDV,AOMDV
100,30,15,8,4,491.52,0.15,120,3000,2,AODV,AODV
100,30,15,8,5,491.52,0.15,120,3000,2,AODV,AODV
100,30,20,2,1,163.84,0.2,40,3000,1.5,AOMDV,AODV
100,30,20,2,2,163.84,0.2,40,3000,1.5,AOMDV,AODV
100,30,20,2,3,163.84,0.2,40,3000,1.5,AODV,AODV
100,30,20,2,4,163.84,0.2,40,3000,1.5,AODV,AODV
100,30,20,2,5,163.84,0.2,40,3000,1.5,AODV,AODV
100,30,20,4,1,327.68,0.2,80,3000,1.5,AOMDV,AOMDV
100,30,20,4,2,327.68,0.2,80,3000,1.5,AOMDV,AODV
100,30,20,4,3,327.68,0.2,80,3000,1.5,AOMDV,AOMDV
100,30,20,4,4,327.68,0.2,80,3000,1.5,AOMDV,AOMDV
100,30,20,4,5,327.68,0.2,80,3000,1.5,AOMDV,AOMDV
100,30,20,8,1,655.36,0.2,160,3000,1.5,DSDV,DSDV
100,30,20,8,2,655.36,0.2,160,3000,1.5,DSDV,DSDV
100,30,20,8,3,655.36,0.2,160,3000,1.5,DSDV,DSDV
100,30,20,8,4,655.36,0.2,160,3000,1.5,DSDV,DSDV
100,30,20,8,5,655.36,0.2,160,3000,1.5,DSDV,DSDV
100,30,25,2,1,204.8,0.25,50,3000,1.2,AOMDV,AODV
100,30,25,2,2,204.8,0.25,50,3000,1.2,AOMDV,AODV
100,30,25,2,3,204.8,0.25,50,3000,1.2,AODV,AODV
100,30,25,2,4,204.8,0.25,50,3000,1.2,AOMDV,AODV
100,30,25,2,5,204.8,0.25,50,3000,1.2,AODV,AODV
100,30,25,4,1,409.6,0.25,100,3000,1.2,DSDV,DSDV
100,30,25,4,2,409.6,0.25,100,3000,1.2,DSDV,AOMDV
100,30,25,4,3,409.6,0.25,100,3000,1.2,DSDV,AOMDV
100,30,25,4,4,409.6,0.25,100,3000,1.2,DSDV,AOMDV
100,30,25,4,5,409.6,0.25,100,3000,1.2,DSDV,DSDV
100,30,25,8,1,819.2,0.25,200,3000,1.2,DSDV,DSDV
100,30,25,8,2,819.2,0.25,200,3000,1.2,DSDV,DSDV
100,30,25,8,3,819.2,0.25,200,3000,1.2,DSDV,DSDV
100,30,25,8,4,819.2,0.25,200,3000,1.2,DSDV,DSDV
100,30,25,8,5,819.2,0.25,200,3000,1.2,DSDV,DSDV
100,40,5,2,1,40.96,0.05,10,4000,8,AODV,AODV
100,40,5,2,2,40.96,0.05,10,4000,8,AODV,AODV
100,40,5,2,3,40.96,0.05,10,4000,8,AODV,AODV
100,40,5,2,4,40.96,0.05,10,4000,8,AODV,AODV
100,40,5,2,5,40.96,0.05,10,4000,8,AODV,AODV
100,40,5,4,1,81.92,0.05,20,4000,8,AODV,AODV
100,40,5,4,2,81.92,0.05,20,4000,8,AOMDV,AODV
100,40,5,4,3,81.92,0.05,20,4000,8,AODV,AODV
100,40,5,4,4,81.92,0.05,20,4000,8,AOMDV,AODV
100,40,5,4,5,81.92,0.05,20,4000,8,AOMDV,AODV
100,40,5,8,1,163.84,0.05,40,4000,8,AODV,AODV
100,40,5,8,2,163.84,0.05,40,4000,8,AOMDV,AODV
100,40,5,8,3,163.84,0.05,40,4000,8,AODV,AODV
100,40,5,8,4,163.84,0.05,40,4000,8,AOMDV,AODV
100,40,5,8,5,163.84,0.05,40,4000,8,AOMDV,AODV
100,40,10,2,1,81.92,0.1,20,4000,4,AODV,AODV
100,40,10,2,2,81.92,0.1,20,4000,4,AODV,AODV
100,40,10,2,3,81.92,0.1,20,4000,4,AODV,AODV
100,40,10,2,4,81.92,0.1,20,4000,4,AODV,AODV
100,40,10,2,5,81.92,0.1,20,4000,4,AODV,AODV
100,40,10,4,1,163.84,0.1,40,4000,4,AOMDV,AODV
100,40,10,4,2,163.84,0.1,40,4000,4,AOMDV,AODV
100,40,10,4,3,163.84,0.1,40,4000,4,AODV,AODV
100,40,10,4,4,163.84,0.1,40,4000,4,AODV,AODV
100,40,10,4,5,163.84,0.1,40,4000,4,AODV,AODV
100,40,10,8,1,327.68,0.1,80,4000,4,AOMDV,AOMDV
100,40,10,8,2,327.68,0.1,80,4000,4,AOMDV,AODV
100,40,10,8,3,327.68,0.1,80,4000,4,AOMDV,AOMDV
100,40,10,8,4,327.68,0.1,80,4000,4,AOMDV,AODV
100,40,10,8,5,327.68,0.1,80,4000,4,AOMDV,AODV
100,40,15,2,1,122.88,0.15,30,4000,2.6666666666666665,AODV,AODV
100,40,15,2,2,122.88,0.15,30,4000,2.6666666666666665,AOMDV,AODV
100,40,15,2,3,122.88,0.15,30,4000,2.6666666666666665,AODV,AODV
100,40,15,2,4,122.88,0.15,30,4000,2.6666666666666665,AODV,AODV
100,40,15,2,5,122.88,0.15,30,4000,2.6666666666666665,AODV,AODV
100,40,15,4,1,245.76,0.15,60,4000,2.6666666666666665,AOMDV,AODV
100,40,15,4,2,245.76,0.15,60,4000,2.6666666666666665,AOMDV,AODV
100,40,15,4,3,245.76,0.15,60,4000,2.6666666666666665,AOMDV,AODV
100,40,15,4,4,245.76,0.15,60,4000,2.6666666666666665,AOMDV,AODV
100,40,15,4,5,245.76,0.15,60,4000,2.6666666666666665,AOMDV,AODV
100,40,15,8,1,491.52,0.15,120,4000,2.6666666666666665,AOMDV,AOMDV
100,40,15,8,2,491.52,0.15,120,4000,2.6666666666666665,AODV,AODV
100,40,15,8,3,491.52,0.15,120,4000,2.6666666666666665,AOMDV,AOMDV
100,40,15,8,4,491.52,0.15,120,4000,2.6666666666666665,AOMDV,AOMDV
100,40,15,8,5,491.52,0.15,120,4000,2.6666666666666665,AOMDV,AOMDV
100,40,20,2,1,163.84,0.2,40,4000,2,AODV,AODV
100,40,20,2,2,163.84,0.2,40,4000,2,AOMDV,AODV
100,40,20,2,3,163.84,0.2,40,4000,2,AODV,AODV
100,40,20,2,4,163.84,0.2,40,4000,2,AODV,AODV
100,40,20,2,5,163.84,0.2,40,4000,2,AOMDV,AODV
100,40,20,4,1,327.68,0.2,80,4000,2,AOMDV,AOMDV
100,40,20,4,2,327.68,0.2,80,4000,2,AOMDV,AOMDV
100,40,20,4,3,327.68,0.2,80,4000,2,AOMDV,AOMDV
100,40,20,4,4,327.68,0.2,80,4000,2,AOMDV,AOMDV
100,40,20,4,5,327.68,0.2,80,4000,2,AOMDV,AOMDV
100,40,20,8,1,655.36,0.2,160,4000,2,DSDV,DSDV
100,40,20,8,2,655.36,0.2,160,4000,2,DSDV,DSDV
100,40,20,8,3,655.36,0.2,160,4000,2,DSDV,DSDV
100,40,20,8,4,655.36,0.2,160,4000,2,DSDV,DSDV
100,40,20,8,5,655.36,0.2,160,4000,2,AODV,AODV
100,40,25,2,1,204.8,0.25,50,4000,1.6,AOMDV,AODV
100,40,25,2,2,204.8,0.25,50,4000,1.6,AOMDV,AODV
100,40,25,2,3,204.8,0.25,50,4000,1.6,AODV,AODV
100,40,25,2,4,204.8,0.25,50,4000,1.6,AOMDV,AODV
100,40,25,2,5,204.8,0.25,50,4000,1.6,AOMDV,AODV
100,40,25,4,1,409.6,0.25,100,4000,1.6,DSDV,DSDV
100,40,25,4,2,409.6,0.25,100,4000,1.6,DSDV,AOMDV
100,40,25,4,3,409.6,0.25,100,4000,1.6,AOMDV,AOMDV
100,40,25,4,4,409.6,0.25,100,4000,1.6,DSDV,AOMDV
100,40,25,4,5,409.6,0.25,100,4000,1.6,DSDV,DSDV
100,40,25,8,1,819.2,0.25,200,4000,1.6,DSDV,DSDV
100,40,25,8,2,819.2,0.25,200,4000,1.6,DSDV,DSDV
100,40,25,8,3,819.2,0.25,200,4000,1.6,DSDV,DSDV
100,40,25,8,4,819.2,0.25,200,4000,1.6,DSDV,DSDV
100,40,25,8,5,819.2,0.25,200,4000,1.6,DSDV,DSDV
100,50,5,2,1,40.96,0.05,10,5000,10,AODV,AODV
100,50,5,2,2,40.96,0.05,10,5000,10,AODV,AODV
100,50,5,2,3,40.96,0.05,10,5000,10,AODV,AODV
100,50,5,2,4,40.96,0.05,10,5000,10,AODV,AODV
100,50,5,2,5,40.96,0.05,10,5000,10,AODV,AODV
100,50,5,4,1,81.92,0.05,20,5000,10,AOMDV,AODV
100,50,5,4,2,81.92,0.05,20,5000,10,AODV,AODV
100,50,5,4,3,81.92,0.05,20,5000,10,AODV,AODV
100,50,5,4,4,81.92,0.05,20,5000,10,AODV,AODV
100,50,5,4,5,81.92,0.05,20,5000,10,AODV,AODV
100,50,5,8,1,163.84,0.05,40,5000,10,AODV,AODV
100,50,5,8,2,163.84,0.05,40,5000,10,AOMDV,AODV
100,50,5,8,3,163.84,0.05,40,5000,10,AODV,AODV
100,50,5,8,4,163.84,0.05,40,5000,10,AODV,AODV
100,50,5,8,5,163.84,0.05,40,5000,10,AODV,AODV
100,50,10,2,1,81.92,0.1,20,5000,5,AODV,AODV
100,50,10,2,2,81.92,0.1,20,5000,5,AOMDV,AODV
100,50,10,2,3,81.92,0.1,20,5000,5,AODV,AODV
100,50,10,2,4,81.92,0.1,20,5000,5,AODV,AODV
100,50,10,2,5,81.92,0.1,20,5000,5,AODV,AODV
100,50,10,4,1,163.84,0.1,40,5000,5,AODV,AODV
100,50,10,4,2,163.84,0.1,40,5000,5,AODV,AODV
100,50,10,4,3,163.84,0.1,40,5000,5,AODV,AODV
100,50,10,4,4,163.84,0.1,40,5000,5,AODV,AODV
100,50,10,4,5,163.84,0.1,40,5000,5,AODV,AODV
100,50,10,8,1,327.68,0.1,80,5000,5,AOMDV,AODV
100,50,10,8,2,327.68,0.1,80,5000,5,AOMDV,AODV
100,50,10,8,3,327.68,0.1,80,5000,5,AOMDV,AODV
100,50,10,8,4,327.68,0.1,80,5000,5,AODV,AODV
100,50,10,8,5,327.68,0.1,80,5000,5,AOMDV,AODV
100,50,15,2,1,122.88,0.15,30,5000,3.3333333333333335,AODV,AODV
100,50,15,2,2,122.88,0.15,30,5000,3.3333333333333335,AODV,AODV
100,50,15,2,3,122.88,0.15,30,5000,3.3333333333333335,AOMDV,AODV
100,50,15,2,4,122.88,0.15,30,5000,3.3333333333333335,AOMDV,AODV
100,50,15,2,5,122.88,0.15,30,5000,3.3333333333333335,AODV,AODV
100,50,15,4,1,245.76,0.15,60,5000,3.3333333333333335,AOMDV,AODV
100,50,15,4,2,245.76,0.15,60,5000,3.3333333333333335,AOMDV,AODV
100,50,15,4,3,245.76,0.15,60,5000,3.3333333333333335,AOMDV,AODV
100,50,15,4,4,245.76,0.15,60,5000,3.3333333333333335,AOMDV,AODV
100,50,15,4,5,245.76,0.15,60,5000,3.3333333333333335,AOMDV,AOMDV
100,50,15,8,1,491.52,0.15,120,5000,3.3333333333333335,AOMDV,AOMDV
100,50,15,8,2,491.52,0.15,120,5000,3.3333333333333335,DSDV,AOMDV
100,50,15,8,3,491.52,0.15,120,5000,3.3333333333333335,AOMDV,AOMDV
100,50,15,8,4,491.52,0.15,120,5000,3.3333333333333335,DSDV,DSDV
100,50,15,8,5,491.52,0.15,120,5000,3.3333333333333335,AOMDV,AOMDV
100,50,20,2,1,163.84,0.2,40,5000,2.5,AOMDV,AODV
100,50,20,2,2,163.84,0.2,40,5000,2.5,AOMDV,AODV
100,50,20,2,3,163.84,0.2,40,5000,2.5,AODV,AODV
100,50,20,2,4,163.84,0.2,40,5000,2.5,AOMDV,AODV
100,50,20,2,5,163.84,0.2,40,5000,2.5,AOMDV,AODV
100,50,20,4,1,327.68,0.2,80,5000,2.5,AOMDV,AOMDV
100,50,20,4,2,327.68,0.2,80,5000,2.5,AOMDV,AOMDV
100,50,20,4,3,327.68,0.2,80,5000,2.5,AOMDV,AOMDV
100,50,20,4,4,327.68,0.2,80,5000,2.5,AOMDV,AOMDV
100,50,20,4,5,327.68,0.2,80,5000,2.5,AOMDV,AOMDV
100,50,20,8,1,655.36,0.2,160,5000,2.5,DSDV,DSDV
100,50,20,8,2,655.36,0.2,160,5000,2.5,DSDV,DSDV
100,50,20,8,3,655.36,0.2,160,5000,2.5,DSDV,DSDV
100,50,20,8,4,655.36,0.2,160,5000,2.5,DSDV,DSDV
100,50,20,8,5,655.36,0.2,160,5000,2.5,DSDV,DSDV
100,50,25,2,1,204.8,0.25,50,5000,2,AOMDV,AODV
100,50,25,2,2,204.8,0.25,50,5000,2,AOMDV,AODV
100,50,25,2,3,204.8,0.25,50,5000,2,AOMDV,AODV
100,50,25,2,4,204.8,0.25,50,5000,2,AOMDV,AODV
100,50,25,2,5,204.8,0.25,50,5000,2,AOMDV,AODV
100,50,25,4,1,409.6,0.25,100,5000,2,DSDV,DSDV
100,50,25,4,2,409.6,0.25,100,5000,2,AOMDV,AOMDV
100,50,25,4,3,409.6,0.25,100,5000,2,DSDV,AOMDV
100,50,25,4,4,409.6,0.25,100,5000,2,DSDV,DSDV
100,50,25,4,5,409.6,0.25,100,5000,2,DSDV,DSDV
100,50,25,8,1,819.2,0.25,200,5000,2,DSDV,DSDV
100,50,25,8,2,819.2,0.25,200,5000,2,DSDV,DSDV
100,50,25,8,3,819.2,0.25,200,5000,2,DSDV,DSDV
100,50,25,8,4,819.2,0.25,200,5000,2,DSDV,DSDV
100,50,25,8,5,819.2,0.25,200,5000,2,DSDV,DSDV
150,20,5,2,1,40.96,0.033333333,10,3000,4,AOMDV,AODV
150,20,5,2,2,40.96,0.033333333,10,3000,4,AOMDV,AODV
150,20,5,2,3,40.96,0.033333333,10,3000,4,AOMDV,AODV
150,20,5,2,4,40.96,0.033333333,10,3000,4,AOMDV,AODV
150,20,5,2,5,40.96,0.033333333,10,3000,4,AODV,AODV
150,20,5,4,1,81.92,0.033333333,20,3000,4,AOMDV,AODV
150,20,5,4,2,81.92,0.033333333,20,3000,4,AOMDV,AODV
150,20,5,4,3,81.92,0.033333333,20,3000,4,AOMDV,AODV
150,20,5,4,4,81.92,0.033333333,20,3000,4,AOMDV,AOMDV
150,20,5,4,5,81.92,0.033333333,20,3000,4,AOMDV,AODV
150,20,5,8,1,163.84,0.033333333,40,3000,4,AOMDV,AODV
150,20,5,8,2,163.84,0.033333333,40,3000,4,AOMDV,AODV
150,20,5,8,3,163.84,0.033333333,40,3000,4,AOMDV,AODV
150,20,5,8,4,163.84,0.033333333,40,3000,4,AOMDV,AOMDV
150,20,5,8,5,163.84,0.033333333,40,3000,4,AOMDV,AOMDV
150,20,10,2,1,81.92,0.066666667,20,3000,2,AOMDV,AODV
150,20,10,2,2,81.92,0.066666667,20,3000,2,AOMDV,AODV
150,20,10,2,3,81.92,0.066666667,20,3000,2,AOMDV,AODV
150,20,10,2,4,81.92,0.066666667,20,3000,2,AODV,AODV
150,20,10,2,5,81.92,0.066666667,20,3000,2,AOMDV,AODV
150,20,10,4,1,163.84,0.066666667,40,3000,2,AOMDV,AODV
150,20,10,4,2,163.84,0.066666667,40,3000,2,AOMDV,AODV
150,20,10,4,3,163.84,0.066666667,40,3000,2,AOMDV,AODV
150,20,10,4,4,163.84,0.066666667,40,3000,2,AOMDV,AOMDV
150,20,10,4,5,163.84,0.066666667,40,3000,2,AOMDV,AODV
150,20,10,8,1,327.68,0.066666667,80,3000,2,AODV,AOMDV
150,20,10,8,2,327.68,0.066666667,80,3000,2,AODV,AOMDV
150,20,10,8,3,327.68,0.066666667,80,3000,2,AOMDV,AOMDV
150,20,10,8,4,327.68,0.066666667,80,3000,2,AOMDV,AOMDV
150,20,10,8,5,327.68,0.066666667,80,3000,2,AOMDV,AOMDV
150,20,15,2,1,122.88,0.1,30,3000,1.3333333333333333,AOMDV,AODV
150,20,15,2,2,122.88,0.1,30,3000,1.3333333333333333,AOMDV,AODV
150,20,15,2,3,122.88,0.1,30,3000,1.3333333333333333,AOMDV,AODV
150,20,15,2,4,122.88,0.1,30,3000,1.3333333333333333,AOMDV,AODV
150,20,15,2,5,122.88,0.1,30,3000,1.3333333333333333,AOMDV,AODV
150,20,15,4,1,245.76,0.1,60,3000,1.3333333333333333,AOMDV,AODV
150,20,15,4,2,245.76,0.1,60,3000,1.3333333333333333,AOMDV,AODV
150,20,15,4,3,245.76,0.1,60,3000,1.3333333333333333,AOMDV,AOMDV
150,20,15,4,4,245.76,0.1,60,3000,1.3333333333333333,AOMDV,AOMDV
150,20,15,4,5,245.76,0.1,60,3000,1.3333333333333333,AOMDV,AODV
150,20,15,8,1,491.52,0.1,120,3000,1.3333333333333333,AODV,AODV
150,20,15,8,2,491.52,0.1,120,3000,1.3333333333333333,AODV,AODV
150,20,15,8,3,491.52,0.1,120,3000,1.3333333333333333,AOMDV,AOMDV
150,20,15,8,4,491.52,0.1,120,3000,1.3333333333333333,AODV,AODV
150,20,15,8,5,491.52,0.1,120,3000,1.3333333333333333,AODV,AODV
150,20,20,2,1,163.84,0.13333333333333333,40,3000,1,AOMDV,AODV
150,20,20,2,2,163.84,0.13333333333333333,40,3000,1,AOMDV,AODV
150,20,20,2,3,163.84,0.13333333333333333,40,3000,1,AOMDV,AODV
150,20,20,2,4,163.84,0.13333333333333333,40,3000,1,AODV,AODV
150,20,20,2,5,163.84,0.13333333333333333,40,3000,1,AOMDV,AODV
150,20,20,4,1,327.68,0.13333333333333333,80,3000,1,AOMDV,AOMDV
150,20,20,4,2,327.68,0.13333333333333333,80,3000,1,AOMDV,AOMDV
150,20,20,4,3,327.68,0.13333333333333333,80,3000,1,AOMDV,AOMDV
150,20,20,4,4,327.68,0.13333333333333333,80,3000,1,DSDV,AOMDV
150,20,20,4,5,327.68,0.13333333333333333,80,3000,1,AOMDV,AOMDV
150,20,20,8,1,655.36,0.13333333333333333,160,3000,1,AODV,AODV
150,20,20,8,2,655.36,0.13333333333333333,160,3000,1,DSDV,AOMDV
150,20,20,8,3,655.36,0.13333333333333333,160,3000,1,AODV,AOMDV
150,20,20,8,4,655.36,0.13333333333333333,160,3000,1,DSDV,DSDV
150,20,20,8,5,655.36,0.13333333333333333,160,3000,1,AODV,AODV
150,20,25,2,1,204.8,0.16666666666666666,50,3000,0.8,AOMDV,AODV
150,20,25,2,2,204.8,0.16666666666666666,50,3000,0.8,AOMDV,AOMDV
150,20,25,2,3,204.8,0.16666666666666666,50,3000,0.8,AOMDV,AODV
150,20,25,2,4,204.8,0.16666666666666666,50,3000,0.8,AOMDV,AODV
150,20,25,2,5,204.8,0.16666666666666666,50,3000,0.8,AOMDV,AODV
150,20,25,4,1,409.6,0.16666666666666666,100,3000,0.8,DSDV,AOMDV
150,20,25,4,2,409.6,0.16666666666666666,100,3000,0.8,AODV,AODV
150,20,25,4,3,409.6,0.16666666666666666,100,3000,0.8,DSDV,DSDV
150,20,25,4,4,409.6,0.16666666666666666,100,3000,0.8,DSDV,DSDV
150,20,25,4,5,409.6,0.16666666666666666,100,3000,0.8,DSDV,AOMDV
150,20,25,8,1,819.2,0.16666666666666666,200,3000,0.8,DSDV,DSDV
150,20,25,8,2,819.2,0.16666666666666666,200,3000,0.8,DSDV,DSDV
150,20,25,8,3,819.2,0.16666666666666666,200,3000,0.8,DSDV,DSDV
150,20,25,8,4,819.2,0.16666666666666666,200,3000,0.8,DSDV,DSDV
150,20,25,8,5,819.2,0.16666666666666666,200,3000,0.8,AODV,AODV
150,30,5,2,1,40.96,0.033333333,10,4500,6,AODV,AODV
150,30,5,2,2,40.96,0.033333333,10,4500,6,AOMDV,AODV
150,30,5,2,3,40.96,0.033333333,10,4500,6,AOMDV,AODV
150,30,5,2,4,40.96,0.033333333,10,4500,6,AOMDV,AODV
150,30,5,2,5,40.96,0.033333333,10,4500,6,AOMDV,AODV
150,30,5,4,1,81.92,0.033333333,20,4500,6,AOMDV,AODV
150,30,5,4,2,81.92,0.033333333,20,4500,6,AODV,AODV
150,30,5,4,3,81.92,0.033333333,20,4500,6,AOMDV,AODV
150,30,5,4,4,81.92,0.033333333,20,4500,6,AOMDV,AODV
150,30,5,4,5,81.92,0.033333333,20,4500,6,AOMDV,AOMDV
150,30,5,8,1,163.84,0.033333333,40,4500,6,AOMDV,AODV
150,30,5,8,2,163.84,0.033333333,40,4500,6,AOMDV,AODV
150,30,5,8,3,163.84,0.033333333,40,4500,6,AOMDV,AODV
150,30,5,8,4,163.84,0.033333333,40,4500,6,AOMDV,AODV
150,30,5,8,5,163.84,0.033333333,40,4500,6,AOMDV,AODV
150,30,10,2,1,81.92,0.066666667,20,4500,3,AOMDV,AODV
150,30,10,2,2,81.92,0.066666667,20,4500,3,AOMDV,AODV
150,30,10,2,3,81.92,0.066666667,20,4500,3,AOMDV,AODV
150,30,10,2,4,81.92,0.066666667,20,4500,3,AOMDV,AODV
150,30,10,2,5,81.92,0.066666667,20,4500,3,AOMDV,AODV
150,30,10,4,1,163.84,0.066666667,40,4500,3,AOMDV,AODV
150,30,10,4,2,163.84,0.066666667,40,4500,3,AOMDV,AODV
150,30,10,4,3,163.84,0.066666667,40,4500,3,AOMDV,AODV
150,30,10,4,4,163.84,0.066666667,40,4500,3,AOMDV,AODV
150,30,10,4,5,163.84,0.066666667,40,4500,3,AOMDV,AODV
150,30,10,8,1,327.68,0.066666667,80,4500,3,AODV,AODV
150,30,10,8,2,327.68,0.066666667,80,4500,3,AOMDV,AODV
150,30,10,8,3,327.68,0.066666667,80,4500,3,AODV,AODV
150,30,10,8,4,327.68,0.066666667,80,4500,3,AOMDV,AOMDV
150,30,10,8,5,327.68,0.066666667,80,4500,3,AOMDV,AOMDV
150,30,15,2,1,122.88,0.1,30,4500,2,AOMDV,AODV
150,30,15,2,2,122.88,0.1,30,4500,2,AOMDV,AODV
150,30,15,2,3,122.88,0.1,30,4500,2,AOMDV,AODV
150,30,15,2,4,122.88,0.1,30,4500,2,AOMDV,AODV
150,30,15,2,5,122.88,0.1,30,4500,2,AODV,AODV
150,30,15,4,1,245.76,0.1,60,4500,2,AOMDV,AODV
150,30,15,4,2,245.76,0.1,60,4500,2,AOMDV,AODV
150,30,15,4,3,245.76,0.1,60,4500,2,AOMDV,AOMDV
150,30,15,4,4,245.76,0.1,60,4500,2,AOMDV,AODV
150,30,15,4,5,245.76,0.1,60,4500,2,AOMDV,AOMDV
150,30,15,8,1,491.52,0.1,120,4500,2,AODV,AODV
150,30,15,8,2,491.52,0.1,120,4500,2,AODV,AODV
150,30,15,8,3,491.52,0.1,120,4500,2,AODV,AODV
150,30,15,8,4,491.52,0.1,120,4500,2,AODV,AODV
150,30,15,8,5,491.52,0.1,120,4500,2,AODV,AOMDV
150,30,20,2,1,163.84,0.13333333333333333,40,4500,1.5,AOMDV,AODV
150,30,20,2,2,163.84,0.13333333333333333,40,4500,1.5,AOMDV,AODV
150,30,20,2,3,163.84,0.13333333333333333,40,4500,1.5,AOMDV,AODV
150,30,20,2,4,163.84,0.13333333333333333,40,4500,1.5,AOMDV,AODV
150,30,20,2,5,163.84,0.13333333333333333,40,4500,1.5,AOMDV,AODV
150,30,20,4,1,327.68,0.13333333333333333,80,4500,1.5,AOMDV,AOMDV
150,30,20,4,2,327.68,0.13333333333333333,80,4500,1.5,AODV,AOMDV
150,30,20,4,3,327.68,0.13333333333333333,80,4500,1.5,AOMDV,AOMDV
150,30,20,4,4,327.68,0.13333333333333333,80,4500,1.5,AOMDV,AOMDV
150,30,20,4,5,327.68,0.13333333333333333,80,4500,1.5,AOMDV,AOMDV
150,30,20,8,1,655.36,0.13333333333333333,160,4500,1.5,AODV,AODV
150,30,20,8,2,655.36,0.13333333333333333,160,4500,1.5,DSDV,DSDV
150,30,20,8,3,655.36,0.13333333333333333,160,4500,1.5,AODV,AODV
150,30,20,8,4,655.36,0.13333333333333333,160,4500,1.5,AODV,AODV
150,30,20,8,5,655.36,0.13333333333333333,160,4500,1.5,AOMDV,AOMDV
150,30,25,2,1,204.8,0.16666666666666666,50,4500,1.2,AOMDV,AODV
150,30,25,2,2,204.8,0.16666666666666666,50,4500,1.2,AOMDV,AODV
150,30,25,2,3,204.8,0.16666666666666666,50,4500,1.2,AOMDV,AODV
150,30,25,2,4,204.8,0.16666666666666666,50,4500,1.2,AOMDV,AODV
150,30,25,2,5,204.8,0.16666666666666666,50,4500,1.2,AOMDV,AODV
150,30,25,4,1,409.6,0.16666666666666666,100,4500,1.2,AOMDV,AOMDV
150,30,25,4,2,409.6,0.16666666666666666,100,4500,1.2,DSDV,AOMDV
150,30,25,4,3,409.6,0.16666666666666666,100,4500,1.2,AODV,AODV
150,30,25,4,4,409.6,0.16666666666666666,100,4500,1.2,AODV,AODV
150,30,25,4,5,409.6,0.16666666666666666,100,4500,1.2,AOMDV,AOMDV
150,30,25,8,1,819.2,0.16666666666666666,200,4500,1.2,DSDV,AOMDV
150,30,25,8,2,819.2,0.16666666666666666,200,4500,1.2,DSDV,DSDV
150,30,25,8,3,819.2,0.16666666666666666,200,4500,1.2,AODV,AODV
150,30,25,8,4,819.2,0.16666666666666666,200,4500,1.2,DSDV,DSDV
150,30,25,8,5,819.2,0.16666666666666666,200,4500,1.2,AODV,AODV
150,40,5,2,1,40.96,0.033333333,10,6000,8,AODV,AODV
150,40,5,2,2,40.96,0.033333333,10,6000,8,AODV,AODV
150,40,5,2,3,40.96,0.033333333,10,6000,8,AOMDV,AODV
150,40,5,2,4,40.96,0.033333333,10,6000,8,AOMDV,AODV
150,40,5,2,5,40.96,0.033333333,10,6000,8,AOMDV,AODV
150,40,5,4,1,81.92,0.033333333,20,6000,8,AOMDV,AODV
150,40,5,4,2,81.92,0.033333333,20,6000,8,AODV,AODV
150,40,5,4,3,81.92,0.033333333,20,6000,8,AOMDV,AODV
150,40,5,4,4,81.92,0.033333333,20,6000,8,AOMDV,AODV
150,40,5,4,5,81.92,0.033333333,20,6000,8,AOMDV,AODV
150,40,5,8,1,163.84,0.033333333,40,6000,8,AOMDV,AODV
150,40,5,8,2,163.84,0.033333333,40,6000,8,AOMDV,AODV
150,40,5,8,3,163.84,0.033333333,40,6000,8,AOMDV,AODV
150,40,5,8,4,163.84,0.033333333,40,6000,8,AOMDV,AODV
150,40,5,8,5,163.84,0.033333333,40,6000,8,AOMDV,AODV
150,40,10,2,1,81.92,0.066666667,20,6000,4,AOMDV,AODV
150,40,10,2,2,81.92,0.066666667,20,6000,4,AOMDV,AODV
150,40,10,2,3,81.92,0.066666667,20,6000,4,AOMDV,AODV
150,40,10,2,4,81.92,0.066666667,20,6000,4,AOMDV,AODV
150,40,10,2,5,81.92,0.066666667,20,6000,4,AODV,AODV
150,40,10,4,1,163.84,0.066666667,40,6000,4,AOMDV,AODV
150,40,10,4,2,163.84,0.066666667,40,6000,4,AOMDV,AODV
150,40,10,4,3,163.84,0.066666667,40,6000,4,AOMDV,AODV
150,40,10,4,4,163.84,0.066666667,40,6000,4,AOMDV,AODV
150,40,10,4,5,163.84,0.066666667,40,6000,4,AOMDV,AODV
150,40,10,8,1,327.68,0.066666667,80,6000,4,AOMDV,AODV
150,40,10,8,2,327.68,0.066666667,80,6000,4,DSDV,AOMDV
150,40,10,8,3,327.68,0.066666667,80,6000,4,AODV,AODV
150,40,10,8,4,327.68,0.066666667,80,6000,4,AODV,AOMDV
150,40,10,8,5,327.68,0.066666667,80,6000,4,AODV,AOMDV
150,40,15,2,1,122.88,0.1,30,6000,2.6666666666666665,AODV,AODV
150,40,15,2,2,122.88,0.1,30,6000,2.6666666666666665,AODV,AODV
150,40,15,2,3,122.88,0.1,30,6000,2.6666666666666665,AOMDV,AODV
150,40,15,2,4,122.88,0.1,30,6000,2.6666666666666665,AOMDV,AODV
150,40,15,2,5,122.88,0.1,30,6000,2.6666666666666665,AOMDV,AODV
150,40,15,4,1,245.76,0.1,60,6000,2.6666666666666665,AOMDV,AODV
150,40,15,4,2,245.76,0.1,60,6000,2.6666666666666665,AOMDV,AODV
150,40,15,4,3,245.76,0.1,60,6000,2.6666666666666665,AOMDV,AODV
150,40,15,4,4,245.76,0.1,60,6000,2.6666666666666665,AOMDV,AODV
150,40,15,4,5,245.76,0.1,60,6000,2.6666666666666665,AOMDV,AOMDV
150,40,15,8,1,491.52,0.1,120,6000,2.6666666666666665,AODV,AODV
150,40,15,8,2,491.52,0.1,120,6000,2.6666666666666665,AODV,AODV
150,40,15,8,3,491.52,0.1,120,6000,2.6666666666666665,AODV,AODV
150,40,15,8,4,491.52,0.1,120,6000,2.6666666666666665,AODV,AODV
150,40,15,8,5,491.52,0.1,120,6000,2.6666666666666665,DSDV,AOMDV
150,40,20,2,1,163.84,0.13333333333333333,40,6000,2,AOMDV,AODV
150,40,20,2,2,163.84,0.13333333333333333,40,6000,2,AOMDV,AODV
150,40,20,2,3,163.84,0.13333333333333333,40,6000,2,AOMDV,AODV
150,40,20,2,4,163.84,0.13333333333333333,40,6000,2,AODV,AODV
150,40,20,2,5,163.84,0.13333333333333333,40,6000,2,AOMDV,AODV
150,40,20,4,1,327.68,0.13333333333333333,80,6000,2,AOMDV,AOMDV
150,40,20,4,2,327.68,0.13333333333333333,80,6000,2,AOMDV,AOMDV
150,40,20,4,3,327.68,0.13333333333333333,80,6000,2,AOMDV,AOMDV
150,40,20,4,4,327.68,0.13333333333333333,80,6000,2,AOMDV,AOMDV
150,40,20,4,5,327.68,0.13333333333333333,80,6000,2,DSDV,AOMDV
150,40,20,8,1,655.36,0.13333333333333333,160,6000,2,AODV,AODV
150,40,20,8,2,655.36,0.13333333333333333,160,6000,2,DSDV,AOMDV
150,40,20,8,3,655.36,0.13333333333333333,160,6000,2,AODV,AODV
150,40,20,8,4,655.36,0.13333333333333333,160,6000,2,AODV,AODV
150,40,20,8,5,655.36,0.13333333333333333,160,6000,2,DSDV,DSDV
150,40,25,2,1,204.8,0.16666666666666666,50,6000,1.6,AOMDV,AODV
150,40,25,2,2,204.8,0.16666666666666666,50,6000,1.6,AOMDV,AOMDV
150,40,25,2,3,204.8,0.16666666666666666,50,6000,1.6,AOMDV,AODV
150,40,25,2,4,204.8,0.16666666666666666,50,6000,1.6,AOMDV,AODV
150,40,25,2,5,204.8,0.16666666666666666,50,6000,1.6,AOMDV,AODV
150,40,25,4,1,409.6,0.16666666666666666,100,6000,1.6,DSDV,AOMDV
150,40,25,4,2,409.6,0.16666666666666666,100,6000,1.6,DSDV,AOMDV
150,40,25,4,3,409.6,0.16666666666666666,100,6000,1.6,AODV,AODV
150,40,25,4,4,409.6,0.16666666666666666,100,6000,1.6,DSDV,AOMDV
150,40,25,4,5,409.6,0.16666666666666666,100,6000,1.6,AOMDV,AOMDV
150,40,25,8,1,819.2,0.16666666666666666,200,6000,1.6,DSDV,DSDV
150,40,25,8,2,819.2,0.16666666666666666,200,6000,1.6,DSDV,DSDV
150,40,25,8,3,819.2,0.16666666666666666,200,6000,1.6,AODV,AODV
150,40,25,8,4,819.2,0.16666666666666666,200,6000,1.6,DSDV,DSDV
150,40,25,8,5,819.2,0.16666666666666666,200,6000,1.6,DSDV,DSDV
150,50,5,2,1,40.96,0.033333333,10,7500,10,AODV,AODV
150,50,5,2,2,40.96,0.033333333,10,7500,10,AODV,AODV
150,50,5,2,3,40.96,0.033333333,10,7500,10,AOMDV,AODV
150,50,5,2,4,40.96,0.033333333,10,7500,10,AOMDV,AODV
150,50,5,2,5,40.96,0.033333333,10,7500,10,AOMDV,AODV
150,50,5,4,1,81.92,0.033333333,20,7500,10,AODV,AODV
150,50,5,4,2,81.92,0.033333333,20,7500,10,AOMDV,AODV
150,50,5,4,3,81.92,0.033333333,20,7500,10,AOMDV,AODV
150,50,5,4,4,81.92,0.033333333,20,7500,10,AOMDV,AOMDV
150,50,5,4,5,81.92,0.033333333,20,7500,10,AOMDV,AODV
150,50,5,8,1,163.84,0.033333333,40,7500,10,AOMDV,AODV
150,50,5,8,2,163.84,0.033333333,40,7500,10,AOMDV,AODV
150,50,5,8,3,163.84,0.033333333,40,7500,10,AOMDV,AODV
150,50,5,8,4,163.84,0.033333333,40,7500,10,AOMDV,AODV
150,50,5,8,5,163.84,0.033333333,40,7500,10,AOMDV,AODV
150,50,10,2,1,81.92,0.066666667,20,7500,5,AOMDV,AODV
150,50,10,2,2,81.92,0.066666667,20,7500,5,AODV,AODV
150,50,10,2,3,81.92,0.066666667,20,7500,5,AOMDV,AODV
150,50,10,2,4,81.92,0.066666667,20,7500,5,AOMDV,AODV
150,50,10,2,5,81.92,0.066666667,20,7500,5,AODV,AODV
150,50,10,4,1,163.84,0.066666667,40,7500,5,AOMDV,AODV
150,50,10,4,2,163.84,0.066666667,40,7500,5,AOMDV,AODV
150,50,10,4,3,163.84,0.066666667,40,7500,5,AOMDV,AODV
150,50,10,4,4,163.84,0.066666667,40,7500,5,AOMDV,AODV
150,50,10,4,5,163.84,0.066666667,40,7500,5,AOMDV,AODV
150,50,10,8,1,327.68,0.066666667,80,7500,5,AOMDV,AODV
150,50,10,8,2,327.68,0.066666667,80,7500,5,AOMDV,AOMDV
150,50,10,8,3,327.68,0.066666667,80,7500,5,AOMDV,AODV
150,50,10,8,4,327.68,0.066666667,80,7500,5,AODV,AODV
150,50,10,8,5,327.68,0.066666667,80,7500,5,AOMDV,AOMDV
150,50,15,2,1,122.88,0.1,30,7500,3.3333333333333335,AOMDV,AODV
150,50,15,2,2,122.88,0.1,30,7500,3.3333333333333335,AOMDV,AODV
150,50,15,2,3,122.88,0.1,30,7500,3.3333333333333335,AOMDV,AODV
150,50,15,2,4,122.88,0.1,30,7500,3.3333333333333335,AODV,AODV
150,50,15,2,5,122.88,0.1,30,7500,3.3333333333333335,AOMDV,AODV
150,50,15,4,1,245.76,0.1,60,7500,3.3333333333333335,AOMDV,AODV
150,50,15,4,2,245.76,0.1,60,7500,3.3333333333333335,AOMDV,AODV
150,50,15,4,3,245.76,0.1,60,7500,3.3333333333333335,AOMDV,AODV
150,50,15,4,4,245.76,0.1,60,7500,3.3333333333333335,AOMDV,AODV
150,50,15,4,5,245.76,0.1,60,7500,3.3333333333333335,AOMDV,AODV
150,50,15,8,1,491.52,0.1,120,7500,3.3333333333333335,AODV,AODV
150,50,15,8,2,491.52,0.1,120,7500,3.3333333333333335,AOMDV,AOMDV
150,50,15,8,3,491.52,0.1,120,7500,3.3333333333333335,AODV,AODV
150,50,15,8,4,491.52,0.1,120,7500,3.3333333333333335,AODV,AOMDV
150,50,15,8,5,491.52,0.1,120,7500,3.3333333333333335,DSDV,AOMDV
150,50,20,2,1,163.84,0.13333333333333333,40,7500,2.5,AOMDV,AODV
150,50,20,2,2,163.84,0.13333333333333333,40,7500,2.5,AOMDV,AODV
150,50,20,2,3,163.84,0.13333333333333333,40,7500,2.5,AOMDV,AODV
150,50,20,2,4,163.84,0.13333333333333333,40,7500,2.5,AOMDV,AODV
150,50,20,2,5,163.84,0.13333333333333333,40,7500,2.5,AOMDV,AODV
150,50,20,4,1,327.68,0.13333333333333333,80,7500,2.5,AOMDV,AOMDV
150,50,20,4,2,327.68,0.13333333333333333,80,7500,2.5,AOMDV,AOMDV
150,50,20,4,3,327.68,0.13333333333333333,80,7500,2.5,AOMDV,AOMDV
150,50,20,4,4,327.68,0.13333333333333333,80,7500,2.5,AODV,AODV
150,50,20,4,5,327.68,0.13333333333333333,80,7500,2.5,AOMDV,AOMDV
150,50,20,8,1,655.36,0.13333333333333333,160,7500,2.5,AODV,AODV
150,50,20,8,2,655.36,0.13333333333333333,160,7500,2.5,AODV,AOMDV
150,50,20,8,3,655.36,0.13333333333333333,160,7500,2.5,AODV,AODV
150,50,20,8,4,655.36,0.13333333333333333,160,7500,2.5,AODV,AODV
150,50,20,8,5,655.36,0.13333333333333333,160,7500,2.5,DSDV,AOMDV
150,50,25,2,1,204.8,0.16666666666666666,50,7500,2,AOMDV,AODV
150,50,25,2,2,204.8,0.16666666666666666,50,7500,2,AOMDV,AODV
150,50,25,2,3,204.8,0.16666666666666666,50,7500,2,AOMDV,AODV
150,50,25,2,4,204.8,0.16666666666666666,50,7500,2,AOMDV,AODV
150,50,25,2,5,204.8,0.16666666666666666,50,7500,2,AOMDV,AODV
150,50,25,4,1,409.6,0.16666666666666666,100,7500,2,DSDV,AOMDV
150,50,25,4,2,409.6,0.16666666666666666,100,7500,2,AOMDV,AOMDV
150,50,25,4,3,409.6,0.16666666666666666,100,7500,2,AODV,AODV
150,50,25,4,4,409.6,0.16666666666666666,100,7500,2,AODV,AOMDV
150,50,25,4,5,409.6,0.16666666666666666,100,7500,2,AODV,AODV
150,50,25,8,1,819.2,0.16666666666666666,200,7500,2,AODV,AODV
150,50,25,8,2,819.2,0.16666666666666666,200,7500,2,AODV,AODV
150,50,25,8,3,819.2,0.16666666666666666,200,7500,2,DSDV,DSDV
150,50,25,8,4,819.2,0.16666666666666666,200,7500,2,DSDV,DSDV
150,50,25,8,5,819.2,0.16666666666666666,200,7500,2,DSDV,DSDV
50,20,5,3,1,61.44,0.1,15,1000,4,DSDV,AODV
50,20,5,3,2,61.44,0.1,15,1000,4,AOMDV,AODV
50,20,5,3,3,61.44,0.1,15,1000,4,AODV,AODV
50,20,5,3,4,61.44,0.1,15,1000,4,AOMDV,AODV
50,20,5,3,5,61.44,0.1,15,1000,4,AOMDV,AODV
50,20,5,5,1,102.4,0.1,25,1000,4,AOMDV,AODV
50,20,5,5,2,102.4,0.1,25,1000,4,AOMDV,AODV
50,20,5,5,3,102.4,0.1,25,1000,4,AOMDV,AODV
50,20,5,5,4,102.4,0.1,25,1000,4,AOMDV,AODV
50,20,5,5,5,102.4,0.1,25,1000,4,AOMDV,AODV
50,20,5,6,1,122.88,0.1,30,1000,4,AOMDV,AODV
50,20,5,6,2,122.88,0.1,30,1000,4,AOMDV,AODV
50,20,5,6,3,122.88,0.1,30,1000,4,AODV,AODV
50,20,5,6,4,122.88,0.1,30,1000,4,AODV,AODV
50,20,5,6,5,122.88,0.1,30,1000,4,AOMDV,AODV
50,20,7,2,1,57.344,0.14,14,1000,2.857142857142857,AOMDV,AODV
50,20,7,2,2,57.344,0.14,14,1000,2.857142857142857,AOMDV,AODV
50,20,7,2,3,57.344,0.14,14,1000,2.857142857142857,AOMDV,AODV
50,20,7,2,4,57.344,0.14,14,1000,2.857142857142857,AODV,AODV
50,20,7,2,5,57.344,0.14,14,1000,2.857142857142857,AODV,AODV
50,20,7,3,1,86.016,0.14,21,1000,2.857142857142857,AOMDV,AODV
50,20,7,3,2,86.016,0.14,21,1000,2.857142857142857,DSDV,AODV
50,20,7,3,3,86.016,0.14,21,1000,2.857142857142857,AOMDV,AODV
50,20,7,3,4,86.016,0.14,21,1000,2.857142857142857,AODV,AODV
50,20,7,3,5,86.016,0.14,21,1000,2.857142857142857,AOMDV,AODV
50,20,7,4,1,114.688,0.14,28,1000,2.857142857142857,AOMDV,AODV
50,20,7,4,2,114.688,0.14,28,1000,2.857142857142857,AOMDV,AODV
50,20,7,4,3,114.688,0.14,28,1000,2.857142857142857,AOMDV,AODV
50,20,7,4,4,114.688,0.14,28,1000,2.857142857142857,AODV,AODV
50,20,7,4,5,114.688,0.14,28,1000,2.857142857142857,AOMDV,AODV
50,20,7,5,1,143.36,0.14,35,1000,2.857142857142857,DSDV,AODV
50,20,7,5,2,143.36,0.14,35,1000,2.857142857142857,DSDV,AODV
50,20,7,5,3,143.36,0.14,35,1000,2.857142857142857,AOMDV,AODV
50,20,7,5,4,143.36,0.14,35,1000,2.857142857142857,AODV,AODV
50,20,7,5,5,143.36,0.14,35,1000,2.857142857142857,AOMDV,AODV
50,20,7,6,1,172.032,0.14,42,1000,2.857142857142857,AOMDV,AODV
50,20,7,6,2,172.032,0.14,42,1000,2.857142857142857,AOMDV,AODV
50,20,7,6,3,172.032,0.14,42,1000,2.857142857142857,AOMDV,AODV
50,20,7,6,4,172.032,0.14,42,1000,2.857142857142857,AODV,AODV
50,20,7,6,5,172.032,0.14,42,1000,2.857142857142857,DSDV,AODV
50,20,7,8,1,229.376,0.14,56,1000,2.857142857142857,DSDV,AODV
50,20,7,8,2,229.376,0.14,56,1000,2.857142857142857,DSDV,AODV
50,20,7,8,3,229.376,0.14,56,1000,2.857142857142857,DSDV,AODV
50,20,7,8,4,229.376,0.14,56,1000,2.857142857142857,AOMDV,AODV
50,20,7,8,5,229.376,0.14,56,1000,2.857142857142857,DSDV,AODV
50,20,10,3,1,122.88,0.2,30,1000,2,AODV,AODV
50,20,10,3,2,122.88,0.2,30,1000,2,AODV,AODV
50,20,10,3,3,122.88,0.2,30,1000,2,AODV,AODV
50,20,10,3,4,122.88,0.2,30,1000,2,AODV,AODV
50,20,10,3,5,122.88,0.2,30,1000,2,AOMDV,AODV
50,20,10,5,1,204.8,0.2,50,1000,2,AOMDV,AODV
50,20,10,5,2,204.8,0.2,50,1000,2,DSDV,AODV
50,20,10,5,3,204.8,0.2,50,1000,2,AOMDV,AODV
50,20,10,5,4,204.8,0.2,50,1000,2,AOMDV,AODV
50,20,10,5,5,204.8,0.2,50,1000,2,DSDV,AODV
50,20,10,6,1,245.76,0.2,60,1000,2,DSDV,AODV
50,20,10,6,2,245.76,0.2,60,1000,2,AOMDV,AODV
50,20,10,6,3,245.76,0.2,60,1000,2,AODV,AODV
50,20,10,6,4,245.76,0.2,60,1000,2,AOMDV,AODV
50,20,10,6,5,245.76,0.2,60,1000,2,AOMDV,AODV
50,20,12,2,1,98.304,0.24,24,1000,1.6666666666666667,AOMDV,AODV
50,20,12,2,2,98.304,0.24,24,1000,1.6666666666666667,AOMDV,AODV
50,20,12,2,3,98.304,0.24,24,1000,1.6666666666666667,AOMDV,AODV
50,20,12,2,4,98.304,0.24,24,1000,1.6666666666666667,AODV,AODV
50,20,12,2,5,98.304,0.24,24,1000,1.6666666666666667,AOMDV,AODV
50,20,12,3,1,147.456,0.24,36,1000,1.6666666666666667,AOMDV,AODV
50,20,12,3,2,147.456,0.24,36,1000,1.6666666666666667,AODV,AODV
50,20,12,3,3,147.456,0.24,36,1000,1.6666666666666667,AOMDV,AODV
50,20,12,3,4,147.456,0.24,36,1000,1.6666666666666667,AODV,AODV
50,20,12,3,5,147.456,0.24,36,1000,1.6666666666666667,AOMDV,AODV
50,20,12,4,1,196.608,0.24,48,1000,1.6666666666666667,AOMDV,AODV
50,20,12,4,2,196.608,0.24,48,1000,1.6666666666666667,AOMDV,AODV
50,20,12,4,3,196.608,0.24,48,1000,1.6666666666666667,AOMDV,AODV
50,20,12,4,4,196.608,0.24,48,1000,1.6666666666666667,AODV,AODV
50,20,12,4,5,196.608,0.24,48,1000,1.6666666666666667,AOMDV,AODV
50,20,12,5,1,245.76,0.24,60,1000,1.6666666666666667,AOMDV,AODV
50,20,12,5,2,245.76,0.24,60,1000,1.6666666666666667,AOMDV,AODV
50,20,12,5,3,245.76,0.24,60,1000,1.6666666666666667,AOMDV,AODV
50,20,12,5,4,245.76,0.24,60,1000,1.6666666666666667,AODV,AODV
50,20,12,5,5,245.76,0.24,60,1000,1.6666666666666667,DSDV,AODV
50,20,12,6,1,294.912,0.24,72,1000,1.6666666666666667,AODV,AODV
50,20,12,6,2,294.912,0.24,72,1000,1.6666666666666667,AODV,AODV
50,20,12,6,3,294.912,0.24,72,1000,1.6666666666666667,DSDV,AODV
50,20,12,6,4,294.912,0.24,72,1000,1.6666666666666667,DSDV,AODV
50,20,12,6,5,294.912,0.24,72,1000,1.6666666666666667,DSDV,AODV
50,20,12,8,1,393.216,0.24,96,1000,1.6666666666666667,AOMDV,AOMDV
50,20,12,8,2,393.216,0.24,96,1000,1.6666666666666667,AOMDV,AOMDV
50,20,12,8,3,393.216,0.24,96,1000,1.6666666666666667,AODV,AODV
50,20,12,8,4,393.216,0.24,96,1000,1.6666666666666667,AOMDV,AODV
50,20,12,8,5,393.216,0.24,96,1000,1.6666666666666667,AOMDV,AOMDV
50,20,15,3,1,184.32,0.3,45,1000,1.3333333333333333,AOMDV,AODV
50,20,15,3,2,184.32,0.3,45,1000,1.3333333333333333,AOMDV,AODV
50,20,15,3,3,184.32,0.3,45,1000,1.3333333333333333,AOMDV,AODV
50,20,15,3,4,184.32,0.3,45,1000,1.3333333333333333,AOMDV,AODV
50,20,15,3,5,184.32,0.3,45,1000,1.3333333333333333,AOMDV,AODV
50,20,15,5,1,307.2,0.3,75,1000,1.3333333333333333,DSDV,AODV
50,20,15,5,2,307.2,0.3,75,1000,1.3333333333333333,DSDV,AODV
50,20,15,5,3,307.2,0.3,75,1000,1.3333333333333333,AOMDV,AOMDV
50,20,15,5,4,307.2,0.3,75,1000,1.3333333333333333,DSDV,AODV
50,20,15,5,5,307.2,0.3,75,1000,1.3333333333333333,AODV,AODV
50,20,15,6,1,368.64,0.3,90,1000,1.3333333333333333,DSDV,AODV
50,20,15,6,2,368.64,0.3,90,1000,1.3333333333333333,DSDV,AODV
50,20,15,6,3,368.64,0.3,90,1000,1.3333333333333333,DSDV,AODV
50,20,15,6,4,368.64,0.3,90,1000,1.3333333333333333,AODV,AODV
50,20,15,6,5,368.64,0.3,90,1000,1.3333333333333333,DSDV,AODV
50,20,18,2,1,147.456,0.36,36,1000,1.1111111111111112,AOMDV,AODV
50,20,18,2,2,147.456,0.36,36,1000,1.1111111111111112,AODV,AODV
50,20,18,2,3,147.456,0.36,36,1000,1.1111111111111112,AOMDV,AODV
50,20,18,2,4,147.456,0.36,36,1000,1.1111111111111112,AOMDV,AODV
50,20,18,2,5,147.456,0.36,36,1000,1.1111111111111112,AOMDV,AODV
50,20,18,3,1,221.184,0.36,54,1000,1.1111111111111112,AOMDV,AODV
50,20,18,3,2,221.184,0.36,54,1000,1.1111111111111112,AOMDV,AODV
50,20,18,3,3,221.184,0.36,54,1000,1.1111111111111112,AOMDV,AODV
50,20,18,3,4,221.184,0.36,54,1000,1.1111111111111112,AOMDV,AODV
50,20,18,3,5,221.184,0.36,54,1000,1.1111111111111112,AOMDV,AODV
50,20,18,4,1,294.912,0.36,72,1000,1.1111111111111112,DSDV,AODV
50,20,18,4,2,294.912,0.36,72,1000,1.1111111111111112,DSDV,AODV
50,20,18,4,3,294.912,0.36,72,1000,1.1111111111111112,AOMDV,AODV
50,20,18,4,4,294.912,0.36,72,1000,1.1111111111111112,AOMDV,AODV
50,20,18,4,5,294.912,0.36,72,1000,1.1111111111111112,AODV,AODV
50,20,18,5,1,368.64,0.36,90,1000,1.1111111111111112,AOMDV,AOMDV
50,20,18,5,2,368.64,0.36,90,1000,1.1111111111111112,DSDV,AODV
50,20,18,5,3,368.64,0.36,90,1000,1.1111111111111112,DSDV,AODV
50,20,18,5,4,368.64,0.36,90,1000,1.1111111111111112,AOMDV,AODV
50,20,18,5,5,368.64,0.36,90,1000,1.1111111111111112,DSDV,AODV
50,20,18,6,1,442.368,0.36,108,1000,1.1111111111111112,AOMDV,AOMDV
50,20,18,6,2,442.368,0.36,108,1000,1.1111111111111112,AODV,AODV
50,20,18,6,3,442.368,0.36,108,1000,1.1111111111111112,DSDV,AODV
50,20,18,6,4,442.368,0.36,108,1000,1.1111111111111112,AOMDV,AOMDV
50,20,18,6,5,442.368,0.36,108,1000,1.1111111111111112,AOMDV,AOMDV
50,20,18,8,1,589.824,0.36,144,1000,1.1111111111111112,DSDV,AODV
50,20,18,8,2,589.824,0.36,144,1000,1.1111111111111112,DSDV,DSDV
50,20,18,8,3,589.824,0.36,144,1000,1.1111111111111112,DSDV,AODV
50,20,18,8,4,589.824,0.36,144,1000,1.1111111111111112,DSDV,AOMDV
50,20,18,8,5,589.824,0.36,144,1000,1.1111111111111112,DSDV,AOMDV
50,20,20,3,1,245.76,0.4,60,1000,1,AOMDV,AODV
50,20,20,3,2,245.76,0.4,60,1000,1,DSDV,AODV
50,20,20,3,3,245.76,0.4,60,1000,1,AOMDV,AODV
50,20,20,3,4,245.76,0.4,60,1000,1,AOMDV,AODV
50,20,20,3,5,245.76,0.4,60,1000,1,DSDV,AODV
50,20,20,5,1,409.6,0.4,100,1000,1,AOMDV,AOMDV
50,20,20,5,2,409.6,0.4,100,1000,1,DSDV,AODV
50,20,20,5,3,409.6,0.4,100,1000,1,AOMDV,AOMDV
50,20,20,5,4,409.6,0.4,100,1000,1,AOMDV,AOMDV
50,20,20,5,5,409.6,0.4,100,1000,1,AOMDV,AOMDV
50,20,20,6,1,491.52,0.4,120,1000,1,AOMDV,AOMDV
50,20,20,6,2,491.52,0.4,120,1000,1,AODV,AODV
50,20,20,6,3,491.52,0.4,120,1000,1,DSDV,AOMDV
50,20,20,6,4,491.52,0.4,120,1000,1,AOMDV,AOMDV
50,20,20,6,5,491.52,0.4,120,1000,1,DSDV,DSDV
50,20,22,2,1,180.224,0.44,44,1000,0.9090909090909091,AOMDV,AODV
50,20,22,2,2,180.224,0.44,44,1000,0.9090909090909091,AOMDV,AODV
50,20,22,2,3,180.224,0.44,44,1000,0.9090909090909091,AOMDV,AODV
50,20,22,2,4,180.224,0.44,44,1000,0.9090909090909091,AOMDV,AODV
50,20,22,2,5,180.224,0.44,44,1000,0.9090909090909091,AOMDV,AODV
50,20,22,3,1,270.336,0.44,66,1000,0.9090909090909091,AOMDV,AODV
50,20,22,3,2,270.336,0.44,66,1000,0.9090909090909091,DSDV,AODV
50,20,22,3,3,270.336,0.44,66,1000,0.9090909090909091,AOMDV,AODV
50,20,22,3,4,270.336,0.44,66,1000,0.9090909090909091,AOMDV,AODV
50,20,22,3,5,270.336,0.44,66,1000,0.9090909090909091,DSDV,AODV
50,20,22,4,1,360.448,0.44,88,1000,0.9090909090909091,DSDV,AODV
50,20,22,4,2,360.448,0.44,88,1000,0.9090909090909091,DSDV,AODV
50,20,22,4,3,360.448,0.44,88,1000,0.9090909090909091,AOMDV,AOMDV
50,20,22,4,4,360.448,0.44,88,1000,0.9090909090909091,AOMDV,AODV
50,20,22,4,5,360.448,0.44,88,1000,0.9090909090909091,AOMDV,AODV
50,20,22,5,1,450.56,0.44,110,1000,0.9090909090909091,AOMDV,AOMDV
50,20,22,5,2,450.56,0.44,110,1000,0.9090909090909091,DSDV,DSDV
50,20,22,5,3,450.56,0.44,110,1000,0.9090909090909091,AOMDV,AOMDV
50,20,22,5,4,450.56,0.44,110,1000,0.9090909090909091,DSDV,AODV
50,20,22,5,5,450.56,0.44,110,1000,0.9090909090909091,DSDV,AOMDV
50,20,22,6,1,540.672,0.44,132,1000,0.9090909090909091,DSDV,DSDV
50,20,22,6,2,540.672,0.44,132,1000,0.9090909090909091,AODV,AODV
50,20,22,6,3,540.672,0.44,132,1000,0.9090909090909091,DSDV,DSDV
50,20,22,6,4,540.672,0.44,132,1000,0.9090909090909091,DSDV,AODV
50,20,22,6,5,540.672,0.44,132,1000,0.9090909090909091,DSDV,DSDV
50,20,22,8,1,720.896,0.44,176,1000,0.9090909090909091,DSDV,AOMDV
50,20,22,8,2,720.896,0.44,176,1000,0.9090909090909091,DSDV,DSDV
50,20,22,8,3,720.896,0.44,176,1000,0.9090909090909091,DSDV,AODV
50,20,22,8,4,720.896,0.44,176,1000,0.9090909090909091,DSDV,DSDV
50,20,22,8,5,720.896,0.44,176,1000,0.9090909090909091,DSDV,DSDV
50,20,25,3,1,307.2,0.5,75,1000,0.8,AOMDV,AOMDV
50,20,25,3,2,307.2,0.5,75,1000,0.8,DSDV,AODV
50,20,25,3,3,307.2,0.5,75,1000,0.8,AOMDV,AOMDV
50,20,25,3,4,307.2,0.5,75,1000,0.8,DSDV,AODV
50,20,25,3,5,307.2,0.5,75,1000,0.8,AOMDV,AOMDV
50,20,25,5,1,512,0.5,125,1000,0.8,AOMDV,AOMDV
50,20,25,5,2,512,0.5,125,1000,0.8,AODV,AODV
50,20,25,5,3,512,0.5,125,1000,0.8,DSDV,DSDV
50,20,25,5,4,512,0.5,125,1000,0.8,DSDV,DSDV
50,20,25,5,5,512,0.5,125,1000,0.8,AODV,AODV
50,20,25,6,1,614.4,0.5,150,1000,0.8,DSDV,AOMDV
50,20,25,6,2,614.4,0.5,150,1000,0.8,DSDV,DSDV
50,20,25,6,3,614.4,0.5,150,1000,0.8,DSDV,DSDV
50,20,25,6,4,614.4,0.5,150,1000,0.8,DSDV,DSDV
50,20,25,6,5,614.4,0.5,150,1000,0.8,DSDV,DSDV
50,30,5,3,1,61.44,0.1,15,1500,6,AODV,AODV
50,30,5,3,2,61.44,0.1,15,1500,6,AODV,AODV
50,30,5,3,3,61.44,0.1,15,1500,6,AODV,AODV
50,30,5,3,4,61.44,0.1,15,1500,6,AOMDV,AODV
50,30,5,3,5,61.44,0.1,15,1500,6,AOMDV,AODV
50,30,5,5,1,102.4,0.1,25,1500,6,AODV,AODV
50,30,5,5,2,102.4,0.1,25,1500,6,AODV,AODV
50,30,5,5,3,102.4,0.1,25,1500,6,AODV,AODV
50,30,5,5,4,102.4,0.1,25,1500,6,AOMDV,AODV
50,30,5,5,5,102.4,0.1,25,1500,6,AOMDV,AODV
50,30,5,6,1,122.88,0.1,30,1500,6,AODV,AODV
50,30,5,6,2,122.88,0.1,30,1500,6,AOMDV,AODV
50,30,5,6,3,122.88,0.1,30,1500,6,AODV,AODV
50,30,5,6,4,122.88,0.1,30,1500,6,AOMDV,AODV
50,30,5,6,5,122.88,0.1,30,1500,6,AOMDV,AODV
50,30,7,2,1,57.344,0.14,14,1500,4.285714285714286,AOMDV,AODV
50,30,7,2,2,57.344,0.14,14,1500,4.285714285714286,AODV,AODV
50,30,7,2,3,57.344,0.14,14,1500,4.285714285714286,DSDV,AODV
50,30,7,2,4,57.344,0.14,14,1500,4.285714285714286,AOMDV,AODV
50,30,7,2,5,57.344,0.14,14,1500,4.285714285714286,AODV,AODV
50,30,7,3,1,86.016,0.14,21,1500,4.285714285714286,AODV,AODV
50,30,7,3,2,86.016,0.14,21,1500,4.285714285714286,AODV,AODV
50,30,7,3,3,86.016,0.14,21,1500,4.285714285714286,AODV,AODV
50,30,7,3,4,86.016,0.14,21,1500,4.285714285714286,AOMDV,AODV
50,30,7,3,5,86.016,0.14,21,1500,4.285714285714286,AOMDV,AODV
50,30,7,4,1,114.688,0.14,28,1500,4.285714285714286,AOMDV,AODV
50,30,7,4,2,114.688,0.14,28,1500,4.285714285714286,AODV,AODV
50,30,7,4,3,114.688,0.14,28,1500,4.285714285714286,AOMDV,AODV
50,30,7,4,4,114.688,0.14,28,1500,4.285714285714286,AOMDV,AODV
50,30,7,4,5,114.688,0.14,28,1500,4.285714285714286,AOMDV,AODV
50,30,7,5,1,143.36,0.14,35,1500,4.285714285714286,AOMDV,AODV
50,30,7,5,2,143.36,0.14,35,1500,4.285714285714286,AODV,AODV
50,30,7,5,3,143.36,0.14,35,1500,4.285714285714286,AODV,AODV
50,30,7,5,4,143.36,0.14,35,1500,4.285714285714286,AODV,AODV
50,30,7,5,5,143.36,0.14,35,1500,4.285714285714286,AOMDV,AODV
50,30,7,6,1,172.032,0.14,42,1500,4.285714285714286,AOMDV,AODV
50,30,7,6,2,172.032,0.14,42,1500,4.285714285714286,AOMDV,AODV
50,30,7,6,3,172.032,0.14,42,1500,4.285714285714286,AOMDV,AODV
50,30,7,6,4,172.032,0.14,42,1500,4.285714285714286,AOMDV,AODV
50,30,7,6,5,172.032,0.14,42,1500,4.285714285714286,DSDV,AODV
50,30,7,8,1,229.376,0.14,56,1500,4.285714285714286,AOMDV,AODV
50,30,7,8,2,229.376,0.14,56,1500,4.285714285714286,AOMDV,AODV
50,30,7,8,3,229.376,0.14,56,1500,4.285714285714286,AOMDV,AODV
50,30,7,8,4,229.376,0.14,56,1500,4.285714285714286,AOMDV,AODV
50,30,7,8,5,229.376,0.14,56,1500,4.285714285714286,DSDV,AODV
50,30,10,3,1,122.88,0.2,30,1500,3,AOMDV,AODV
50,30,10,3,2,122.88,0.2,30,1500,3,AODV,AODV
50,30,10,3,3,122.88,0.2,30,1500,3,DSDV,AODV
50,30,10,3,4,122.88,0.2,30,1500,3,AOMDV,AODV
50,30,10,3,5,122.88,0.2,30,1500,3,AOMDV,AODV
50,30,10,5,1,204.8,0.2,50,1500,3,AOMDV,AODV
50,30,10,5,2,204.8,0.2,50,1500,3,AOMDV,AODV
50,30,10,5,3,204.8,0.2,50,1500,3,AOMDV,AODV
50,30,10,5,4,204.8,0.2,50,1500,3,AOMDV,AODV
50,30,10,5,5,204.8,0.2,50,1500,3,AOMDV,AODV
50,30,10,6,1,245.76,0.2,60,1500,3,DSDV,AODV
50,30,10,6,2,245.76,0.2,60,1500,3,DSDV,AODV
50,30,10,6,3,245.76,0.2,60,1500,3,AOMDV,AODV
50,30,10,6,4,245.76,0.2,60,1500,3,AOMDV,AODV
50,30,10,6,5,245.76,0.2,60,1500,3,AOMDV,AODV
50,30,12,2,1,98.304,0.24,24,1500,2.5,AOMDV,AODV
50,30,12,2,2,98.304,0.24,24,1500,2.5,AOMDV,AODV
50,30,12,2,3,98.304,0.24,24,1500,2.5,AODV,AODV
50,30,12,2,4,98.304,0.24,24,1500,2.5,AOMDV,AODV
50,30,12,2,5,98.304,0.24,24,1500,2.5,AOMDV,AODV
50,30,12,3,1,147.456,0.24,36,1500,2.5,AOMDV,AODV
50,30,12,3,2,147.456,0.24,36,1500,2.5,AOMDV,AODV
50,30,12,3,3,147.456,0.24,36,1500,2.5,AODV,AODV
50,30,12,3,4,147.456,0.24,36,1500,2.5,AOMDV,AODV
50,30,12,3,5,147.456,0.24,36,1500,2.5,AOMDV,AODV
50,30,12,4,1,196.608,0.24,48,1500,2.5,AOMDV,AODV
50,30,12,4,2,196.608,0.24,48,1500,2.5,AOMDV,AODV
50,30,12,4,3,196.608,0.24,48,1500,2.5,AOMDV,AODV
50,30,12,4,4,196.608,0.24,48,1500,2.5,AOMDV,AODV
50,30,12,4,5,196.608,0.24,48,1500,2.5,AOMDV,AODV
50,30,12,5,1,245.76,0.24,60,1500,2.5,AOMDV,AODV
50,30,12,5,2,245.76,0.24,60,1500,2.5,AOMDV,AODV
50,30,12,5,3,245.76,0.24,60,1500,2.5,AOMDV,AODV
50,30,12,5,4,245.76,0.24,60,1500,2.5,DSDV,AODV
50,30,12,5,5,245.76,0.24,60,1500,2.5,AOMDV,AODV
50,30,12,6,1,294.912,0.24,72,1500,2.5,DSDV,AODV
50,30,12,6,2,294.912,0.24,72,1500,2.5,AOMDV,AODV
50,30,12,6,3,294.912,0.24,72,1500,2.5,AOMDV,AODV
50,30,12,6,4,294.912,0.24,72,1500,2.5,AOMDV,AODV
50,30,12,6,5,294.912,0.24,72,1500,2.5,DSDV,AODV
50,30,12,8,1,393.216,0.24,96,1500,2.5,DSDV,AODV
50,30,12,8,2,393.216,0.24,96,1500,2.5,DSDV,AODV
50,30,12,8,3,393.216,0.24,96,1500,2.5,DSDV,AODV
50,30,12,8,4,393.216,0.24,96,1500,2.5,DSDV,AODV
50,30,12,8,5,393.216,0.24,96,1500,2.5,DSDV,AODV
50,30,15,3,1,184.32,0.3,45,1500,2,AOMDV,AODV
50,30,15,3,2,184.32,0.3,45,1500,2,AOMDV,AODV
50,30,15,3,3,184.32,0.3,45,1500,2,AOMDV,AODV
50,30,15,3,4,184.32,0.3,45,1500,2,AOMDV,AODV
50,30,15,3,5,184.32,0.3,45,1500,2,AOMDV,AODV
50,30,15,5,1,307.2,0.3,75,1500,2,DSDV,AODV
50,30,15,5,2,307.2,0.3,75,1500,2,DSDV,AODV
50,30,15,5,3,307.2,0.3,75,1500,2,AOMDV,AODV
50,30,15,5,4,307.2,0.3,75,1500,2,AOMDV,AODV
50,30,15,5,5,307.2,0.3,75,1500,2,AOMDV,AODV
50,30,15,6,1,368.64,0.3,90,1500,2,DSDV,AODV
50,30,15,6,2,368.64,0.3,90,1500,2,AOMDV,AODV
50,30,15,6,3,368.64,0.3,90,1500,2,AOMDV,AODV
50,30,15,6,4,368.64,0.3,90,1500,2,AOMDV,AODV
50,30,15,6,5,368.64,0.3,90,1500,2,DSDV,AODV
50,30,18,2,1,147.456,0.36,36,1500,1.6666666666666667,AOMDV,AODV
50,30,18,2,2,147.456,0.36,36,1500,1.6666666666666667,AODV,AODV
50,30,18,2,3,147.456,0.36,36,1500,1.6666666666666667,AODV,AODV
50,30,18,2,4,147.456,0.36,36,1500,1.6666666666666667,AOMDV,AODV
50,30,18,2,5,147.456,0.36,36,1500,1.6666666666666667,AOMDV,AODV
50,30,18,3,1,221.184,0.36,54,1500,1.6666666666666667,AOMDV,AODV
50,30,18,3,2,221.184,0.36,54,1500,1.6666666666666667,AOMDV,AODV
50,30,18,3,3,221.184,0.36,54,1500,1.6666666666666667,AOMDV,AODV
50,30,18,3,4,221.184,0.36,54,1500,1.6666666666666667,AOMDV,AODV
50,30,18,3,5,221.184,0.36,54,1500,1.6666666666666667,AOMDV,AODV
50,30,18,4,1,294.912,0.36,72,1500,1.6666666666666667,DSDV,AODV
50,30,18,4,2,294.912,0.36,72,1500,1.6666666666666667,AOMDV,AODV
50,30,18,4,3,294.912,0.36,72,1500,1.6666666666666667,AOMDV,AODV
50,30,18,4,4,294.912,0.36,72,1500,1.6666666666666667,AOMDV,AODV
50,30,18,4,5,294.912,0.36,72,1500,1.6666666666666667,AOMDV,AODV
50,30,18,5,1,368.64,0.36,90,1500,1.6666666666666667,DSDV,AODV
50,30,18,5,2,368.64,0.36,90,1500,1.6666666666666667,DSDV,AODV
50,30,18,5,3,368.64,0.36,90,1500,1.6666666666666667,AOMDV,AOMDV
50,30,18,5,4,368.64,0.36,90,1500,1.6666666666666667,AOMDV,AODV
50,30,18,5,5,368.64,0.36,90,1500,1.6666666666666667,DSDV,AODV
50,30,18,6,1,442.368,0.36,108,1500,1.6666666666666667,AOMDV,AOMDV
50,30,18,6,2,442.368,0.36,108,1500,1.6666666666666667,DSDV,AODV
50,30,18,6,3,442.368,0.36,108,1500,1.6666666666666667,AOMDV,AOMDV
50,30,18,6,4,442.368,0.36,108,1500,1.6666666666666667,AOMDV,AODV
50,30,18,6,5,442.368,0.36,108,1500,1.6666666666666667,DSDV,AODV
50,30,18,8,1,589.824,0.36,144,1500,1.6666666666666667,DSDV,AODV
50,30,18,8,2,589.824,0.36,144,1500,1.6666666666666667,DSDV,DSDV
50,30,18,8,3,589.824,0.36,144,1500,1.6666666666666667,DSDV,AOMDV
50,30,18,8,4,589.824,0.36,144,1500,1.6666666666666667,AODV,AODV
50,30,18,8,5,589.824,0.36,144,1500,1.6666666666666667,AODV,AODV
50,30,20,3,1,245.76,0.4,60,1500,1.5,AOMDV,AODV
50,30,20,3,2,245.76,0.4,60,1500,1.5,AOMDV,AODV
50,30,20,3,3,245.76,0.4,60,1500,1.5,AOMDV,AODV
50,30,20,3,4,245.76,0.4,60,1500,1.5,AOMDV,AODV
50,30,20,3,5,245.76,0.4,60,1500,1.5,AOMDV,AODV
50,30,20,5,1,409.6,0.4,100,1500,1.5,AOMDV,AODV
50,30,20,5,2,409.6,0.4,100,1500,1.5,DSDV,AODV
50,30,20,5,3,409.6,0.4,100,1500,1.5,DSDV,AODV
50,30,20,5,4,409.6,0.4,100,1500,1.5,AOMDV,AODV
50,30,20,5,5,409.6,0.4,100,1500,1.5,DSDV,AODV
50,30,20,6,1,491.52,0.4,120,1500,1.5,AOMDV,AODV
50,30,20,6,2,491.52,0.4,120,1500,1.5,DSDV,AODV
50,30,20,6,3,491.52,0.4,120,1500,1.5,AOMDV,AOMDV
50,30,20,6,4,491.52,0.4,120,1500,1.5,AOMDV,AODV
50,30,20,6,5,491.52,0.4,120,1500,1.5,DSDV,AODV
50,30,22,2,1,180.224,0.44,44,1500,1.3636363636363635,AOMDV,AODV
50,30,22,2,2,180.224,0.44,44,1500,1.3636363636363635,AOMDV,AODV
50,30,22,2,3,180.224,0.44,44,1500,1.3636363636363635,AOMDV,AODV
50,30,22,2,4,180.224,0.44,44,1500,1.3636363636363635,AOMDV,AODV
50,30,22,2,5,180.224,0.44,44,1500,1.3636363636363635,AOMDV,AODV
50,30,22,3,1,270.336,0.44,66,1500,1.3636363636363635,AOMDV,AODV
50,30,22,3,2,270.336,0.44,66,1500,1.3636363636363635,AOMDV,AODV
50,30,22,3,3,270.336,0.44,66,1500,1.3636363636363635,AOMDV,AODV
50,30,22,3,4,270.336,0.44,66,1500,1.3636363636363635,AOMDV,AODV
50,30,22,3,5,270.336,0.44,66,1500,1.3636363636363635,AOMDV,AODV
50,30,22,4,1,360.448,0.44,88,1500,1.3636363636363635,DSDV,AODV
50,30,22,4,2,360.448,0.44,88,1500,1.3636363636363635,AOMDV,AODV
50,30,22,4,3,360.448,0.44,88,1500,1.3636363636363635,AOMDV,AOMDV
50,30,22,4,4,360.448,0.44,88,1500,1.3636363636363635,DSDV,AODV
50,30,22,4,5,360.448,0.44,88,1500,1.3636363636363635,DSDV,AODV
50,30,22,5,1,450.56,0.44,110,1500,1.3636363636363635,DSDV,AODV
50,30,22,5,2,450.56,0.44,110,1500,1.3636363636363635,DSDV,AODV
50,30,22,5,3,450.56,0.44,110,1500,1.3636363636363635,AOMDV,AOMDV
50,30,22,5,4,450.56,0.44,110,1500,1.3636363636363635,DSDV,AODV
50,30,22,5,5,450.56,0.44,110,1500,1.3636363636363635,DSDV,AODV
50,30,22,6,1,540.672,0.44,132,1500,1.3636363636363635,DSDV,AODV
50,30,22,6,2,540.672,0.44,132,1500,1.3636363636363635,DSDV,AODV
50,30,22,6,3,540.672,0.44,132,1500,1.3636363636363635,AOMDV,AOMDV
50,30,22,6,4,540.672,0.44,132,1500,1.3636363636363635,AOMDV,AODV
50,30,22,6,5,540.672,0.44,132,1500,1.3636363636363635,DSDV,AODV
50,30,22,8,1,720.896,0.44,176,1500,1.3636363636363635,DSDV,DSDV
50,30,22,8,2,720.896,0.44,176,1500,1.3636363636363635,DSDV,DSDV
50,30,22,8,3,720.896,0.44,176,1500,1.3636363636363635,DSDV,DSDV
50,30,22,8,4,720.896,0.44,176,1500,1.3636363636363635,DSDV,AODV
50,30,22,8,5,720.896,0.44,176,1500,1.3636363636363635,DSDV,DSDV
50,30,25,3,1,307.2,0.5,75,1500,1.2,DSDV,AODV
50,30,25,3,2,307.2,0.5,75,1500,1.2,DSDV,AODV
50,30,25,3,3,307.2,0.5,75,1500,1.2,AOMDV,AODV
50,30,25,3,4,307.2,0.5,75,1500,1.2,AOMDV,AODV
50,30,25,3,5,307.2,0.5,75,1500,1.2,AOMDV,AODV
50,30,25,5,1,512,0.5,125,1500,1.2,AOMDV,AOMDV
50,30,25,5,2,512,0.5,125,1500,1.2,DSDV,AODV
50,30,25,5,3,512,0.5,125,1500,1.2,AOMDV,AOMDV
50,30,25,5,4,512,0.5,125,1500,1.2,AODV,AODV
50,30,25,5,5,512,0.5,125,1500,1.2,AODV,AODV
50,30,25,6,1,614.4,0.5,150,1500,1.2,DSDV,AODV
50,30,25,6,2,614.4,0.5,150,1500,1.2,DSDV,DSDV
50,30,25,6,3,614.4,0.5,150,1500,1.2,AOMDV,AOMDV
50,30,25,6,4,614.4,0.5,150,1500,1.2,DSDV,AODV
50,30,25,6,5,614.4,0.5,150,1500,1.2,DSDV,AODV
50,40,5,3,1,61.44,0.1,15,2000,8,AOMDV,AODV
50,40,5,3,2,61.44,0.1,15,2000,8,AODV,AODV
50,40,5,3,3,61.44,0.1,15,2000,8,AOMDV,AODV
50,40,5,3,4,61.44,0.1,15,2000,8,AODV,AODV
50,40,5,3,5,61.44,0.1,15,2000,8,AODV,AODV
50,40,5,5,1,102.4,0.1,25,2000,8,AOMDV,AODV
50,40,5,5,2,102.4,0.1,25,2000,8,AODV,AODV
50,40,5,5,3,102.4,0.1,25,2000,8,AODV,AODV
50,40,5,5,4,102.4,0.1,25,2000,8,AODV,AODV
50,40,5,5,5,102.4,0.1,25,2000,8,AOMDV,AODV
50,40,5,6,1,122.88,0.1,30,2000,8,DSDV,AODV
50,40,5,6,2,122.88,0.1,30,2000,8,AODV,AODV
50,40,5,6,3,122.88,0.1,30,2000,8,AODV,AODV
50,40,5,6,4,122.88,0.1,30,2000,8,AODV,AODV
50,40,5,6,5,122.88,0.1,30,2000,8,AODV,AODV
50,40,7,2,1,57.344,0.14,14,2000,5.714285714285714,AODV,AODV
50,40,7,2,2,57.344,0.14,14,2000,5.714285714285714,AODV,AODV
50,40,7,2,3,57.344,0.14,14,2000,5.714285714285714,AOMDV,AODV
50,40,7,2,4,57.344,0.14,14,2000,5.714285714285714,AODV,AODV
50,40,7,2,5,57.344,0.14,14,2000,5.714285714285714,AODV,AODV
50,40,7,3,1,86.016,0.14,21,2000,5.714285714285714,DSDV,AODV
50,40,7,3,2,86.016,0.14,21,2000,5.714285714285714,AOMDV,AODV
50,40,7,3,3,86.016,0.14,21,2000,5.714285714285714,AOMDV,AODV
50,40,7,3,4,86.016,0.14,21,2000,5.714285714285714,AODV,AODV
50,40,7,3,5,86.016,0.14,21,2000,5.714285714285714,DSDV,AODV
50,40,7,4,1,114.688,0.14,28,2000,5.714285714285714,AOMDV,AODV
50,40,7,4,2,114.688,0.14,28,2000,5.714285714285714,AODV,AODV
50,40,7,4,3,114.688,0.14,28,2000,5.714285714285714,AODV,AODV
50,40,7,4,4,114.688,0.14,28,2000,5.714285714285714,AOMDV,AODV
50,40,7,4,5,114.688,0.14,28,2000,5.714285714285714,DSDV,AODV
50,40,7,5,1,143.36,0.14,35,2000,5.714285714285714,AOMDV,AODV
50,40,7,5,2,143.36,0.14,35,2000,5.714285714285714,AOMDV,AODV
50,40,7,5,3,143.36,0.14,35,2000,5.714285714285714,AODV,AODV
50,40,7,5,4,143.36,0.14,35,2000,5.714285714285714,AODV,AODV
50,40,7,5,5,143.36,0.14,35,2000,5.714285714285714,DSDV,AODV
50,40,7,6,1,172.032,0.14,42,2000,5.714285714285714,AOMDV,AODV
50,40,7,6,2,172.032,0.14,42,2000,5.714285714285714,AOMDV,AODV
50,40,7,6,3,172.032,0.14,42,2000,5.714285714285714,AOMDV,AODV
50,40,7,6,4,172.032,0.14,42,2000,5.714285714285714,AOMDV,AODV
50,40,7,6,5,172.032,0.14,42,2000,5.714285714285714,AOMDV,AODV
50,40,7,8,1,229.376,0.14,56,2000,5.714285714285714,DSDV,AODV
50,40,7,8,2,229.376,0.14,56,2000,5.714285714285714,AOMDV,AODV
50,40,7,8,3,229.376,0.14,56,2000,5.714285714285714,AOMDV,AODV
50,40,7,8,4,229.376,0.14,56,2000,5.714285714285714,AODV,AODV
50,40,7,8,5,229.376,0.14,56,2000,5.714285714285714,DSDV,AODV
50,40,10,3,1,122.88,0.2,30,2000,4,AODV,AODV
50,40,10,3,2,122.88,0.2,30,2000,4,AOMDV,AODV
50,40,10,3,3,122.88,0.2,30,2000,4,AOMDV,AODV
50,40,10,3,4,122.88,0.2,30,2000,4,AODV,AODV
50,40,10,3,5,122.88,0.2,30,2000,4,AODV,AODV
50,40,10,5,1,204.8,0.2,50,2000,4,AOMDV,AODV
50,40,10,5,2,204.8,0.2,50,2000,4,AOMDV,AODV
50,40,10,5,3,204.8,0.2,50,2000,4,AOMDV,AODV
50,40,10,5,4,204.8,0.2,50,2000,4,AODV,AODV
50,40,10,5,5,204.8,0.2,50,2000,4,AOMDV,AODV
50,40,10,6,1,245.76,0.2,60,2000,4,AOMDV,AODV
50,40,10,6,2,245.76,0.2,60,2000,4,AOMDV,AODV
50,40,10,6,3,245.76,0.2,60,2000,4,AOMDV,AODV
50,40,10,6,4,245.76,0.2,60,2000,4,AODV,AODV
50,40,10,6,5,245.76,0.2,60,2000,4,DSDV,AODV
50,40,12,2,1,98.304,0.24,24,2000,3.3333333333333335,AOMDV,AODV
50,40,12,2,2,98.304,0.24,24,2000,3.3333333333333335,AOMDV,AODV
50,40,12,2,3,98.304,0.24,24,2000,3.3333333333333335,AODV,AODV
50,40,12,2,4,98.304,0.24,24,2000,3.3333333333333335,AODV,AODV
50,40,12,2,5,98.304,0.24,24,2000,3.3333333333333335,AODV,AODV
50,40,12,3,1,147.456,0.24,36,2000,3.3333333333333335,AODV,AODV
50,40,12,3,2,147.456,0.24,36,2000,3.3333333333333335,AOMDV,AODV
50,40,12,3,3,147.456,0.24,36,2000,3.3333333333333335,AOMDV,AODV
50,40,12,3,4,147.456,0.24,36,2000,3.3333333333333335,AODV,AODV
50,40,12,3,5,147.456,0.24,36,2000,3.3333333333333335,AOMDV,AODV
50,40,12,4,1,196.608,0.24,48,2000,3.3333333333333335,DSDV,AODV
50,40,12,4,2,196.608,0.24,48,2000,3.3333333333333335,AOMDV,AODV
50,40,12,4,3,196.608,0.24,48,2000,3.3333333333333335,AOMDV,AODV
50,40,12,4,4,196.608,0.24,48,2000,3.3333333333333335,AODV,AODV
50,40,12,4,5,196.608,0.24,48,2000,3.3333333333333335,AOMDV,AODV
50,40,12,5,1,245.76,0.24,60,2000,3.3333333333333335,AOMDV,AODV
50,40,12,5,2,245.76,0.24,60,2000,3.3333333333333335,AOMDV,AODV
50,40,12,5,3,245.76,0.24,60,2000,3.3333333333333335,AOMDV,AODV
50,40,12,5,4,245.76,0.24,60,2000,3.3333333333333335,AOMDV,AODV
50,40,12,5,5,245.76,0.24,60,2000,3.3333333333333335,AOMDV,AODV
50,40,12,6,1,294.912,0.24,72,2000,3.3333333333333335,DSDV,AODV
50,40,12,6,2,294.912,0.24,72,2000,3.3333333333333335,AOMDV,AODV
50,40,12,6,3,294.912,0.24,72,2000,3.3333333333333335,AOMDV,AODV
50,40,12,6,4,294.912,0.24,72,2000,3.3333333333333335,AOMDV,AODV
50,40,12,6,5,294.912,0.24,72,2000,3.3333333333333335,AOMDV,AODV
50,40,12,8,1,393.216,0.24,96,2000,3.3333333333333335,AODV,AODV
50,40,12,8,2,393.216,0.24,96,2000,3.3333333333333335,AOMDV,AODV
50,40,12,8,3,393.216,0.24,96,2000,3.3333333333333335,AOMDV,AOMDV
50,40,12,8,4,393.216,0.24,96,2000,3.3333333333333335,AOMDV,AODV
50,40,12,8,5,393.216,0.24,96,2000,3.3333333333333335,AOMDV,AODV
50,40,15,3,1,184.32,0.3,45,2000,2.6666666666666665,AOMDV,AODV
50,40,15,3,2,184.32,0.3,45,2000,2.6666666666666665,AOMDV,AODV
50,40,15,3,3,184.32,0.3,45,2000,2.6666666666666665,AOMDV,AODV
50,40,15,3,4,184.32,0.3,45,2000,2.6666666666666665,AODV,AODV
50,40,15,3,5,184.32,0.3,45,2000,2.6666666666666665,AOMDV,AODV
50,40,15,5,1,307.2,0.3,75,2000,2.6666666666666665,AOMDV,AODV
50,40,15,5,2,307.2,0.3,75,2000,2.6666666666666665,AOMDV,AODV
50,40,15,5,3,307.2,0.3,75,2000,2.6666666666666665,AOMDV,AODV
50,40,15,5,4,307.2,0.3,75,2000,2.6666666666666665,AOMDV,AODV
50,40,15,5,5,307.2,0.3,75,2000,2.6666666666666665,AOMDV,AODV
50,40,15,6,1,368.64,0.3,90,2000,2.6666666666666665,AODV,AODV
50,40,15,6,2,368.64,0.3,90,2000,2.6666666666666665,DSDV,AODV
50,40,15,6,3,368.64,0.3,90,2000,2.6666666666666665,AOMDV,AODV
50,40,15,6,4,368.64,0.3,90,2000,2.6666666666666665,AOMDV,AODV
50,40,15,6,5,368.64,0.3,90,2000,2.6666666666666665,AOMDV,AODV
50,40,18,2,1,147.456,0.36,36,2000,2.2222222222222223,AOMDV,AODV
50,40,18,2,2,147.456,0.36,36,2000,2.2222222222222223,AOMDV,AODV
50,40,18,2,3,147.456,0.36,36,2000,2.2222222222222223,AOMDV,AODV
50,40,18,2,4,147.456,0.36,36,2000,2.2222222222222223,DSDV,AODV
50,40,18,2,5,147.456,0.36,36,2000,2.2222222222222223,AOMDV,AODV
50,40,18,3,1,221.184,0.36,54,2000,2.2222222222222223,AOMDV,AODV
50,40,18,3,2,221.184,0.36,54,2000,2.2222222222222223,AOMDV,AODV
50,40,18,3,3,221.184,0.36,54,2000,2.2222222222222223,AOMDV,AODV
50,40,18,3,4,221.184,0.36,54,2000,2.2222222222222223,AOMDV,AODV
50,40,18,3,5,221.184,0.36,54,2000,2.2222222222222223,AOMDV,AODV
50,40,18,4,1,294.912,0.36,72,2000,2.2222222222222223,DSDV,AODV
50,40,18,4,2,294.912,0.36,72,2000,2.2222222222222223,AOMDV,AODV
50,40,18,4,3,294.912,0.36,72,2000,2.2222222222222223,AOMDV,AODV
50,40,18,4,4,294.912,0.36,72,2000,2.2222222222222223,AOMDV,AODV
50,40,18,4,5,294.912,0.36,72,2000,2.2222222222222223,DSDV,AODV
50,40,18,5,1,368.64,0.36,90,2000,2.2222222222222223,AOMDV,AODV
50,40,18,5,2,368.64,0.36,90,2000,2.2222222222222223,AOMDV,AOMDV
50,40,18,5,3,368.64,0.36,90,2000,2.2222222222222223,AOMDV,AODV
50,40,18,5,4,368.64,0.36,90,2000,2.2222222222222223,AOMDV,AODV
50,40,18,5,5,368.64,0.36,90,2000,2.2222222222222223,AOMDV,AODV
50,40,18,6,1,442.368,0.36,108,2000,2.2222222222222223,AOMDV,AODV
50,40,18,6,2,442.368,0.36,108,2000,2.2222222222222223,AOMDV,AOMDV
50,40,18,6,3,442.368,0.36,108,2000,2.2222222222222223,AOMDV,AOMDV
50,40,18,6,4,442.368,0.36,108,2000,2.2222222222222223,AOMDV,AOMDV
50,40,18,6,5,442.368,0.36,108,2000,2.2222222222222223,AOMDV,AOMDV
50,40,18,8,1,589.824,0.36,144,2000,2.2222222222222223,AOMDV,AOMDV
50,40,18,8,2,589.824,0.36,144,2000,2.2222222222222223,AODV,AODV
50,40,18,8,3,589.824,0.36,144,2000,2.2222222222222223,AODV,AODV
50,40,18,8,4,589.824,0.36,144,2000,2.2222222222222223,DSDV,AOMDV
50,40,18,8,5,589.824,0.36,144,2000,2.2222222222222223,DSDV,AODV
50,40,20,3,1,245.76,0.4,60,2000,2,DSDV,AODV
50,40,20,3,2,245.76,0.4,60,2000,2,AOMDV,AODV
50,40,20,3,3,245.76,0.4,60,2000,2,AOMDV,AODV
50,40,20,3,4,245.76,0.4,60,2000,2,AOMDV,AODV
50,40,20,3,5,245.76,0.4,60,2000,2,AOMDV,AODV
50,40,20,5,1,409.6,0.4,100,2000,2,AOMDV,AODV
50,40,20,5,2,409.6,0.4,100,2000,2,AOMDV,AODV
50,40,20,5,3,409.6,0.4,100,2000,2,AOMDV,AOMDV
50,40,20,5,4,409.6,0.4,100,2000,2,AOMDV,AODV
50,40,20,5,5,409.6,0.4,100,2000,2,AOMDV,AOMDV
50,40,20,6,1,491.52,0.4,120,2000,2,AOMDV,AOMDV
50,40,20,6,2,491.52,0.4,120,2000,2,DSDV,AODV
50,40,20,6,3,491.52,0.4,120,2000,2,AODV,AODV
50,40,20,6,4,491.52,0.4,120,2000,2,AOMDV,AOMDV
50,40,20,6,5,491.52,0.4,120,2000,2,AODV,AODV
50,40,22,2,1,180.224,0.44,44,2000,1.8181818181818181,AOMDV,AODV
50,40,22,2,2,180.224,0.44,44,2000,1.8181818181818181,AOMDV,AODV
50,40,22,2,3,180.224,0.44,44,2000,1.8181818181818181,AODV,AODV
50,40,22,2,4,180.224,0.44,44,2000,1.8181818181818181,AOMDV,AODV
50,40,22,2,5,180.224,0.44,44,2000,1.8181818181818181,AOMDV,AODV
50,40,22,3,1,270.336,0.44,66,2000,1.8181818181818181,AOMDV,AODV
50,40,22,3,2,270.336,0.44,66,2000,1.8181818181818181,AOMDV,AODV
50,40,22,3,3,270.336,0.44,66,2000,1.8181818181818181,AOMDV,AODV
50,40,22,3,4,270.336,0.44,66,2000,1.8181818181818181,AOMDV,AODV
50,40,22,3,5,270.336,0.44,66,2000,1.8181818181818181,AOMDV,AODV
50,40,22,4,1,360.448,0.44,88,2000,1.8181818181818181,AOMDV,AODV
50,40,22,4,2,360.448,0.44,88,2000,1.8181818181818181,AOMDV,AODV
50,40,22,4,3,360.448,0.44,88,2000,1.8181818181818181,AOMDV,AOMDV
50,40,22,4,4,360.448,0.44,88,2000,1.8181818181818181,AOMDV,AODV
50,40,22,4,5,360.448,0.44,88,2000,1.8181818181818181,AOMDV,AODV
50,40,22,5,1,450.56,0.44,110,2000,1.8181818181818181,DSDV,AODV
50,40,22,5,2,450.56,0.44,110,2000,1.8181818181818181,AOMDV,AODV
50,40,22,5,3,450.56,0.44,110,2000,1.8181818181818181,AOMDV,AOMDV
50,40,22,5,4,450.56,0.44,110,2000,1.8181818181818181,AOMDV,AOMDV
50,40,22,5,5,450.56,0.44,110,2000,1.8181818181818181,AOMDV,AOMDV
50,40,22,6,1,540.672,0.44,132,2000,1.8181818181818181,AODV,AODV
50,40,22,6,2,540.672,0.44,132,2000,1.8181818181818181,DSDV,AODV
50,40,22,6,3,540.672,0.44,132,2000,1.8181818181818181,AOMDV,AOMDV
50,40,22,6,4,540.672,0.44,132,2000,1.8181818181818181,DSDV,AODV
50,40,22,6,5,540.672,0.44,132,2000,1.8181818181818181,DSDV,AODV
50,40,22,8,1,720.896,0.44,176,2000,1.8181818181818181,AODV,AODV
50,40,22,8,2,720.896,0.44,176,2000,1.8181818181818181,DSDV,DSDV
50,40,22,8,3,720.896,0.44,176,2000,1.8181818181818181,DSDV,DSDV
50,40,22,8,4,720.896,0.44,176,2000,1.8181818181818181,DSDV,DSDV
50,40,22,8,5,720.896,0.44,176,2000,1.8181818181818181,DSDV,AODV
50,40,25,3,1,307.2,0.5,75,2000,1.6,AOMDV,AODV
50,40,25,3,2,307.2,0.5,75,2000,1.6,AOMDV,AOMDV
50,40,25,3,3,307.2,0.5,75,2000,1.6,AOMDV,AODV
50,40,25,3,4,307.2,0.5,75,2000,1.6,AOMDV,AODV
50,40,25,3,5,307.2,0.5,75,2000,1.6,AOMDV,AODV
50,40,25,5,1,512,0.5,125,2000,1.6,AOMDV,AOMDV
50,40,25,5,2,512,0.5,125,2000,1.6,DSDV,AODV
50,40,25,5,3,512,0.5,125,2000,1.6,DSDV,AOMDV
50,40,25,5,4,512,0.5,125,2000,1.6,DSDV,AOMDV
50,40,25,5,5,512,0.5,125,2000,1.6,DSDV,AODV
50,40,25,6,1,614.4,0.5,150,2000,1.6,AODV,AODV
50,40,25,6,2,614.4,0.5,150,2000,1.6,DSDV,DSDV
50,40,25,6,3,614.4,0.5,150,2000,1.6,DSDV,AODV
50,40,25,6,4,614.4,0.5,150,2000,1.6,DSDV,AODV
50,40,25,6,5,614.4,0.5,150,2000,1.6,DSDV,DSDV
50,50,5,3,1,61.44,0.1,15,2500,10,AODV,AODV
50,50,5,3,2,61.44,0.1,15,2500,10,AODV,AODV
50,50,5,3,3,61.44,0.1,15,2500,10,DSDV,AODV
50,50,5,3,4,61.44,0.1,15,2500,10,AODV,AODV
50,50,5,3,5,61.44,0.1,15,2500,10,AODV,AODV
50,50,5,5,1,102.4,0.1,25,2500,10,AODV,AODV
50,50,5,5,2,102.4,0.1,25,2500,10,AODV,AODV
50,50,5,5,3,102.4,0.1,25,2500,10,AODV,AODV
50,50,5,5,4,102.4,0.1,25,2500,10,AODV,AODV
50,50,5,5,5,102.4,0.1,25,2500,10,AOMDV,AODV
50,50,5,6,1,122.88,0.1,30,2500,10,AODV,AODV
50,50,5,6,2,122.88,0.1,30,2500,10,AOMDV,AODV
50,50,5,6,3,122.88,0.1,30,2500,10,DSDV,AODV
50,50,5,6,4,122.88,0.1,30,2500,10,AODV,AODV
50,50,5,6,5,122.88,0.1,30,2500,10,AOMDV,AODV
50,50,7,2,1,57.344,0.14,14,2500,7.142857142857143,AODV,AODV
50,50,7,2,2,57.344,0.14,14,2500,7.142857142857143,AODV,AODV
50,50,7,2,3,57.344,0.14,14,2500,7.142857142857143,AODV,AODV
50,50,7,2,4,57.344,0.14,14,2500,7.142857142857143,AOMDV,AODV
50,50,7,2,5,57.344,0.14,14,2500,7.142857142857143,AODV,AODV
50,50,7,3,1,86.016,0.14,21,2500,7.142857142857143,AOMDV,AODV
50,50,7,3,2,86.016,0.14,21,2500,7.142857142857143,AODV,AODV
50,50,7,3,3,86.016,0.14,21,2500,7.142857142857143,AODV,AODV
50,50,7,3,4,86.016,0.14,21,2500,7.142857142857143,AODV,AODV
50,50,7,3,5,86.016,0.14,21,2500,7.142857142857143,AOMDV,AODV
50,50,7,4,1,114.688,0.14,28,2500,7.142857142857143,AODV,AODV
50,50,7,4,2,114.688,0.14,28,2500,7.142857142857143,AOMDV,AODV
50,50,7,4,3,114.688,0.14,28,2500,7.142857142857143,AODV,AODV
50,50,7,4,4,114.688,0.14,28,2500,7.142857142857143,AOMDV,AODV
50,50,7,4,5,114.688,0.14,28,2500,7.142857142857143,AOMDV,AODV
50,50,7,5,1,143.36,0.14,35,2500,7.142857142857143,AODV,AODV
50,50,7,5,2,143.36,0.14,35,2500,7.142857142857143,AODV,AODV
50,50,7,5,3,143.36,0.14,35,2500,7.142857142857143,AODV,AODV
50,50,7,5,4,143.36,0.14,35,2500,7.142857142857143,AODV,AODV
50,50,7,5,5,143.36,0.14,35,2500,7.142857142857143,AODV,AODV
50,50,7,6,1,172.032,0.14,42,2500,7.142857142857143,AODV,AODV
50,50,7,6,2,172.032,0.14,42,2500,7.142857142857143,AOMDV,AODV
50,50,7,6,3,172.032,0.14,42,2500,7.142857142857143,AODV,AODV
50,50,7,6,4,172.032,0.14,42,2500,7.142857142857143,AODV,AODV
50,50,7,6,5,172.032,0.14,42,2500,7.142857142857143,AOMDV,AODV
50,50,7,8,1,229.376,0.14,56,2500,7.142857142857143,AOMDV,AODV
50,50,7,8,2,229.376,0.14,56,2500,7.142857142857143,DSDV,AODV
50,50,7,8,3,229.376,0.14,56,2500,7.142857142857143,AOMDV,AODV
50,50,7,8,4,229.376,0.14,56,2500,7.142857142857143,AOMDV,AODV
50,50,7,8,5,229.376,0.14,56,2500,7.142857142857143,AOMDV,AODV
50,50,10,3,1,122.88,0.2,30,2500,5,AODV,AODV
50,50,10,3,2,122.88,0.2,30,2500,5,AOMDV,AODV
50,50,10,3,3,122.88,0.2,30,2500,5,AOMDV,AODV
50,50,10,3,4,122.88,0.2,30,2500,5,AODV,AODV
50,50,10,3,5,122.88,0.2,30,2500,5,AOMDV,AODV
50,50,10,5,1,204.8,0.2,50,2500,5,AODV,AODV
50,50,10,5,2,204.8,0.2,50,2500,5,AOMDV,AODV
50,50,10,5,3,204.8,0.2,50,2500,5,AOMDV,AODV
50,50,10,5,4,204.8,0.2,50,2500,5,AOMDV,AODV
50,50,10,5,5,204.8,0.2,50,2500,5,AOMDV,AODV
50,50,10,6,1,245.76,0.2,60,2500,5,AODV,AODV
50,50,10,6,2,245.76,0.2,60,2500,5,AOMDV,AODV
50,50,10,6,3,245.76,0.2,60,2500,5,DSDV,AODV
50,50,10,6,4,245.76,0.2,60,2500,5,AODV,AODV
50,50,10,6,5,245.76,0.2,60,2500,5,AOMDV,AODV
50,50,12,2,1,98.304,0.24,24,2500,4.166666666666667,AODV,AODV
50,50,12,2,2,98.304,0.24,24,2500,4.166666666666667,AOMDV,AODV
50,50,12,2,3,98.304,0.24,24,2500,4.166666666666667,AOMDV,AODV
50,50,12,2,4,98.304,0.24,24,2500,4.166666666666667,AODV,AODV
50,50,12,2,5,98.304,0.24,24,2500,4.166666666666667,AODV,AODV
50,50,12,3,1,147.456,0.24,36,2500,4.166666666666667,AODV,AODV
50,50,12,3,2,147.456,0.24,36,2500,4.166666666666667,AOMDV,AODV
50,50,12,3,3,147.456,0.24,36,2500,4.166666666666667,AODV,AODV
50,50,12,3,4,147.456,0.24,36,2500,4.166666666666667,AOMDV,AODV
50,50,12,3,5,147.456,0.24,36,2500,4.166666666666667,AOMDV,AODV
50,50,12,4,1,196.608,0.24,48,2500,4.166666666666667,AOMDV,AODV
50,50,12,4,2,196.608,0.24,48,2500,4.166666666666667,AOMDV,AODV
50,50,12,4,3,196.608,0.24,48,2500,4.166666666666667,AODV,AODV
50,50,12,4,4,196.608,0.24,48,2500,4.166666666666667,AODV,AODV
50,50,12,4,5,196.608,0.24,48,2500,4.166666666666667,AOMDV,AODV
50,50,12,5,1,245.76,0.24,60,2500,4.166666666666667,AOMDV,AODV
50,50,12,5,2,245.76,0.24,60,2500,4.166666666666667,AOMDV,AODV
50,50,12,5,3,245.76,0.24,60,2500,4.166666666666667,AOMDV,AODV
50,50,12,5,4,245.76,0.24,60,2500,4.166666666666667,AOMDV,AODV
50,50,12,5,5,245.76,0.24,60,2500,4.166666666666667,AOMDV,AODV
50,50,12,6,1,294.912,0.24,72,2500,4.166666666666667,AOMDV,AODV
50,50,12,6,2,294.912,0.24,72,2500,4.166666666666667,AOMDV,AODV
50,50,12,6,3,294.912,0.24,72,2500,4.166666666666667,AOMDV,AODV
50,50,12,6,4,294.912,0.24,72,2500,4.166666666666667,AOMDV,AODV
50,50,12,6,5,294.912,0.24,72,2500,4.166666666666667,AOMDV,AODV
50,50,12,8,1,393.216,0.24,96,2500,4.166666666666667,AOMDV,AODV
50,50,12,8,2,393.216,0.24,96,2500,4.166666666666667,AOMDV,AOMDV
50,50,12,8,3,393.216,0.24,96,2500,4.166666666666667,AOMDV,AOMDV
50,50,12,8,4,393.216,0.24,96,2500,4.166666666666667,AOMDV,AODV
50,50,12,8,5,393.216,0.24,96,2500,4.166666666666667,AOMDV,AOMDV
50,50,15,3,1,184.32,0.3,45,2500,3.3333333333333335,AOMDV,AODV
50,50,15,3,2,184.32,0.3,45,2500,3.3333333333333335,AOMDV,AODV
50,50,15,3,3,184.32,0.3,45,2500,3.3333333333333335,AOMDV,AODV
50,50,15,3,4,184.32,0.3,45,2500,3.3333333333333335,AOMDV,AODV
50,50,15,3,5,184.32,0.3,45,2500,3.3333333333333335,AOMDV,AODV
50,50,15,5,1,307.2,0.3,75,2500,3.3333333333333335,AOMDV,AODV
50,50,15,5,2,307.2,0.3,75,2500,3.3333333333333335,AOMDV,AODV
50,50,15,5,3,307.2,0.3,75,2500,3.3333333333333335,AOMDV,AODV
50,50,15,5,4,307.2,0.3,75,2500,3.3333333333333335,AOMDV,AODV
50,50,15,5,5,307.2,0.3,75,2500,3.3333333333333335,AOMDV,AODV
50,50,15,6,1,368.64,0.3,90,2500,3.3333333333333335,AOMDV,AODV
50,50,15,6,2,368.64,0.3,90,2500,3.3333333333333335,AOMDV,AODV
50,50,15,6,3,368.64,0.3,90,2500,3.3333333333333335,AOMDV,AOMDV
50,50,15,6,4,368.64,0.3,90,2500,3.3333333333333335,AOMDV,AODV
50,50,15,6,5,368.64,0.3,90,2500,3.3333333333333335,AOMDV,AODV
50,50,18,2,1,147.456,0.36,36,2500,2.7777777777777777,AODV,AODV
50,50,18,2,2,147.456,0.36,36,2500,2.7777777777777777,AOMDV,AODV
50,50,18,2,3,147.456,0.36,36,2500,2.7777777777777777,AODV,AODV
50,50,18,2,4,147.456,0.36,36,2500,2.7777777777777777,AOMDV,AODV
50,50,18,2,5,147.456,0.36,36,2500,2.7777777777777777,AOMDV,AODV
50,50,18,3,1,221.184,0.36,54,2500,2.7777777777777777,AOMDV,AODV
50,50,18,3,2,221.184,0.36,54,2500,2.7777777777777777,AOMDV,AODV
50,50,18,3,3,221.184,0.36,54,2500,2.7777777777777777,AOMDV,AODV
50,50,18,3,4,221.184,0.36,54,2500,2.7777777777777777,AODV,AODV
50,50,18,3,5,221.184,0.36,54,2500,2.7777777777777777,AOMDV,AODV
50,50,18,4,1,294.912,0.36,72,2500,2.7777777777777777,AOMDV,AODV
50,50,18,4,2,294.912,0.36,72,2500,2.7777777777777777,DSDV,AODV
50,50,18,4,3,294.912,0.36,72,2500,2.7777777777777777,AOMDV,AODV
50,50,18,4,4,294.912,0.36,72,2500,2.7777777777777777,AOMDV,AODV
50,50,18,4,5,294.912,0.36,72,2500,2.7777777777777777,AOMDV,AODV
50,50,18,5,1,368.64,0.36,90,2500,2.7777777777777777,DSDV,AODV
50,50,18,5,2,368.64,0.36,90,2500,2.7777777777777777,DSDV,AODV
50,50,18,5,3,368.64,0.36,90,2500,2.7777777777777777,AOMDV,AOMDV
50,50,18,5,4,368.64,0.36,90,2500,2.7777777777777777,AOMDV,AODV
50,50,18,5,5,368.64,0.36,90,2500,2.7777777777777777,AOMDV,AODV
50,50,18,6,1,442.368,0.36,108,2500,2.7777777777777777,AOMDV,AOMDV
50,50,18,6,2,442.368,0.36,108,2500,2.7777777777777777,DSDV,AODV
50,50,18,6,3,442.368,0.36,108,2500,2.7777777777777777,AOMDV,AOMDV
50,50,18,6,4,442.368,0.36,108,2500,2.7777777777777777,AOMDV,AOMDV
50,50,18,6,5,442.368,0.36,108,2500,2.7777777777777777,AOMDV,AOMDV
50,50,18,8,1,589.824,0.36,144,2500,2.7777777777777777,AOMDV,AOMDV
50,50,18,8,2,589.824,0.36,144,2500,2.7777777777777777,DSDV,AODV
50,50,18,8,3,589.824,0.36,144,2500,2.7777777777777777,AOMDV,AOMDV
50,50,18,8,4,589.824,0.36,144,2500,2.7777777777777777,DSDV,AOMDV
50,50,18,8,5,589.824,0.36,144,2500,2.7777777777777777,AODV,AODV
50,50,20,3,1,245.76,0.4,60,2500,2.5,AOMDV,AODV
50,50,20,3,2,245.76,0.4,60,2500,2.5,AOMDV,AODV
50,50,20,3,3,245.76,0.4,60,2500,2.5,AOMDV,AODV
50,50,20,3,4,245.76,0.4,60,2500,2.5,AOMDV,AODV
50,50,20,3,5,245.76,0.4,60,2500,2.5,AOMDV,AODV
50,50,20,5,1,409.6,0.4,100,2500,2.5,AOMDV,AODV
50,50,20,5,2,409.6,0.4,100,2500,2.5,AOMDV,AOMDV
50,50,20,5,3,409.6,0.4,100,2500,2.5,AOMDV,AODV
50,50,20,5,4,409.6,0.4,100,2500,2.5,AOMDV,AODV
50,50,20,5,5,409.6,0.4,100,2500,2.5,AOMDV,AOMDV
50,50,20,6,1,491.52,0.4,120,2500,2.5,AOMDV,AODV
50,50,20,6,2,491.52,0.4,120,2500,2.5,DSDV,AODV
50,50,20,6,3,491.52,0.4,120,2500,2.5,AOMDV,AOMDV
50,50,20,6,4,491.52,0.4,120,2500,2.5,AOMDV,AODV
50,50,20,6,5,491.52,0.4,120,2500,2.5,AODV,AODV
50,50,22,2,1,180.224,0.44,44,2500,2.272727272727273,AOMDV,AODV
50,50,22,2,2,180.224,0.44,44,2500,2.272727272727273,AOMDV,AODV
50,50,22,2,3,180.224,0.44,44,2500,2.272727272727273,AOMDV,AODV
50,50,22,2,4,180.224,0.44,44,2500,2.272727272727273,AOMDV,AODV
50,50,22,2,5,180.224,0.44,44,2500,2.272727272727273,AOMDV,AODV
50,50,22,3,1,270.336,0.44,66,2500,2.272727272727273,AOMDV,AODV
50,50,22,3,2,270.336,0.44,66,2500,2.272727272727273,AOMDV,AODV
50,50,22,3,3,270.336,0.44,66,2500,2.272727272727273,AOMDV,AODV
50,50,22,3,4,270.336,0.44,66,2500,2.272727272727273,AOMDV,AODV
50,50,22,3,5,270.336,0.44,66,2500,2.272727272727273,AOMDV,AODV
50,50,22,4,1,360.448,0.44,88,2500,2.272727272727273,AOMDV,AODV
50,50,22,4,2,360.448,0.44,88,2500,2.272727272727273,DSDV,AODV
50,50,22,4,3,360.448,0.44,88,2500,2.272727272727273,AOMDV,AOMDV
50,50,22,4,4,360.448,0.44,88,2500,2.272727272727273,AOMDV,AODV
50,50,22,4,5,360.448,0.44,88,2500,2.272727272727273,AOMDV,AOMDV
50,50,22,5,1,450.56,0.44,110,2500,2.272727272727273,AOMDV,AODV
50,50,22,5,2,450.56,0.44,110,2500,2.272727272727273,AOMDV,AODV
50,50,22,5,3,450.56,0.44,110,2500,2.272727272727273,AOMDV,AOMDV
50,50,22,5,4,450.56,0.44,110,2500,2.272727272727273,AOMDV,AOMDV
50,50,22,5,5,450.56,0.44,110,2500,2.272727272727273,AOMDV,AODV
50,50,22,6,1,540.672,0.44,132,2500,2.272727272727273,AOMDV,AOMDV
50,50,22,6,2,540.672,0.44,132,2500,2.272727272727273,AODV,AODV
50,50,22,6,3,540.672,0.44,132,2500,2.272727272727273,AOMDV,AODV
50,50,22,6,4,540.672,0.44,132,2500,2.272727272727273,AOMDV,AOMDV
50,50,22,6,5,540.672,0.44,132,2500,2.272727272727273,DSDV,DSDV
50,50,22,8,1,720.896,0.44,176,2500,2.272727272727273,DSDV,AOMDV
50,50,22,8,2,720.896,0.44,176,2500,2.272727272727273,DSDV,DSDV
50,50,22,8,3,720.896,0.44,176,2500,2.272727272727273,DSDV,AODV
50,50,22,8,4,720.896,0.44,176,2500,2.272727272727273,DSDV,DSDV
50,50,22,8,5,720.896,0.44,176,2500,2.272727272727273,DSDV,DSDV
50,50,25,3,1,307.2,0.5,75,2500,2,AOMDV,AODV
50,50,25,3,2,307.2,0.5,75,2500,2,AOMDV,AOMDV
50,50,25,3,3,307.2,0.5,75,2500,2,AOMDV,AODV
50,50,25,3,4,307.2,0.5,75,2500,2,AOMDV,AODV
50,50,25,3,5,307.2,0.5,75,2500,2,AOMDV,AODV
50,50,25,5,1,512,0.5,125,2500,2,AOMDV,AOMDV
50,50,25,5,2,512,0.5,125,2500,2,DSDV,AODV
50,50,25,5,3,512,0.5,125,2500,2,AOMDV,AOMDV
50,50,25,5,4,512,0.5,125,2500,2,DSDV,AOMDV
50,50,25,5,5,512,0.5,125,2500,2,AOMDV,AOMDV
50,50,25,6,1,614.4,0.5,150,2500,2,DSDV,DSDV
50,50,25,6,2,614.4,0.5,150,2500,2,DSDV,AODV
50,50,25,6,3,614.4,0.5,150,2500,2,AOMDV,AOMDV
50,50,25,6,4,614.4,0.5,150,2500,2,DSDV,DSDV
50,50,25,6,5,614.4,0.5,150,2500,2,DSDV,DSDV
100,20,5,3,1,61.44,0.05,15,2000,4,AOMDV,AODV
100,20,5,3,2,61.44,0.05,15,2000,4,AOMDV,AODV
100,20,5,3,3,61.44,0.05,15,2000,4,AOMDV,AODV
100,20,5,3,4,61.44,0.05,15,2000,4,AOMDV,AODV
100,20,5,3,5,61.44,0.05,15,2000,4,DSDV,AODV
100,20,5,5,1,102.4,0.05,25,2000,4,AODV,AODV
100,20,5,5,2,102.4,0.05,25,2000,4,AOMDV,AODV
100,20,5,5,3,102.4,0.05,25,2000,4,AOMDV,AODV
100,20,5,5,4,102.4,0.05,25,2000,4,AOMDV,AODV
100,20,5,5,5,102.4,0.05,25,2000,4,AOMDV,AODV
100,20,5,6,1,122.88,0.05,30,2000,4,AOMDV,AODV
100,20,5,6,2,122.88,0.05,30,2000,4,AOMDV,AODV
100,20,5,6,3,122.88,0.05,30,2000,4,AOMDV,AODV
100,20,5,6,4,122.88,0.05,30,2000,4,AOMDV,AODV
100,20,5,6,5,122.88,0.05,30,2000,4,AOMDV,AODV
100,20,7,2,1,57.344,0.07,14,2000,2.857142857142857,AOMDV,AODV
100,20,7,2,2,57.344,0.07,14,2000,2.857142857142857,AOMDV,AODV
100,20,7,2,3,57.344,0.07,14,2000,2.857142857142857,AOMDV,AODV
100,20,7,2,4,57.344,0.07,14,2000,2.857142857142857,AODV,AODV
100,20,7,2,5,57.344,0.07,14,2000,2.857142857142857,AOMDV,AODV
100,20,7,3,1,86.016,0.07,21,2000,2.857142857142857,AODV,AODV
100,20,7,3,2,86.016,0.07,21,2000,2.857142857142857,AOMDV,AODV
100,20,7,3,3,86.016,0.07,21,2000,2.857142857142857,AODV,AODV
100,20,7,3,4,86.016,0.07,21,2000,2.857142857142857,AOMDV,AODV
100,20,7,3,5,86.016,0.07,21,2000,2.857142857142857,AOMDV,AODV
100,20,7,4,1,114.688,0.07,28,2000,2.857142857142857,AOMDV,AODV
100,20,7,4,2,114.688,0.07,28,2000,2.857142857142857,AOMDV,AODV
100,20,7,4,3,114.688,0.07,28,2000,2.857142857142857,AOMDV,AODV
100,20,7,4,4,114.688,0.07,28,2000,2.857142857142857,AOMDV,AODV
100,20,7,4,5,114.688,0.07,28,2000,2.857142857142857,AOMDV,AODV
100,20,7,5,1,143.36,0.07,35,2000,2.857142857142857,AOMDV,AODV
100,20,7,5,2,143.36,0.07,35,2000,2.857142857142857,AOMDV,AODV
100,20,7,5,3,143.36,0.07,35,2000,2.857142857142857,AOMDV,AODV
100,20,7,5,4,143.36,0.07,35,2000,2.857142857142857,AOMDV,AODV
100,20,7,5,5,143.36,0.07,35,2000,2.857142857142857,AOMDV,AODV
100,20,7,6,1,172.032,0.07,42,2000,2.857142857142857,AOMDV,AODV
100,20,7,6,2,172.032,0.07,42,2000,2.857142857142857,AODV,AODV
100,20,7,6,3,172.032,0.07,42,2000,2.857142857142857,AOMDV,AODV
100,20,7,6,4,172.032,0.07,42,2000,2.857142857142857,AOMDV,AODV
100,20,7,6,5,172.032,0.07,42,2000,2.857142857142857,AOMDV,AODV
100,20,7,8,1,229.376,0.07,56,2000,2.857142857142857,AOMDV,AODV
100,20,7,8,2,229.376,0.07,56,2000,2.857142857142857,AOMDV,AODV
100,20,7,8,3,229.376,0.07,56,2000,2.857142857142857,AOMDV,AODV
100,20,7,8,4,229.376,0.07,56,2000,2.857142857142857,AOMDV,AODV
100,20,7,8,5,229.376,0.07,56,2000,2.857142857142857,AOMDV,AODV
100,20,10,3,1,122.88,0.1,30,2000,2,AOMDV,AODV
100,20,10,3,2,122.88,0.1,30,2000,2,AOMDV,AODV
100,20,10,3,3,122.88,0.1,30,2000,2,AOMDV,AODV
100,20,10,3,4,122.88,0.1,30,2000,2,AOMDV,AODV
100,20,10,3,5,122.88,0.1,30,2000,2,AODV,AODV
100,20,10,5,1,204.8,0.1,50,2000,2,AOMDV,AODV
100,20,10,5,2,204.8,0.1,50,2000,2,AOMDV,AODV
100,20,10,5,3,204.8,0.1,50,2000,2,AOMDV,AODV
100,20,10,5,4,204.8,0.1,50,2000,2,AOMDV,AODV
100,20,10,5,5,204.8,0.1,50,2000,2,AOMDV,AODV
100,20,10,6,1,245.76,0.1,60,2000,2,AOMDV,AODV
100,20,10,6,2,245.76,0.1,60,2000,2,DSDV,AODV
100,20,10,6,3,245.76,0.1,60,2000,2,AOMDV,AODV
100,20,10,6,4,245.76,0.1,60,2000,2,AOMDV,AODV
100,20,10,6,5,245.76,0.1,60,2000,2,AOMDV,AODV
100,20,12,2,1,98.304,0.12,24,2000,1.6666666666666667,AOMDV,AODV
100,20,12,2,2,98.304,0.12,24,2000,1.6666666666666667,AOMDV,AODV
100,20,12,2,3,98.304,0.12,24,2000,1.6666666666666667,AOMDV,AODV
100,20,12,2,4,98.304,0.12,24,2000,1.6666666666666667,AOMDV,AODV
100,20,12,2,5,98.304,0.12,24,2000,1.6666666666666667,AOMDV,AODV
100,20,12,3,1,147.456,0.12,36,2000,1.6666666666666667,AOMDV,AODV
100,20,12,3,2,147.456,0.12,36,2000,1.6666666666666667,AOMDV,AODV
100,20,12,3,3,147.456,0.12,36,2000,1.6666666666666667,AOMDV,AODV
100,20,12,3,4,147.456,0.12,36,2000,1.6666666666666667,AOMDV,AODV
100,20,12,3,5,147.456,0.12,36,2000,1.6666666666666667,AOMDV,AODV
100,20,12,4,1,196.608,0.12,48,2000,1.6666666666666667,AOMDV,AODV
100,20,12,4,2,196.608,0.12,48,2000,1.6666666666666667,AOMDV,AODV
100,20,12,4,3,196.608,0.12,48,2000,1.6666666666666667,AOMDV,AODV
100,20,12,4,4,196.608,0.12,48,2000,1.6666666666666667,AOMDV,AODV
100,20,12,4,5,196.608,0.12,48,2000,1.6666666666666667,AOMDV,AODV
100,20,12,5,1,245.76,0.12,60,2000,1.6666666666666667,DSDV,AODV
100,20,12,5,2,245.76,0.12,60,2000,1.6666666666666667,DSDV,AODV
100,20,12,5,3,245.76,0.12,60,2000,1.6666666666666667,AOMDV,AODV
100,20,12,5,4,245.76,0.12,60,2000,1.6666666666666667,AOMDV,AODV
100,20,12,5,5,245.76,0.12,60,2000,1.6666666666666667,AOMDV,AODV
100,20,12,6,1,294.912,0.12,72,2000,1.6666666666666667,AOMDV,AODV
100,20,12,6,2,294.912,0.12,72,2000,1.6666666666666667,AOMDV,AODV
100,20,12,6,3,294.912,0.12,72,2000,1.6666666666666667,AOMDV,AOMDV
100,20,12,6,4,294.912,0.12,72,2000,1.6666666666666667,AOMDV,AOMDV
100,20,12,6,5,294.912,0.12,72,2000,1.6666666666666667,AOMDV,AOMDV
100,20,12,8,1,393.216,0.12,96,2000,1.6666666666666667,AODV,AODV
100,20,12,8,2,393.216,0.12,96,2000,1.6666666666666667,AOMDV,AOMDV
100,20,12,8,3,393.216,0.12,96,2000,1.6666666666666667,AOMDV,AOMDV
100,20,12,8,4,393.216,0.12,96,2000,1.6666666666666667,AODV,AOMDV
100,20,12,8,5,393.216,0.12,96,2000,1.6666666666666667,AOMDV,AOMDV
100,20,15,3,1,184.32,0.15,45,2000,1.3333333333333333,AOMDV,AODV
100,20,15,3,2,184.32,0.15,45,2000,1.3333333333333333,AOMDV,AODV
100,20,15,3,3,184.32,0.15,45,2000,1.3333333333333333,AOMDV,AODV
100,20,15,3,4,184.32,0.15,45,2000,1.3333333333333333,AOMDV,AODV
100,20,15,3,5,184.32,0.15,45,2000,1.3333333333333333,AOMDV,AODV
100,20,15,5,1,307.2,0.15,75,2000,1.3333333333333333,AOMDV,AOMDV
100,20,15,5,2,307.2,0.15,75,2000,1.3333333333333333,DSDV,AODV
100,20,15,5,3,307.2,0.15,75,2000,1.3333333333333333,AOMDV,AODV
100,20,15,5,4,307.2,0.15,75,2000,1.3333333333333333,AOMDV,AOMDV
100,20,15,5,5,307.2,0.15,75,2000,1.3333333333333333,AOMDV,AOMDV
100,20,15,6,1,368.64,0.15,90,2000,1.3333333333333333,AOMDV,AOMDV
100,20,15,6,2,368.64,0.15,90,2000,1.3333333333333333,DSDV,AOMDV
100,20,15,6,3,368.64,0.15,90,2000,1.3333333333333333,AOMDV,AOMDV
100,20,15,6,4,368.64,0.15,90,2000,1.3333333333333333,DSDV,AOMDV
100,20,15,6,5,368.64,0.15,90,2000,1.3333333333333333,AOMDV,AOMDV
100,20,18,2,1,147.456,0.18,36,2000,1.1111111111111112,AOMDV,AODV
100,20,18,2,2,147.456,0.18,36,2000,1.1111111111111112,AOMDV,AODV
100,20,18,2,3,147.456,0.18,36,2000,1.1111111111111112,AODV,AODV
100,20,18,2,4,147.456,0.18,36,2000,1.1111111111111112,AOMDV,AODV
100,20,18,2,5,147.456,0.18,36,2000,1.1111111111111112,AOMDV,AODV
100,20,18,3,1,221.184,0.18,54,2000,1.1111111111111112,AOMDV,AODV
100,20,18,3,2,221.184,0.18,54,2000,1.1111111111111112,AOMDV,AODV
100,20,18,3,3,221.184,0.18,54,2000,1.1111111111111112,AOMDV,AODV
100,20,18,3,4,221.184,0.18,54,2000,1.1111111111111112,AOMDV,AODV
100,20,18,3,5,221.184,0.18,54,2000,1.1111111111111112,AOMDV,AODV
100,20,18,4,1,294.912,0.18,72,2000,1.1111111111111112,AOMDV,AODV
100,20,18,4,2,294.912,0.18,72,2000,1.1111111111111112,AOMDV,AODV
100,20,18,4,3,294.912,0.18,72,2000,1.1111111111111112,AOMDV,AOMDV
100,20,18,4,4,294.912,0.18,72,2000,1.1111111111111112,AOMDV,AOMDV
100,20,18,4,5,294.912,0.18,72,2000,1.1111111111111112,AOMDV,AODV
100,20,18,5,1,368.64,0.18,90,2000,1.1111111111111112,DSDV,AOMDV
100,20,18,5,2,368.64,0.18,90,2000,1.1111111111111112,DSDV,AOMDV
100,20,18,5,3,368.64,0.18,90,2000,1.1111111111111112,AOMDV,AOMDV
100,20,18,5,4,368.64,0.18,90,2000,1.1111111111111112,DSDV,AOMDV
100,20,18,5,5,368.64,0.18,90,2000,1.1111111111111112,AOMDV,AOMDV
100,20,18,6,1,442.368,0.18,108,2000,1.1111111111111112,DSDV,DSDV
100,20,18,6,2,442.368,0.18,108,2000,1.1111111111111112,DSDV,AOMDV
100,20,18,6,3,442.368,0.18,108,2000,1.1111111111111112,AOMDV,AOMDV
100,20,18,6,4,442.368,0.18,108,2000,1.1111111111111112,DSDV,AODV
100,20,18,6,5,442.368,0.18,108,2000,1.1111111111111112,DSDV,DSDV
100,20,18,8,1,589.824,0.18,144,2000,1.1111111111111112,DSDV,DSDV
100,20,18,8,2,589.824,0.18,144,2000,1.1111111111111112,DSDV,DSDV
100,20,18,8,3,589.824,0.18,144,2000,1.1111111111111112,DSDV,DSDV
100,20,18,8,4,589.824,0.18,144,2000,1.1111111111111112,DSDV,DSDV
100,20,18,8,5,589.824,0.18,144,2000,1.1111111111111112,DSDV,DSDV
100,20,20,3,1,245.76,0.2,60,2000,1,AOMDV,AODV
100,20,20,3,2,245.76,0.2,60,2000,1,AOMDV,AODV
100,20,20,3,3,245.76,0.2,60,2000,1,AOMDV,AODV
100,20,20,3,4,245.76,0.2,60,2000,1,AOMDV,AOMDV
100,20,20,3,5,245.76,0.2,60,2000,1,AOMDV,AODV
100,20,20,5,1,409.6,0.2,100,2000,1,DSDV,DSDV
100,20,20,5,2,409.6,0.2,100,2000,1,DSDV,AOMDV
100,20,20,5,3,409.6,0.2,100,2000,1,DSDV,AOMDV
100,20,20,5,4,409.6,0.2,100,2000,1,DSDV,DSDV
100,20,20,5,5,409.6,0.2,100,2000,1,AOMDV,AOMDV
100,20,20,6,1,491.52,0.2,120,2000,1,DSDV,DSDV
100,20,20,6,2,491.52,0.2,120,2000,1,DSDV,DSDV
100,20,20,6,3,491.52,0.2,120,2000,1,DSDV,AOMDV
100,20,20,6,4,491.52,0.2,120,2000,1,DSDV,DSDV
100,20,20,6,5,491.52,0.2,120,2000,1,DSDV,DSDV
100,20,22,2,1,180.224,0.22,44,2000,0.9090909090909091,AOMDV,AODV
100,20,22,2,2,180.224,0.22,44,2000,0.9090909090909091,AOMDV,AODV
100,20,22,2,3,180.224,0.22,44,2000,0.9090909090909091,AOMDV,AODV
100,20,22,2,4,180.224,0.22,44,2000,0.9090909090909091,AOMDV,AODV
100,20,22,2,5,180.224,0.22,44,2000,0.9090909090909091,AOMDV,AODV
100,20,22,3,1,270.336,0.22,66,2000,0.9090909090909091,AOMDV,AOMDV
100,20,22,3,2,270.336,0.22,66,2000,0.9090909090909091,AOMDV,AOMDV
100,20,22,3,3,270.336,0.22,66,2000,0.9090909090909091,AOMDV,AODV
100,20,22,3,4,270.336,0.22,66,2000,0.9090909090909091,AOMDV,AOMDV
100,20,22,3,5,270.336,0.22,66,2000,0.9090909090909091,AOMDV,AODV
100,20,22,4,1,360.448,0.22,88,2000,0.9090909090909091,DSDV,DSDV
100,20,22,4,2,360.448,0.22,88,2000,0.9090909090909091,DSDV,AOMDV
100,20,22,4,3,360.448,0.22,88,2000,0.9090909090909091,AOMDV,AOMDV
100,20,22,4,4,360.448,0.22,88,2000,0.9090909090909091,DSDV,DSDV
100,20,22,4,5,360.448,0.22,88,2000,0.9090909090909091,DSDV,AOMDV
100,20,22,5,1,450.56,0.22,110,2000,0.9090909090909091,DSDV,DSDV
100,20,22,5,2,450.56,0.22,110,2000,0.9090909090909091,DSDV,DSDV
100,20,22,5,3,450.56,0.22,110,2000,0.9090909090909091,DSDV,AOMDV
100,20,22,5,4,450.56,0.22,110,2000,0.9090909090909091,DSDV,DSDV
100,20,22,5,5,450.56,0.22,110,2000,0.9090909090909091,DSDV,DSDV
100,20,22,6,1,540.672,0.22,132,2000,0.9090909090909091,DSDV,DSDV
100,20,22,6,2,540.672,0.22,132,2000,0.9090909090909091,DSDV,DSDV
100,20,22,6,3,540.672,0.22,132,2000,0.9090909090909091,DSDV,DSDV
100,20,22,6,4,540.672,0.22,132,2000,0.9090909090909091,DSDV,DSDV
100,20,22,6,5,540.672,0.22,132,2000,0.9090909090909091,DSDV,DSDV
100,20,22,8,1,720.896,0.22,176,2000,0.9090909090909091,DSDV,DSDV
100,20,22,8,2,720.896,0.22,176,2000,0.9090909090909091,DSDV,DSDV
100,20,22,8,3,720.896,0.22,176,2000,0.9090909090909091,DSDV,DSDV
100,20,22,8,4,720.896,0.22,176,2000,0.9090909090909091,DSDV,DSDV
100,20,22,8,5,720.896,0.22,176,2000,0.9090909090909091,DSDV,DSDV
100,20,25,3,1,307.2,0.25,75,2000,0.8,DSDV,DSDV
100,20,25,3,2,307.2,0.25,75,2000,0.8,AOMDV,AOMDV
100,20,25,3,3,307.2,0.25,75,2000,0.8,AOMDV,AOMDV
100,20,25,3,4,307.2,0.25,75,2000,0.8,DSDV,AOMDV
100,20,25,3,5,307.2,0.25,75,2000,0.8,AOMDV,AOMDV
100,20,25,5,1,512,0.25,125,2000,0.8,DSDV,DSDV
100,20,25,5,2,512,0.25,125,2000,0.8,DSDV,DSDV
100,20,25,5,3,512,0.25,125,2000,0.8,DSDV,DSDV
100,20,25,5,4,512,0.25,125,2000,0.8,DSDV,DSDV
100,20,25,5,5,512,0.25,125,2000,0.8,DSDV,DSDV
100,20,25,6,1,614.4,0.25,150,2000,0.8,DSDV,DSDV
100,20,25,6,2,614.4,0.25,150,2000,0.8,DSDV,DSDV
100,20,25,6,3,614.4,0.25,150,2000,0.8,DSDV,DSDV
100,20,25,6,4,614.4,0.25,150,2000,0.8,DSDV,DSDV
100,20,25,6,5,614.4,0.25,150,2000,0.8,DSDV,DSDV
100,30,5,3,1,61.44,0.05,15,3000,6,AOMDV,AODV
100,30,5,3,2,61.44,0.05,15,3000,6,AODV,AODV
100,30,5,3,3,61.44,0.05,15,3000,6,AOMDV,AODV
100,30,5,3,4,61.44,0.05,15,3000,6,AOMDV,AODV
100,30,5,3,5,61.44,0.05,15,3000,6,AODV,AODV
100,30,5,5,1,102.4,0.05,25,3000,6,AODV,AODV
100,30,5,5,2,102.4,0.05,25,3000,6,AODV,AODV
100,30,5,5,3,102.4,0.05,25,3000,6,AODV,AODV
100,30,5,5,4,102.4,0.05,25,3000,6,AODV,AODV
100,30,5,5,5,102.4,0.05,25,3000,6,AODV,AODV
100,30,5,6,1,122.88,0.05,30,3000,6,AODV,AODV
100,30,5,6,2,122.88,0.05,30,3000,6,AOMDV,AODV
100,30,5,6,3,122.88,0.05,30,3000,6,AODV,AODV
100,30,5,6,4,122.88,0.05,30,3000,6,AODV,AODV
100,30,5,6,5,122.88,0.05,30,3000,6,AOMDV,AODV
100,30,7,2,1,57.344,0.07,14,3000,4.285714285714286,AOMDV,AODV
100,30,7,2,2,57.344,0.07,14,3000,4.285714285714286,AODV,AODV
100,30,7,2,3,57.344,0.07,14,3000,4.285714285714286,AOMDV,AODV
100,30,7,2,4,57.344,0.07,14,3000,4.285714285714286,AOMDV,AODV
100,30,7,2,5,57.344,0.07,14,3000,4.285714285714286,AODV,AODV
100,30,7,3,1,86.016,0.07,21,3000,4.285714285714286,AODV,AODV
100,30,7,3,2,86.016,0.07,21,3000,4.285714285714286,AOMDV,AODV
100,30,7,3,3,86.016,0.07,21,3000,4.285714285714286,AODV,AODV
100,30,7,3,4,86.016,0.07,21,3000,4.285714285714286,AOMDV,AODV
100,30,7,3,5,86.016,0.07,21,3000,4.285714285714286,AOMDV,AODV
100,30,7,4,1,114.688,0.07,28,3000,4.285714285714286,AOMDV,AODV
100,30,7,4,2,114.688,0.07,28,3000,4.285714285714286,AODV,AODV
100,30,7,4,3,114.688,0.07,28,3000,4.285714285714286,AOMDV,AODV
100,30,7,4,4,114.688,0.07,28,3000,4.285714285714286,AOMDV,AODV
100,30,7,4,5,114.688,0.07,28,3000,4.285714285714286,AODV,AODV
100,30,7,5,1,143.36,0.07,35,3000,4.285714285714286,AOMDV,AODV
100,30,7,5,2,143.36,0.07,35,3000,4.285714285714286,AOMDV,AODV
100,30,7,5,3,143.36,0.07,35,3000,4.285714285714286,AOMDV,AODV
100,30,7,5,4,143.36,0.07,35,3000,4.285714285714286,AODV,AODV
100,30,7,5,5,143.36,0.07,35,3000,4.285714285714286,AOMDV,AODV
100,30,7,6,1,172.032,0.07,42,3000,4.285714285714286,AODV,AODV
100,30,7,6,2,172.032,0.07,42,3000,4.285714285714286,AOMDV,AODV
100,30,7,6,3,172.032,0.07,42,3000,4.285714285714286,AOMDV,AODV
100,30,7,6,4,172.032,0.07,42,3000,4.285714285714286,AOMDV,AODV
100,30,7,6,5,172.032,0.07,42,3000,4.285714285714286,AOMDV,AODV
100,30,7,8,1,229.376,0.07,56,3000,4.285714285714286,DSDV,AODV
100,30,7,8,2,229.376,0.07,56,3000,4.285714285714286,DSDV,AODV
100,30,7,8,3,229.376,0.07,56,3000,4.285714285714286,AOMDV,AODV
100,30,7,8,4,229.376,0.07,56,3000,4.285714285714286,AOMDV,AODV
100,30,7,8,5,229.376,0.07,56,3000,4.285714285714286,AOMDV,AODV
100,30,10,3,1,122.88,0.1,30,3000,3,AOMDV,AODV
100,30,10,3,2,122.88,0.1,30,3000,3,AOMDV,AODV
100,30,10,3,3,122.88,0.1,30,3000,3,AOMDV,AODV
100,30,10,3,4,122.88,0.1,30,3000,3,AOMDV,AODV
100,30,10,3,5,122.88,0.1,30,3000,3,AOMDV,AODV
100,30,10,5,1,204.8,0.1,50,3000,3,AOMDV,AODV
100,30,10,5,2,204.8,0.1,50,3000,3,AOMDV,AODV
100,30,10,5,3,204.8,0.1,50,3000,3,AOMDV,AODV
100,30,10,5,4,204.8,0.1,50,3000,3,AODV,AODV
100,30,10,5,5,204.8,0.1,50,3000,3,AOMDV,AODV
100,30,10,6,1,245.76,0.1,60,3000,3,AOMDV,AODV
100,30,10,6,2,245.76,0.1,60,3000,3,AOMDV,AODV
100,30,10,6,3,245.76,0.1,60,3000,3,AOMDV,AODV
100,30,10,6,4,245.76,0.1,60,3000,3,AODV,AODV
100,30,10,6,5,245.76,0.1,60,3000,3,AOMDV,AODV
100,30,12,2,1,98.304,0.12,24,3000,2.5,AODV,AODV
100,30,12,2,2,98.304,0.12,24,3000,2.5,AOMDV,AODV
100,30,12,2,3,98.304,0.12,24,3000,2.5,AOMDV,AODV
100,30,12,2,4,98.304,0.12,24,3000,2.5,AOMDV,AODV
100,30,12,2,5,98.304,0.12,24,3000,2.5,AOMDV,AODV
100,30,12,3,1,147.456,0.12,36,3000,2.5,AOMDV,AODV
100,30,12,3,2,147.456,0.12,36,3000,2.5,AOMDV,AODV
100,30,12,3,3,147.456,0.12,36,3000,2.5,AODV,AODV
100,30,12,3,4,147.456,0.12,36,3000,2.5,DSDV,AODV
100,30,12,3,5,147.456,0.12,36,3000,2.5,AOMDV,AODV
100,30,12,4,1,196.608,0.12,48,3000,2.5,AOMDV,AODV
100,30,12,4,2,196.608,0.12,48,3000,2.5,AOMDV,AODV
100,30,12,4,3,196.608,0.12,48,3000,2.5,AOMDV,AODV
100,30,12,4,4,196.608,0.12,48,3000,2.5,AODV,AODV
100,30,12,4,5,196.608,0.12,48,3000,2.5,AOMDV,AODV
100,30,12,5,1,245.76,0.12,60,3000,2.5,AOMDV,AODV
100,30,12,5,2,245.76,0.12,60,3000,2.5,AOMDV,AODV
100,30,12,5,3,245.76,0.12,60,3000,2.5,AOMDV,AODV
100,30,12,5,4,245.76,0.12,60,3000,2.5,AOMDV,AODV
100,30,12,5,5,245.76,0.12,60,3000,2.5,AOMDV,AODV
100,30,12,6,1,294.912,0.12,72,3000,2.5,DSDV,AODV
100,30,12,6,2,294.912,0.12,72,3000,2.5,AOMDV,AODV
100,30,12,6,3,294.912,0.12,72,3000,2.5,AOMDV,AODV
100,30,12,6,4,294.912,0.12,72,3000,2.5,AOMDV,AOMDV
100,30,12,6,5,294.912,0.12,72,3000,2.5,AOMDV,AOMDV
100,30,12,8,1,393.216,0.12,96,3000,2.5,AODV,AODV
100,30,12,8,2,393.216,0.12,96,3000,2.5,AODV,AOMDV
100,30,12,8,3,393.216,0.12,96,3000,2.5,AOMDV,AOMDV
100,30,12,8,4,393.216,0.12,96,3000,2.5,AOMDV,AOMDV
100,30,12,8,5,393.216,0.12,96,3000,2.5,AOMDV,AOMDV
100,30,15,3,1,184.32,0.15,45,3000,2,AOMDV,AODV
100,30,15,3,2,184.32,0.15,45,3000,2,AOMDV,AODV
100,30,15,3,3,184.32,0.15,45,3000,2,AOMDV,AODV
100,30,15,3,4,184.32,0.15,45,3000,2,AOMDV,AODV
100,30,15,3,5,184.32,0.15,45,3000,2,AODV,AODV
100,30,15,5,1,307.2,0.15,75,3000,2,AODV,AODV
100,30,15,5,2,307.2,0.15,75,3000,2,AOMDV,AOMDV
100,30,15,5,3,307.2,0.15,75,3000,2,AOMDV,AODV
100,30,15,5,4,307.2,0.15,75,3000,2,AOMDV,AOMDV
100,30,15,5,5,307.2,0.15,75,3000,2,AOMDV,AOMDV
100,30,15,6,1,368.64,0.15,90,3000,2,AODV,AODV
100,30,15,6,2,368.64,0.15,90,3000,2,AOMDV,AOMDV
100,30,15,6,3,368.64,0.15,90,3000,2,AOMDV,AOMDV
100,30,15,6,4,368.64,0.15,90,3000,2,AOMDV,AOMDV
100,30,15,6,5,368.64,0.15,90,3000,2,AODV,AODV
100,30,18,2,1,147.456,0.18,36,3000,1.6666666666666667,AOMDV,AODV
100,30,18,2,2,147.456,0.18,36,3000,1.6666666666666667,AODV,AODV
100,30,18,2,3,147.456,0.18,36,3000,1.6666666666666667,AOMDV,AODV
100,30,18,2,4,147.456,0.18,36,3000,1.6666666666666667,AOMDV,AODV
100,30,18,2,5,147.456,0.18,36,3000,1.6666666666666667,AODV,AODV
100,30,18,3,1,221.184,0.18,54,3000,1.6666666666666667,AOMDV,AODV
100,30,18,3,2,221.184,0.18,54,3000,1.6666666666666667,AOMDV,AODV
100,30,18,3,3,221.184,0.18,54,3000,1.6666666666666667,AOMDV,AODV
100,30,18,3,4,221.184,0.18,54,3000,1.6666666666666667,AOMDV,AODV
100,30,18,3,5,221.184,0.18,54,3000,1.6666666666666667,AODV,AODV
100,30,18,4,1,294.912,0.18,72,3000,1.6666666666666667,AOMDV,AOMDV
100,30,18,4,2,294.912,0.18,72,3000,1.6666666666666667,AOMDV,AODV
100,30,18,4,3,294.912,0.18,72,3000,1.6666666666666667,AOMDV,AODV
100,30,18,4,4,294.912,0.18,72,3000,1.6666666666666667,AOMDV,AOMDV
100,30,18,4,5,294.912,0.18,72,3000,1.6666666666666667,AOMDV,AODV
100,30,18,5,1,368.64,0.18,90,3000,1.6666666666666667,AOMDV,AODV
100,30,18,5,2,368.64,0.18,90,3000,1.6666666666666667,AOMDV,AOMDV
100,30,18,5,3,368.64,0.18,90,3000,1.6666666666666667,AOMDV,AOMDV
100,30,18,5,4,368.64,0.18,90,3000,1.6666666666666667,AOMDV,AOMDV
100,30,18,5,5,368.64,0.18,90,3000,1.6666666666666667,AOMDV,AOMDV
100,30,18,6,1,442.368,0.18,108,3000,1.6666666666666667,DSDV,AOMDV
100,30,18,6,2,442.368,0.18,108,3000,1.6666666666666667,AOMDV,AODV
100,30,18,6,3,442.368,0.18,108,3000,1.6666666666666667,DSDV,AOMDV
100,30,18,6,4,442.368,0.18,108,3000,1.6666666666666667,AOMDV,AOMDV
100,30,18,6,5,442.368,0.18,108,3000,1.6666666666666667,DSDV,AOMDV
100,30,18,8,1,589.824,0.18,144,3000,1.6666666666666667,DSDV,DSDV
100,30,18,8,2,589.824,0.18,144,3000,1.6666666666666667,DSDV,DSDV
100,30,18,8,3,589.824,0.18,144,3000,1.6666666666666667,AODV,AODV
100,30,18,8,4,589.824,0.18,144,3000,1.6666666666666667,DSDV,DSDV
100,30,18,8,5,589.824,0.18,144,3000,1.6666666666666667,DSDV,DSDV
100,30,20,3,1,245.76,0.2,60,3000,1.5,AOMDV,AODV
100,30,20,3,2,245.76,0.2,60,3000,1.5,AOMDV,AODV
100,30,20,3,3,245.76,0.2,60,3000,1.5,AOMDV,AODV
100,30,20,3,4,245.76,0.2,60,3000,1.5,AOMDV,AOMDV
100,30,20,3,5,245.76,0.2,60,3000,1.5,AOMDV,AODV
100,30,20,5,1,409.6,0.2,100,3000,1.5,DSDV,DSDV
100,30,20,5,2,409.6,0.2,100,3000,1.5,AOMDV,AOMDV
100,30,20,5,3,409.6,0.2,100,3000,1.5,AOMDV,AOMDV
100,30,20,5,4,409.6,0.2,100,3000,1.5,AOMDV,AOMDV
100,30,20,5,5,409.6,0.2,100,3000,1.5,AOMDV,AOMDV
100,30,20,6,1,491.52,0.2,120,3000,1.5,DSDV,DSDV
100,30,20,6,2,491.52,0.2,120,3000,1.5,DSDV,AOMDV
100,30,20,6,3,491.52,0.2,120,3000,1.5,DSDV,AOMDV
100,30,20,6,4,491.52,0.2,120,3000,1.5,DSDV,DSDV
100,30,20,6,5,491.52,0.2,120,3000,1.5,AOMDV,AOMDV
100,30,22,2,1,180.224,0.22,44,3000,1.3636363636363635,AOMDV,AODV
100,30,22,2,2,180.224,0.22,44,3000,1.3636363636363635,AODV,AODV
100,30,22,2,3,180.224,0.22,44,3000,1.3636363636363635,AOMDV,AODV
100,30,22,2,4,180.224,0.22,44,3000,1.3636363636363635,AOMDV,AODV
100,30,22,2,5,180.224,0.22,44,3000,1.3636363636363635,AOMDV,AODV
100,30,22,3,1,270.336,0.22,66,3000,1.3636363636363635,AOMDV,AOMDV
100,30,22,3,2,270.336,0.22,66,3000,1.3636363636363635,AOMDV,AODV
100,30,22,3,3,270.336,0.22,66,3000,1.3636363636363635,AOMDV,AODV
100,30,22,3,4,270.336,0.22,66,3000,1.3636363636363635,AOMDV,AOMDV
100,30,22,3,5,270.336,0.22,66,3000,1.3636363636363635,AOMDV,AODV
100,30,22,4,1,360.448,0.22,88,3000,1.3636363636363635,AOMDV,AOMDV
100,30,22,4,2,360.448,0.22,88,3000,1.3636363636363635,AOMDV,AODV
100,30,22,4,3,360.448,0.22,88,3000,1.3636363636363635,AOMDV,AOMDV
100,30,22,4,4,360.448,0.22,88,3000,1.3636363636363635,AOMDV,AOMDV
100,30,22,4,5,360.448,0.22,88,3000,1.3636363636363635,AOMDV,AOMDV
100,30,22,5,1,450.56,0.22,110,3000,1.3636363636363635,DSDV,DSDV
100,30,22,5,2,450.56,0.22,110,3000,1.3636363636363635,AODV,AODV
100,30,22,5,3,450.56,0.22,110,3000,1.3636363636363635,DSDV,DSDV
100,30,22,5,4,450.56,0.22,110,3000,1.3636363636363635,DSDV,AOMDV
100,30,22,5,5,450.56,0.22,110,3000,1.3636363636363635,DSDV,DSDV
100,30,22,6,1,540.672,0.22,132,3000,1.3636363636363635,DSDV,DSDV
100,30,22,6,2,540.672,0.22,132,3000,1.3636363636363635,DSDV,DSDV
100,30,22,6,3,540.672,0.22,132,3000,1.3636363636363635,DSDV,DSDV
100,30,22,6,4,540.672,0.22,132,3000,1.3636363636363635,DSDV,AOMDV
100,30,22,6,5,540.672,0.22,132,3000,1.3636363636363635,DSDV,AOMDV
100,30,22,8,1,720.896,0.22,176,3000,1.3636363636363635,DSDV,DSDV
100,30,22,8,2,720.896,0.22,176,3000,1.3636363636363635,DSDV,DSDV
100,30,22,8,3,720.896,0.22,176,3000,1.3636363636363635,DSDV,DSDV
100,30,22,8,4,720.896,0.22,176,3000,1.3636363636363635,DSDV,DSDV
100,30,22,8,5,720.896,0.22,176,3000,1.3636363636363635,DSDV,DSDV
100,30,25,3,1,307.2,0.25,75,3000,1.2,AOMDV,AODV
100,30,25,3,2,307.2,0.25,75,3000,1.2,AOMDV,AODV
100,30,25,3,3,307.2,0.25,75,3000,1.2,AOMDV,AOMDV
100,30,25,3,4,307.2,0.25,75,3000,1.2,AOMDV,AOMDV
100,30,25,3,5,307.2,0.25,75,3000,1.2,AOMDV,AOMDV
100,30,25,5,1,512,0.25,125,3000,1.2,DSDV,DSDV
100,30,25,5,2,512,0.25,125,3000,1.2,DSDV,DSDV
100,30,25,5,3,512,0.25,125,3000,1.2,DSDV,DSDV
100,30,25,5,4,512,0.25,125,3000,1.2,DSDV,DSDV
100,30,25,5,5,512,0.25,125,3000,1.2,DSDV,DSDV
100,30,25,6,1,614.4,0.25,150,3000,1.2,DSDV,DSDV
100,30,25,6,2,614.4,0.25,150,3000,1.2,DSDV,DSDV
100,30,25,6,3,614.4,0.25,150,3000,1.2,DSDV,DSDV
100,30,25,6,4,614.4,0.25,150,3000,1.2,DSDV,DSDV
100,30,25,6,5,614.4,0.25,150,3000,1.2,DSDV,DSDV
100,40,5,3,1,61.44,0.05,15,4000,8,AODV,AODV
100,40,5,3,2,61.44,0.05,15,4000,8,AODV,AODV
100,40,5,3,3,61.44,0.05,15,4000,8,AODV,AODV
100,40,5,3,4,61.44,0.05,15,4000,8,AOMDV,AODV
100,40,5,3,5,61.44,0.05,15,4000,8,AODV,AODV
100,40,5,5,1,102.4,0.05,25,4000,8,AODV,AODV
100,40,5,5,2,102.4,0.05,25,4000,8,AOMDV,AODV
100,40,5,5,3,102.4,0.05,25,4000,8,AODV,AODV
100,40,5,5,4,102.4,0.05,25,4000,8,AODV,AODV
100,40,5,5,5,102.4,0.05,25,4000,8,AOMDV,AODV
100,40,5,6,1,122.88,0.05,30,4000,8,AOMDV,AODV
100,40,5,6,2,122.88,0.05,30,4000,8,AOMDV,AODV
100,40,5,6,3,122.88,0.05,30,4000,8,AODV,AODV
100,40,5,6,4,122.88,0.05,30,4000,8,AODV,AODV
100,40,5,6,5,122.88,0.05,30,4000,8,AOMDV,AODV
100,40,7,2,1,57.344,0.07,14,4000,5.714285714285714,AODV,AODV
100,40,7,2,2,57.344,0.07,14,4000,5.714285714285714,AOMDV,AODV
100,40,7,2,3,57.344,0.07,14,4000,5.714285714285714,AODV,AODV
100,40,7,2,4,57.344,0.07,14,4000,5.714285714285714,AODV,AODV
100,40,7,2,5,57.344,0.07,14,4000,5.714285714285714,AODV,AODV
100,40,7,3,1,86.016,0.07,21,4000,5.714285714285714,AODV,AODV
100,40,7,3,2,86.016,0.07,21,4000,5.714285714285714,DSDV,AODV
100,40,7,3,3,86.016,0.07,21,4000,5.714285714285714,AODV,AODV
100,40,7,3,4,86.016,0.07,21,4000,5.714285714285714,AODV,AODV
100,40,7,3,5,86.016,0.07,21,4000,5.714285714285714,AOMDV,AODV
100,40,7,4,1,114.688,0.07,28,4000,5.714285714285714,AODV,AODV
100,40,7,4,2,114.688,0.07,28,4000,5.714285714285714,AODV,AODV
100,40,7,4,3,114.688,0.07,28,4000,5.714285714285714,AODV,AODV
100,40,7,4,4,114.688,0.07,28,4000,5.714285714285714,AODV,AODV
100,40,7,4,5,114.688,0.07,28,4000,5.714285714285714,AOMDV,AODV
100,40,7,5,1,143.36,0.07,35,4000,5.714285714285714,AOMDV,AODV
100,40,7,5,2,143.36,0.07,35,4000,5.714285714285714,AODV,AODV
100,40,7,5,3,143.36,0.07,35,4000,5.714285714285714,AODV,AODV
100,40,7,5,4,143.36,0.07,35,4000,5.714285714285714,AODV,AODV
100,40,7,5,5,143.36,0.07,35,4000,5.714285714285714,AOMDV,AODV
100,40,7,6,1,172.032,0.07,42,4000,5.714285714285714,AODV,AODV
100,40,7,6,2,172.032,0.07,42,4000,5.714285714285714,DSDV,AODV
100,40,7,6,3,172.032,0.07,42,4000,5.714285714285714,AODV,AODV
100,40,7,6,4,172.032,0.07,42,4000,5.714285714285714,AODV,AODV
100,40,7,6,5,172.032,0.07,42,4000,5.714285714285714,AOMDV,AODV
100,40,7,8,1,229.376,0.07,56,4000,5.714285714285714,AOMDV,AODV
100,40,7,8,2,229.376,0.07,56,4000,5.714285714285714,AODV,AODV
100,40,7,8,3,229.376,0.07,56,4000,5.714285714285714,AODV,AODV
100,40,7,8,4,229.376,0.07,56,4000,5.714285714285714,AOMDV,AODV
100,40,7,8,5,229.376,0.07,56,4000,5.714285714285714,AOMDV,AODV
100,40,10,3,1,122.88,0.1,30,4000,4,AODV,AODV
100,40,10,3,2,122.88,0.1,30,4000,4,AODV,AODV
100,40,10,3,3,122.88,0.1,30,4000,4,AODV,AODV
100,40,10,3,4,122.88,0.1,30,4000,4,AODV,AODV
100,40,10,3,5,122.88,0.1,30,4000,4,AODV,AODV
100,40,10,5,1,204.8,0.1,50,4000,4,AOMDV,AODV
100,40,10,5,2,204.8,0.1,50,4000,4,AODV,AODV
100,40,10,5,3,204.8,0.1,50,4000,4,AODV,AODV
100,40,10,5,4,204.8,0.1,50,4000,4,AODV,AODV
100,40,10,5,5,204.8,0.1,50,4000,4,AOMDV,AODV
100,40,10,6,1,245.76,0.1,60,4000,4,AOMDV,AODV
100,40,10,6,2,245.76,0.1,60,4000,4,AOMDV,AODV
100,40,10,6,3,245.76,0.1,60,4000,4,AOMDV,AODV
100,40,10,6,4,245.76,0.1,60,4000,4,AOMDV,AODV
100,40,10,6,5,245.76,0.1,60,4000,4,AOMDV,AODV
100,40,12,2,1,98.304,0.12,24,4000,3.3333333333333335,AODV,AODV
100,40,12,2,2,98.304,0.12,24,4000,3.3333333333333335,AODV,AODV
100,40,12,2,3,98.304,0.12,24,4000,3.3333333333333335,AODV,AODV
100,40,12,2,4,98.304,0.12,24,4000,3.3333333333333335,AODV,AODV
100,40,12,2,5,98.304,0.12,24,4000,3.3333333333333335,AOMDV,AODV
100,40,12,3,1,147.456,0.12,36,4000,3.3333333333333335,AOMDV,AODV
100,40,12,3,2,147.456,0.12,36,4000,3.3333333333333335,AODV,AODV
100,40,12,3,3,147.456,0.12,36,4000,3.3333333333333335,AODV,AODV
100,40,12,3,4,147.456,0.12,36,4000,3.3333333333333335,AODV,AODV
100,40,12,3,5,147.456,0.12,36,4000,3.3333333333333335,AODV,AODV
100,40,12,4,1,196.608,0.12,48,4000,3.3333333333333335,AODV,AODV
100,40,12,4,2,196.608,0.12,48,4000,3.3333333333333335,AODV,AODV
100,40,12,4,3,196.608,0.12,48,4000,3.3333333333333335,AODV,AODV
100,40,12,4,4,196.608,0.12,48,4000,3.3333333333333335,AOMDV,AODV
100,40,12,4,5,196.608,0.12,48,4000,3.3333333333333335,AODV,AODV
100,40,12,5,1,245.76,0.12,60,4000,3.3333333333333335,AOMDV,AODV
100,40,12,5,2,245.76,0.12,60,4000,3.3333333333333335,AODV,AODV
100,40,12,5,3,245.76,0.12,60,4000,3.3333333333333335,AOMDV,AODV
100,40,12,5,4,245.76,0.12,60,4000,3.3333333333333335,AOMDV,AODV
100,40,12,5,5,245.76,0.12,60,4000,3.3333333333333335,AOMDV,AODV
100,40,12,6,1,294.912,0.12,72,4000,3.3333333333333335,AOMDV,AODV
100,40,12,6,2,294.912,0.12,72,4000,3.3333333333333335,AOMDV,AODV
100,40,12,6,3,294.912,0.12,72,4000,3.3333333333333335,AOMDV,AOMDV
100,40,12,6,4,294.912,0.12,72,4000,3.3333333333333335,AOMDV,AOMDV
100,40,12,6,5,294.912,0.12,72,4000,3.3333333333333335,AOMDV,AODV
100,40,12,8,1,393.216,0.12,96,4000,3.3333333333333335,AOMDV,AODV
100,40,12,8,2,393.216,0.12,96,4000,3.3333333333333335,AOMDV,AODV
100,40,12,8,3,393.216,0.12,96,4000,3.3333333333333335,AOMDV,AOMDV
100,40,12,8,4,393.216,0.12,96,4000,3.3333333333333335,AOMDV,AOMDV
100,40,12,8,5,393.216,0.12,96,4000,3.3333333333333335,AOMDV,AOMDV
100,40,15,3,1,184.32,0.15,45,4000,2.6666666666666665,AODV,AODV
100,40,15,3,2,184.32,0.15,45,4000,2.6666666666666665,AOMDV,AODV
100,40,15,3,3,184.32,0.15,45,4000,2.6666666666666665,AODV,AODV
100,40,15,3,4,184.32,0.15,45,4000,2.6666666666666665,AODV,AODV
100,40,15,3,5,184.32,0.15,45,4000,2.6666666666666665,AOMDV,AODV
100,40,15,5,1,307.2,0.15,75,4000,2.6666666666666665,AOMDV,AODV
100,40,15,5,2,307.2,0.15,75,4000,2.6666666666666665,AOMDV,AODV
100,40,15,5,3,307.2,0.15,75,4000,2.6666666666666665,AOMDV,AODV
100,40,15,5,4,307.2,0.15,75,4000,2.6666666666666665,AOMDV,AODV
100,40,15,5,5,307.2,0.15,75,4000,2.6666666666666665,AOMDV,AODV
100,40,15,6,1,368.64,0.15,90,4000,2.6666666666666665,AOMDV,AODV
100,40,15,6,2,368.64,0.15,90,4000,2.6666666666666665,AOMDV,AOMDV
100,40,15,6,3,368.64,0.15,90,4000,2.6666666666666665,AOMDV,AOMDV
100,40,15,6,4,368.64,0.15,90,4000,2.6666666666666665,AODV,AOMDV
100,40,15,6,5,368.64,0.15,90,4000,2.6666666666666665,AOMDV,AOMDV
100,40,18,2,1,147.456,0.18,36,4000,2.2222222222222223,AODV,AODV
100,40,18,2,2,147.456,0.18,36,4000,2.2222222222222223,AODV,AODV
100,40,18,2,3,147.456,0.18,36,4000,2.2222222222222223,AODV,AODV
100,40,18,2,4,147.456,0.18,36,4000,2.2222222222222223,AOMDV,AODV
100,40,18,2,5,147.456,0.18,36,4000,2.2222222222222223,AODV,AODV
100,40,18,3,1,221.184,0.18,54,4000,2.2222222222222223,AOMDV,AODV
100,40,18,3,2,221.184,0.18,54,4000,2.2222222222222223,AODV,AODV
100,40,18,3,3,221.184,0.18,54,4000,2.2222222222222223,AOMDV,AODV
100,40,18,3,4,221.184,0.18,54,4000,2.2222222222222223,AOMDV,AODV
100,40,18,3,5,221.184,0.18,54,4000,2.2222222222222223,AODV,AODV
100,40,18,4,1,294.912,0.18,72,4000,2.2222222222222223,AOMDV,AOMDV
100,40,18,4,2,294.912,0.18,72,4000,2.2222222222222223,AOMDV,AODV
100,40,18,4,3,294.912,0.18,72,4000,2.2222222222222223,AOMDV,AODV
100,40,18,4,4,294.912,0.18,72,4000,2.2222222222222223,AOMDV,AOMDV
100,40,18,4,5,294.912,0.18,72,4000,2.2222222222222223,AOMDV,AODV
100,40,18,5,1,368.64,0.18,90,4000,2.2222222222222223,DSDV,AOMDV
100,40,18,5,2,368.64,0.18,90,4000,2.2222222222222223,AOMDV,AOMDV
100,40,18,5,3,368.64,0.18,90,4000,2.2222222222222223,AOMDV,AOMDV
100,40,18,5,4,368.64,0.18,90,4000,2.2222222222222223,AOMDV,AOMDV
100,40,18,5,5,368.64,0.18,90,4000,2.2222222222222223,AOMDV,AOMDV
100,40,18,6,1,442.368,0.18,108,4000,2.2222222222222223,DSDV,DSDV
100,40,18,6,2,442.368,0.18,108,4000,2.2222222222222223,AODV,AOMDV
100,40,18,6,3,442.368,0.18,108,4000,2.2222222222222223,AOMDV,AOMDV
100,40,18,6,4,442.368,0.18,108,4000,2.2222222222222223,AOMDV,AOMDV
100,40,18,6,5,442.368,0.18,108,4000,2.2222222222222223,AODV,AOMDV
100,40,18,8,1,589.824,0.18,144,4000,2.2222222222222223,DSDV,DSDV
100,40,18,8,2,589.824,0.18,144,4000,2.2222222222222223,AODV,AODV
100,40,18,8,3,589.824,0.18,144,4000,2.2222222222222223,DSDV,DSDV
100,40,18,8,4,589.824,0.18,144,4000,2.2222222222222223,DSDV,DSDV
100,40,18,8,5,589.824,0.18,144,4000,2.2222222222222223,AODV,AODV
100,40,20,3,1,245.76,0.2,60,4000,2,AOMDV,AODV
100,40,20,3,2,245.76,0.2,60,4000,2,AOMDV,AODV
100,40,20,3,3,245.76,0.2,60,4000,2,AOMDV,AODV
100,40,20,3,4,245.76,0.2,60,4000,2,AOMDV,AOMDV
100,40,20,3,5,245.76,0.2,60,4000,2,AOMDV,AODV
100,40,20,5,1,409.6,0.2,100,4000,2,DSDV,AOMDV
100,40,20,5,2,409.6,0.2,100,4000,2,AOMDV,AOMDV
100,40,20,5,3,409.6,0.2,100,4000,2,AOMDV,AOMDV
100,40,20,5,4,409.6,0.2,100,4000,2,DSDV,AOMDV
100,40,20,5,5,409.6,0.2,100,4000,2,AOMDV,AOMDV
100,40,20,6,1,491.52,0.2,120,4000,2,DSDV,DSDV
100,40,20,6,2,491.52,0.2,120,4000,2,AODV,AODV
100,40,20,6,3,491.52,0.2,120,4000,2,DSDV,AOMDV
100,40,20,6,4,491.52,0.2,120,4000,2,DSDV,DSDV
100,40,20,6,5,491.52,0.2,120,4000,2,AODV,AODV
100,40,22,2,1,180.224,0.22,44,4000,1.8181818181818181,AOMDV,AODV
100,40,22,2,2,180.224,0.22,44,4000,1.8181818181818181,AOMDV,AODV
100,40,22,2,3,180.224,0.22,44,4000,1.8181818181818181,AODV,AODV
100,40,22,2,4,180.224,0.22,44,4000,1.8181818181818181,AOMDV,AODV
100,40,22,2,5,180.224,0.22,44,4000,1.8181818181818181,AOMDV,AODV
100,40,22,3,1,270.336,0.22,66,4000,1.8181818181818181,AOMDV,AOMDV
100,40,22,3,2,270.336,0.22,66,4000,1.8181818181818181,AOMDV,AODV
100,40,22,3,3,270.336,0.22,66,4000,1.8181818181818181,AOMDV,AODV
100,40,22,3,4,270.336,0.22,66,4000,1.8181818181818181,AOMDV,AOMDV
100,40,22,3,5,270.336,0.22,66,4000,1.8181818181818181,AOMDV,AODV
100,40,22,4,1,360.448,0.22,88,4000,1.8181818181818181,AOMDV,AOMDV
100,40,22,4,2,360.448,0.22,88,4000,1.8181818181818181,AOMDV,AOMDV
100,40,22,4,3,360.448,0.22,88,4000,1.8181818181818181,AOMDV,AOMDV
100,40,22,4,4,360.448,0.22,88,4000,1.8181818181818181,AOMDV,AOMDV
100,40,22,4,5,360.448,0.22,88,4000,1.8181818181818181,AOMDV,AOMDV
100,40,22,5,1,450.56,0.22,110,4000,1.8181818181818181,DSDV,DSDV
100,40,22,5,2,450.56,0.22,110,4000,1.8181818181818181,AOMDV,AOMDV
100,40,22,5,3,450.56,0.22,110,4000,1.8181818181818181,AOMDV,AOMDV
100,40,22,5,4,450.56,0.22,110,4000,1.8181818181818181,DSDV,DSDV
100,40,22,5,5,450.56,0.22,110,4000,1.8181818181818181,DSDV,AOMDV
100,40,22,6,1,540.672,0.22,132,4000,1.8181818181818181,DSDV,DSDV
100,40,22,6,2,540.672,0.22,132,4000,1.8181818181818181,DSDV,DSDV
100,40,22,6,3,540.672,0.22,132,4000,1.8181818181818181,DSDV,AOMDV
100,40,22,6,4,540.672,0.22,132,4000,1.8181818181818181,DSDV,DSDV
100,40,22,6,5,540.672,0.22,132,4000,1.8181818181818181,DSDV,DSDV
100,40,22,8,1,720.896,0.22,176,4000,1.8181818181818181,DSDV,DSDV
100,40,22,8,2,720.896,0.22,176,4000,1.8181818181818181,DSDV,DSDV
100,40,22,8,3,720.896,0.22,176,4000,1.8181818181818181,DSDV,DSDV
100,40,22,8,4,720.896,0.22,176,4000,1.8181818181818181,DSDV,DSDV
100,40,22,8,5,720.896,0.22,176,4000,1.8181818181818181,DSDV,DSDV
100,40,25,3,1,307.2,0.25,75,4000,1.6,AOMDV,AOMDV
100,40,25,3,2,307.2,0.25,75,4000,1.6,AOMDV,AODV
100,40,25,3,3,307.2,0.25,75,4000,1.6,AOMDV,AOMDV
100,40,25,3,4,307.2,0.25,75,4000,1.6,AOMDV,AOMDV
100,40,25,3,5,307.2,0.25,75,4000,1.6,AOMDV,AODV
100,40,25,5,1,512,0.25,125,4000,1.6,DSDV,DSDV
100,40,25,5,2,512,0.25,125,4000,1.6,DSDV,DSDV
100,40,25,5,3,512,0.25,125,4000,1.6,AOMDV,AOMDV
100,40,25,5,4,512,0.25,125,4000,1.6,DSDV,DSDV
100,40,25,5,5,512,0.25,125,4000,1.6,DSDV,DSDV
100,40,25,6,1,614.4,0.25,150,4000,1.6,DSDV,DSDV
100,40,25,6,2,614.4,0.25,150,4000,1.6,DSDV,DSDV
100,40,25,6,3,614.4,0.25,150,4000,1.6,DSDV,DSDV
100,40,25,6,4,614.4,0.25,150,4000,1.6,DSDV,DSDV
100,40,25,6,5,614.4,0.25,150,4000,1.6,DSDV,DSDV
100,50,5,3,1,61.44,0.05,15,5000,10,AODV,AODV
100,50,5,3,2,61.44,0.05,15,5000,10,AOMDV,AODV
100,50,5,3,3,61.44,0.05,15,5000,10,DSDV,AODV
100,50,5,3,4,61.44,0.05,15,5000,10,AODV,AODV
100,50,5,3,5,61.44,0.05,15,5000,10,AODV,AODV
100,50,5,5,1,102.4,0.05,25,5000,10,AODV,AODV
100,50,5,5,2,102.4,0.05,25,5000,10,AODV,AODV
100,50,5,5,3,102.4,0.05,25,5000,10,AODV,AODV
100,50,5,5,4,102.4,0.05,25,5000,10,AODV,AODV
100,50,5,5,5,102.4,0.05,25,5000,10,AODV,AODV
100,50,5,6,1,122.88,0.05,30,5000,10,AODV,AODV
100,50,5,6,2,122.88,0.05,30,5000,10,AODV,AODV
100,50,5,6,3,122.88,0.05,30,5000,10,AODV,AODV
100,50,5,6,4,122.88,0.05,30,5000,10,AODV,AODV
100,50,5,6,5,122.88,0.05,30,5000,10,AOMDV,AODV
100,50,7,2,1,57.344,0.07,14,5000,7.142857142857143,AODV,AODV
100,50,7,2,2,57.344,0.07,14,5000,7.142857142857143,AODV,AODV
100,50,7,2,3,57.344,0.07,14,5000,7.142857142857143,AODV,AODV
100,50,7,2,4,57.344,0.07,14,5000,7.142857142857143,AODV,AODV
100,50,7,2,5,57.344,0.07,14,5000,7.142857142857143,AODV,AODV
100,50,7,3,1,86.016,0.07,21,5000,7.142857142857143,AODV,AODV
100,50,7,3,2,86.016,0.07,21,5000,7.142857142857143,AODV,AODV
100,50,7,3,3,86.016,0.07,21,5000,7.142857142857143,AODV,AODV
100,50,7,3,4,86.016,0.07,21,5000,7.142857142857143,AODV,AODV
100,50,7,3,5,86.016,0.07,21,5000,7.142857142857143,AODV,AODV
100,50,7,4,1,114.688,0.07,28,5000,7.142857142857143,AODV,AODV
100,50,7,4,2,114.688,0.07,28,5000,7.142857142857143,AODV,AODV
100,50,7,4,3,114.688,0.07,28,5000,7.142857142857143,AODV,AODV
100,50,7,4,4,114.688,0.07,28,5000,7.142857142857143,AODV,AODV
100,50,7,4,5,114.688,0.07,28,5000,7.142857142857143,AODV,AODV
100,50,7,5,1,143.36,0.07,35,5000,7.142857142857143,AODV,AODV
100,50,7,5,2,143.36,0.07,35,5000,7.142857142857143,AODV,AODV
100,50,7,5,3,143.36,0.07,35,5000,7.142857142857143,AODV,AODV
100,50,7,5,4,143.36,0.07,35,5000,7.142857142857143,AODV,AODV
100,50,7,5,5,143.36,0.07,35,5000,7.142857142857143,AOMDV,AODV
100,50,7,6,1,172.032,0.07,42,5000,7.142857142857143,AODV,AODV
100,50,7,6,2,172.032,0.07,42,5000,7.142857142857143,AODV,AODV
100,50,7,6,3,172.032,0.07,42,5000,7.142857142857143,AOMDV,AODV
100,50,7,6,4,172.032,0.07,42,5000,7.142857142857143,AODV,AODV
100,50,7,6,5,172.032,0.07,42,5000,7.142857142857143,AOMDV,AODV
100,50,7,8,1,229.376,0.07,56,5000,7.142857142857143,AOMDV,AODV
100,50,7,8,2,229.376,0.07,56,5000,7.142857142857143,AODV,AODV
100,50,7,8,3,229.376,0.07,56,5000,7.142857142857143,AOMDV,AODV
100,50,7,8,4,229.376,0.07,56,5000,7.142857142857143,AOMDV,AODV
100,50,7,8,5,229.376,0.07,56,5000,7.142857142857143,AOMDV,AODV
100,50,10,3,1,122.88,0.1,30,5000,5,AODV,AODV
100,50,10,3,2,122.88,0.1,30,5000,5,AOMDV,AODV
100,50,10,3,3,122.88,0.1,30,5000,5,DSDV,AODV
100,50,10,3,4,122.88,0.1,30,5000,5,AODV,AODV
100,50,10,3,5,122.88,0.1,30,5000,5,AODV,AODV
100,50,10,5,1,204.8,0.1,50,5000,5,AODV,AODV
100,50,10,5,2,204.8,0.1,50,5000,5,AODV,AODV
100,50,10,5,3,204.8,0.1,50,5000,5,AODV,AODV
100,50,10,5,4,204.8,0.1,50,5000,5,AOMDV,AODV
100,50,10,5,5,204.8,0.1,50,5000,5,AOMDV,AODV
100,50,10,6,1,245.76,0.1,60,5000,5,AOMDV,AODV
100,50,10,6,2,245.76,0.1,60,5000,5,AODV,AODV
100,50,10,6,3,245.76,0.1,60,5000,5,AOMDV,AODV
100,50,10,6,4,245.76,0.1,60,5000,5,AOMDV,AODV
100,50,10,6,5,245.76,0.1,60,5000,5,AOMDV,AODV
100,50,12,2,1,98.304,0.12,24,5000,4.166666666666667,AODV,AODV
100,50,12,2,2,98.304,0.12,24,5000,4.166666666666667,AODV,AODV
100,50,12,2,3,98.304,0.12,24,5000,4.166666666666667,AODV,AODV
100,50,12,2,4,98.304,0.12,24,5000,4.166666666666667,AODV,AODV
100,50,12,2,5,98.304,0.12,24,5000,4.166666666666667,AODV,AODV
100,50,12,3,1,147.456,0.12,36,5000,4.166666666666667,AODV,AODV
100,50,12,3,2,147.456,0.12,36,5000,4.166666666666667,AODV,AODV
100,50,12,3,3,147.456,0.12,36,5000,4.166666666666667,AODV,AODV
100,50,12,3,4,147.456,0.12,36,5000,4.166666666666667,AODV,AODV
100,50,12,3,5,147.456,0.12,36,5000,4.166666666666667,AODV,AODV
100,50,12,4,1,196.608,0.12,48,5000,4.166666666666667,AODV,AODV
100,50,12,4,2,196.608,0.12,48,5000,4.166666666666667,AOMDV,AODV
100,50,12,4,3,196.608,0.12,48,5000,4.166666666666667,AODV,AODV
100,50,12,4,4,196.608,0.12,48,5000,4.166666666666667,AODV,AODV
100,50,12,4,5,196.608,0.12,48,5000,4.166666666666667,AOMDV,AODV
100,50,12,5,1,245.76,0.12,60,5000,4.166666666666667,AOMDV,AODV
100,50,12,5,2,245.76,0.12,60,5000,4.166666666666667,AOMDV,AODV
100,50,12,5,3,245.76,0.12,60,5000,4.166666666666667,AOMDV,AODV
100,50,12,5,4,245.76,0.12,60,5000,4.166666666666667,AOMDV,AODV
100,50,12,5,5,245.76,0.12,60,5000,4.166666666666667,AOMDV,AODV
100,50,12,6,1,294.912,0.12,72,5000,4.166666666666667,AOMDV,AODV
100,50,12,6,2,294.912,0.12,72,5000,4.166666666666667,AOMDV,AODV
100,50,12,6,3,294.912,0.12,72,5000,4.166666666666667,AOMDV,AODV
100,50,12,6,4,294.912,0.12,72,5000,4.166666666666667,AOMDV,AODV
100,50,12,6,5,294.912,0.12,72,5000,4.166666666666667,AOMDV,AOMDV
100,50,12,8,1,393.216,0.12,96,5000,4.166666666666667,AODV,AODV
100,50,12,8,2,393.216,0.12,96,5000,4.166666666666667,AOMDV,AOMDV
100,50,12,8,3,393.216,0.12,96,5000,4.166666666666667,AODV,AODV
100,50,12,8,4,393.216,0.12,96,5000,4.166666666666667,AOMDV,AOMDV
100,50,12,8,5,393.216,0.12,96,5000,4.166666666666667,AOMDV,AOMDV
100,50,15,3,1,184.32,0.15,45,5000,3.3333333333333335,AOMDV,AODV
100,50,15,3,2,184.32,0.15,45,5000,3.3333333333333335,AOMDV,AODV
100,50,15,3,3,184.32,0.15,45,5000,3.3333333333333335,AODV,AODV
100,50,15,3,4,184.32,0.15,45,5000,3.3333333333333335,AOMDV,AODV
100,50,15,3,5,184.32,0.15,45,5000,3.3333333333333335,AODV,AODV
100,50,15,5,1,307.2,0.15,75,5000,3.3333333333333335,AOMDV,AOMDV
100,50,15,5,2,307.2,0.15,75,5000,3.3333333333333335,AOMDV,AOMDV
100,50,15,5,3,307.2,0.15,75,5000,3.3333333333333335,AOMDV,AOMDV
100,50,15,5,4,307.2,0.15,75,5000,3.3333333333333335,AOMDV,AOMDV
100,50,15,5,5,307.2,0.15,75,5000,3.3333333333333335,AOMDV,AOMDV
100,50,15,6,1,368.64,0.15,90,5000,3.3333333333333335,AOMDV,AOMDV
100,50,15,6,2,368.64,0.15,90,5000,3.3333333333333335,AOMDV,AOMDV
100,50,15,6,3,368.64,0.15,90,5000,3.3333333333333335,AOMDV,AOMDV
100,50,15,6,4,368.64,0.15,90,5000,3.3333333333333335,AOMDV,AOMDV
100,50,15,6,5,368.64,0.15,90,5000,3.3333333333333335,AOMDV,AOMDV
100,50,18,2,1,147.456,0.18,36,5000,2.7777777777777777,AODV,AODV
100,50,18,2,2,147.456,0.18,36,5000,2.7777777777777777,AODV,AODV
100,50,18,2,3,147.456,0.18,36,5000,2.7777777777777777,AODV,AODV
100,50,18,2,4,147.456,0.18,36,5000,2.7777777777777777,AODV,AODV
100,50,18,2,5,147.456,0.18,36,5000,2.7777777777777777,AODV,AODV
100,50,18,3,1,221.184,0.18,54,5000,2.7777777777777777,AOMDV,AODV
100,50,18,3,2,221.184,0.18,54,5000,2.7777777777777777,AOMDV,AODV
100,50,18,3,3,221.184,0.18,54,5000,2.7777777777777777,AODV,AODV
100,50,18,3,4,221.184,0.18,54,5000,2.7777777777777777,AOMDV,AODV
100,50,18,3,5,221.184,0.18,54,5000,2.7777777777777777,AOMDV,AODV
100,50,18,4,1,294.912,0.18,72,5000,2.7777777777777777,AOMDV,AODV
100,50,18,4,2,294.912,0.18,72,5000,2.7777777777777777,AOMDV,AODV
100,50,18,4,3,294.912,0.18,72,5000,2.7777777777777777,AOMDV,AODV
100,50,18,4,4,294.912,0.18,72,5000,2.7777777777777777,AOMDV,AOMDV
100,50,18,4,5,294.912,0.18,72,5000,2.7777777777777777,AOMDV,AOMDV
100,50,18,5,1,368.64,0.18,90,5000,2.7777777777777777,AOMDV,AOMDV
100,50,18,5,2,368.64,0.18,90,5000,2.7777777777777777,AOMDV,AOMDV
100,50,18,5,3,368.64,0.18,90,5000,2.7777777777777777,AOMDV,AOMDV
100,50,18,5,4,368.64,0.18,90,5000,2.7777777777777777,AOMDV,AOMDV
100,50,18,5,5,368.64,0.18,90,5000,2.7777777777777777,AOMDV,AOMDV
100,50,18,6,1,442.368,0.18,108,5000,2.7777777777777777,AOMDV,AOMDV
100,50,18,6,2,442.368,0.18,108,5000,2.7777777777777777,AOMDV,AOMDV
100,50,18,6,3,442.368,0.18,108,5000,2.7777777777777777,AOMDV,AOMDV
100,50,18,6,4,442.368,0.18,108,5000,2.7777777777777777,AOMDV,AOMDV
100,50,18,6,5,442.368,0.18,108,5000,2.7777777777777777,AOMDV,AOMDV
100,50,18,8,1,589.824,0.18,144,5000,2.7777777777777777,DSDV,DSDV
100,50,18,8,2,589.824,0.18,144,5000,2.7777777777777777,DSDV,DSDV
100,50,18,8,3,589.824,0.18,144,5000,2.7777777777777777,DSDV,DSDV
100,50,18,8,4,589.824,0.18,144,5000,2.7777777777777777,AODV,AODV
100,50,18,8,5,589.824,0.18,144,5000,2.7777777777777777,AODV,AODV
100,50,20,3,1,245.76,0.2,60,5000,2.5,AOMDV,AOMDV
100,50,20,3,2,245.76,0.2,60,5000,2.5,AOMDV,AODV
100,50,20,3,3,245.76,0.2,60,5000,2.5,AOMDV,AODV
100,50,20,3,4,245.76,0.2,60,5000,2.5,AOMDV,AOMDV
100,50,20,3,5,245.76,0.2,60,5000,2.5,AOMDV,AODV
100,50,20,5,1,409.6,0.2,100,5000,2.5,AOMDV,AOMDV
100,50,20,5,2,409.6,0.2,100,5000,2.5,AOMDV,AOMDV
100,50,20,5,3,409.6,0.2,100,5000,2.5,AOMDV,AOMDV
100,50,20,5,4,409.6,0.2,100,5000,2.5,DSDV,DSDV
100,50,20,5,5,409.6,0.2,100,5000,2.5,AOMDV,AOMDV
100,50,20,6,1,491.52,0.2,120,5000,2.5,DSDV,DSDV
100,50,20,6,2,491.52,0.2,120,5000,2.5,AOMDV,AOMDV
100,50,20,6,3,491.52,0.2,120,5000,2.5,AOMDV,AOMDV
100,50,20,6,4,491.52,0.2,120,5000,2.5,DSDV,DSDV
100,50,20,6,5,491.52,0.2,120,5000,2.5,DSDV,DSDV
100,50,22,2,1,180.224,0.22,44,5000,2.272727272727273,AOMDV,AODV
100,50,22,2,2,180.224,0.22,44,5000,2.272727272727273,AODV,AODV
100,50,22,2,3,180.224,0.22,44,5000,2.272727272727273,AODV,AODV
100,50,22,2,4,180.224,0.22,44,5000,2.272727272727273,AODV,AODV
100,50,22,2,5,180.224,0.22,44,5000,2.272727272727273,AOMDV,AODV
100,50,22,3,1,270.336,0.22,66,5000,2.272727272727273,AOMDV,AOMDV
100,50,22,3,2,270.336,0.22,66,5000,2.272727272727273,AOMDV,AOMDV
100,50,22,3,3,270.336,0.22,66,5000,2.272727272727273,AOMDV,AOMDV
100,50,22,3,4,270.336,0.22,66,5000,2.272727272727273,AOMDV,AOMDV
100,50,22,3,5,270.336,0.22,66,5000,2.272727272727273,AOMDV,AOMDV
100,50,22,4,1,360.448,0.22,88,5000,2.272727272727273,AOMDV,AOMDV
100,50,22,4,2,360.448,0.22,88,5000,2.272727272727273,AOMDV,AOMDV
100,50,22,4,3,360.448,0.22,88,5000,2.272727272727273,AOMDV,AOMDV
100,50,22,4,4,360.448,0.22,88,5000,2.272727272727273,AOMDV,AOMDV
100,50,22,4,5,360.448,0.22,88,5000,2.272727272727273,AOMDV,AOMDV
100,50,22,5,1,450.56,0.22,110,5000,2.272727272727273,DSDV,DSDV
100,50,22,5,2,450.56,0.22,110,5000,2.272727272727273,AOMDV,AOMDV
100,50,22,5,3,450.56,0.22,110,5000,2.272727272727273,DSDV,DSDV
100,50,22,5,4,450.56,0.22,110,5000,2.272727272727273,AOMDV,AOMDV
100,50,22,5,5,450.56,0.22,110,5000,2.272727272727273,DSDV,AOMDV
100,50,22,6,1,540.672,0.22,132,5000,2.272727272727273,DSDV,DSDV
100,50,22,6,2,540.672,0.22,132,5000,2.272727272727273,DSDV,DSDV
100,50,22,6,3,540.672,0.22,132,5000,2.272727272727273,DSDV,DSDV
100,50,22,6,4,540.672,0.22,132,5000,2.272727272727273,DSDV,DSDV
100,50,22,6,5,540.672,0.22,132,5000,2.272727272727273,DSDV,DSDV
100,50,22,8,1,720.896,0.22,176,5000,2.272727272727273,DSDV,DSDV
100,50,22,8,2,720.896,0.22,176,5000,2.272727272727273,DSDV,DSDV
100,50,22,8,3,720.896,0.22,176,5000,2.272727272727273,DSDV,DSDV
100,50,22,8,4,720.896,0.22,176,5000,2.272727272727273,DSDV,DSDV
100,50,22,8,5,720.896,0.22,176,5000,2.272727272727273,DSDV,DSDV
100,50,25,3,1,307.2,0.25,75,5000,2,AOMDV,AOMDV
100,50,25,3,2,307.2,0.25,75,5000,2,AOMDV,AOMDV
100,50,25,3,3,307.2,0.25,75,5000,2,AOMDV,AOMDV
100,50,25,3,4,307.2,0.25,75,5000,2,AOMDV,AOMDV
100,50,25,3,5,307.2,0.25,75,5000,2,AOMDV,AOMDV
100,50,25,5,1,512,0.25,125,5000,2,DSDV,DSDV
100,50,25,5,2,512,0.25,125,5000,2,DSDV,DSDV
100,50,25,5,3,512,0.25,125,5000,2,DSDV,DSDV
100,50,25,5,4,512,0.25,125,5000,2,DSDV,DSDV
100,50,25,5,5,512,0.25,125,5000,2,DSDV,DSDV
100,50,25,6,1,614.4,0.25,150,5000,2,DSDV,DSDV
100,50,25,6,2,614.4,0.25,150,5000,2,DSDV,DSDV
100,50,25,6,3,614.4,0.25,150,5000,2,DSDV,DSDV
100,50,25,6,4,614.4,0.25,150,5000,2,DSDV,DSDV
100,50,25,6,5,614.4,0.25,150,5000,2,DSDV,DSDV
150,20,5,3,1,61.44,0.033333333,15,3000,4,AOMDV,AODV
150,20,5,3,2,61.44,0.033333333,15,3000,4,AOMDV,AODV
150,20,5,3,3,61.44,0.033333333,15,3000,4,AOMDV,AODV
150,20,5,3,4,61.44,0.033333333,15,3000,4,AOMDV,AODV
150,20,5,3,5,61.44,0.033333333,15,3000,4,AOMDV,AODV
150,20,5,5,1,102.4,0.033333333,25,3000,4,AOMDV,AODV
150,20,5,5,2,102.4,0.033333333,25,3000,4,AOMDV,AODV
150,20,5,5,3,102.4,0.033333333,25,3000,4,AOMDV,AODV
150,20,5,5,4,102.4,0.033333333,25,3000,4,AOMDV,AODV
150,20,5,5,5,102.4,0.033333333,25,3000,4,AOMDV,AODV
150,20,5,6,1,122.88,0.033333333,30,3000,4,AODV,AODV
150,20,5,6,2,122.88,0.033333333,30,3000,4,AOMDV,AODV
150,20,5,6,3,122.88,0.033333333,30,3000,4,AOMDV,AODV
150,20,5,6,4,122.88,0.033333333,30,3000,4,AOMDV,AODV
150,20,5,6,5,122.88,0.033333333,30,3000,4,AOMDV,AODV
150,20,7,2,1,57.344,0.046666667,14,3000,2.857142857142857,AODV,AODV
150,20,7,2,2,57.344,0.046666667,14,3000,2.857142857142857,AOMDV,AODV
150,20,7,2,3,57.344,0.046666667,14,3000,2.857142857142857,AOMDV,AODV
150,20,7,2,4,57.344,0.046666667,14,3000,2.857142857142857,AOMDV,AODV
150,20,7,2,5,57.344,0.046666667,14,3000,2.857142857142857,AODV,AODV
150,20,7,3,1,86.016,0.046666667,21,3000,2.857142857142857,AOMDV,AODV
150,20,7,3,2,86.016,0.046666667,21,3000,2.857142857142857,AOMDV,AODV
150,20,7,3,3,86.016,0.046666667,21,3000,2.857142857142857,AOMDV,AODV
150,20,7,3,4,86.016,0.046666667,21,3000,2.857142857142857,AOMDV,AODV
150,20,7,3,5,86.016,0.046666667,21,3000,2.857142857142857,AOMDV,AODV
150,20,7,4,1,114.688,0.046666667,28,3000,2.857142857142857,AOMDV,AODV
150,20,7,4,2,114.688,0.046666667,28,3000,2.857142857142857,AOMDV,AODV
150,20,7,4,3,114.688,0.046666667,28,3000,2.857142857142857,AOMDV,AODV
150,20,7,4,4,114.688,0.046666667,28,3000,2.857142857142857,AOMDV,AODV
150,20,7,4,5,114.688,0.046666667,28,3000,2.857142857142857,AOMDV,AODV
150,20,7,5,1,143.36,0.046666667,35,3000,2.857142857142857,AOMDV,AODV
150,20,7,5,2,143.36,0.046666667,35,3000,2.857142857142857,AOMDV,AODV
150,20,7,5,3,143.36,0.046666667,35,3000,2.857142857142857,AOMDV,AODV
150,20,7,5,4,143.36,0.046666667,35,3000,2.857142857142857,AOMDV,AODV
150,20,7,5,5,143.36,0.046666667,35,3000,2.857142857142857,AOMDV,AODV
150,20,7,6,1,172.032,0.046666667,42,3000,2.857142857142857,AOMDV,AODV
150,20,7,6,2,172.032,0.046666667,42,3000,2.857142857142857,AOMDV,AODV
150,20,7,6,3,172.032,0.046666667,42,3000,2.857142857142857,AOMDV,AODV
150,20,7,6,4,172.032,0.046666667,42,3000,2.857142857142857,AOMDV,AODV
150,20,7,6,5,172.032,0.046666667,42,3000,2.857142857142857,AOMDV,AODV
150,20,7,8,1,229.376,0.046666667,56,3000,2.857142857142857,AOMDV,AOMDV
150,20,7,8,2,229.376,0.046666667,56,3000,2.857142857142857,AODV,AODV
150,20,7,8,3,229.376,0.046666667,56,3000,2.857142857142857,AOMDV,AODV
150,20,7,8,4,229.376,0.046666667,56,3000,2.857142857142857,AOMDV,AOMDV
150,20,7,8,5,229.376,0.046666667,56,3000,2.857142857142857,AOMDV,AODV
150,20,10,3,1,122.88,0.066666667,30,3000,2,AODV,AODV
150,20,10,3,2,122.88,0.066666667,30,3000,2,AOMDV,AODV
150,20,10,3,3,122.88,0.066666667,30,3000,2,AOMDV,AODV
150,20,10,3,4,122.88,0.066666667,30,3000,2,AOMDV,AODV
150,20,10,3,5,122.88,0.066666667,30,3000,2,AOMDV,AODV
150,20,10,5,1,204.8,0.066666667,50,3000,2,AOMDV,AODV
150,20,10,5,2,204.8,0.066666667,50,3000,2,AOMDV,AODV
150,20,10,5,3,204.8,0.066666667,50,3000,2,AOMDV,AODV
150,20,10,5,4,204.8,0.066666667,50,3000,2,AOMDV,AOMDV
150,20,10,5,5,204.8,0.066666667,50,3000,2,AOMDV,AODV
150,20,10,6,1,245.76,0.066666667,60,3000,2,AOMDV,AODV
150,20,10,6,2,245.76,0.066666667,60,3000,2,DSDV,AODV
150,20,10,6,3,245.76,0.066666667,60,3000,2,AOMDV,AODV
150,20,10,6,4,245.76,0.066666667,60,3000,2,AOMDV,AOMDV
150,20,10,6,5,245.76,0.066666667,60,3000,2,AOMDV,AODV
150,20,12,2,1,98.304,0.08,24,3000,1.6666666666666667,AODV,AODV
150,20,12,2,2,98.304,0.08,24,3000,1.6666666666666667,AOMDV,AODV
150,20,12,2,3,98.304,0.08,24,3000,1.6666666666666667,AOMDV,AODV
150,20,12,2,4,98.304,0.08,24,3000,1.6666666666666667,AOMDV,AODV
150,20,12,2,5,98.304,0.08,24,3000,1.6666666666666667,AOMDV,AODV
150,20,12,3,1,147.456,0.08,36,3000,1.6666666666666667,AOMDV,AODV
150,20,12,3,2,147.456,0.08,36,3000,1.6666666666666667,AOMDV,AODV
150,20,12,3,3,147.456,0.08,36,3000,1.6666666666666667,AODV,AODV
150,20,12,3,4,147.456,0.08,36,3000,1.6666666666666667,AOMDV,AODV
150,20,12,3,5,147.456,0.08,36,3000,1.6666666666666667,AOMDV,AODV
150,20,12,4,1,196.608,0.08,48,3000,1.6666666666666667,AOMDV,AOMDV
150,20,12,4,2,196.608,0.08,48,3000,1.6666666666666667,AOMDV,AODV
150,20,12,4,3,196.608,0.08,48,3000,1.6666666666666667,AOMDV,AODV
150,20,12,4,4,196.608,0.08,48,3000,1.6666666666666667,AOMDV,AODV
150,20,12,4,5,196.608,0.08,48,3000,1.6666666666666667,AOMDV,AODV
150,20,12,5,1,245.76,0.08,60,3000,1.6666666666666667,AOMDV,AODV
150,20,12,5,2,245.76,0.08,60,3000,1.6666666666666667,AOMDV,AODV
150,20,12,5,3,245.76,0.08,60,3000,1.6666666666666667,AOMDV,AOMDV
150,20,12,5,4,245.76,0.08,60,3000,1.6666666666666667,AOMDV,AOMDV
150,20,12,5,5,245.76,0.08,60,3000,1.6666666666666667,AOMDV,AODV
150,20,12,6,1,294.912,0.08,72,3000,1.6666666666666667,AOMDV,AOMDV
150,20,12,6,2,294.912,0.08,72,3000,1.6666666666666667,AOMDV,AOMDV
150,20,12,6,3,294.912,0.08,72,3000,1.6666666666666667,AOMDV,AOMDV
150,20,12,6,4,294.912,0.08,72,3000,1.6666666666666667,AOMDV,AOMDV
150,20,12,6,5,294.912,0.08,72,3000,1.6666666666666667,AOMDV,AODV
150,20,12,8,1,393.216,0.08,96,3000,1.6666666666666667,AOMDV,AOMDV
150,20,12,8,2,393.216,0.08,96,3000,1.6666666666666667,AOMDV,AOMDV
150,20,12,8,3,393.216,0.08,96,3000,1.6666666666666667,AOMDV,AOMDV
150,20,12,8,4,393.216,0.08,96,3000,1.6666666666666667,AOMDV,AOMDV
150,20,12,8,5,393.216,0.08,96,3000,1.6666666666666667,DSDV,AOMDV
150,20,15,3,1,184.32,0.1,45,3000,1.3333333333333333,AOMDV,AODV
150,20,15,3,2,184.32,0.1,45,3000,1.3333333333333333,AOMDV,AODV
150,20,15,3,3,184.32,0.1,45,3000,1.3333333333333333,AOMDV,AODV
150,20,15,3,4,184.32,0.1,45,3000,1.3333333333333333,AOMDV,AODV
150,20,15,3,5,184.32,0.1,45,3000,1.3333333333333333,AOMDV,AODV
150,20,15,5,1,307.2,0.1,75,3000,1.3333333333333333,AODV,AOMDV
150,20,15,5,2,307.2,0.1,75,3000,1.3333333333333333,AODV,AOMDV
150,20,15,5,3,307.2,0.1,75,3000,1.3333333333333333,AOMDV,AOMDV
150,20,15,5,4,307.2,0.1,75,3000,1.3333333333333333,AOMDV,AOMDV
150,20,15,5,5,307.2,0.1,75,3000,1.3333333333333333,AOMDV,AOMDV
150,20,15,6,1,368.64,0.1,90,3000,1.3333333333333333,AOMDV,AOMDV
150,20,15,6,2,368.64,0.1,90,3000,1.3333333333333333,AOMDV,AOMDV
150,20,15,6,3,368.64,0.1,90,3000,1.3333333333333333,AOMDV,AOMDV
150,20,15,6,4,368.64,0.1,90,3000,1.3333333333333333,AOMDV,AOMDV
150,20,15,6,5,368.64,0.1,90,3000,1.3333333333333333,AOMDV,AOMDV
150,20,18,2,1,147.456,0.12,36,3000,1.1111111111111112,AOMDV,AODV
150,20,18,2,2,147.456,0.12,36,3000,1.1111111111111112,AOMDV,AODV
150,20,18,2,3,147.456,0.12,36,3000,1.1111111111111112,AOMDV,AODV
150,20,18,2,4,147.456,0.12,36,3000,1.1111111111111112,AOMDV,AODV
150,20,18,2,5,147.456,0.12,36,3000,1.1111111111111112,AOMDV,AODV
150,20,18,3,1,221.184,0.12,54,3000,1.1111111111111112,AOMDV,AODV
150,20,18,3,2,221.184,0.12,54,3000,1.1111111111111112,AOMDV,AODV
150,20,18,3,3,221.184,0.12,54,3000,1.1111111111111112,AOMDV,AOMDV
150,20,18,3,4,221.184,0.12,54,3000,1.1111111111111112,AOMDV,AODV
150,20,18,3,5,221.184,0.12,54,3000,1.1111111111111112,AOMDV,AODV
150,20,18,4,1,294.912,0.12,72,3000,1.1111111111111112,AOMDV,AOMDV
150,20,18,4,2,294.912,0.12,72,3000,1.1111111111111112,DSDV,AOMDV
150,20,18,4,3,294.912,0.12,72,3000,1.1111111111111112,AOMDV,AOMDV
150,20,18,4,4,294.912,0.12,72,3000,1.1111111111111112,AOMDV,AOMDV
150,20,18,4,5,294.912,0.12,72,3000,1.1111111111111112,AOMDV,AOMDV
150,20,18,5,1,368.64,0.12,90,3000,1.1111111111111112,AOMDV,AOMDV
150,20,18,5,2,368.64,0.12,90,3000,1.1111111111111112,AOMDV,AOMDV
150,20,18,5,3,368.64,0.12,90,3000,1.1111111111111112,AOMDV,AOMDV
150,20,18,5,4,368.64,0.12,90,3000,1.1111111111111112,AOMDV,AOMDV
150,20,18,5,5,368.64,0.12,90,3000,1.1111111111111112,AOMDV,AOMDV
150,20,18,6,1,442.368,0.12,108,3000,1.1111111111111112,AOMDV,AOMDV
150,20,18,6,2,442.368,0.12,108,3000,1.1111111111111112,AODV,AOMDV
150,20,18,6,3,442.368,0.12,108,3000,1.1111111111111112,DSDV,AOMDV
150,20,18,6,4,442.368,0.12,108,3000,1.1111111111111112,DSDV,AOMDV
150,20,18,6,5,442.368,0.12,108,3000,1.1111111111111112,AODV,AOMDV
150,20,18,8,1,589.824,0.12,144,3000,1.1111111111111112,AODV,AODV
150,20,18,8,2,589.824,0.12,144,3000,1.1111111111111112,AODV,AODV
150,20,18,8,3,589.824,0.12,144,3000,1.1111111111111112,AODV,AODV
150,20,18,8,4,589.824,0.12,144,3000,1.1111111111111112,DSDV,AOMDV
150,20,18,8,5,589.824,0.12,144,3000,1.1111111111111112,AODV,AODV
150,20,20,3,1,245.76,0.13333333333333333,60,3000,1,AOMDV,AOMDV
150,20,20,3,2,245.76,0.13333333333333333,60,3000,1,AOMDV,AOMDV
150,20,20,3,3,245.76,0.13333333333333333,60,3000,1,AOMDV,AOMDV
150,20,20,3,4,245.76,0.13333333333333333,60,3000,1,AOMDV,AOMDV
150,20,20,3,5,245.76,0.13333333333333333,60,3000,1,AOMDV,AOMDV
150,20,20,5,1,409.6,0.13333333333333333,100,3000,1,AODV,AOMDV
150,20,20,5,2,409.6,0.13333333333333333,100,3000,1,AODV,AODV
150,20,20,5,3,409.6,0.13333333333333333,100,3000,1,DSDV,AOMDV
150,20,20,5,4,409.6,0.13333333333333333,100,3000,1,AODV,AODV
150,20,20,5,5,409.6,0.13333333333333333,100,3000,1,AOMDV,AOMDV
150,20,20,6,1,491.52,0.13333333333333333,120,3000,1,AODV,AODV
150,20,20,6,2,491.52,0.13333333333333333,120,3000,1,AODV,AODV
150,20,20,6,3,491.52,0.13333333333333333,120,3000,1,DSDV,DSDV
150,20,20,6,4,491.52,0.13333333333333333,120,3000,1,AOMDV,AOMDV
150,20,20,6,5,491.52,0.13333333333333333,120,3000,1,AODV,AODV
150,20,22,2,1,180.224,0.14666666666666667,44,3000,0.9090909090909091,AOMDV,AODV
150,20,22,2,2,180.224,0.14666666666666667,44,3000,0.9090909090909091,AOMDV,AODV
150,20,22,2,3,180.224,0.14666666666666667,44,3000,0.9090909090909091,AOMDV,AODV
150,20,22,2,4,180.224,0.14666666666666667,44,3000,0.9090909090909091,AOMDV,AODV
150,20,22,2,5,180.224,0.14666666666666667,44,3000,0.9090909090909091,AOMDV,AODV
150,20,22,3,1,270.336,0.14666666666666667,66,3000,0.9090909090909091,AOMDV,AOMDV
150,20,22,3,2,270.336,0.14666666666666667,66,3000,0.9090909090909091,AOMDV,AOMDV
150,20,22,3,3,270.336,0.14666666666666667,66,3000,0.9090909090909091,AOMDV,AOMDV
150,20,22,3,4,270.336,0.14666666666666667,66,3000,0.9090909090909091,AOMDV,AOMDV
150,20,22,3,5,270.336,0.14666666666666667,66,3000,0.9090909090909091,AOMDV,AOMDV
150,20,22,4,1,360.448,0.14666666666666667,88,3000,0.9090909090909091,AODV,AOMDV
150,20,22,4,2,360.448,0.14666666666666667,88,3000,0.9090909090909091,AOMDV,AOMDV
150,20,22,4,3,360.448,0.14666666666666667,88,3000,0.9090909090909091,AODV,AOMDV
150,20,22,4,4,360.448,0.14666666666666667,88,3000,0.9090909090909091,DSDV,AOMDV
150,20,22,4,5,360.448,0.14666666666666667,88,3000,0.9090909090909091,AOMDV,AOMDV
150,20,22,5,1,450.56,0.14666666666666667,110,3000,0.9090909090909091,AOMDV,AOMDV
150,20,22,5,2,450.56,0.14666666666666667,110,3000,0.9090909090909091,DSDV,AOMDV
150,20,22,5,3,450.56,0.14666666666666667,110,3000,0.9090909090909091,DSDV,AOMDV
150,20,22,5,4,450.56,0.14666666666666667,110,3000,0.9090909090909091,DSDV,AOMDV
150,20,22,5,5,450.56,0.14666666666666667,110,3000,0.9090909090909091,AOMDV,AOMDV
150,20,22,6,1,540.672,0.14666666666666667,132,3000,0.9090909090909091,DSDV,AOMDV
150,20,22,6,2,540.672,0.14666666666666667,132,3000,0.9090909090909091,AODV,AODV
150,20,22,6,3,540.672,0.14666666666666667,132,3000,0.9090909090909091,DSDV,DSDV
150,20,22,6,4,540.672,0.14666666666666667,132,3000,0.9090909090909091,DSDV,DSDV
150,20,22,6,5,540.672,0.14666666666666667,132,3000,0.9090909090909091,AODV,AODV
150,20,22,8,1,720.896,0.14666666666666667,176,3000,0.9090909090909091,AODV,AODV
150,20,22,8,2,720.896,0.14666666666666667,176,3000,0.9090909090909091,DSDV,AODV
150,20,22,8,3,720.896,0.14666666666666667,176,3000,0.9090909090909091,AODV,AODV
150,20,22,8,4,720.896,0.14666666666666667,176,3000,0.9090909090909091,DSDV,DSDV
150,20,22,8,5,720.896,0.14666666666666667,176,3000,0.9090909090909091,AOMDV,AOMDV
150,20,25,3,1,307.2,0.16666666666666666,75,3000,0.8,AOMDV,AOMDV
150,20,25,3,2,307.2,0.16666666666666666,75,3000,0.8,AOMDV,AOMDV
150,20,25,3,3,307.2,0.16666666666666666,75,3000,0.8,DSDV,AOMDV
150,20,25,3,4,307.2,0.16666666666666666,75,3000,0.8,DSDV,AOMDV
150,20,25,3,5,307.2,0.16666666666666666,75,3000,0.8,AOMDV,AOMDV
150,20,25,5,1,512,0.16666666666666666,125,3000,0.8,DSDV,AOMDV
150,20,25,5,2,512,0.16666666666666666,125,3000,0.8,AODV,AODV
150,20,25,5,3,512,0.16666666666666666,125,3000,0.8,DSDV,DSDV
150,20,25,5,4,512,0.16666666666666666,125,3000,0.8,DSDV,DSDV
150,20,25,5,5,512,0.16666666666666666,125,3000,0.8,AODV,AODV
150,20,25,6,1,614.4,0.16666666666666666,150,3000,0.8,DSDV,DSDV
150,20,25,6,2,614.4,0.16666666666666666,150,3000,0.8,AOMDV,AOMDV
150,20,25,6,3,614.4,0.16666666666666666,150,3000,0.8,DSDV,DSDV
150,20,25,6,4,614.4,0.16666666666666666,150,3000,0.8,DSDV,DSDV
150,20,25,6,5,614.4,0.16666666666666666,150,3000,0.8,AODV,AOMDV
150,30,5,3,1,61.44,0.033333333,15,4500,6,AOMDV,AODV
150,30,5,3,2,61.44,0.033333333,15,4500,6,AODV,AODV
150,30,5,3,3,61.44,0.033333333,15,4500,6,AOMDV,AODV
150,30,5,3,4,61.44,0.033333333,15,4500,6,AOMDV,AODV
150,30,5,3,5,61.44,0.033333333,15,4500,6,AOMDV,AODV
150,30,5,5,1,102.4,0.033333333,25,4500,6,AOMDV,AODV
150,30,5,5,2,102.4,0.033333333,25,4500,6,AOMDV,AODV
150,30,5,5,3,102.4,0.033333333,25,4500,6,AODV,AODV
150,30,5,5,4,102.4,0.033333333,25,4500,6,AODV,AODV
150,30,5,5,5,102.4,0.033333333,25,4500,6,AOMDV,AODV
150,30,5,6,1,122.88,0.033333333,30,4500,6,AOMDV,AODV
150,30,5,6,2,122.88,0.033333333,30,4500,6,AOMDV,AODV
150,30,5,6,3,122.88,0.033333333,30,4500,6,AOMDV,AODV
150,30,5,6,4,122.88,0.033333333,30,4500,6,AOMDV,AODV
150,30,5,6,5,122.88,0.033333333,30,4500,6,AOMDV,AODV
150,30,7,2,1,57.344,0.046666667,14,4500,4.285714285714286,AOMDV,AODV
150,30,7,2,2,57.344,0.046666667,14,4500,4.285714285714286,AODV,AODV
150,30,7,2,3,57.344,0.046666667,14,4500,4.285714285714286,AOMDV,AODV
150,30,7,2,4,57.344,0.046666667,14,4500,4.285714285714286,AOMDV,AODV
150,30,7,2,5,57.344,0.046666667,14,4500,4.285714285714286,AOMDV,AODV
150,30,7,3,1,86.016,0.046666667,21,4500,4.285714285714286,AOMDV,AODV
150,30,7,3,2,86.016,0.046666667,21,4500,4.285714285714286,AOMDV,AODV
150,30,7,3,3,86.016,0.046666667,21,4500,4.285714285714286,AOMDV,AODV
150,30,7,3,4,86.016,0.046666667,21,4500,4.285714285714286,AOMDV,AODV
150,30,7,3,5,86.016,0.046666667,21,4500,4.285714285714286,AODV,AODV
150,30,7,4,1,114.688,0.046666667,28,4500,4.285714285714286,AOMDV,AOMDV
150,30,7,4,2,114.688,0.046666667,28,4500,4.285714285714286,AOMDV,AODV
150,30,7,4,3,114.688,0.046666667,28,4500,4.285714285714286,AOMDV,AODV
150,30,7,4,4,114.688,0.046666667,28,4500,4.285714285714286,AOMDV,AODV
150,30,7,4,5,114.688,0.046666667,28,4500,4.285714285714286,AOMDV,AODV
150,30,7,5,1,143.36,0.046666667,35,4500,4.285714285714286,AOMDV,AODV
150,30,7,5,2,143.36,0.046666667,35,4500,4.285714285714286,AOMDV,AODV
150,30,7,5,3,143.36,0.046666667,35,4500,4.285714285714286,AOMDV,AODV
150,30,7,5,4,143.36,0.046666667,35,4500,4.285714285714286,AOMDV,AOMDV
150,30,7,5,5,143.36,0.046666667,35,4500,4.285714285714286,AOMDV,AODV
150,30,7,6,1,172.032,0.046666667,42,4500,4.285714285714286,AOMDV,AODV
150,30,7,6,2,172.032,0.046666667,42,4500,4.285714285714286,AOMDV,AODV
150,30,7,6,3,172.032,0.046666667,42,4500,4.285714285714286,AOMDV,AODV
150,30,7,6,4,172.032,0.046666667,42,4500,4.285714285714286,AOMDV,AODV
150,30,7,6,5,172.032,0.046666667,42,4500,4.285714285714286,AOMDV,AODV
150,30,7,8,1,229.376,0.046666667,56,4500,4.285714285714286,AOMDV,AODV
150,30,7,8,2,229.376,0.046666667,56,4500,4.285714285714286,AOMDV,AODV
150,30,7,8,3,229.376,0.046666667,56,4500,4.285714285714286,AOMDV,AODV
150,30,7,8,4,229.376,0.046666667,56,4500,4.285714285714286,AOMDV,AODV
150,30,7,8,5,229.376,0.046666667,56,4500,4.285714285714286,AOMDV,AODV
150,30,10,3,1,122.88,0.066666667,30,4500,3,AOMDV,AODV
150,30,10,3,2,122.88,0.066666667,30,4500,3,AOMDV,AODV
150,30,10,3,3,122.88,0.066666667,30,4500,3,AOMDV,AODV
150,30,10,3,4,122.88,0.066666667,30,4500,3,AODV,AODV
150,30,10,3,5,122.88,0.066666667,30,4500,3,AOMDV,AODV
150,30,10,5,1,204.8,0.066666667,50,4500,3,AOMDV,AODV
150,30,10,5,2,204.8,0.066666667,50,4500,3,AOMDV,AODV
150,30,10,5,3,204.8,0.066666667,50,4500,3,AOMDV,AODV
150,30,10,5,4,204.8,0.066666667,50,4500,3,AOMDV,AODV
150,30,10,5,5,204.8,0.066666667,50,4500,3,AOMDV,AODV
150,30,10,6,1,245.76,0.066666667,60,4500,3,AOMDV,AOMDV
150,30,10,6,2,245.76,0.066666667,60,4500,3,AOMDV,AODV
150,30,10,6,3,245.76,0.066666667,60,4500,3,AOMDV,AODV
150,30,10,6,4,245.76,0.066666667,60,4500,3,AOMDV,AOMDV
150,30,10,6,5,245.76,0.066666667,60,4500,3,AOMDV,AODV
150,30,12,2,1,98.304,0.08,24,4500,2.5,AOMDV,AODV
150,30,12,2,2,98.304,0.08,24,4500,2.5,AODV,AODV
150,30,12,2,3,98.304,0.08,24,4500,2.5,AOMDV,AODV
150,30,12,2,4,98.304,0.08,24,4500,2.5,AOMDV,AODV
150,30,12,2,5,98.304,0.08,24,4500,2.5,AODV,AODV
150,30,12,3,1,147.456,0.08,36,4500,2.5,AOMDV,AODV
150,30,12,3,2,147.456,0.08,36,4500,2.5,AOMDV,AODV
150,30,12,3,3,147.456,0.08,36,4500,2.5,AOMDV,AODV
150,30,12,3,4,147.456,0.08,36,4500,2.5,AOMDV,AODV
150,30,12,3,5,147.456,0.08,36,4500,2.5,AODV,AODV
150,30,12,4,1,196.608,0.08,48,4500,2.5,AOMDV,AODV
150,30,12,4,2,196.608,0.08,48,4500,2.5,AOMDV,AODV
150,30,12,4,3,196.608,0.08,48,4500,2.5,AOMDV,AODV
150,30,12,4,4,196.608,0.08,48,4500,2.5,AOMDV,AODV
150,30,12,4,5,196.608,0.08,48,4500,2.5,AOMDV,AODV
150,30,12,5,1,245.76,0.08,60,4500,2.5,AOMDV,AODV
150,30,12,5,2,245.76,0.08,60,4500,2.5,AOMDV,AOMDV
150,30,12,5,3,245.76,0.08,60,4500,2.5,DSDV,AODV
150,30,12,5,4,245.76,0.08,60,4500,2.5,AOMDV,AODV
150,30,12,5,5,245.76,0.08,60,4500,2.5,AOMDV,AODV
150,30,12,6,1,294.912,0.08,72,4500,2.5,AOMDV,AOMDV
150,30,12,6,2,294.912,0.08,72,4500,2.5,AOMDV,AOMDV
150,30,12,6,3,294.912,0.08,72,4500,2.5,AOMDV,AODV
150,30,12,6,4,294.912,0.08,72,4500,2.5,AOMDV,AOMDV
150,30,12,6,5,294.912,0.08,72,4500,2.5,AOMDV,AOMDV
150,30,12,8,1,393.216,0.08,96,4500,2.5,AOMDV,AOMDV
150,30,12,8,2,393.216,0.08,96,4500,2.5,AOMDV,AOMDV
150,30,12,8,3,393.216,0.08,96,4500,2.5,AODV,AODV
150,30,12,8,4,393.216,0.08,96,4500,2.5,AODV,AODV
150,30,12,8,5,393.216,0.08,96,4500,2.5,AOMDV,AOMDV
150,30,15,3,1,184.32,0.1,45,4500,2,AOMDV,AODV
150,30,15,3,2,184.32,0.1,45,4500,2,AOMDV,AODV
150,30,15,3,3,184.32,0.1,45,4500,2,AOMDV,AODV
150,30,15,3,4,184.32,0.1,45,4500,2,AOMDV,AODV
150,30,15,3,5,184.32,0.1,45,4500,2,AOMDV,AODV
150,30,15,5,1,307.2,0.1,75,4500,2,AOMDV,AODV
150,30,15,5,2,307.2,0.1,75,4500,2,DSDV,AODV
150,30,15,5,3,307.2,0.1,75,4500,2,AODV,AODV
150,30,15,5,4,307.2,0.1,75,4500,2,AOMDV,AOMDV
150,30,15,5,5,307.2,0.1,75,4500,2,AOMDV,AOMDV
150,30,15,6,1,368.64,0.1,90,4500,2,AODV,AOMDV
150,30,15,6,2,368.64,0.1,90,4500,2,AODV,AODV
150,30,15,6,3,368.64,0.1,90,4500,2,AODV,AOMDV
150,30,15,6,4,368.64,0.1,90,4500,2,AODV,AOMDV
150,30,15,6,5,368.64,0.1,90,4500,2,AOMDV,AOMDV
150,30,18,2,1,147.456,0.12,36,4500,1.6666666666666667,AOMDV,AODV
150,30,18,2,2,147.456,0.12,36,4500,1.6666666666666667,AOMDV,AODV
150,30,18,2,3,147.456,0.12,36,4500,1.6666666666666667,AOMDV,AODV
150,30,18,2,4,147.456,0.12,36,4500,1.6666666666666667,AOMDV,AODV
150,30,18,2,5,147.456,0.12,36,4500,1.6666666666666667,AOMDV,AODV
150,30,18,3,1,221.184,0.12,54,4500,1.6666666666666667,AOMDV,AODV
150,30,18,3,2,221.184,0.12,54,4500,1.6666666666666667,AOMDV,AOMDV
150,30,18,3,3,221.184,0.12,54,4500,1.6666666666666667,AOMDV,AODV
150,30,18,3,4,221.184,0.12,54,4500,1.6666666666666667,AOMDV,AODV
150,30,18,3,5,221.184,0.12,54,4500,1.6666666666666667,AOMDV,AOMDV
150,30,18,4,1,294.912,0.12,72,4500,1.6666666666666667,AOMDV,AOMDV
150,30,18,4,2,294.912,0.12,72,4500,1.6666666666666667,AOMDV,AOMDV
150,30,18,4,3,294.912,0.12,72,4500,1.6666666666666667,AOMDV,AOMDV
150,30,18,4,4,294.912,0.12,72,4500,1.6666666666666667,AOMDV,AODV
150,30,18,4,5,294.912,0.12,72,4500,1.6666666666666667,AOMDV,AOMDV
150,30,18,5,1,368.64,0.12,90,4500,1.6666666666666667,AOMDV,AOMDV
150,30,18,5,2,368.64,0.12,90,4500,1.6666666666666667,AOMDV,AOMDV
150,30,18,5,3,368.64,0.12,90,4500,1.6666666666666667,AODV,AODV
150,30,18,5,4,368.64,0.12,90,4500,1.6666666666666667,AODV,AODV
150,30,18,5,5,368.64,0.12,90,4500,1.6666666666666667,AOMDV,AOMDV
150,30,18,6,1,442.368,0.12,108,4500,1.6666666666666667,AODV,AOMDV
150,30,18,6,2,442.368,0.12,108,4500,1.6666666666666667,AODV,AODV
150,30,18,6,3,442.368,0.12,108,4500,1.6666666666666667,AOMDV,AOMDV
150,30,18,6,4,442.368,0.12,108,4500,1.6666666666666667,AOMDV,AOMDV
150,30,18,6,5,442.368,0.12,108,4500,1.6666666666666667,AODV,AOMDV
150,30,18,8,1,589.824,0.12,144,4500,1.6666666666666667,AODV,AODV
150,30,18,8,2,589.824,0.12,144,4500,1.6666666666666667,AODV,AODV
150,30,18,8,3,589.824,0.12,144,4500,1.6666666666666667,AODV,AODV
150,30,18,8,4,589.824,0.12,144,4500,1.6666666666666667,DSDV,AOMDV
150,30,18,8,5,589.824,0.12,144,4500,1.6666666666666667,AODV,AODV
150,30,20,3,1,245.76,0.13333333333333333,60,4500,1.5,AOMDV,AOMDV
150,30,20,3,2,245.76,0.13333333333333333,60,4500,1.5,AOMDV,AOMDV
150,30,20,3,3,245.76,0.13333333333333333,60,4500,1.5,AOMDV,AODV
150,30,20,3,4,245.76,0.13333333333333333,60,4500,1.5,AOMDV,AOMDV
150,30,20,3,5,245.76,0.13333333333333333,60,4500,1.5,AOMDV,AOMDV
150,30,20,5,1,409.6,0.13333333333333333,100,4500,1.5,AOMDV,AOMDV
150,30,20,5,2,409.6,0.13333333333333333,100,4500,1.5,AODV,AOMDV
150,30,20,5,3,409.6,0.13333333333333333,100,4500,1.5,AODV,AODV
150,30,20,5,4,409.6,0.13333333333333333,100,4500,1.5,AODV,AOMDV
150,30,20,5,5,409.6,0.13333333333333333,100,4500,1.5,AOMDV,AOMDV
150,30,20,6,1,491.52,0.13333333333333333,120,4500,1.5,AODV,AOMDV
150,30,20,6,2,491.52,0.13333333333333333,120,4500,1.5,AODV,AODV
150,30,20,6,3,491.52,0.13333333333333333,120,4500,1.5,AODV,AODV
150,30,20,6,4,491.52,0.13333333333333333,120,4500,1.5,AOMDV,AODV
150,30,20,6,5,491.52,0.13333333333333333,120,4500,1.5,AODV,AOMDV
150,30,22,2,1,180.224,0.14666666666666667,44,4500,1.3636363636363635,AOMDV,AODV
150,30,22,2,2,180.224,0.14666666666666667,44,4500,1.3636363636363635,AOMDV,AODV
150,30,22,2,3,180.224,0.14666666666666667,44,4500,1.3636363636363635,AOMDV,AODV
150,30,22,2,4,180.224,0.14666666666666667,44,4500,1.3636363636363635,AOMDV,AODV
150,30,22,2,5,180.224,0.14666666666666667,44,4500,1.3636363636363635,AOMDV,AODV
150,30,22,3,1,270.336,0.14666666666666667,66,4500,1.3636363636363635,AOMDV,AOMDV
150,30,22,3,2,270.336,0.14666666666666667,66,4500,1.3636363636363635,AOMDV,AOMDV
150,30,22,3,3,270.336,0.14666666666666667,66,4500,1.3636363636363635,AOMDV,AOMDV
150,30,22,3,4,270.336,0.14666666666666667,66,4500,1.3636363636363635,AOMDV,AODV
150,30,22,3,5,270.336,0.14666666666666667,66,4500,1.3636363636363635,AOMDV,AOMDV
150,30,22,4,1,360.448,0.14666666666666667,88,4500,1.3636363636363635,DSDV,AOMDV
150,30,22,4,2,360.448,0.14666666666666667,88,4500,1.3636363636363635,AOMDV,AOMDV
150,30,22,4,3,360.448,0.14666666666666667,88,4500,1.3636363636363635,DSDV,AOMDV
150,30,22,4,4,360.448,0.14666666666666667,88,4500,1.3636363636363635,AODV,AOMDV
150,30,22,4,5,360.448,0.14666666666666667,88,4500,1.3636363636363635,AOMDV,AOMDV
150,30,22,5,1,450.56,0.14666666666666667,110,4500,1.3636363636363635,AODV,AOMDV
150,30,22,5,2,450.56,0.14666666666666667,110,4500,1.3636363636363635,DSDV,AOMDV
150,30,22,5,3,450.56,0.14666666666666667,110,4500,1.3636363636363635,AODV,AODV
150,30,22,5,4,450.56,0.14666666666666667,110,4500,1.3636363636363635,AODV,AODV
150,30,22,5,5,450.56,0.14666666666666667,110,4500,1.3636363636363635,AODV,AOMDV
150,30,22,6,1,540.672,0.14666666666666667,132,4500,1.3636363636363635,AODV,AODV
150,30,22,6,2,540.672,0.14666666666666667,132,4500,1.3636363636363635,DSDV,DSDV
150,30,22,6,3,540.672,0.14666666666666667,132,4500,1.3636363636363635,AODV,AODV
150,30,22,6,4,540.672,0.14666666666666667,132,4500,1.3636363636363635,AODV,AODV
150,30,22,6,5,540.672,0.14666666666666667,132,4500,1.3636363636363635,AODV,AODV
150,30,22,8,1,720.896,0.14666666666666667,176,4500,1.3636363636363635,AODV,AODV
150,30,22,8,2,720.896,0.14666666666666667,176,4500,1.3636363636363635,DSDV,AODV
150,30,22,8,3,720.896,0.14666666666666667,176,4500,1.3636363636363635,AODV,AODV
150,30,22,8,4,720.896,0.14666666666666667,176,4500,1.3636363636363635,AODV,AODV
150,30,22,8,5,720.896,0.14666666666666667,176,4500,1.3636363636363635,DSDV,DSDV
150,30,25,3,1,307.2,0.16666666666666666,75,4500,1.2,AOMDV,AOMDV
150,30,25,3,2,307.2,0.16666666666666666,75,4500,1.2,AOMDV,AOMDV
150,30,25,3,3,307.2,0.16666666666666666,75,4500,1.2,AOMDV,AODV
150,30,25,3,4,307.2,0.16666666666666666,75,4500,1.2,AOMDV,AOMDV
150,30,25,3,5,307.2,0.16666666666666666,75,4500,1.2,AOMDV,AOMDV
150,30,25,5,1,512,0.16666666666666666,125,4500,1.2,AODV,AODV
150,30,25,5,2,512,0.16666666666666666,125,4500,1.2,AODV,AODV
150,30,25,5,3,512,0.16666666666666666,125,4500,1.2,AODV,AODV
150,30,25,5,4,512,0.16666666666666666,125,4500,1.2,DSDV,AOMDV
150,30,25,5,5,512,0.16666666666666666,125,4500,1.2,DSDV,DSDV
150,30,25,6,1,614.4,0.16666666666666666,150,4500,1.2,DSDV,DSDV
150,30,25,6,2,614.4,0.16666666666666666,150,4500,1.2,DSDV,DSDV
150,30,25,6,3,614.4,0.16666666666666666,150,4500,1.2,AODV,AODV
150,30,25,6,4,614.4,0.16666666666666666,150,4500,1.2,DSDV,AODV
150,30,25,6,5,614.4,0.16666666666666666,150,4500,1.2,DSDV,AOMDV
150,40,5,3,1,61.44,0.033333333,15,6000,8,AOMDV,AODV
150,40,5,3,2,61.44,0.033333333,15,6000,8,AODV,AODV
150,40,5,3,3,61.44,0.033333333,15,6000,8,AOMDV,AODV
150,40,5,3,4,61.44,0.033333333,15,6000,8,AOMDV,AODV
150,40,5,3,5,61.44,0.033333333,15,6000,8,AOMDV,AODV
150,40,5,5,1,102.4,0.033333333,25,6000,8,AOMDV,AODV
150,40,5,5,2,102.4,0.033333333,25,6000,8,AODV,AODV
150,40,5,5,3,102.4,0.033333333,25,6000,8,AOMDV,AODV
150,40,5,5,4,102.4,0.033333333,25,6000,8,AOMDV,AODV
150,40,5,5,5,102.4,0.033333333,25,6000,8,AOMDV,AODV
150,40,5,6,1,122.88,0.033333333,30,6000,8,AOMDV,AODV
150,40,5,6,2,122.88,0.033333333,30,6000,8,AOMDV,AODV
150,40,5,6,3,122.88,0.033333333,30,6000,8,AODV,AODV
150,40,5,6,4,122.88,0.033333333,30,6000,8,AOMDV,AODV
150,40,5,6,5,122.88,0.033333333,30,6000,8,AOMDV,AODV
150,40,7,2,1,57.344,0.046666667,14,6000,5.714285714285714,AOMDV,AODV
150,40,7,2,2,57.344,0.046666667,14,6000,5.714285714285714,AODV,AODV
150,40,7,2,3,57.344,0.046666667,14,6000,5.714285714285714,AODV,AODV
150,40,7,2,4,57.344,0.046666667,14,6000,5.714285714285714,AOMDV,AODV
150,40,7,2,5,57.344,0.046666667,14,6000,5.714285714285714,AODV,AODV
150,40,7,3,1,86.016,0.046666667,21,6000,5.714285714285714,AOMDV,AODV
150,40,7,3,2,86.016,0.046666667,21,6000,5.714285714285714,AOMDV,AODV
150,40,7,3,3,86.016,0.046666667,21,6000,5.714285714285714,AODV,AODV
150,40,7,3,4,86.016,0.046666667,21,6000,5.714285714285714,AOMDV,AODV
150,40,7,3,5,86.016,0.046666667,21,6000,5.714285714285714,AODV,AODV
150,40,7,4,1,114.688,0.046666667,28,6000,5.714285714285714,AOMDV,AODV
150,40,7,4,2,114.688,0.046666667,28,6000,5.714285714285714,AOMDV,AODV
150,40,7,4,3,114.688,0.046666667,28,6000,5.714285714285714,AOMDV,AODV
150,40,7,4,4,114.688,0.046666667,28,6000,5.714285714285714,AOMDV,AODV
150,40,7,4,5,114.688,0.046666667,28,6000,5.714285714285714,AOMDV,AODV
150,40,7,5,1,143.36,0.046666667,35,6000,5.714285714285714,AOMDV,AODV
150,40,7,5,2,143.36,0.046666667,35,6000,5.714285714285714,AOMDV,AODV
150,40,7,5,3,143.36,0.046666667,35,6000,5.714285714285714,AOMDV,AODV
150,40,7,5,4,143.36,0.046666667,35,6000,5.714285714285714,AOMDV,AODV
150,40,7,5,5,143.36,0.046666667,35,6000,5.714285714285714,AOMDV,AODV
150,40,7,6,1,172.032,0.046666667,42,6000,5.714285714285714,AODV,AODV
150,40,7,6,2,172.032,0.046666667,42,6000,5.714285714285714,AOMDV,AODV
150,40,7,6,3,172.032,0.046666667,42,6000,5.714285714285714,AOMDV,AODV
150,40,7,6,4,172.032,0.046666667,42,6000,5.714285714285714,AOMDV,AODV
150,40,7,6,5,172.032,0.046666667,42,6000,5.714285714285714,AOMDV,AODV
150,40,7,8,1,229.376,0.046666667,56,6000,5.714285714285714,AOMDV,AODV
150,40,7,8,2,229.376,0.046666667,56,6000,5.714285714285714,AODV,AODV
150,40,7,8,3,229.376,0.046666667,56,6000,5.714285714285714,AOMDV,AODV
150,40,7,8,4,229.376,0.046666667,56,6000,5.714285714285714,AOMDV,AODV
150,40,7,8,5,229.376,0.046666667,56,6000,5.714285714285714,AOMDV,AODV
150,40,10,3,1,122.88,0.066666667,30,6000,4,AOMDV,AODV
150,40,10,3,2,122.88,0.066666667,30,6000,4,AOMDV,AODV
150,40,10,3,3,122.88,0.066666667,30,6000,4,AOMDV,AODV
150,40,10,3,4,122.88,0.066666667,30,6000,4,AOMDV,AODV
150,40,10,3,5,122.88,0.066666667,30,6000,4,AOMDV,AODV
150,40,10,5,1,204.8,0.066666667,50,6000,4,AOMDV,AODV
150,40,10,5,2,204.8,0.066666667,50,6000,4,AOMDV,AODV
150,40,10,5,3,204.8,0.066666667,50,6000,4,AOMDV,AODV
150,40,10,5,4,204.8,0.066666667,50,6000,4,AOMDV,AODV
150,40,10,5,5,204.8,0.066666667,50,6000,4,AOMDV,AODV
150,40,10,6,1,245.76,0.066666667,60,6000,4,AOMDV,AODV
150,40,10,6,2,245.76,0.066666667,60,6000,4,AOMDV,AOMDV
150,40,10,6,3,245.76,0.066666667,60,6000,4,AOMDV,AODV
150,40,10,6,4,245.76,0.066666667,60,6000,4,AOMDV,AODV
150,40,10,6,5,245.76,0.066666667,60,6000,4,AOMDV,AOMDV
150,40,12,2,1,98.304,0.08,24,6000,3.3333333333333335,AOMDV,AODV
150,40,12,2,2,98.304,0.08,24,6000,3.3333333333333335,AOMDV,AODV
150,40,12,2,3,98.304,0.08,24,6000,3.3333333333333335,AODV,AODV
150,40,12,2,4,98.304,0.08,24,6000,3.3333333333333335,AOMDV,AODV
150,40,12,2,5,98.304,0.08,24,6000,3.3333333333333335,AOMDV,AODV
150,40,12,3,1,147.456,0.08,36,6000,3.3333333333333335,AOMDV,AODV
150,40,12,3,2,147.456,0.08,36,6000,3.3333333333333335,AOMDV,AODV
150,40,12,3,3,147.456,0.08,36,6000,3.3333333333333335,AOMDV,AODV
150,40,12,3,4,147.456,0.08,36,6000,3.3333333333333335,AOMDV,AODV
150,40,12,3,5,147.456,0.08,36,6000,3.3333333333333335,AOMDV,AODV
150,40,12,4,1,196.608,0.08,48,6000,3.3333333333333335,AOMDV,AODV
150,40,12,4,2,196.608,0.08,48,6000,3.3333333333333335,AOMDV,AODV
150,40,12,4,3,196.608,0.08,48,6000,3.3333333333333335,AOMDV,AODV
150,40,12,4,4,196.608,0.08,48,6000,3.3333333333333335,AOMDV,AODV
150,40,12,4,5,196.608,0.08,48,6000,3.3333333333333335,AOMDV,AODV
150,40,12,5,1,245.76,0.08,60,6000,3.3333333333333335,AOMDV,AODV
150,40,12,5,2,245.76,0.08,60,6000,3.3333333333333335,AOMDV,AOMDV
150,40,12,5,3,245.76,0.08,60,6000,3.3333333333333335,AOMDV,AODV
150,40,12,5,4,245.76,0.08,60,6000,3.3333333333333335,AOMDV,AOMDV
150,40,12,5,5,245.76,0.08,60,6000,3.3333333333333335,AOMDV,AOMDV
150,40,12,6,1,294.912,0.08,72,6000,3.3333333333333335,AOMDV,AODV
150,40,12,6,2,294.912,0.08,72,6000,3.3333333333333335,AOMDV,AODV
150,40,12,6,3,294.912,0.08,72,6000,3.3333333333333335,AOMDV,AODV
150,40,12,6,4,294.912,0.08,72,6000,3.3333333333333335,AODV,AOMDV
150,40,12,6,5,294.912,0.08,72,6000,3.3333333333333335,AODV,AOMDV
150,40,12,8,1,393.216,0.08,96,6000,3.3333333333333335,AOMDV,AODV
150,40,12,8,2,393.216,0.08,96,6000,3.3333333333333335,AOMDV,AOMDV
150,40,12,8,3,393.216,0.08,96,6000,3.3333333333333335,AODV,AOMDV
150,40,12,8,4,393.216,0.08,96,6000,3.3333333333333335,AOMDV,AOMDV
150,40,12,8,5,393.216,0.08,96,6000,3.3333333333333335,AOMDV,AOMDV
150,40,15,3,1,184.32,0.1,45,6000,2.6666666666666665,AOMDV,AODV
150,40,15,3,2,184.32,0.1,45,6000,2.6666666666666665,AOMDV,AODV
150,40,15,3,3,184.32,0.1,45,6000,2.6666666666666665,AOMDV,AODV
150,40,15,3,4,184.32,0.1,45,6000,2.6666666666666665,AOMDV,AODV
150,40,15,3,5,184.32,0.1,45,6000,2.6666666666666665,AOMDV,AODV
150,40,15,5,1,307.2,0.1,75,6000,2.6666666666666665,AOMDV,AOMDV
150,40,15,5,2,307.2,0.1,75,6000,2.6666666666666665,AOMDV,AOMDV
150,40,15,5,3,307.2,0.1,75,6000,2.6666666666666665,AOMDV,AOMDV
150,40,15,5,4,307.2,0.1,75,6000,2.6666666666666665,AOMDV,AOMDV
150,40,15,5,5,307.2,0.1,75,6000,2.6666666666666665,AOMDV,AOMDV
150,40,15,6,1,368.64,0.1,90,6000,2.6666666666666665,DSDV,AOMDV
150,40,15,6,2,368.64,0.1,90,6000,2.6666666666666665,AOMDV,AOMDV
150,40,15,6,3,368.64,0.1,90,6000,2.6666666666666665,AODV,AODV
150,40,15,6,4,368.64,0.1,90,6000,2.6666666666666665,AODV,AODV
150,40,15,6,5,368.64,0.1,90,6000,2.6666666666666665,AODV,AOMDV
150,40,18,2,1,147.456,0.12,36,6000,2.2222222222222223,AOMDV,AODV
150,40,18,2,2,147.456,0.12,36,6000,2.2222222222222223,AODV,AODV
150,40,18,2,3,147.456,0.12,36,6000,2.2222222222222223,AOMDV,AODV
150,40,18,2,4,147.456,0.12,36,6000,2.2222222222222223,AODV,AODV
150,40,18,2,5,147.456,0.12,36,6000,2.2222222222222223,AOMDV,AODV
150,40,18,3,1,221.184,0.12,54,6000,2.2222222222222223,AOMDV,AODV
150,40,18,3,2,221.184,0.12,54,6000,2.2222222222222223,AOMDV,AODV
150,40,18,3,3,221.184,0.12,54,6000,2.2222222222222223,AOMDV,AODV
150,40,18,3,4,221.184,0.12,54,6000,2.2222222222222223,AOMDV,AODV
150,40,18,3,5,221.184,0.12,54,6000,2.2222222222222223,AOMDV,AOMDV
150,40,18,4,1,294.912,0.12,72,6000,2.2222222222222223,AOMDV,AOMDV
150,40,18,4,2,294.912,0.12,72,6000,2.2222222222222223,AOMDV,AODV
150,40,18,4,3,294.912,0.12,72,6000,2.2222222222222223,AOMDV,AOMDV
150,40,18,4,4,294.912,0.12,72,6000,2.2222222222222223,AOMDV,AOMDV
150,40,18,4,5,294.912,0.12,72,6000,2.2222222222222223,AOMDV,AOMDV
150,40,18,5,1,368.64,0.12,90,6000,2.2222222222222223,AODV,AOMDV
150,40,18,5,2,368.64,0.12,90,6000,2.2222222222222223,AOMDV,AOMDV
150,40,18,5,3,368.64,0.12,90,6000,2.2222222222222223,AODV,AOMDV
150,40,18,5,4,368.64,0.12,90,6000,2.2222222222222223,AOMDV,AOMDV
150,40,18,5,5,368.64,0.12,90,6000,2.2222222222222223,AODV,AODV
150,40,18,6,1,442.368,0.12,108,6000,2.2222222222222223,AOMDV,AOMDV
150,40,18,6,2,442.368,0.12,108,6000,2.2222222222222223,AODV,AODV
150,40,18,6,3,442.368,0.12,108,6000,2.2222222222222223,AOMDV,AOMDV
150,40,18,6,4,442.368,0.12,108,6000,2.2222222222222223,AODV,AOMDV
150,40,18,6,5,442.368,0.12,108,6000,2.2222222222222223,AOMDV,AOMDV
150,40,18,8,1,589.824,0.12,144,6000,2.2222222222222223,AODV,AODV
150,40,18,8,2,589.824,0.12,144,6000,2.2222222222222223,DSDV,AOMDV
150,40,18,8,3,589.824,0.12,144,6000,2.2222222222222223,AODV,AODV
150,40,18,8,4,589.824,0.12,144,6000,2.2222222222222223,AODV,AODV
150,40,18,8,5,589.824,0.12,144,6000,2.2222222222222223,AODV,AODV
150,40,20,3,1,245.76,0.13333333333333333,60,6000,2,AOMDV,AODV
150,40,20,3,2,245.76,0.13333333333333333,60,6000,2,AOMDV,AOMDV
150,40,20,3,3,245.76,0.13333333333333333,60,6000,2,AOMDV,AOMDV
150,40,20,3,4,245.76,0.13333333333333333,60,6000,2,AOMDV,AODV
150,40,20,3,5,245.76,0.13333333333333333,60,6000,2,AOMDV,AOMDV
150,40,20,5,1,409.6,0.13333333333333333,100,6000,2,AODV,AODV
150,40,20,5,2,409.6,0.13333333333333333,100,6000,2,AOMDV,AOMDV
150,40,20,5,3,409.6,0.13333333333333333,100,6000,2,AOMDV,AODV
150,40,20,5,4,409.6,0.13333333333333333,100,6000,2,AODV,AOMDV
150,40,20,5,5,409.6,0.13333333333333333,100,6000,2,AODV,AODV
150,40,20,6,1,491.52,0.13333333333333333,120,6000,2,AODV,AODV
150,40,20,6,2,491.52,0.13333333333333333,120,6000,2,DSDV,AOMDV
150,40,20,6,3,491.52,0.13333333333333333,120,6000,2,AOMDV,AOMDV
150,40,20,6,4,491.52,0.13333333333333333,120,6000,2,AOMDV,AOMDV
150,40,20,6,5,491.52,0.13333333333333333,120,6000,2,AODV,AODV
150,40,22,2,1,180.224,0.14666666666666667,44,6000,1.8181818181818181,AOMDV,AODV
150,40,22,2,2,180.224,0.14666666666666667,44,6000,1.8181818181818181,AOMDV,AODV
150,40,22,2,3,180.224,0.14666666666666667,44,6000,1.8181818181818181,AOMDV,AODV
150,40,22,2,4,180.224,0.14666666666666667,44,6000,1.8181818181818181,AOMDV,AODV
150,40,22,2,5,180.224,0.14666666666666667,44,6000,1.8181818181818181,AOMDV,AODV
150,40,22,3,1,270.336,0.14666666666666667,66,6000,1.8181818181818181,AOMDV,AOMDV
150,40,22,3,2,270.336,0.14666666666666667,66,6000,1.8181818181818181,AOMDV,AOMDV
150,40,22,3,3,270.336,0.14666666666666667,66,6000,1.8181818181818181,AOMDV,AODV
150,40,22,3,4,270.336,0.14666666666666667,66,6000,1.8181818181818181,AOMDV,AOMDV
150,40,22,3,5,270.336,0.14666666666666667,66,6000,1.8181818181818181,AOMDV,AOMDV
150,40,22,4,1,360.448,0.14666666666666667,88,6000,1.8181818181818181,AODV,AOMDV
150,40,22,4,2,360.448,0.14666666666666667,88,6000,1.8181818181818181,DSDV,AOMDV
150,40,22,4,3,360.448,0.14666666666666667,88,6000,1.8181818181818181,AODV,AOMDV
150,40,22,4,4,360.448,0.14666666666666667,88,6000,1.8181818181818181,AOMDV,AOMDV
150,40,22,4,5,360.448,0.14666666666666667,88,6000,1.8181818181818181,AOMDV,AOMDV
150,40,22,5,1,450.56,0.14666666666666667,110,6000,1.8181818181818181,DSDV,AOMDV
150,40,22,5,2,450.56,0.14666666666666667,110,6000,1.8181818181818181,DSDV,AOMDV
150,40,22,5,3,450.56,0.14666666666666667,110,6000,1.8181818181818181,AODV,AODV
150,40,22,5,4,450.56,0.14666666666666667,110,6000,1.8181818181818181,AOMDV,AOMDV
150,40,22,5,5,450.56,0.14666666666666667,110,6000,1.8181818181818181,DSDV,AODV
150,40,22,6,1,540.672,0.14666666666666667,132,6000,1.8181818181818181,AODV,AODV
150,40,22,6,2,540.672,0.14666666666666667,132,6000,1.8181818181818181,DSDV,DSDV
150,40,22,6,3,540.672,0.14666666666666667,132,6000,1.8181818181818181,AODV,AODV
150,40,22,6,4,540.672,0.14666666666666667,132,6000,1.8181818181818181,AODV,AODV
150,40,22,6,5,540.672,0.14666666666666667,132,6000,1.8181818181818181,DSDV,DSDV
150,40,22,8,1,720.896,0.14666666666666667,176,6000,1.8181818181818181,DSDV,DSDV
150,40,22,8,2,720.896,0.14666666666666667,176,6000,1.8181818181818181,DSDV,DSDV
150,40,22,8,3,720.896,0.14666666666666667,176,6000,1.8181818181818181,AODV,AODV
150,40,22,8,4,720.896,0.14666666666666667,176,6000,1.8181818181818181,AODV,AODV
150,40,22,8,5,720.896,0.14666666666666667,176,6000,1.8181818181818181,DSDV,AODV
150,40,25,3,1,307.2,0.16666666666666666,75,6000,1.6,AOMDV,AOMDV
150,40,25,3,2,307.2,0.16666666666666666,75,6000,1.6,AOMDV,AOMDV
150,40,25,3,3,307.2,0.16666666666666666,75,6000,1.6,AOMDV,AOMDV
150,40,25,3,4,307.2,0.16666666666666666,75,6000,1.6,AOMDV,AOMDV
150,40,25,3,5,307.2,0.16666666666666666,75,6000,1.6,AOMDV,AOMDV
150,40,25,5,1,512,0.16666666666666666,125,6000,1.6,DSDV,DSDV
150,40,25,5,2,512,0.16666666666666666,125,6000,1.6,DSDV,DSDV
150,40,25,5,3,512,0.16666666666666666,125,6000,1.6,AODV,AODV
150,40,25,5,4,512,0.16666666666666666,125,6000,1.6,DSDV,DSDV
150,40,25,5,5,512,0.16666666666666666,125,6000,1.6,DSDV,DSDV
150,40,25,6,1,614.4,0.16666666666666666,150,6000,1.6,DSDV,AOMDV
150,40,25,6,2,614.4,0.16666666666666666,150,6000,1.6,DSDV,DSDV
150,40,25,6,3,614.4,0.16666666666666666,150,6000,1.6,AODV,AODV
150,40,25,6,4,614.4,0.16666666666666666,150,6000,1.6,DSDV,DSDV
150,40,25,6,5,614.4,0.16666666666666666,150,6000,1.6,DSDV,DSDV
150,50,5,3,1,61.44,0.033333333,15,7500,10,AOMDV,AODV
150,50,5,3,2,61.44,0.033333333,15,7500,10,AOMDV,AODV
150,50,5,3,3,61.44,0.033333333,15,7500,10,AOMDV,AODV
150,50,5,3,4,61.44,0.033333333,15,7500,10,AOMDV,AODV
150,50,5,3,5,61.44,0.033333333,15,7500,10,AOMDV,AODV
150,50,5,5,1,102.4,0.033333333,25,7500,10,AOMDV,AOMDV
150,50,5,5,2,102.4,0.033333333,25,7500,10,AOMDV,AODV
150,50,5,5,3,102.4,0.033333333,25,7500,10,AOMDV,AODV
150,50,5,5,4,102.4,0.033333333,25,7500,10,AODV,AODV
150,50,5,5,5,102.4,0.033333333,25,7500,10,AOMDV,AODV
150,50,5,6,1,122.88,0.033333333,30,7500,10,AODV,AODV
150,50,5,6,2,122.88,0.033333333,30,7500,10,AOMDV,AOMDV
150,50,5,6,3,122.88,0.033333333,30,7500,10,AOMDV,AODV
150,50,5,6,4,122.88,0.033333333,30,7500,10,AOMDV,AODV
150,50,5,6,5,122.88,0.033333333,30,7500,10,AOMDV,AODV
150,50,7,2,1,57.344,0.046666667,14,7500,7.142857142857143,AOMDV,AODV
150,50,7,2,2,57.344,0.046666667,14,7500,7.142857142857143,AOMDV,AODV
150,50,7,2,3,57.344,0.046666667,14,7500,7.142857142857143,AOMDV,AODV
150,50,7,2,4,57.344,0.046666667,14,7500,7.142857142857143,AOMDV,AODV
150,50,7,2,5,57.344,0.046666667,14,7500,7.142857142857143,AOMDV,AODV
150,50,7,3,1,86.016,0.046666667,21,7500,7.142857142857143,AOMDV,AODV
150,50,7,3,2,86.016,0.046666667,21,7500,7.142857142857143,AOMDV,AODV
150,50,7,3,3,86.016,0.046666667,21,7500,7.142857142857143,AOMDV,AODV
150,50,7,3,4,86.016,0.046666667,21,7500,7.142857142857143,AODV,AODV
150,50,7,3,5,86.016,0.046666667,21,7500,7.142857142857143,AOMDV,AODV
150,50,7,4,1,114.688,0.046666667,28,7500,7.142857142857143,AOMDV,AODV
150,50,7,4,2,114.688,0.046666667,28,7500,7.142857142857143,AOMDV,AODV
150,50,7,4,3,114.688,0.046666667,28,7500,7.142857142857143,AOMDV,AODV
150,50,7,4,4,114.688,0.046666667,28,7500,7.142857142857143,AOMDV,AODV
150,50,7,4,5,114.688,0.046666667,28,7500,7.142857142857143,AOMDV,AODV
150,50,7,5,1,143.36,0.046666667,35,7500,7.142857142857143,AOMDV,AODV
150,50,7,5,2,143.36,0.046666667,35,7500,7.142857142857143,AOMDV,AODV
150,50,7,5,3,143.36,0.046666667,35,7500,7.142857142857143,AOMDV,AOMDV
150,50,7,5,4,143.36,0.046666667,35,7500,7.142857142857143,AOMDV,AODV
150,50,7,5,5,143.36,0.046666667,35,7500,7.142857142857143,AOMDV,AOMDV
150,50,7,6,1,172.032,0.046666667,42,7500,7.142857142857143,AOMDV,AODV
150,50,7,6,2,172.032,0.046666667,42,7500,7.142857142857143,AOMDV,AODV
150,50,7,6,3,172.032,0.046666667,42,7500,7.142857142857143,AOMDV,AODV
150,50,7,6,4,172.032,0.046666667,42,7500,7.142857142857143,AOMDV,AODV
150,50,7,6,5,172.032,0.046666667,42,7500,7.142857142857143,AOMDV,AOMDV
150,50,7,8,1,229.376,0.046666667,56,7500,7.142857142857143,AOMDV,AOMDV
150,50,7,8,2,229.376,0.046666667,56,7500,7.142857142857143,AOMDV,AODV
150,50,7,8,3,229.376,0.046666667,56,7500,7.142857142857143,AODV,AODV
150,50,7,8,4,229.376,0.046666667,56,7500,7.142857142857143,AOMDV,AOMDV
150,50,7,8,5,229.376,0.046666667,56,7500,7.142857142857143,AOMDV,AOMDV
150,50,10,3,1,122.88,0.066666667,30,7500,5,AOMDV,AODV
150,50,10,3,2,122.88,0.066666667,30,7500,5,AOMDV,AODV
150,50,10,3,3,122.88,0.066666667,30,7500,5,AOMDV,AODV
150,50,10,3,4,122.88,0.066666667,30,7500,5,AOMDV,AODV
150,50,10,3,5,122.88,0.066666667,30,7500,5,AOMDV,AODV
150,50,10,5,1,204.8,0.066666667,50,7500,5,AOMDV,AODV
150,50,10,5,2,204.8,0.066666667,50,7500,5,AOMDV,AODV
150,50,10,5,3,204.8,0.066666667,50,7500,5,AOMDV,AODV
150,50,10,5,4,204.8,0.066666667,50,7500,5,AOMDV,AODV
150,50,10,5,5,204.8,0.066666667,50,7500,5,AOMDV,AODV
150,50,10,6,1,245.76,0.066666667,60,7500,5,AOMDV,AODV
150,50,10,6,2,245.76,0.066666667,60,7500,5,AOMDV,AODV
150,50,10,6,3,245.76,0.066666667,60,7500,5,AOMDV,AODV
150,50,10,6,4,245.76,0.066666667,60,7500,5,AOMDV,AODV
150,50,10,6,5,245.76,0.066666667,60,7500,5,AOMDV,AODV
150,50,12,2,1,98.304,0.08,24,7500,4.166666666666667,DSDV,AODV
150,50,12,2,2,98.304,0.08,24,7500,4.166666666666667,AOMDV,AODV
150,50,12,2,3,98.304,0.08,24,7500,4.166666666666667,AOMDV,AODV
150,50,12,2,4,98.304,0.08,24,7500,4.166666666666667,AOMDV,AODV
150,50,12,2,5,98.304,0.08,24,7500,4.166666666666667,AODV,AODV
150,50,12,3,1,147.456,0.08,36,7500,4.166666666666667,AOMDV,AODV
150,50,12,3,2,147.456,0.08,36,7500,4.166666666666667,AOMDV,AODV
150,50,12,3,3,147.456,0.08,36,7500,4.166666666666667,AOMDV,AODV
150,50,12,3,4,147.456,0.08,36,7500,4.166666666666667,AODV,AODV
150,50,12,3,5,147.456,0.08,36,7500,4.166666666666667,AOMDV,AODV
150,50,12,4,1,196.608,0.08,48,7500,4.166666666666667,AOMDV,AODV
150,50,12,4,2,196.608,0.08,48,7500,4.166666666666667,AOMDV,AODV
150,50,12,4,3,196.608,0.08,48,7500,4.166666666666667,AOMDV,AODV
150,50,12,4,4,196.608,0.08,48,7500,4.166666666666667,AOMDV,AODV
150,50,12,4,5,196.608,0.08,48,7500,4.166666666666667,AOMDV,AODV
150,50,12,5,1,245.76,0.08,60,7500,4.166666666666667,AOMDV,AODV
150,50,12,5,2,245.76,0.08,60,7500,4.166666666666667,AOMDV,AODV
150,50,12,5,3,245.76,0.08,60,7500,4.166666666666667,AOMDV,AODV
150,50,12,5,4,245.76,0.08,60,7500,4.166666666666667,AOMDV,AODV
150,50,12,5,5,245.76,0.08,60,7500,4.166666666666667,AOMDV,AOMDV
150,50,12,6,1,294.912,0.08,72,7500,4.166666666666667,AOMDV,AODV
150,50,12,6,2,294.912,0.08,72,7500,4.166666666666667,AOMDV,AOMDV
150,50,12,6,3,294.912,0.08,72,7500,4.166666666666667,AOMDV,AODV
150,50,12,6,4,294.912,0.08,72,7500,4.166666666666667,AOMDV,AOMDV
150,50,12,6,5,294.912,0.08,72,7500,4.166666666666667,AOMDV,AODV
150,50,12,8,1,393.216,0.08,96,7500,4.166666666666667,AODV,AODV
150,50,12,8,2,393.216,0.08,96,7500,4.166666666666667,AOMDV,AOMDV
150,50,12,8,3,393.216,0.08,96,7500,4.166666666666667,AODV,AODV
150,50,12,8,4,393.216,0.08,96,7500,4.166666666666667,AOMDV,AOMDV
150,50,12,8,5,393.216,0.08,96,7500,4.166666666666667,AOMDV,AOMDV
150,50,15,3,1,184.32,0.1,45,7500,3.3333333333333335,AOMDV,AODV
150,50,15,3,2,184.32,0.1,45,7500,3.3333333333333335,AOMDV,AODV
150,50,15,3,3,184.32,0.1,45,7500,3.3333333333333335,AOMDV,AODV
150,50,15,3,4,184.32,0.1,45,7500,3.3333333333333335,AOMDV,AODV
150,50,15,3,5,184.32,0.1,45,7500,3.3333333333333335,AOMDV,AODV
150,50,15,5,1,307.2,0.1,75,7500,3.3333333333333335,AOMDV,AODV
150,50,15,5,2,307.2,0.1,75,7500,3.3333333333333335,AOMDV,AOMDV
150,50,15,5,3,307.2,0.1,75,7500,3.3333333333333335,AODV,AODV
150,50,15,5,4,307.2,0.1,75,7500,3.3333333333333335,AOMDV,AOMDV
150,50,15,5,5,307.2,0.1,75,7500,3.3333333333333335,AOMDV,AOMDV
150,50,15,6,1,368.64,0.1,90,7500,3.3333333333333335,AODV,AODV
150,50,15,6,2,368.64,0.1,90,7500,3.3333333333333335,AOMDV,AOMDV
150,50,15,6,3,368.64,0.1,90,7500,3.3333333333333335,AOMDV,AOMDV
150,50,15,6,4,368.64,0.1,90,7500,3.3333333333333335,AOMDV,AOMDV
150,50,15,6,5,368.64,0.1,90,7500,3.3333333333333335,AOMDV,AOMDV
150,50,18,2,1,147.456,0.12,36,7500,2.7777777777777777,AOMDV,AODV
150,50,18,2,2,147.456,0.12,36,7500,2.7777777777777777,AOMDV,AODV
150,50,18,2,3,147.456,0.12,36,7500,2.7777777777777777,AOMDV,AODV
150,50,18,2,4,147.456,0.12,36,7500,2.7777777777777777,AOMDV,AODV
150,50,18,2,5,147.456,0.12,36,7500,2.7777777777777777,AODV,AODV
150,50,18,3,1,221.184,0.12,54,7500,2.7777777777777777,AOMDV,AODV
150,50,18,3,2,221.184,0.12,54,7500,2.7777777777777777,AOMDV,AODV
150,50,18,3,3,221.184,0.12,54,7500,2.7777777777777777,AOMDV,AODV
150,50,18,3,4,221.184,0.12,54,7500,2.7777777777777777,AOMDV,AODV
150,50,18,3,5,221.184,0.12,54,7500,2.7777777777777777,AOMDV,AODV
150,50,18,4,1,294.912,0.12,72,7500,2.7777777777777777,AODV,AODV
150,50,18,4,2,294.912,0.12,72,7500,2.7777777777777777,AOMDV,AOMDV
150,50,18,4,3,294.912,0.12,72,7500,2.7777777777777777,AODV,AOMDV
150,50,18,4,4,294.912,0.12,72,7500,2.7777777777777777,AOMDV,AOMDV
150,50,18,4,5,294.912,0.12,72,7500,2.7777777777777777,AOMDV,AOMDV
150,50,18,5,1,368.64,0.12,90,7500,2.7777777777777777,AODV,AODV
150,50,18,5,2,368.64,0.12,90,7500,2.7777777777777777,AOMDV,AOMDV
150,50,18,5,3,368.64,0.12,90,7500,2.7777777777777777,AOMDV,AOMDV
150,50,18,5,4,368.64,0.12,90,7500,2.7777777777777777,AODV,AODV
150,50,18,5,5,368.64,0.12,90,7500,2.7777777777777777,AOMDV,AOMDV
150,50,18,6,1,442.368,0.12,108,7500,2.7777777777777777,AODV,AODV
150,50,18,6,2,442.368,0.12,108,7500,2.7777777777777777,AOMDV,AOMDV
150,50,18,6,3,442.368,0.12,108,7500,2.7777777777777777,AODV,AOMDV
150,50,18,6,4,442.368,0.12,108,7500,2.7777777777777777,AODV,AODV
150,50,18,6,5,442.368,0.12,108,7500,2.7777777777777777,AOMDV,AOMDV
150,50,18,8,1,589.824,0.12,144,7500,2.7777777777777777,AODV,AODV
150,50,18,8,2,589.824,0.12,144,7500,2.7777777777777777,AOMDV,AOMDV
150,50,18,8,3,589.824,0.12,144,7500,2.7777777777777777,AODV,AODV
150,50,18,8,4,589.824,0.12,144,7500,2.7777777777777777,AODV,AODV
150,50,18,8,5,589.824,0.12,144,7500,2.7777777777777777,AOMDV,AOMDV
150,50,20,3,1,245.76,0.13333333333333333,60,7500,2.5,AOMDV,AODV
150,50,20,3,2,245.76,0.13333333333333333,60,7500,2.5,AOMDV,AOMDV
150,50,20,3,3,245.76,0.13333333333333333,60,7500,2.5,AOMDV,AOMDV
150,50,20,3,4,245.76,0.13333333333333333,60,7500,2.5,AOMDV,AODV
150,50,20,3,5,245.76,0.13333333333333333,60,7500,2.5,AOMDV,AOMDV
150,50,20,5,1,409.6,0.13333333333333333,100,7500,2.5,AODV,AODV
150,50,20,5,2,409.6,0.13333333333333333,100,7500,2.5,AOMDV,AOMDV
150,50,20,5,3,409.6,0.13333333333333333,100,7500,2.5,AODV,AODV
150,50,20,5,4,409.6,0.13333333333333333,100,7500,2.5,AOMDV,AOMDV
150,50,20,5,5,409.6,0.13333333333333333,100,7500,2.5,AOMDV,AOMDV
150,50,20,6,1,491.52,0.13333333333333333,120,7500,2.5,AODV,AODV
150,50,20,6,2,491.52,0.13333333333333333,120,7500,2.5,AOMDV,AOMDV
150,50,20,6,3,491.52,0.13333333333333333,120,7500,2.5,AODV,AODV
150,50,20,6,4,491.52,0.13333333333333333,120,7500,2.5,AODV,AODV
150,50,20,6,5,491.52,0.13333333333333333,120,7500,2.5,AODV,AOMDV
150,50,22,2,1,180.224,0.14666666666666667,44,7500,2.272727272727273,AOMDV,AODV
150,50,22,2,2,180.224,0.14666666666666667,44,7500,2.272727272727273,AOMDV,AODV
150,50,22,2,3,180.224,0.14666666666666667,44,7500,2.272727272727273,AOMDV,AODV
150,50,22,2,4,180.224,0.14666666666666667,44,7500,2.272727272727273,AOMDV,AODV
150,50,22,2,5,180.224,0.14666666666666667,44,7500,2.272727272727273,AOMDV,AODV
150,50,22,3,1,270.336,0.14666666666666667,66,7500,2.272727272727273,AOMDV,AODV
150,50,22,3,2,270.336,0.14666666666666667,66,7500,2.272727272727273,AOMDV,AOMDV
150,50,22,3,3,270.336,0.14666666666666667,66,7500,2.272727272727273,AOMDV,AOMDV
150,50,22,3,4,270.336,0.14666666666666667,66,7500,2.272727272727273,AOMDV,AOMDV
150,50,22,3,5,270.336,0.14666666666666667,66,7500,2.272727272727273,AOMDV,AOMDV
150,50,22,4,1,360.448,0.14666666666666667,88,7500,2.272727272727273,AODV,AODV
150,50,22,4,2,360.448,0.14666666666666667,88,7500,2.272727272727273,AOMDV,AOMDV
150,50,22,4,3,360.448,0.14666666666666667,88,7500,2.272727272727273,DSDV,AOMDV
150,50,22,4,4,360.448,0.14666666666666667,88,7500,2.272727272727273,AODV,AOMDV
150,50,22,4,5,360.448,0.14666666666666667,88,7500,2.272727272727273,AOMDV,AOMDV
150,50,22,5,1,450.56,0.14666666666666667,110,7500,2.272727272727273,AODV,AODV
150,50,22,5,2,450.56,0.14666666666666667,110,7500,2.272727272727273,AOMDV,AOMDV
150,50,22,5,3,450.56,0.14666666666666667,110,7500,2.272727272727273,AODV,AODV
150,50,22,5,4,450.56,0.14666666666666667,110,7500,2.272727272727273,AODV,AODV
150,50,22,5,5,450.56,0.14666666666666667,110,7500,2.272727272727273,AODV,AOMDV
150,50,22,6,1,540.672,0.14666666666666667,132,7500,2.272727272727273,AODV,AODV
150,50,22,6,2,540.672,0.14666666666666667,132,7500,2.272727272727273,AODV,AOMDV
150,50,22,6,3,540.672,0.14666666666666667,132,7500,2.272727272727273,AODV,AODV
150,50,22,6,4,540.672,0.14666666666666667,132,7500,2.272727272727273,AODV,AODV
150,50,22,6,5,540.672,0.14666666666666667,132,7500,2.272727272727273,DSDV,AOMDV
150,50,22,8,1,720.896,0.14666666666666667,176,7500,2.272727272727273,AODV,AODV
150,50,22,8,2,720.896,0.14666666666666667,176,7500,2.272727272727273,AOMDV,AOMDV
150,50,22,8,3,720.896,0.14666666666666667,176,7500,2.272727272727273,AODV,AODV
150,50,22,8,4,720.896,0.14666666666666667,176,7500,2.272727272727273,AODV,AODV
150,50,22,8,5,720.896,0.14666666666666667,176,7500,2.272727272727273,DSDV,AOMDV
150,50,25,3,1,307.2,0.16666666666666666,75,7500,2,AOMDV,AOMDV
150,50,25,3,2,307.2,0.16666666666666666,75,7500,2,AOMDV,AOMDV
150,50,25,3,3,307.2,0.16666666666666666,75,7500,2,AOMDV,AODV
150,50,25,3,4,307.2,0.16666666666666666,75,7500,2,AOMDV,AOMDV
150,50,25,3,5,307.2,0.16666666666666666,75,7500,2,AOMDV,AOMDV
150,50,25,5,1,512,0.16666666666666666,125,7500,2,DSDV,DSDV
150,50,25,5,2,512,0.16666666666666666,125,7500,2,AOMDV,AOMDV
150,50,25,5,3,512,0.16666666666666666,125,7500,2,AODV,AODV
150,50,25,5,4,512,0.16666666666666666,125,7500,2,DSDV,AOMDV
150,50,25,5,5,512,0.16666666666666666,125,7500,2,DSDV,DSDV
150,50,25,6,1,614.4,0.16666666666666666,150,7500,2,DSDV,DSDV
150,50,25,6,2,614.4,0.16666666666666666,150,7500,2,DSDV,AOMDV
150,50,25,6,3,614.4,0.16666666666666666,150,7500,2,AODV,AODV
150,50,25,6,4,614.4,0.16666666666666666,150,7500,2,AODV,AODV
150,50,25,6,5,614.4,0.16666666666666666,150,7500,2,DSDV,DSDV
