Instance_ID,Simulation_Seed,Retry_Round,Triplet_Attempt,Protocol,Nodes,Speed_kmh,Flows,Packet_Rate_pps,Mobility_Seed,Packet_Size_Bytes,Base_Traffic_Start_s,Base_Traffic_Stop_s,Flow_Start_Stagger_s,Latest_Flow_Start_s,Latest_Flow_Stop_s,Per_Flow_Traffic_Duration_s,Aggregate_Traffic_Window_s,Sent_Packets,Received_Packets,Lost_Packets,PDR_Percent,Packet_Loss_Percent,Avg_End_to_End_Delay_ms,Avg_Jitter_ms,Throughput_kbps,Routing_Packets_Tx,Routing_Packets_Originated,Routing_Packets_Forwarded,Normalized_Routing_Load,RTR_CBR_Drop_Events,First_CBR_Send_s,Last_CBR_Send_s,First_CBR_Receive_s,Last_CBR_Receive_s,QoS_Validation
INST_0001,100001,1,1,AODV,50,20,5,2,1,512,20.0,290.0,0.037,20.148,290.148,270.0,270.148,2700,2381,319,88.185185,11.814815,125.904191,31.467917,36.100863,5380,5159,221,2.259555,315,20.0,289.648,20.015752993,289.660099193,PASS
INST_0001,100001,1,1,DSDV,50,20,5,2,1,512,20.0,290.0,0.037,20.148,290.148,270.0,270.148,2700,1565,1135,57.962963,42.037037,116.818471,107.469653,23.728623,2796,2796,0,1.786581,1063,20.0,289.648,20.008589557,289.65995905,PASS
INST_0001,100001,1,1,AOMDV,50,20,5,2,1,512,20.0,290.0,0.037,20.148,290.148,270.0,270.148,2700,1970,730,72.962963,27.037037,18.631373,7.671504,29.869257,17962,17742,220,9.117766,728,20.0,289.648,20.117926722,289.66021905,PASS
INST_0002,100002,1,1,AODV,50,20,5,2,2,512,20.0,290.0,0.037,20.148,290.148,270.0,270.148,2700,2661,39,98.555556,1.444444,44.130183,16.490178,40.34624,4501,4314,187,1.691469,38,20.0,289.648,20.013029934,289.671562764,PASS
INST_0002,100002,1,1,DSDV,50,20,5,2,2,512,20.0,290.0,0.037,20.148,290.148,270.0,270.148,2700,1754,946,64.962963,35.037037,9.782088,1.419517,26.594252,2600,2600,0,1.482326,929,20.0,289.648,20.008890701,289.622899369,PASS
INST_0002,100002,1,1,AOMDV,50,20,5,2,2,512,20.0,290.0,0.037,20.148,290.148,270.0,270.148,2700,2271,429,84.111111,15.888889,18.693356,5.772473,34.433037,16290,16127,163,7.173052,426,20.0,289.648,20.018450476,289.622819192,PASS
INST_0003,100003,1,1,AODV,50,20,5,2,3,512,20.0,290.0,0.037,20.148,290.148,270.0,270.148,2700,2620,80,97.037037,2.962963,37.043207,16.262482,39.724595,5485,5219,266,2.093511,79,20.0,289.648,20.083163685,289.672280514,PASS
INST_0003,100003,1,1,DSDV,50,20,5,2,3,512,20.0,290.0,0.037,20.148,290.148,270.0,270.148,2700,1475,1225,54.62963,45.37037,16.482129,3.404153,22.364037,2638,2638,0,1.788475,1097,20.0,289.648,24.058372396,289.677331285,PASS
INST_0003,100003,1,1,AOMDV,50,20,5,2,3,512,20.0,290.0,0.037,20.148,290.148,270.0,270.148,2700,2235,465,82.777778,17.222222,20.138633,6.628797,33.887203,16717,16489,228,7.479642,463,20.0,289.648,20.188639314,289.666167352,PASS
INST_0004,100004,1,1,AODV,50,20,5,2,4,512,20.0,290.0,0.037,20.148,290.148,270.0,270.148,2700,2688,12,99.555556,0.444444,13.936462,3.340822,40.755615,926,901,25,0.344494,12,20.0,289.648,20.013523957,289.659658999,PASS
INST_0004,100004,1,1,DSDV,50,20,5,2,4,512,20.0,290.0,0.037,20.148,290.148,270.0,270.148,2700,2471,229,91.518519,8.481481,7.102691,0.620785,37.465449,2862,2862,0,1.158236,208,20.0,289.648,20.00850706,289.653777795,PASS
INST_0004,100004,1,1,AOMDV,50,20,5,2,4,512,20.0,290.0,0.037,20.148,290.148,270.0,270.148,2700,2621,79,97.074074,2.925926,9.233672,1.270995,39.739757,14522,14472,50,5.540633,77,20.0,289.648,20.029314689,289.654910111,PASS
INST_0005,100005,1,1,AODV,50,20,5,2,5,512,20.0,290.0,0.037,20.148,290.148,270.0,270.148,2700,2556,144,94.666667,5.333333,79.736241,24.573199,38.754224,4672,4517,155,1.827856,136,20.0,289.648,20.205792457,290.069847192,PASS
INST_0005,100005,1,1,DSDV,50,20,5,2,5,512,20.0,290.0,0.037,20.148,290.148,270.0,270.148,2700,1875,825,69.444444,30.555556,105.07244,95.248822,28.428861,2719,2719,0,1.450133,755,20.0,289.648,20.129206382,289.62288001,PASS
INST_0005,100005,1,1,AOMDV,50,20,5,2,5,512,20.0,290.0,0.037,20.148,290.148,270.0,270.148,2700,2218,482,82.148148,17.851852,21.151672,7.915964,33.629448,17314,17152,162,7.806132,478,20.0,289.648,20.230485106,289.666898021,PASS
INST_0006,100006,1,1,AODV,50,20,5,4,1,512,20.0,290.0,0.037,20.148,290.148,270.0,270.148,5400,4752,648,88.0,12.0,132.692004,17.108909,72.050106,5530,5272,258,1.163721,641,20.0,289.898,20.041270181,289.909599191,PASS
INST_0006,100006,1,1,DSDV,50,20,5,4,1,512,20.0,290.0,0.037,20.148,290.148,270.0,270.148,5400,3106,2294,57.518519,42.481481,11.919839,1.204414,47.093356,2976,2976,0,0.958146,2166,20.0,289.898,20.008109557,289.909908805,PASS
INST_0006,100006,1,1,AOMDV,50,20,5,4,1,512,20.0,290.0,0.037,20.148,290.148,270.0,270.148,5400,3862,1538,71.518519,28.481481,18.861709,6.024435,58.555873,18326,18071,255,4.74521,1528,20.0,289.898,20.090760923,289.82991768,PASS
INST_0007,100007,1,1,AODV,50,20,5,4,2,512,20.0,290.0,0.037,20.148,290.148,270.0,270.148,5400,5346,54,99.0,1.0,67.52737,9.476095,81.056369,4431,4236,195,0.828844,50,20.0,289.898,20.014454488,289.922224319,PASS
INST_0007,100007,1,1,DSDV,50,20,5,4,2,512,20.0,290.0,0.037,20.148,290.148,270.0,270.148,5400,3700,1700,68.518519,31.481481,9.788439,0.953754,56.099619,2518,2518,0,0.680541,1587,20.0,289.898,20.008690701,289.872339357,PASS
INST_0007,100007,1,1,AOMDV,50,20,5,4,2,512,20.0,290.0,0.037,20.148,290.148,270.0,270.148,5400,4498,902,83.296296,16.703704,14.970847,2.588186,68.198943,16173,16007,166,3.595598,892,20.0,289.898,20.017207333,289.879499234,PASS
INST_0008,100008,1,1,AODV,50,20,5,4,3,512,20.0,290.0,0.037,20.148,290.148,270.0,270.148,5400,5284,116,97.851852,2.148148,63.374499,16.558019,80.116321,6697,6363,334,1.267411,112,20.0,289.898,20.150241883,289.946108935,PASS
INST_0008,100008,1,1,DSDV,50,20,5,4,3,512,20.0,290.0,0.037,20.148,290.148,270.0,270.148,5400,3354,2046,62.111111,37.888889,11.837386,1.222563,50.853547,2889,2889,0,0.86136,1889,20.0,289.898,20.054726162,289.916182827,PASS
INST_0008,100008,1,1,AOMDV,50,20,5,4,3,512,20.0,290.0,0.037,20.148,290.148,270.0,270.148,5400,4401,999,81.5,18.5,17.353492,3.696927,66.728223,16719,16493,226,3.798909,998,20.0,289.898,20.110071271,289.878402048,PASS
INST_0009,100009,1,1,AODV,50,20,5,4,4,512,20.0,290.0,0.037,20.148,290.148,270.0,270.148,5400,5387,13,99.759259,0.240741,25.566711,2.259815,81.678014,1033,1010,23,0.191758,13,20.0,289.898,20.033987279,289.909838984,PASS
INST_0009,100009,1,1,DSDV,50,20,5,4,4,512,20.0,290.0,0.037,20.148,290.148,270.0,270.148,5400,4943,457,91.537037,8.462963,6.92582,0.446118,74.946059,2827,2827,0,0.57192,427,20.0,289.898,20.00886706,289.903597794,PASS
INST_0009,100009,1,1,AOMDV,50,20,5,4,4,512,20.0,290.0,0.037,20.148,290.148,270.0,270.148,5400,5210,190,96.481481,3.518519,8.867035,0.874766,78.994329,14529,14479,50,2.788676,180,20.0,289.898,20.027417242,289.904097794,PASS
INST_0010,100010,1,1,AODV,50,20,5,4,5,512,20.0,290.0,0.037,20.148,290.148,270.0,270.148,5400,5139,261,95.166667,4.833333,122.58566,17.793218,77.917823,5350,5175,175,1.041059,260,20.0,289.898,20.130794313,289.922083766,PASS
INST_0010,100010,1,1,DSDV,50,20,5,4,5,512,20.0,290.0,0.037,20.148,290.148,270.0,270.148,5400,3739,1661,69.240741,30.759259,10.823851,1.532591,56.69094,2780,2780,0,0.743514,1402,20.0,289.898,24.138813436,289.873300014,PASS
INST_0010,100010,1,1,AOMDV,50,20,5,4,5,512,20.0,290.0,0.037,20.148,290.148,270.0,270.148,5400,4505,895,83.425926,16.574074,22.633244,4.485944,68.305077,17273,17142,131,3.834184,881,20.0,289.898,20.2183489,289.87355392,PASS
INST_0011,100011,1,1,AODV,50,20,5,8,1,512,20.0,290.0,0.037,20.148,290.148,270.0,270.148,10800,9038,1762,83.685185,16.314815,141.253772,27.101788,137.034692,10252,9677,575,1.134322,1715,20.0,290.023,20.018859766,290.03465905,PASS
INST_0011,100011,1,1,DSDV,50,20,5,8,1,512,20.0,290.0,0.037,20.148,290.148,270.0,270.148,10800,5769,5031,53.416667,46.583333,18.675423,4.408921,87.46992,2915,2915,0,0.505287,4807,20.0,290.023,20.008989557,290.034540107,PASS
INST_0011,100011,1,1,AOMDV,50,20,5,8,1,512,20.0,290.0,0.037,20.148,290.148,270.0,270.148,10800,7997,2803,74.046296,25.953704,26.161989,7.579687,121.250988,18092,17886,206,2.262348,2785,20.0,290.023,20.05869701,290.03491905,PASS
INST_0012,100012,1,1,AODV,50,20,5,8,2,512,20.0,290.0,0.037,20.148,290.148,270.0,270.148,10800,10666,134,98.759259,1.240741,59.209538,11.317997,161.718525,5079,4839,240,0.476186,129,20.0,290.023,20.019738282,290.053125139,PASS
INST_0012,100012,1,1,DSDV,50,20,5,8,2,512,20.0,290.0,0.037,20.148,290.148,270.0,270.148,10800,7027,3773,65.064815,34.935185,28.497017,18.596671,106.543791,2572,2572,0,0.366017,3573,20.0,290.023,20.008350701,289.998159357,PASS
INST_0012,100012,1,1,AOMDV,50,20,5,8,2,512,20.0,290.0,0.037,20.148,290.148,270.0,270.148,10800,9227,1573,85.435185,14.564815,21.434253,5.464531,139.900321,16034,15861,173,1.737726,1571,20.0,290.023,20.013243518,290.052824676,PASS
INST_0013,100013,1,1,AODV,50,20,5,8,3,512,20.0,290.0,0.037,20.148,290.148,270.0,270.148,10800,10043,757,92.990741,7.009259,130.415025,17.783645,152.272562,8894,8377,517,0.885592,733,20.0,290.023,20.079000732,290.062299998,PASS
INST_0013,100013,1,1,DSDV,50,20,5,8,3,512,20.0,290.0,0.037,20.148,290.148,270.0,270.148,10800,5896,4904,54.592593,45.407407,17.492222,3.846498,89.395502,2686,2686,0,0.455563,4404,20.0,290.023,25.101266535,290.04126167,PASS
INST_0013,100013,1,1,AOMDV,50,20,5,8,3,512,20.0,290.0,0.037,20.148,290.148,270.0,270.148,10800,8882,1918,82.240741,17.759259,33.822818,8.131867,134.669411,16854,16620,234,1.897546,1914,20.0,290.023,20.070647476,290.040960217,PASS
INST_0014,100014,1,1,AODV,50,20,5,8,4,512,20.0,290.0,0.037,20.148,290.148,270.0,270.148,10800,10788,12,99.888889,0.111111,11.114711,0.743677,163.568296,841,820,21,0.077957,12,20.0,290.023,20.030854683,290.034878977,PASS
INST_0014,100014,1,1,DSDV,50,20,5,8,4,512,20.0,290.0,0.037,20.148,290.148,270.0,270.148,10800,10167,633,94.138889,5.861111,7.141937,0.459205,154.152657,2726,2726,0,0.268122,595,20.0,290.023,20.00922706,290.028557793,PASS
INST_0014,100014,1,1,AOMDV,50,20,5,8,4,512,20.0,290.0,0.037,20.148,290.148,270.0,270.148,10800,10184,616,94.296296,5.703704,8.614799,0.816784,154.410412,14762,14692,70,1.449529,600,20.0,290.023,20.048875408,290.028577793,PASS
INST_0015,100015,1,1,AODV,50,20,5,8,5,512,20.0,290.0,0.037,20.148,290.148,270.0,270.148,10800,10229,571,94.712963,5.287037,136.721257,13.7125,155.092705,7491,7166,325,0.73233,542,20.0,290.023,20.21363727,290.04700265,PASS
INST_0015,100015,1,1,DSDV,50,20,5,8,5,512,20.0,290.0,0.037,20.148,290.148,270.0,270.148,10800,7192,3608,66.592593,33.407407,10.719199,1.679825,109.045531,2759,2759,0,0.383621,3401,20.0,290.023,34.625974437,290.040921165,PASS
INST_0015,100015,1,1,AOMDV,50,20,5,8,5,512,20.0,290.0,0.037,20.148,290.148,270.0,270.148,10800,8934,1866,82.722222,17.277778,33.110975,8.018663,135.457838,17264,17092,172,1.932393,1855,20.0,290.023,20.181739651,290.04090255,PASS
INST_0016,100016,1,1,AODV,50,20,10,2,1,512,20.0,290.0,0.037,20.333,290.333,270.0,270.333,5400,4757,643,88.092593,11.907407,82.5896,27.474932,72.076557,8051,7744,307,1.692453,620,20.0,289.833,20.013216392,289.845259192,PASS
INST_0016,100016,1,1,DSDV,50,20,10,2,1,512,20.0,290.0,0.037,20.333,290.333,270.0,270.333,5400,3457,1943,64.018519,35.981481,18.054195,10.529968,52.379369,2863,2863,0,0.828175,1787,20.0,289.833,20.008549557,289.844600127,PASS
INST_0016,100016,1,1,AOMDV,50,20,10,2,1,512,20.0,290.0,0.037,20.333,290.333,270.0,270.333,5400,4257,1143,78.833333,21.166667,19.971919,8.193839,64.500716,20487,20204,283,4.812544,1138,20.0,289.833,20.017769265,289.691036192,PASS
INST_0017,100017,1,1,AODV,50,20,10,2,2,512,20.0,290.0,0.037,20.333,290.333,270.0,270.333,5400,5287,113,97.907407,2.092593,51.954685,21.533496,80.10695,9295,8812,483,1.758086,110,20.0,289.833,20.018592701,289.863684576,PASS
INST_0017,100017,1,1,DSDV,50,20,10,2,2,512,20.0,290.0,0.037,20.333,290.333,270.0,270.333,5400,3637,1763,67.351852,32.648148,64.366309,91.839397,55.106672,2697,2697,0,0.741545,1627,20.0,289.833,20.009530701,289.814481641,PASS
INST_0017,100017,1,1,AOMDV,50,20,10,2,2,512,20.0,290.0,0.037,20.333,290.333,270.0,270.333,5400,4589,811,84.981481,15.018519,17.976802,7.118812,69.531075,18275,17918,357,3.982349,801,20.0,289.833,20.027995525,289.859012691,PASS
INST_0018,100018,1,1,AODV,50,20,10,2,3,512,20.0,290.0,0.037,20.333,290.333,270.0,270.333,5400,5260,140,97.407407,2.592593,68.812228,23.647499,79.697854,9879,9467,412,1.878137,125,20.0,289.833,20.090431107,289.850920875,PASS
INST_0018,100018,1,1,DSDV,50,20,10,2,3,512,20.0,290.0,0.037,20.333,290.333,270.0,270.333,5400,3640,1760,67.407407,32.592593,23.21068,10.736776,55.152127,2637,2637,0,0.724451,1685,20.0,289.833,20.193810138,289.851422266,PASS
INST_0018,100018,1,1,AOMDV,50,20,10,2,3,512,20.0,290.0,0.037,20.333,290.333,270.0,270.333,5400,4404,996,81.555556,18.444444,18.947794,6.566189,66.728013,19067,18660,407,4.329473,992,20.0,289.833,20.069217516,289.850982121,PASS
INST_0019,100019,1,1,AODV,50,20,10,2,4,512,20.0,290.0,0.037,20.333,290.333,270.0,270.333,5400,5350,50,99.074074,0.925926,22.155701,6.44324,81.061506,3649,3524,125,0.682056,44,20.0,289.833,20.040914228,289.838656156,PASS
INST_0019,100019,1,1,DSDV,50,20,10,2,4,512,20.0,290.0,0.037,20.333,290.333,270.0,270.333,5400,4618,782,85.518519,14.481481,35.640612,56.06408,69.970473,2775,2775,0,0.600909,697,20.0,289.833,20.00866706,289.838856156,PASS
INST_0019,100019,1,1,AOMDV,50,20,10,2,4,512,20.0,290.0,0.037,20.333,290.333,270.0,270.333,5400,5048,352,93.481481,6.518519,12.451598,2.893852,76.485697,16050,15882,168,3.179477,349,20.0,289.833,20.012652553,289.838936156,PASS
INST_0020,100020,1,1,AODV,50,20,10,2,5,512,20.0,290.0,0.037,20.333,290.333,270.0,270.333,5400,5115,285,94.722222,5.277778,65.274004,20.681229,77.50086,8350,8068,282,1.632454,280,20.0,289.833,20.134598913,289.83855627,PASS
INST_0020,100020,1,1,DSDV,50,20,10,2,5,512,20.0,290.0,0.037,20.333,290.333,270.0,270.333,5400,3663,1737,67.833333,32.166667,65.545575,91.398419,55.500616,2707,2707,0,0.739012,1568,20.0,289.833,20.342411731,289.83893627,PASS
INST_0020,100020,1,1,AOMDV,50,20,10,2,5,512,20.0,290.0,0.037,20.333,290.333,270.0,270.333,5400,4516,884,83.62963,16.37037,20.387354,6.57976,68.425002,19023,18748,275,4.212356,872,20.0,289.833,20.394086433,289.83849627,PASS
INST_0021,100021,1,1,AODV,50,20,10,4,1,512,20.0,290.0,0.037,20.333,290.333,270.0,270.333,10800,9539,1261,88.324074,11.675926,94.689727,21.013236,144.531907,9052,8625,427,0.948946,1165,20.0,290.083,20.015683279,290.108949677,PASS
INST_0021,100021,1,1,DSDV,50,20,10,4,1,512,20.0,290.0,0.037,20.333,290.333,270.0,270.333,10800,6948,3852,64.333333,35.666667,30.412177,26.175544,105.273896,2763,2763,0,0.397668,3695,20.0,290.083,20.009209557,289.94470891,PASS
INST_0021,100021,1,1,AOMDV,50,20,10,4,1,512,20.0,290.0,0.037,20.333,290.333,270.0,270.333,10800,8380,2420,77.592593,22.407407,21.090996,9.360643,126.971106,20694,20372,322,2.469451,2396,20.0,290.083,20.014603386,290.095340128,PASS
INST_0022,100022,1,1,AODV,50,20,10,4,2,512,20.0,290.0,0.037,20.333,290.333,270.0,270.333,10800,10454,346,96.796296,3.203704,42.176968,19.869586,158.395697,11325,10718,607,1.083317,318,20.0,290.083,20.012336816,290.112784084,PASS
INST_0022,100022,1,1,DSDV,50,20,10,4,2,512,20.0,290.0,0.037,20.333,290.333,270.0,270.333,10800,7475,3325,69.212963,30.787037,12.67063,2.901268,113.258833,2571,2571,0,0.343946,3179,20.0,290.083,20.008910701,290.106884419,PASS
INST_0022,100022,1,1,AOMDV,50,20,10,4,2,512,20.0,290.0,0.037,20.333,290.333,270.0,270.333,10800,9383,1417,86.87963,13.12037,26.092942,8.943392,142.168244,17972,17685,287,1.915379,1402,20.0,290.083,20.012672816,290.020719395,PASS
INST_0023,100023,1,1,AODV,50,20,10,4,3,512,20.0,290.0,0.037,20.333,290.333,270.0,270.333,10800,10378,422,96.092593,3.907407,88.512621,29.588113,157.244169,13267,12534,733,1.278377,399,20.0,290.083,20.300440755,290.101062168,PASS
INST_0023,100023,1,1,DSDV,50,20,10,4,3,512,20.0,290.0,0.037,20.333,290.333,270.0,270.333,10800,6496,4304,60.148148,39.851852,65.231268,77.967561,98.425335,2741,2741,0,0.421952,4149,20.0,290.083,20.054965862,290.101000885,PASS
INST_0023,100023,1,1,AOMDV,50,20,10,4,3,512,20.0,290.0,0.037,20.333,290.333,270.0,270.333,10800,8565,2235,79.305556,20.694444,31.45916,14.586463,129.774167,20389,19832,557,2.380502,2206,20.0,290.083,20.076993944,290.100981161,PASS
INST_0024,100024,1,1,AODV,50,20,10,4,4,512,20.0,290.0,0.037,20.333,290.333,270.0,270.333,10800,10763,37,99.657407,0.342593,24.001037,3.533182,163.077567,2826,2735,91,0.262566,35,20.0,290.083,20.041086992,290.088876156,PASS
INST_0024,100024,1,1,DSDV,50,20,10,4,4,512,20.0,290.0,0.037,20.333,290.333,270.0,270.333,10800,9210,1590,85.277778,14.722222,13.065205,10.694098,139.547003,2806,2806,0,0.304669,1528,20.0,290.083,20.00818706,290.088656156,PASS
INST_0024,100024,1,1,AOMDV,50,20,10,4,4,512,20.0,290.0,0.037,20.333,290.333,270.0,270.333,10800,9977,823,92.37963,7.62037,10.303243,2.030873,151.168344,16181,16000,181,1.62183,804,20.0,290.083,20.019414385,290.088936156,PASS
INST_0025,100025,1,1,AODV,50,20,10,4,5,512,20.0,290.0,0.037,20.333,290.333,270.0,270.333,10800,10239,561,94.805556,5.194444,227.354145,35.799182,155.138085,12426,11878,548,1.213595,543,20.0,290.083,20.192919682,290.089076273,PASS
INST_0025,100025,1,1,DSDV,50,20,10,4,5,512,20.0,290.0,0.037,20.333,290.333,270.0,270.333,10800,6745,4055,62.453704,37.546296,39.128911,47.422419,102.198104,2828,2828,0,0.419274,3645,20.0,290.083,20.341591731,290.088576273,PASS
INST_0025,100025,1,1,AOMDV,50,20,10,4,5,512,20.0,290.0,0.037,20.333,290.333,270.0,270.333,10800,8822,1978,81.685185,18.314815,29.310702,11.959139,133.66815,19353,19083,270,2.19372,1964,20.0,290.083,20.190692491,290.088896273,PASS
INST_0026,100026,1,1,AODV,50,20,10,8,1,512,20.0,290.0,0.037,20.333,290.333,270.0,270.333,21600,16934,4666,78.398148,21.601852,251.907309,51.651058,256.578605,19464,18631,833,1.149404,4327,20.0,290.208,20.012568512,290.219879193,PASS
INST_0026,100026,1,1,DSDV,50,20,10,8,1,512,20.0,290.0,0.037,20.333,290.333,270.0,270.333,21600,13791,7809,63.847222,36.152778,113.158681,15.469673,208.956864,2968,2968,0,0.215213,6856,20.0,290.208,20.008829557,290.071571967,PASS
INST_0026,100026,1,1,AOMDV,50,20,10,8,1,512,20.0,290.0,0.037,20.333,290.333,270.0,270.333,21600,16390,5210,75.87963,24.12037,238.230598,34.025725,248.336089,21353,21010,343,1.302807,5021,20.0,290.208,20.020256574,290.219899193,PASS
INST_0027,100027,1,1,AODV,50,20,10,8,2,512,20.0,290.0,0.037,20.333,290.333,270.0,270.333,21600,16290,5310,75.416667,24.583333,769.029696,111.717052,246.820921,30907,29448,1459,1.897299,4734,20.0,290.208,20.013174785,293.356122261,PASS
INST_0027,100027,1,1,DSDV,50,20,10,8,2,512,20.0,290.0,0.037,20.333,290.333,270.0,270.333,21600,13882,7718,64.268519,35.731481,179.022365,36.046386,210.335667,2705,2705,0,0.194857,6614,20.0,290.208,20.008750701,292.60738673,PASS
INST_0027,100027,1,1,AOMDV,50,20,10,8,2,512,20.0,290.0,0.037,20.333,290.333,270.0,270.333,21600,16194,5406,74.972222,25.027778,593.067905,72.93436,245.366359,19808,19430,378,1.223169,4411,20.0,290.208,20.013986897,292.464784423,PASS
INST_0028,100028,1,1,AODV,50,20,10,8,3,512,20.0,290.0,0.037,20.333,290.333,270.0,270.333,21600,16115,5485,74.606481,25.393519,518.566632,110.712706,244.169376,33661,32001,1660,2.088799,5127,20.0,290.208,20.091447095,293.938576933,PASS
INST_0028,100028,1,1,DSDV,50,20,10,8,3,512,20.0,290.0,0.037,20.333,290.333,270.0,270.333,21600,11723,9877,54.273148,45.726852,443.903117,58.265588,177.623183,2926,2926,0,0.249595,7994,20.0,290.208,20.193350138,293.065101685,PASS
INST_0028,100028,1,1,AOMDV,50,20,10,8,3,512,20.0,290.0,0.037,20.333,290.333,270.0,270.333,21600,14714,6886,68.12037,31.87963,712.802731,110.23951,222.941868,20785,20320,465,1.4126,5203,20.0,290.208,20.095546632,293.142744269,PASS
INST_0029,100029,1,1,AODV,50,20,10,8,4,512,20.0,290.0,0.037,20.333,290.333,270.0,270.333,21600,21451,149,99.310185,0.689815,28.338823,5.097893,325.018758,4311,4161,150,0.20097,143,20.0,290.208,20.024724467,290.213976154,PASS
INST_0029,100029,1,1,DSDV,50,20,10,8,4,512,20.0,290.0,0.037,20.333,290.333,270.0,270.333,21600,18603,2997,86.125,13.875,9.770689,2.256337,281.866764,2817,2817,0,0.151427,2919,20.0,290.208,20.00926706,290.214076154,PASS
INST_0029,100029,1,1,AOMDV,50,20,10,8,4,512,20.0,290.0,0.037,20.333,290.333,270.0,270.333,21600,19985,1615,92.523148,7.476852,40.247212,8.617157,302.806391,16505,16305,200,0.825869,1604,20.0,290.208,20.011687095,290.214036154,PASS
INST_0030,100030,1,1,AODV,50,20,10,8,5,512,20.0,290.0,0.037,20.333,290.333,270.0,270.333,21600,16516,5084,76.462963,23.537037,473.70255,92.75449,250.245201,30568,29297,1271,1.850811,4761,20.0,290.208,20.200308544,296.707271397,PASS
INST_0030,100030,1,1,DSDV,50,20,10,8,5,512,20.0,290.0,0.037,20.333,290.333,270.0,270.333,21600,13173,8427,60.986111,39.013889,176.988008,30.461856,199.593124,2886,2886,0,0.219084,6968,20.0,290.208,20.129146769,290.213676273,PASS
INST_0030,100030,1,1,AOMDV,50,20,10,8,5,512,20.0,290.0,0.037,20.333,290.333,270.0,270.333,21600,15978,5622,73.972222,26.027778,433.868987,59.587421,242.093596,21217,20816,401,1.327888,4719,20.0,290.208,20.379000895,292.11922027,PASS
INST_0031,100031,1,1,AODV,50,20,15,2,1,512,20.0,290.0,0.037,20.518,290.518,270.0,270.518,8100,6981,1119,86.185185,13.814815,193.392458,47.883113,105.701565,16211,15595,616,2.32216,1091,20.0,290.018,20.01289431,289.844820127,PASS
INST_0031,100031,1,1,DSDV,50,20,15,2,1,512,20.0,290.0,0.037,20.518,290.518,270.0,270.518,8100,5135,2965,63.395062,36.604938,45.946769,44.712251,77.750686,2643,2643,0,0.514703,2876,20.0,290.018,20.008849557,289.690596192,PASS
INST_0031,100031,1,1,AOMDV,50,20,15,2,1,512,20.0,290.0,0.037,20.518,290.518,270.0,270.518,8100,5929,2171,73.197531,26.802469,26.869691,13.14762,89.772895,27733,27243,490,4.677517,2156,20.0,290.018,20.044333284,289.844880127,PASS
INST_0032,100032,1,1,AODV,50,20,15,2,2,512,20.0,290.0,0.037,20.518,290.518,270.0,270.518,8100,7961,139,98.283951,1.716049,44.888062,15.969284,120.54006,10143,9703,440,1.274086,129,20.0,290.018,20.011971816,293.647879008,PASS
INST_0032,100032,1,1,DSDV,50,20,15,2,2,512,20.0,290.0,0.037,20.518,290.518,270.0,270.518,8100,5948,2152,73.432099,26.567901,51.719465,46.157902,90.06058,2522,2522,0,0.424008,2021,20.0,290.018,20.009030701,290.029680306,PASS
INST_0032,100032,1,1,AOMDV,50,20,15,2,2,512,20.0,290.0,0.037,20.518,290.518,270.0,270.518,8100,7000,1100,86.419753,13.580247,16.965336,6.102691,105.98925,19786,19346,440,2.826571,1082,20.0,290.018,20.011932816,290.029720306,PASS
INST_0033,100033,1,1,AODV,50,20,15,2,3,512,20.0,290.0,0.037,20.518,290.518,270.0,270.518,8100,7871,229,97.17284,2.82716,42.826113,20.41371,119.177341,14167,13527,640,1.799898,212,20.0,290.018,20.06306332,290.035762278,PASS
INST_0033,100033,1,1,DSDV,50,20,15,2,3,512,20.0,290.0,0.037,20.518,290.518,270.0,270.518,8100,5216,2884,64.395062,35.604938,72.732517,73.15908,78.977133,2703,2703,0,0.518213,2681,20.0,290.018,20.055165862,290.038655703,PASS
INST_0033,100033,1,1,AOMDV,50,20,15,2,3,512,20.0,290.0,0.037,20.518,290.518,270.0,270.518,8100,6911,1189,85.320988,14.679012,18.817717,6.400272,104.641673,20256,19767,489,2.93098,1182,20.0,290.018,20.11256479,290.035962163,PASS
INST_0034,100034,1,1,AODV,50,20,15,2,4,512,20.0,290.0,0.037,20.518,290.518,270.0,270.518,8100,7949,151,98.135802,1.864198,32.786725,9.065213,120.358364,7802,7487,315,0.981507,141,20.0,290.018,20.013852048,290.042084233,PASS
INST_0034,100034,1,1,DSDV,50,20,15,2,4,512,20.0,290.0,0.037,20.518,290.518,270.0,270.518,8100,6694,1406,82.641975,17.358025,25.870208,32.62459,101.356006,2849,2849,0,0.425605,1300,20.0,290.018,20.00960706,289.99069803,PASS
INST_0034,100034,1,1,AOMDV,50,20,15,2,4,512,20.0,290.0,0.037,20.518,290.518,270.0,270.518,8100,7229,871,89.246914,10.753086,12.62587,3.594276,109.456613,18034,17683,351,2.494674,862,20.0,290.018,20.100362208,290.041704277,PASS
INST_0035,100035,1,1,AODV,50,20,15,2,5,512,20.0,290.0,0.037,20.518,290.518,270.0,270.518,8100,7649,451,94.432099,5.567901,104.82415,31.096098,115.815968,13805,13230,575,1.804811,439,20.0,290.018,20.266109331,291.063742975,PASS
INST_0035,100035,1,1,DSDV,50,20,15,2,5,512,20.0,290.0,0.037,20.518,290.518,270.0,270.518,8100,5265,2835,65.0,35.0,47.814798,60.915482,79.719058,2849,2849,0,0.541121,2616,20.0,290.018,20.342231731,289.949797307,PASS
INST_0035,100035,1,1,AOMDV,50,20,15,2,5,512,20.0,290.0,0.037,20.518,290.518,270.0,270.518,8100,6697,1403,82.679012,17.320988,31.510321,25.559229,101.40143,22787,22292,495,3.402568,1382,20.0,290.018,20.397041037,289.950057307,PASS
INST_0036,100036,1,1,AODV,50,20,15,4,1,512,20.0,290.0,0.037,20.518,290.518,270.0,270.518,16200,12627,3573,77.944444,22.055556,266.221873,71.258211,191.189466,28470,27068,1402,2.254692,3120,20.0,290.268,20.013307204,290.094539193,PASS
INST_0036,100036,1,1,DSDV,50,20,15,4,1,512,20.0,290.0,0.037,20.518,290.518,270.0,270.518,16200,9472,6728,58.469136,41.530864,59.160424,41.280767,143.418597,2972,2972,0,0.313767,6428,20.0,290.268,20.008569557,289.940816195,PASS
INST_0036,100036,1,1,AOMDV,50,20,15,4,1,512,20.0,290.0,0.037,20.518,290.518,270.0,270.518,16200,11679,4521,72.092593,27.907407,111.646007,39.040705,176.835493,27895,27389,506,2.388475,4464,20.0,290.268,20.054262277,290.094859193,PASS
INST_0037,100037,1,1,AODV,50,20,15,4,2,512,20.0,290.0,0.037,20.518,290.518,270.0,270.518,16200,15186,1014,93.740741,6.259259,117.021246,59.947653,229.936108,24496,23208,1288,1.613065,943,20.0,290.268,20.013195785,291.73521307,PASS
INST_0037,100037,1,1,DSDV,50,20,15,4,2,512,20.0,290.0,0.037,20.518,290.518,270.0,270.518,16200,11638,4562,71.839506,28.160494,43.048374,30.585557,176.214699,2710,2710,0,0.232858,4292,20.0,290.268,20.008810701,290.282844084,PASS
INST_0037,100037,1,1,AOMDV,50,20,15,4,2,512,20.0,290.0,0.037,20.518,290.518,270.0,270.518,16200,13642,2558,84.209877,15.790123,49.411042,25.743726,206.557907,20612,20055,557,1.510922,2538,20.0,290.268,20.023917026,290.908154015,PASS
INST_0038,100038,1,1,AODV,50,20,15,4,3,512,20.0,290.0,0.037,20.518,290.518,270.0,270.518,16200,13864,2336,85.580247,14.419753,234.878486,99.916544,209.919281,38215,36282,1933,2.75642,2233,20.0,290.268,20.097059314,298.113422755,PASS
INST_0038,100038,1,1,DSDV,50,20,15,4,3,512,20.0,290.0,0.037,20.518,290.518,270.0,270.518,16200,10659,5541,65.796296,34.203704,67.339877,33.652642,161.391345,2911,2911,0,0.273103,5108,20.0,290.268,20.054885862,290.40011078,PASS
INST_0038,100038,1,1,AOMDV,50,20,15,4,3,512,20.0,290.0,0.037,20.518,290.518,270.0,270.518,16200,12972,3228,80.074074,19.925926,190.218148,59.211862,196.413222,21610,20961,649,1.665896,3167,20.0,290.268,20.271066674,290.765229483,PASS
INST_0039,100039,1,1,AODV,50,20,15,4,4,512,20.0,290.0,0.037,20.518,290.518,270.0,270.518,16200,15938,262,98.382716,1.617284,38.503948,10.209244,241.322382,8415,8055,360,0.527983,250,20.0,290.268,20.019519685,290.292664271,PASS
INST_0039,100039,1,1,DSDV,50,20,15,4,4,512,20.0,290.0,0.037,20.518,290.518,270.0,270.518,16200,13257,2943,81.833333,18.166667,29.717364,35.411092,200.728499,2798,2798,0,0.211058,2787,20.0,290.268,20.00842706,290.236957274,PASS
INST_0039,100039,1,1,AOMDV,50,20,15,4,4,512,20.0,290.0,0.037,20.518,290.518,270.0,270.518,16200,14515,1685,89.598765,10.401235,21.984512,8.275161,219.776281,18545,18204,341,1.277644,1660,20.0,290.268,20.046580835,290.291844265,PASS
INST_0040,100040,1,1,AODV,50,20,15,4,5,512,20.0,290.0,0.037,20.518,290.518,270.0,270.518,16200,13381,2819,82.598765,17.401235,311.33896,104.462731,202.606023,37314,35558,1756,2.788581,2724,20.0,290.268,20.498804469,294.239197077,PASS
INST_0040,100040,1,1,DSDV,50,20,15,4,5,512,20.0,290.0,0.037,20.518,290.518,270.0,270.518,16200,10627,5573,65.598765,34.401235,28.752379,10.635377,160.906823,2658,2658,0,0.250118,5071,20.0,290.268,20.128627192,290.528536559,PASS
INST_0040,100040,1,1,AOMDV,50,20,15,4,5,512,20.0,290.0,0.037,20.518,290.518,270.0,270.518,16200,12683,3517,78.290123,21.709877,248.354476,62.747628,192.03738,22481,22002,479,1.77253,3374,20.0,290.268,20.067786963,291.165825573,PASS
INST_0041,100041,1,1,AODV,50,20,15,8,1,512,20.0,290.0,0.037,20.518,290.518,270.0,270.518,32400,18546,13854,57.240741,42.759259,1438.731815,166.725737,280.810948,33450,32054,1396,1.803623,11934,20.0,290.393,20.012575018,290.220259193,PASS
INST_0041,100041,1,1,DSDV,50,20,15,8,1,512,20.0,290.0,0.037,20.518,290.518,270.0,270.518,32400,16669,15731,51.447531,48.552469,427.419437,71.524235,252.390687,2878,2878,0,0.172656,11022,20.0,290.393,20.009269557,290.066016197,PASS
INST_0041,100041,1,1,AOMDV,50,20,15,8,1,512,20.0,290.0,0.037,20.518,290.518,270.0,270.518,32400,18648,13752,57.555556,42.444444,1323.53745,114.357557,282.355363,31779,31175,604,1.704151,10188,20.0,290.393,20.015938795,290.220160128,PASS
INST_0042,100042,1,1,AODV,50,20,15,8,2,512,20.0,290.0,0.037,20.518,290.518,270.0,270.518,32400,19983,12417,61.675926,38.324074,1738.731713,185.554518,302.569027,36851,35337,1514,1.844117,10193,20.0,290.393,20.015212186,299.719619057,PASS
INST_0042,100042,1,1,DSDV,50,20,15,8,2,512,20.0,290.0,0.037,20.518,290.518,270.0,270.518,32400,20547,11853,63.416667,36.583333,615.780176,93.748681,311.108732,2801,2801,0,0.136322,7526,20.0,290.393,20.009270701,294.269411769,PASS
INST_0042,100042,1,1,AOMDV,50,20,15,8,2,512,20.0,290.0,0.037,20.518,290.518,270.0,270.518,32400,20398,12002,62.95679,37.04321,1653.095609,152.59346,308.852675,25773,25004,769,1.263506,7132,20.0,290.393,20.032191312,293.077969443,PASS
INST_0043,100043,1,1,AODV,50,20,15,8,3,512,20.0,290.0,0.037,20.518,290.518,270.0,270.518,32400,17115,15285,52.824074,47.175926,1950.247188,227.827621,259.143717,47765,45902,1863,2.790827,12481,20.0,290.393,20.083403127,299.99892444,PASS
INST_0043,100043,1,1,DSDV,50,20,15,8,3,512,20.0,290.0,0.037,20.518,290.518,270.0,270.518,32400,15472,16928,47.753086,52.246914,1296.554245,168.776745,234.266526,2922,2922,0,0.188857,9476,20.0,290.393,20.054845862,297.93698343,PASS
INST_0043,100043,1,1,AOMDV,50,20,15,8,3,512,20.0,290.0,0.037,20.518,290.518,270.0,270.518,32400,15083,17317,46.552469,53.447531,2516.078355,219.496003,228.376552,27038,26234,804,1.792614,8935,20.0,290.393,20.157479269,295.254084798,PASS
INST_0044,100044,1,1,AODV,50,20,15,8,4,512,20.0,290.0,0.037,20.518,290.518,270.0,270.518,32400,24970,7430,77.067901,22.932099,1053.582297,118.817194,378.078797,29794,28721,1073,1.193192,6179,20.0,290.393,20.033256181,290.729549551,PASS
INST_0044,100044,1,1,DSDV,50,20,15,8,4,512,20.0,290.0,0.037,20.518,290.518,270.0,270.518,32400,25357,7043,78.262346,21.737654,300.053587,45.787883,383.938488,2849,2849,0,0.112356,4955,20.0,290.393,20.00854706,291.170408072,PASS
INST_0044,100044,1,1,AOMDV,50,20,15,8,4,512,20.0,290.0,0.037,20.518,290.518,270.0,270.518,32400,26310,6090,81.203704,18.796296,552.844595,70.418701,398.368168,20752,20390,362,0.78875,4538,20.0,290.393,20.042034982,290.421012523,PASS
INST_0045,100045,1,1,AODV,50,20,15,8,5,512,20.0,290.0,0.037,20.518,290.518,270.0,270.518,32400,15563,16837,48.033951,51.966049,2642.246471,267.460479,235.644386,44527,42754,1773,2.861081,12909,20.0,290.393,20.163186812,297.054228547,PASS
INST_0045,100045,1,1,DSDV,50,20,15,8,5,512,20.0,290.0,0.037,20.518,290.518,270.0,270.518,32400,17054,15346,52.635802,47.364198,833.709774,113.508246,258.220096,2814,2814,0,0.165005,9340,20.0,290.393,20.341711731,295.115292885,PASS
INST_0045,100045,1,1,AOMDV,50,20,15,8,5,512,20.0,290.0,0.037,20.518,290.518,270.0,270.518,32400,17216,15184,53.135802,46.864198,2380.116384,192.609914,260.67299,29465,28666,799,1.711489,8307,20.0,290.393,20.389729794,294.011873131,PASS
INST_0046,100046,1,1,AODV,50,20,20,2,1,512,20.0,290.0,0.037,20.703,290.703,270.0,270.703,10800,9054,1746,83.833333,16.166667,375.652336,88.259799,136.995837,24469,23367,1102,2.702562,1345,20.0,290.203,20.011750018,290.073277674,PASS
INST_0046,100046,1,1,DSDV,50,20,20,2,1,512,20.0,290.0,0.037,20.703,290.703,270.0,270.703,10800,6674,4126,61.796296,38.203704,23.060429,14.905196,100.984119,2989,2989,0,0.447857,3988,20.0,290.203,20.008769557,290.060817538,PASS
INST_0046,100046,1,1,AOMDV,50,20,20,2,1,512,20.0,290.0,0.037,20.703,290.703,270.0,270.703,10800,7897,2903,73.12037,26.87963,39.105349,23.789658,119.4893,31960,31272,688,4.047106,2883,20.0,290.203,20.037772254,290.060517538,PASS
INST_0047,100047,1,1,AODV,50,20,20,2,2,512,20.0,290.0,0.037,20.703,290.703,270.0,270.703,10800,10584,216,98.0,2.0,38.434353,19.98451,160.146227,12672,12038,634,1.197279,204,20.0,290.203,20.013709831,290.208737096,PASS
INST_0047,100047,1,1,DSDV,50,20,20,2,2,512,20.0,290.0,0.037,20.703,290.703,270.0,270.703,10800,8173,2627,75.675926,24.324074,31.571195,29.506245,123.665449,2724,2724,0,0.333293,2526,20.0,290.203,20.008290701,290.208957096,PASS
INST_0047,100047,1,1,AOMDV,50,20,20,2,2,512,20.0,290.0,0.037,20.703,290.703,270.0,270.703,10800,9422,1378,87.240741,12.759259,22.334969,11.497808,142.564035,21106,20505,601,2.240076,1365,20.0,290.203,20.020734859,290.209097096,PASS
INST_0048,100048,1,1,AODV,50,20,20,2,3,512,20.0,290.0,0.037,20.703,290.703,270.0,270.703,10800,10454,346,96.796296,3.203704,51.501185,22.426836,158.1792,16522,15772,750,1.580448,330,20.0,290.203,20.073181509,290.208597028,PASS
INST_0048,100048,1,1,DSDV,50,20,20,2,3,512,20.0,290.0,0.037,20.703,290.703,270.0,270.703,10800,7677,3123,71.083333,28.916667,34.52809,21.403908,116.160486,2539,2539,0,0.330728,2990,20.0,290.203,20.055265862,290.209097028,PASS
INST_0048,100048,1,1,AOMDV,50,20,20,2,3,512,20.0,290.0,0.037,20.703,290.703,270.0,270.703,10800,9282,1518,85.944444,14.055556,26.437538,13.098061,140.445699,21995,21323,672,2.36964,1508,20.0,290.203,20.073240823,290.209057028,PASS
INST_0049,100049,1,1,AODV,50,20,20,2,4,512,20.0,290.0,0.037,20.703,290.703,270.0,270.703,10800,10600,200,98.148148,1.851852,118.681455,24.422627,160.388322,12179,11581,598,1.148962,196,20.0,290.203,20.044760851,290.232504721,PASS
INST_0049,100049,1,1,DSDV,50,20,20,2,4,512,20.0,290.0,0.037,20.703,290.703,270.0,270.703,10800,8610,2190,79.722222,20.277778,24.381817,16.193475,130.277684,2992,2992,0,0.347503,2073,20.0,290.203,20.00882706,290.227104356,PASS
INST_0049,100049,1,1,AOMDV,50,20,20,2,4,512,20.0,290.0,0.037,20.703,290.703,270.0,270.703,10800,9554,1246,88.462963,11.537037,19.576107,12.65226,144.561324,19668,19255,413,2.058614,1225,20.0,290.203,20.014339446,290.228071831,PASS
INST_0050,100050,1,1,AODV,50,20,20,2,5,512,20.0,290.0,0.037,20.703,290.703,270.0,270.703,10800,9904,896,91.703704,8.296296,126.195697,59.069475,149.857164,24146,22940,1206,2.438005,861,20.0,290.203,20.303659484,290.233044197,PASS
INST_0050,100050,1,1,DSDV,50,20,20,2,5,512,20.0,290.0,0.037,20.703,290.703,270.0,270.703,10800,7370,3430,68.240741,31.759259,45.558015,47.237737,111.515277,2611,2611,0,0.354274,3159,20.0,290.203,20.341951731,290.17165663,PASS
INST_0050,100050,1,1,AOMDV,50,20,20,2,5,512,20.0,290.0,0.037,20.703,290.703,270.0,270.703,10800,8978,1822,83.12963,16.87037,40.315511,30.741383,135.845883,23911,23364,547,2.663288,1805,20.0,290.203,20.20136815,290.17151663,PASS
INST_0051,100051,1,1,AODV,50,20,20,4,1,512,20.0,290.0,0.037,20.703,290.703,270.0,270.703,21600,14094,7506,65.25,34.75,1158.706704,222.178639,213.255945,44229,42419,1810,3.138144,6299,20.0,290.453,20.013726885,290.433562373,PASS
INST_0051,100051,1,1,DSDV,50,20,20,4,1,512,20.0,290.0,0.037,20.703,290.703,270.0,270.703,21600,12636,8964,58.5,41.5,123.869676,32.914753,191.194985,2867,2867,0,0.226891,7983,20.0,290.453,20.008649557,290.310557518,PASS
INST_0051,100051,1,1,AOMDV,50,20,20,4,1,512,20.0,290.0,0.037,20.703,290.703,270.0,270.703,21600,14148,7452,65.5,34.5,627.760791,117.690953,214.073017,34966,34160,806,2.471445,6908,20.0,290.453,20.017580251,290.440461174,PASS
INST_0052,100052,1,1,AODV,50,20,20,4,2,512,20.0,290.0,0.037,20.703,290.703,270.0,270.703,21600,17868,3732,82.722222,17.277778,477.685122,142.78122,270.36024,41890,39845,2045,2.344415,3421,20.0,290.453,20.011816816,297.222420411,PASS
INST_0052,100052,1,1,DSDV,50,20,20,4,2,512,20.0,290.0,0.037,20.703,290.703,270.0,270.703,21600,15997,5603,74.060185,25.939815,83.378884,27.812851,242.050188,2668,2668,0,0.166781,5092,20.0,290.453,20.008390701,292.411585714,PASS
INST_0052,100052,1,1,AOMDV,50,20,20,4,2,512,20.0,290.0,0.037,20.703,290.703,270.0,270.703,21600,17391,4209,80.513889,19.486111,520.456171,98.457289,263.142765,24538,23717,821,1.41096,3956,20.0,290.453,20.012824024,291.272892954,PASS
INST_0053,100053,1,1,AODV,50,20,20,4,3,512,20.0,290.0,0.037,20.703,290.703,270.0,270.703,21600,16365,5235,75.763889,24.236111,834.736415,197.317701,247.618386,47732,45689,2043,2.916712,4775,20.0,290.453,20.087679746,297.864712136,PASS
INST_0053,100053,1,1,DSDV,50,20,20,4,3,512,20.0,290.0,0.037,20.703,290.703,270.0,270.703,21600,14020,7580,64.907407,35.092593,271.588292,76.400419,212.136253,2888,2888,0,0.205991,6644,20.0,290.453,20.194250138,291.994938908,PASS
INST_0053,100053,1,1,AOMDV,50,20,20,4,3,512,20.0,290.0,0.037,20.703,290.703,270.0,270.703,21600,15772,5828,73.018519,26.981481,777.630871,157.542939,238.645719,25977,25137,840,1.647033,4724,20.0,290.453,20.140089663,292.189802207,PASS
INST_0054,100054,1,1,AODV,50,20,20,4,4,512,20.0,290.0,0.037,20.703,290.703,270.0,270.703,21600,19830,1770,91.805556,8.194444,154.504893,66.369402,300.04721,27198,26055,1143,1.371558,1665,20.0,290.453,20.014680155,291.201544674,PASS
INST_0054,100054,1,1,DSDV,50,20,20,4,4,512,20.0,290.0,0.037,20.703,290.703,270.0,270.703,21600,16616,4984,76.925926,23.074074,41.664513,27.297866,251.416261,2968,2968,0,0.178623,4624,20.0,290.453,20.00848706,290.384976325,PASS
INST_0054,100054,1,1,AOMDV,50,20,20,4,4,512,20.0,290.0,0.037,20.703,290.703,270.0,270.703,21600,18079,3521,83.699074,16.300926,143.464811,39.051154,273.552875,20678,20153,525,1.143758,3352,20.0,290.453,20.012122095,291.104168609,PASS
INST_0055,100055,1,1,AODV,50,20,20,4,5,512,20.0,290.0,0.037,20.703,290.703,270.0,270.703,21600,15812,5788,73.203704,26.796296,734.182946,198.538892,239.250958,46519,44429,2090,2.942006,5227,20.0,290.453,20.194457339,292.188747302,PASS
INST_0055,100055,1,1,DSDV,50,20,20,4,5,512,20.0,290.0,0.037,20.703,290.703,270.0,270.703,21600,13449,8151,62.263889,37.736111,249.175464,102.658802,203.496467,2755,2755,0,0.204848,7144,20.0,290.453,20.341731731,290.422016603,PASS
INST_0055,100055,1,1,AOMDV,50,20,20,4,5,512,20.0,290.0,0.037,20.703,290.703,270.0,270.703,21600,14924,6676,69.092593,30.907407,1066.37777,168.411046,225.814653,28907,28068,839,1.936947,5441,20.0,290.453,20.564843131,291.506125757,PASS
INST_0056,100056,1,1,AODV,50,20,20,8,1,512,20.0,290.0,0.037,20.703,290.703,270.0,270.703,43200,17974,25226,41.606481,58.393519,3117.848409,262.000257,271.964123,42111,40631,1480,2.342884,18257,20.0,290.578,20.014007652,290.559262702,PASS
INST_0056,100056,1,1,DSDV,50,20,20,8,1,512,20.0,290.0,0.037,20.703,290.703,270.0,270.703,43200,18348,24852,42.472222,57.527778,1291.535273,192.753136,277.623107,3108,3108,0,0.169392,14072,20.0,290.578,20.008769557,295.075592687,PASS
INST_0056,100056,1,1,AOMDV,50,20,20,8,1,512,20.0,290.0,0.037,20.703,290.703,270.0,270.703,43200,18358,24842,42.49537,57.50463,2941.439333,226.732394,277.774417,41299,40366,933,2.249646,14725,20.0,290.578,20.020662775,290.435877509,PASS
INST_0057,100057,1,1,AODV,50,20,20,8,2,512,20.0,290.0,0.037,20.703,290.703,270.0,270.703,43200,21902,21298,50.699074,49.300926,2783.169582,231.578793,331.398588,43444,41839,1605,1.983563,15364,20.0,290.578,20.011931816,299.23622443,PASS
INST_0057,100057,1,1,DSDV,50,20,20,8,2,512,20.0,290.0,0.037,20.703,290.703,270.0,270.703,43200,23596,19604,54.62037,45.37963,1639.732452,156.859633,357.030458,2832,2832,0,0.12002,9663,20.0,290.578,20.008590701,294.357057917,PASS
INST_0057,100057,1,1,AOMDV,50,20,20,8,2,512,20.0,290.0,0.037,20.703,290.703,270.0,270.703,43200,20982,22218,48.569444,51.430556,3695.159924,267.236682,317.478092,34942,33888,1054,1.665332,10505,20.0,290.578,20.030155151,293.347704297,PASS
INST_0058,100058,1,1,AODV,50,20,20,8,3,512,20.0,290.0,0.037,20.703,290.703,270.0,270.703,43200,18730,24470,43.356481,56.643519,3009.731612,279.695499,283.403139,46970,45413,1557,2.507742,18184,20.0,290.578,20.153117089,297.749274719,PASS
INST_0058,100058,1,1,DSDV,50,20,20,8,3,512,20.0,290.0,0.037,20.703,290.703,270.0,270.703,43200,17386,25814,40.24537,59.75463,1787.357324,292.513594,263.06711,3095,3095,0,0.178017,12343,20.0,290.578,20.194030138,297.782764984,PASS
INST_0058,100058,1,1,AOMDV,50,20,20,8,3,512,20.0,290.0,0.037,20.703,290.703,270.0,270.703,43200,16407,26793,37.979167,62.020833,4560.979667,333.389251,248.253887,35822,34696,1126,2.183336,11584,20.0,290.578,20.068572756,294.548013282,PASS
INST_0059,100059,1,1,AODV,50,20,20,8,4,512,20.0,290.0,0.037,20.703,290.703,270.0,270.703,43200,25719,17481,59.534722,40.465278,2070.253745,181.6135,389.153515,34010,32967,1043,1.322369,12510,20.0,290.578,20.024774096,292.233350341,PASS
INST_0059,100059,1,1,DSDV,50,20,20,8,4,512,20.0,290.0,0.037,20.703,290.703,270.0,270.703,43200,28013,15187,64.844907,35.155093,801.339123,110.535223,423.863969,3239,3239,0,0.115625,7476,20.0,290.578,20.00878706,294.539512506,PASS
INST_0059,100059,1,1,AOMDV,50,20,20,8,4,512,20.0,290.0,0.037,20.703,290.703,270.0,270.703,43200,25610,17590,59.282407,40.717593,2571.533024,188.192129,387.504239,28845,28039,806,1.126318,8422,20.0,290.578,20.015064715,294.441051573,PASS
INST_0060,100060,1,1,AODV,50,20,20,8,5,512,20.0,290.0,0.037,20.703,290.703,270.0,270.703,43200,17652,25548,40.861111,59.138889,2879.692519,321.035602,267.091949,53414,51495,1919,3.025946,18967,20.0,290.578,20.069736056,295.76446732,PASS
INST_0060,100060,1,1,DSDV,50,20,20,8,5,512,20.0,290.0,0.037,20.703,290.703,270.0,270.703,43200,18937,24263,43.835648,56.164352,1602.636617,230.292824,286.535251,2879,2879,0,0.15203,12462,20.0,290.578,20.129146382,297.803524343,PASS
INST_0060,100060,1,1,AOMDV,50,20,20,8,5,512,20.0,290.0,0.037,20.703,290.703,270.0,270.703,43200,17958,25242,41.569444,58.430556,3606.954798,284.822039,271.722027,35368,34218,1150,1.969484,12100,20.0,290.578,20.188384395,296.188149532,PASS
INST_0061,100061,1,1,AODV,50,20,25,2,1,512,20.0,290.0,0.037,20.888,290.888,270.0,270.888,13500,10783,2717,79.874074,20.125926,332.674359,130.229134,163.045864,37953,36051,1902,3.519707,2148,20.0,290.388,20.041452471,290.325319926,PASS
INST_0061,100061,1,1,DSDV,50,20,25,2,1,512,20.0,290.0,0.037,20.888,290.888,270.0,270.888,13500,8091,5409,59.933333,40.066667,17.971965,6.768317,122.3411,2839,2839,0,0.350884,5185,20.0,290.388,20.008169557,290.325879926,PASS
INST_0061,100061,1,1,AOMDV,50,20,25,2,1,512,20.0,290.0,0.037,20.888,290.888,270.0,270.888,13500,10021,3479,74.22963,25.77037,72.403085,38.540084,151.523936,35572,34811,761,3.549746,3439,20.0,290.388,20.02099778,290.325700373,PASS
INST_0062,100062,1,1,AODV,50,20,25,2,2,512,20.0,290.0,0.037,20.888,290.888,270.0,270.888,13500,12770,730,94.592593,5.407407,96.915236,49.562914,193.090576,24536,23365,1171,1.921378,690,20.0,290.388,20.013648655,290.245616367,PASS
INST_0062,100062,1,1,DSDV,50,20,25,2,2,512,20.0,290.0,0.037,20.888,290.888,270.0,270.888,13500,10066,3434,74.562963,25.437037,54.133769,71.129806,152.204365,2762,2762,0,0.274389,3255,20.0,290.388,20.008730701,290.325660034,PASS
INST_0062,100062,1,1,AOMDV,50,20,25,2,2,512,20.0,290.0,0.037,20.888,290.888,270.0,270.888,13500,11627,1873,86.125926,13.874074,50.058867,32.578196,175.807684,24905,24122,783,2.141997,1850,20.0,290.388,20.011987816,290.328116988,PASS
INST_0063,100063,1,1,AODV,50,20,25,2,3,512,20.0,290.0,0.037,20.888,290.888,270.0,270.888,13500,12818,682,94.948148,5.051852,102.11835,51.838706,193.816367,28175,26681,1494,2.198081,649,20.0,290.388,20.223831497,290.394017661,PASS
INST_0063,100063,1,1,DSDV,50,20,25,2,3,512,20.0,290.0,0.037,20.888,290.888,270.0,270.888,13500,9539,3961,70.659259,29.340741,64.499222,64.997552,144.235787,2815,2815,0,0.295104,3789,20.0,290.388,20.194090138,290.393517661,PASS
INST_0063,100063,1,1,AOMDV,50,20,25,2,3,512,20.0,290.0,0.037,20.888,290.888,270.0,270.888,13500,11517,1983,85.311111,14.688889,49.330761,32.410762,174.144414,24469,23662,807,2.124598,1947,20.0,290.388,20.166440786,290.393857661,PASS
INST_0064,100064,1,1,AODV,50,20,25,2,4,512,20.0,290.0,0.037,20.888,290.888,270.0,270.888,13500,13022,478,96.459259,3.540741,53.370819,27.92228,196.900978,18502,17639,863,1.420826,442,20.0,290.388,20.037981251,290.405942422,PASS
INST_0064,100064,1,1,DSDV,50,20,25,2,4,512,20.0,290.0,0.037,20.888,290.888,270.0,270.888,13500,10327,3173,76.496296,23.503704,46.061487,59.169185,156.150852,2885,2885,0,0.279365,2969,20.0,290.388,20.00886706,290.423282379,PASS
INST_0064,100064,1,1,AOMDV,50,20,25,2,4,512,20.0,290.0,0.037,20.888,290.888,270.0,270.888,13500,11862,1638,87.866667,12.133333,25.217507,14.570805,179.361035,23404,22828,576,1.973023,1623,20.0,290.388,20.054795687,290.417648515,PASS
INST_0065,100065,1,1,AODV,50,20,25,2,5,512,20.0,290.0,0.037,20.888,290.888,270.0,270.888,13500,11755,1745,87.074074,12.925926,282.630702,138.204964,177.743126,40330,38331,1999,3.43088,1685,20.0,290.388,20.149739294,294.405635008,PASS
INST_0065,100065,1,1,DSDV,50,20,25,2,5,512,20.0,290.0,0.037,20.888,290.888,270.0,270.888,13500,9029,4471,66.881481,33.118519,35.168397,40.560473,136.524261,2719,2719,0,0.301141,4158,20.0,290.388,20.341771731,290.393698272,PASS
INST_0065,100065,1,1,AOMDV,50,20,25,2,5,512,20.0,290.0,0.037,20.888,290.888,270.0,270.888,13500,11139,2361,82.511111,17.488889,110.055084,85.538124,168.428812,27572,26741,831,2.475267,2320,20.0,290.388,20.345085215,290.394858719,PASS
INST_0066,100066,1,1,AODV,50,20,25,4,1,512,20.0,290.0,0.037,20.888,290.888,270.0,270.888,27000,16107,10893,59.655556,40.344444,1570.070787,269.12878,243.548153,48387,46380,2007,3.004098,8854,20.0,290.638,20.017331045,290.575620361,PASS
INST_0066,100066,1,1,DSDV,50,20,25,4,1,512,20.0,290.0,0.037,20.888,290.888,270.0,270.888,27000,15026,11974,55.651852,44.348148,409.571847,117.902518,227.202741,3063,3063,0,0.203847,9940,20.0,290.638,20.008629557,290.537238657,PASS
INST_0066,100066,1,1,AOMDV,50,20,25,4,1,512,20.0,290.0,0.037,20.888,290.888,270.0,270.888,27000,16220,10780,60.074074,39.925926,1036.337206,169.988205,245.256785,41470,40508,962,2.55672,8854,20.0,290.638,20.014067331,290.575780361,PASS
INST_0067,100067,1,1,AODV,50,20,25,4,2,512,20.0,290.0,0.037,20.888,290.888,270.0,270.888,27000,18508,8492,68.548148,31.451852,1435.989298,258.612952,279.85281,50068,48199,1869,2.705209,7280,20.0,290.638,20.020585629,296.657671027,PASS
INST_0067,100067,1,1,DSDV,50,20,25,4,2,512,20.0,290.0,0.037,20.888,290.888,270.0,270.888,27000,18097,8903,67.025926,32.974074,647.265817,122.531799,273.638227,2928,2928,0,0.161795,7304,20.0,290.638,20.008370701,293.958802886,PASS
INST_0067,100067,1,1,AOMDV,50,20,25,4,2,512,20.0,290.0,0.037,20.888,290.888,270.0,270.888,27000,18601,8399,68.892593,31.107407,1630.861848,227.380842,281.25903,32598,31418,1180,1.752486,6620,20.0,290.638,20.015734935,291.82234058,PASS
INST_0068,100068,1,1,AODV,50,20,25,4,3,512,20.0,290.0,0.037,20.888,290.888,270.0,270.888,27000,17007,9993,62.988889,37.011111,1663.401908,344.824604,257.156729,58972,56846,2126,3.467513,8730,20.0,290.638,20.050093367,299.660518358,PASS
INST_0068,100068,1,1,DSDV,50,20,25,4,3,512,20.0,290.0,0.037,20.888,290.888,270.0,270.888,27000,16590,10410,61.444444,38.555556,851.869833,167.394928,250.851422,2884,2884,0,0.17384,8330,20.0,290.638,20.054665862,295.617439174,PASS
INST_0068,100068,1,1,AOMDV,50,20,25,4,3,512,20.0,290.0,0.037,20.888,290.888,270.0,270.888,27000,17246,9754,63.874074,36.125926,1395.088508,260.594586,260.770562,32848,31568,1280,1.904674,6701,20.0,290.638,20.162909816,294.641053584,PASS
INST_0069,100069,1,1,AODV,50,20,25,4,4,512,20.0,290.0,0.037,20.888,290.888,270.0,270.888,27000,19024,7976,70.459259,29.540741,1364.044129,267.534512,287.65506,52467,50275,2192,2.757937,6788,20.0,290.638,20.037308696,291.278495835,PASS
INST_0069,100069,1,1,DSDV,50,20,25,4,4,512,20.0,290.0,0.037,20.888,290.888,270.0,270.888,27000,19543,7457,72.381481,27.618519,377.927942,65.761973,295.502673,3051,3051,0,0.156117,6171,20.0,290.638,20.00846706,291.89609709,PASS
INST_0069,100069,1,1,AOMDV,50,20,25,4,4,512,20.0,290.0,0.037,20.888,290.888,270.0,270.888,27000,20122,6878,74.525926,25.474074,802.834289,139.409572,304.257523,28820,27946,874,1.432263,4959,20.0,290.638,20.031706017,292.406207134,PASS
INST_0070,100070,1,1,AODV,50,20,25,4,5,512,20.0,290.0,0.037,20.888,290.888,270.0,270.888,27000,15920,11080,58.962963,41.037037,1756.401133,316.286335,240.720593,60899,58535,2364,3.825314,9835,20.0,290.638,20.184670367,299.523197299,PASS
INST_0070,100070,1,1,DSDV,50,20,25,4,5,512,20.0,290.0,0.037,20.888,290.888,270.0,270.888,27000,15768,11232,58.4,41.6,696.862036,161.491666,238.422256,2662,2662,0,0.168823,8816,20.0,290.638,20.128846382,292.772937723,PASS
INST_0070,100070,1,1,AOMDV,50,20,25,4,5,512,20.0,290.0,0.037,20.888,290.888,270.0,270.888,27000,16285,10715,60.314815,39.685185,2118.52902,282.719242,246.239627,38335,36946,1389,2.354007,7510,20.0,290.638,20.378270243,294.200257688,PASS
INST_0071,100071,1,1,AODV,50,20,25,8,1,512,20.0,290.0,0.037,20.888,290.888,270.0,270.888,54000,19375,34625,35.87963,64.12037,3091.657849,255.038501,292.962405,47862,46329,1533,2.470297,23832,20.0,290.763,20.047798789,290.707381582,PASS
INST_0071,100071,1,1,DSDV,50,20,25,8,1,512,20.0,290.0,0.037,20.888,290.888,270.0,270.888,54000,20417,33583,37.809259,62.190741,1972.429561,206.520241,308.718112,3192,3192,0,0.15634,15548,20.0,290.763,20.008729557,290.662956139,PASS
INST_0071,100071,1,1,AOMDV,50,20,25,8,1,512,20.0,290.0,0.037,20.888,290.888,270.0,270.888,54000,19551,34449,36.205556,63.794444,3759.028692,268.183613,295.623638,50801,49478,1323,2.598384,17741,20.0,290.763,20.087458871,290.700740355,PASS
INST_0072,100072,1,1,AODV,50,20,25,8,2,512,20.0,290.0,0.037,20.888,290.888,270.0,270.888,54000,20990,33010,38.87037,61.12963,3284.972529,307.849551,317.382239,52197,50518,1679,2.486756,21975,20.0,290.763,20.016214493,299.992531686,PASS
INST_0072,100072,1,1,DSDV,50,20,25,8,2,512,20.0,290.0,0.037,20.888,290.888,270.0,270.888,54000,23194,30806,42.951852,57.048148,3015.861255,246.239921,350.70813,3035,3035,0,0.130853,12389,20.0,290.763,20.009190701,296.781399387,PASS
INST_0072,100072,1,1,AOMDV,50,20,25,8,2,512,20.0,290.0,0.037,20.888,290.888,270.0,270.888,54000,19823,34177,36.709259,63.290741,4755.85369,345.458312,299.736452,41358,40000,1358,2.086364,13690,20.0,290.763,20.011927816,294.308475028,PASS
INST_0073,100073,1,1,AODV,50,20,25,8,3,512,20.0,290.0,0.037,20.888,290.888,270.0,270.888,54000,18815,35185,34.842593,65.157407,3883.399796,333.416565,284.494847,53565,51792,1773,2.846931,23631,20.0,290.763,20.13607651,298.448226679,PASS
INST_0073,100073,1,1,DSDV,50,20,25,8,3,512,20.0,290.0,0.037,20.888,290.888,270.0,270.888,54000,19857,34143,36.772222,63.227778,2753.930025,271.618748,300.250554,3009,3009,0,0.151533,14082,20.0,290.763,20.054706162,299.0640552,PASS
INST_0073,100073,1,1,AOMDV,50,20,25,8,3,512,20.0,290.0,0.037,20.888,290.888,270.0,270.888,54000,17499,36501,32.405556,67.594444,5142.197692,358.117646,264.596084,41864,40527,1337,2.392365,13679,20.0,290.763,20.120813083,294.565849539,PASS
INST_0074,100074,1,1,AODV,50,20,25,8,4,512,20.0,290.0,0.037,20.888,290.888,270.0,270.888,54000,23016,30984,42.622222,57.377778,3311.044288,269.525536,348.016656,46930,45415,1515,2.039016,17900,20.0,290.763,20.01880639,294.074947373,PASS
INST_0074,100074,1,1,DSDV,50,20,25,8,4,512,20.0,290.0,0.037,20.888,290.888,270.0,270.888,54000,26433,27567,48.95,51.05,1907.668911,172.822052,399.683884,3172,3172,0,0.120002,11365,20.0,290.763,20.00898706,293.744635713,PASS
INST_0074,100074,1,1,AOMDV,50,20,25,8,4,512,20.0,290.0,0.037,20.888,290.888,270.0,270.888,54000,23138,30862,42.848148,57.151852,3915.803418,278.902334,349.861374,39326,38127,1199,1.699628,12963,20.0,290.763,20.056824309,296.242490508,PASS
INST_0075,100075,1,1,AODV,50,20,25,8,5,512,20.0,290.0,0.037,20.888,290.888,270.0,270.888,54000,17130,36870,31.722222,68.277778,4001.151364,355.747393,259.016568,61592,59622,1970,3.595563,25421,20.0,290.763,20.193237547,299.978321672,PASS
INST_0075,100075,1,1,DSDV,50,20,25,8,5,512,20.0,290.0,0.037,20.888,290.888,270.0,270.888,54000,19738,34262,36.551852,63.448148,2608.825806,277.746266,298.451198,3129,3129,0,0.158527,15747,20.0,290.763,20.341391731,298.72926077,PASS
INST_0075,100075,1,1,AOMDV,50,20,25,8,5,512,20.0,290.0,0.037,20.888,290.888,270.0,270.888,54000,16318,37682,30.218519,69.781481,4910.043098,375.058648,246.738608,46322,44795,1527,2.838706,14663,20.0,290.763,20.293671319,295.554493076,PASS
INST_0076,100076,1,1,AODV,50,30,5,2,1,512,20.0,290.0,0.037,20.148,290.148,270.0,270.148,2700,2263,437,83.814815,16.185185,237.977274,55.202517,34.31174,5971,5706,265,2.638533,435,20.0,289.648,20.042414719,289.659719562,PASS
INST_0076,100076,1,1,DSDV,50,30,5,2,1,512,20.0,290.0,0.037,20.148,290.148,270.0,270.148,2700,1451,1249,53.740741,46.259259,13.830705,3.769443,22.000148,3156,3156,0,2.175052,1110,20.0,289.648,20.008629872,289.659959484,PASS
INST_0076,100076,1,1,AOMDV,50,30,5,2,1,512,20.0,290.0,0.037,20.148,290.148,270.0,270.148,2700,1852,848,68.592593,31.407407,22.803583,10.969971,28.080134,17977,17812,165,9.706803,843,20.0,289.648,20.079526158,289.666079857,PASS
INST_0077,100077,1,1,AODV,50,30,5,2,2,512,20.0,290.0,0.037,20.148,290.148,270.0,270.148,2700,2559,141,94.777778,5.222222,80.003327,31.229135,38.79971,7393,7010,383,2.889019,138,20.0,289.648,20.01361595,298.595112277,PASS
INST_0077,100077,1,1,DSDV,50,30,5,2,2,512,20.0,290.0,0.037,20.148,290.148,270.0,270.148,2700,1398,1302,51.777778,48.222222,9.698949,1.334518,21.196559,2813,2813,0,2.01216,1217,20.0,289.648,20.009110971,289.622920086,PASS
INST_0077,100077,1,1,AOMDV,50,30,5,2,2,512,20.0,290.0,0.037,20.148,290.148,270.0,270.148,2700,1957,743,72.481481,27.518519,20.956246,11.090039,29.67215,17413,17111,302,8.897803,739,20.0,289.648,20.01513591,293.104540259,PASS
INST_0078,100078,1,1,AODV,50,30,5,2,3,512,20.0,290.0,0.037,20.148,290.148,270.0,270.148,2700,2591,109,95.962963,4.037037,115.143538,33.054511,39.284896,7546,7102,444,2.912389,98,20.0,289.648,20.082723933,289.665959848,PASS
INST_0078,100078,1,1,DSDV,50,30,5,2,3,512,20.0,290.0,0.037,20.148,290.148,270.0,270.148,2700,1380,1320,51.111111,48.888889,122.455872,112.180056,20.923642,3487,3487,0,2.526812,1220,20.0,289.648,20.054386186,289.66207575,PASS
INST_0078,100078,1,1,AOMDV,50,30,5,2,3,512,20.0,290.0,0.037,20.148,290.148,270.0,270.148,2700,1965,735,72.777778,27.222222,21.430622,9.774997,29.793447,17864,17499,365,9.091094,734,20.0,289.648,20.057421225,289.663844016,PASS
INST_0079,100079,1,1,AODV,50,30,5,2,4,512,20.0,290.0,0.037,20.148,290.148,270.0,270.148,2700,2691,9,99.666667,0.333333,22.311311,5.621978,40.801102,806,787,19,0.299517,9,20.0,289.648,20.057898166,289.659696772,PASS
INST_0079,100079,1,1,DSDV,50,30,5,2,4,512,20.0,290.0,0.037,20.148,290.148,270.0,270.148,2700,2586,114,95.777778,4.222222,6.318504,0.426126,39.209085,2926,2926,0,1.131477,112,20.0,289.648,20.009027459,289.653816375,PASS
INST_0079,100079,1,1,AOMDV,50,30,5,2,4,512,20.0,290.0,0.037,20.148,290.148,270.0,270.148,2700,2635,65,97.592593,2.407407,7.332682,0.994516,39.952026,14544,14498,46,5.519545,63,20.0,289.648,20.136204571,289.654036375,PASS
INST_0080,100080,1,1,AODV,50,30,5,2,5,512,20.0,290.0,0.037,20.148,290.148,270.0,270.148,2700,2455,245,90.925926,9.074074,286.88218,72.391595,37.222856,7797,7496,301,3.175967,245,20.0,289.648,20.246015567,289.684062861,PASS
INST_0080,100080,1,1,DSDV,50,30,5,2,5,512,20.0,290.0,0.037,20.148,290.148,270.0,270.148,2700,1448,1252,53.62963,46.37037,10.926998,1.986946,21.954662,3019,3019,0,2.084945,1059,20.0,289.648,20.128165788,289.659740447,PASS
INST_0080,100080,1,1,AOMDV,50,30,5,2,5,512,20.0,290.0,0.037,20.148,290.148,270.0,270.148,2700,1879,821,69.592593,30.407407,37.358,18.097501,28.489509,19165,18907,258,10.199574,811,20.0,289.648,20.081505697,289.665341118,PASS
INST_0081,100081,1,1,AODV,50,30,5,4,1,512,20.0,290.0,0.037,20.148,290.148,270.0,270.148,5400,4508,892,83.481481,16.518519,190.961933,36.489687,68.350563,7081,6671,410,1.570763,880,20.0,289.898,20.017296942,289.909979598,PASS
INST_0081,100081,1,1,DSDV,50,30,5,4,1,512,20.0,290.0,0.037,20.148,290.148,270.0,270.148,5400,2825,2575,52.314815,47.685185,52.266582,85.34147,42.832818,3093,3093,0,1.094867,2340,20.0,289.898,20.009229872,289.910139459,PASS
INST_0081,100081,1,1,AOMDV,50,30,5,4,1,512,20.0,290.0,0.037,20.148,290.148,270.0,270.148,5400,3562,1838,65.962963,34.037037,20.922473,6.962502,54.007255,18475,18249,226,5.186693,1798,20.0,289.898,20.014798978,289.910119459,PASS
INST_0082,100082,1,1,AODV,50,30,5,4,2,512,20.0,290.0,0.037,20.148,290.148,270.0,270.148,5400,5210,190,96.481481,3.518519,93.263183,16.595515,78.994329,6497,6147,350,1.247025,184,20.0,289.898,20.01427441,299.137606988,PASS
INST_0082,100082,1,1,DSDV,50,30,5,4,2,512,20.0,290.0,0.037,20.148,290.148,270.0,270.148,5400,2626,2774,48.62963,51.37037,234.488595,240.9594,39.815568,2843,2843,0,1.082635,2525,20.0,289.898,20.008770971,289.839539372,PASS
INST_0082,100082,1,1,AOMDV,50,30,5,4,2,512,20.0,290.0,0.037,20.148,290.148,270.0,270.148,5400,3986,1414,73.814815,26.185185,15.929567,4.183964,60.435968,17292,17017,275,4.338184,1413,20.0,289.898,20.013044437,289.921644834,PASS
INST_0083,100083,1,1,AODV,50,30,5,4,3,512,20.0,290.0,0.037,20.148,290.148,270.0,270.148,5400,5283,117,97.833333,2.166667,71.932938,18.146876,80.101159,9902,9273,629,1.874314,117,20.0,289.898,20.236853158,289.910219354,PASS
INST_0083,100083,1,1,DSDV,50,30,5,4,3,512,20.0,290.0,0.037,20.148,290.148,270.0,270.148,5400,2897,2503,53.648148,46.351852,46.268328,68.243407,43.924486,3506,3506,0,1.210217,2324,20.0,289.898,20.054765661,289.910199354,PASS
INST_0083,100083,1,1,AOMDV,50,30,5,4,3,512,20.0,290.0,0.037,20.148,290.148,270.0,270.148,5400,3956,1444,73.259259,26.740741,18.63322,4.79685,59.981107,17421,17103,318,4.403691,1440,20.0,289.898,20.071523552,289.920422187,PASS
INST_0084,100084,1,1,AODV,50,30,5,4,4,512,20.0,290.0,0.037,20.148,290.148,270.0,270.148,5400,5358,42,99.222222,0.777778,49.554668,4.352002,81.238314,1110,1079,31,0.207167,43,20.0,289.898,20.017417837,291.917301031,PASS
INST_0084,100084,1,1,DSDV,50,30,5,4,4,512,20.0,290.0,0.037,20.148,290.148,270.0,270.148,5400,5167,233,95.685185,4.314815,6.279137,0.472582,78.34236,2898,2898,0,0.560867,232,20.0,289.898,20.009107459,289.903936376,PASS
INST_0084,100084,1,1,AOMDV,50,30,5,4,4,512,20.0,290.0,0.037,20.148,290.148,270.0,270.148,5400,5267,133,97.537037,2.462963,7.269926,0.685014,79.858566,14402,14354,48,2.734384,134,20.0,289.898,20.046766532,289.904016376,PASS
INST_0085,100085,1,1,AODV,50,30,5,4,5,512,20.0,290.0,0.037,20.148,290.148,270.0,270.148,5400,4772,628,88.37037,11.62963,302.061692,34.630621,72.353347,8259,7944,315,1.730721,622,20.0,289.898,20.256939998,289.909660469,PASS
INST_0085,100085,1,1,DSDV,50,30,5,4,5,512,20.0,290.0,0.037,20.148,290.148,270.0,270.148,5400,3084,2316,57.111111,42.888889,10.953171,1.41263,46.759791,3319,3319,0,1.0762,2140,20.0,289.898,24.128788707,289.91566184,PASS
INST_0085,100085,1,1,AOMDV,50,30,5,4,5,512,20.0,290.0,0.037,20.148,290.148,270.0,270.148,5400,3925,1475,72.685185,27.314815,22.259287,7.507505,59.511083,19118,18862,256,4.870828,1444,20.0,289.898,20.106790843,289.911836087,PASS
INST_0086,100086,1,1,AODV,50,30,5,8,1,512,20.0,290.0,0.037,20.148,290.148,270.0,270.148,10800,8899,1901,82.398148,17.601852,151.839541,21.540476,134.927166,9770,9221,549,1.097876,1792,20.0,290.023,20.013767301,290.041119777,PASS
INST_0086,100086,1,1,DSDV,50,30,5,8,1,512,20.0,290.0,0.037,20.148,290.148,270.0,270.148,10800,5726,5074,53.018519,46.981481,10.873052,1.68215,86.817952,3245,3245,0,0.566713,4408,20.0,290.023,20.008349872,290.0344395,PASS
INST_0086,100086,1,1,AOMDV,50,30,5,8,1,512,20.0,290.0,0.037,20.148,290.148,270.0,270.148,10800,7254,3546,67.166667,32.833333,30.096979,7.583847,109.985578,18221,18037,184,2.511856,3534,20.0,290.023,20.02388819,290.035179675,PASS
INST_0087,100087,1,1,AODV,50,30,5,8,2,512,20.0,290.0,0.037,20.148,290.148,270.0,270.148,10800,9879,921,91.472222,8.527778,223.463326,36.691642,149.785984,14843,13954,889,1.50248,891,20.0,290.023,20.013389448,290.046843542,PASS
INST_0087,100087,1,1,DSDV,50,30,5,8,2,512,20.0,290.0,0.037,20.148,290.148,270.0,270.148,10800,6115,4685,56.62037,43.37963,14.079148,3.170766,92.715993,2851,2851,0,0.466231,4306,20.0,290.023,20.008790971,289.998060039,PASS
INST_0087,100087,1,1,AOMDV,50,30,5,8,2,512,20.0,290.0,0.037,20.148,290.148,270.0,270.148,10800,7956,2844,73.666667,26.333333,43.003273,11.027517,120.629344,17620,17311,309,2.214681,2801,20.0,290.023,20.016988794,290.120340241,PASS
INST_0088,100088,1,1,AODV,50,30,5,8,3,512,20.0,290.0,0.037,20.148,290.148,270.0,270.148,10800,10317,483,95.527778,4.472222,106.729525,28.740577,156.426966,15780,14802,978,1.529514,458,20.0,290.023,20.088113813,290.046961786,PASS
INST_0088,100088,1,1,DSDV,50,30,5,8,3,512,20.0,290.0,0.037,20.148,290.148,270.0,270.148,10800,5660,5140,52.407407,47.592593,65.11217,86.604508,85.817256,3396,3396,0,0.6,4665,20.0,290.023,20.054786186,290.035419368,PASS
INST_0088,100088,1,1,AOMDV,50,30,5,8,3,512,20.0,290.0,0.037,20.148,290.148,270.0,270.148,10800,7903,2897,73.175926,26.824074,27.15166,8.341643,119.825755,17774,17427,347,2.249019,2879,20.0,290.023,20.09462191,290.039199838,PASS
INST_0089,100089,1,1,AODV,50,30,5,8,4,512,20.0,290.0,0.037,20.148,290.148,270.0,270.148,10800,10722,78,99.277778,0.722222,50.839753,2.47255,162.5676,1124,1090,34,0.104831,78,20.0,290.023,20.047287774,294.493018401,PASS
INST_0089,100089,1,1,DSDV,50,30,5,8,4,512,20.0,290.0,0.037,20.148,290.148,270.0,270.148,10800,10341,459,95.75,4.25,6.382773,0.529225,156.790855,3092,3092,0,0.299004,457,20.0,290.023,20.008907459,290.028556378,PASS
INST_0089,100089,1,1,AOMDV,50,30,5,8,4,512,20.0,290.0,0.037,20.148,290.148,270.0,270.148,10800,10576,224,97.925926,2.074074,7.346452,0.737909,160.353939,14505,14457,48,1.371502,222,20.0,290.023,20.013649291,290.028736378,PASS
INST_0090,100090,1,1,AODV,50,30,5,8,5,512,20.0,290.0,0.037,20.148,290.148,270.0,270.148,10800,9397,1403,87.009259,12.990741,236.576434,44.685763,142.477871,14088,13305,783,1.499202,1357,20.0,290.023,20.076645882,296.339341421,PASS
INST_0090,100090,1,1,DSDV,50,30,5,8,5,512,20.0,290.0,0.037,20.148,290.148,270.0,270.148,10800,5818,4982,53.87037,46.12963,33.41762,43.171306,88.212861,3414,3414,0,0.5868,4875,20.0,290.023,20.128845788,290.035140479,PASS
INST_0090,100090,1,1,AOMDV,50,30,5,8,5,512,20.0,290.0,0.037,20.148,290.148,270.0,270.148,10800,7787,3013,72.101852,27.898148,63.162491,12.254134,118.066956,19150,18886,264,2.459227,2973,20.0,290.023,20.322383053,290.034480478,PASS
INST_0091,100091,1,1,AODV,50,30,10,2,1,512,20.0,290.0,0.037,20.333,290.333,270.0,270.333,5400,4629,771,85.722222,14.277778,176.554187,39.805839,70.137142,9735,9272,463,2.103046,762,20.0,289.833,20.013572948,289.844638384,PASS
INST_0091,100091,1,1,DSDV,50,30,10,2,1,512,20.0,290.0,0.037,20.333,290.333,270.0,270.333,5400,3175,2225,58.796296,41.203704,10.838042,2.716766,48.106594,3165,3165,0,0.99685,2071,20.0,289.833,20.008789872,289.839018158,PASS
INST_0091,100091,1,1,AOMDV,50,30,10,2,1,512,20.0,290.0,0.037,20.333,290.333,270.0,270.333,5400,3937,1463,72.907407,27.092593,53.374202,72.469061,59.652177,20592,20265,327,5.230378,1438,20.0,289.833,20.043046963,289.838698158,PASS
INST_0092,100092,1,1,AODV,50,30,10,2,2,512,20.0,290.0,0.037,20.333,290.333,270.0,270.333,5400,5218,182,96.62963,3.37037,137.076095,53.496807,79.061483,13193,12425,768,2.528363,177,20.0,289.833,20.011652241,289.857402539,PASS
INST_0092,100092,1,1,DSDV,50,30,10,2,2,512,20.0,290.0,0.037,20.333,290.333,270.0,270.333,5400,2933,2467,54.314815,45.685185,188.455698,355.376128,44.439887,2966,2966,0,1.011251,2271,20.0,289.833,20.008930971,289.764917989,PASS
INST_0092,100092,1,1,AOMDV,50,30,10,2,2,512,20.0,290.0,0.037,20.333,290.333,270.0,270.333,5400,4086,1314,75.666667,24.333333,18.955795,8.479279,61.909778,20185,19649,536,4.940039,1302,20.0,289.833,20.013224275,289.865808879,PASS
INST_0093,100093,1,1,AODV,50,30,10,2,3,512,20.0,290.0,0.037,20.333,290.333,270.0,270.333,5400,5200,200,96.296296,3.703704,54.036089,25.684922,78.788753,14679,13910,769,2.822885,190,20.0,289.833,20.089498989,289.900785516,PASS
INST_0093,100093,1,1,DSDV,50,30,10,2,3,512,20.0,290.0,0.037,20.333,290.333,270.0,270.333,5400,2873,2527,53.203704,46.796296,122.565653,149.894602,43.530786,3280,3280,0,1.141664,2407,20.0,289.833,20.054266186,289.859127434,PASS
INST_0093,100093,1,1,AOMDV,50,30,10,2,3,512,20.0,290.0,0.037,20.333,290.333,270.0,270.333,5400,3991,1409,73.907407,26.092593,18.897665,7.933987,60.470368,20888,20275,613,5.233776,1388,20.0,289.833,20.116992756,289.860972926,PASS
INST_0094,100094,1,1,AODV,50,30,10,2,4,512,20.0,290.0,0.037,20.333,290.333,270.0,270.333,5400,5173,227,95.796296,4.203704,130.832147,26.297529,78.379658,5826,5643,183,1.126232,217,20.0,289.833,20.019425238,289.838556246,PASS
INST_0094,100094,1,1,DSDV,50,30,10,2,4,512,20.0,290.0,0.037,20.333,290.333,270.0,270.333,5400,4471,929,82.796296,17.203704,24.924957,18.276226,67.743176,3130,3130,0,0.700067,853,20.0,289.833,20.008447459,289.838816246,PASS
INST_0094,100094,1,1,AOMDV,50,30,10,2,4,512,20.0,290.0,0.037,20.333,290.333,270.0,270.333,5400,4767,633,88.277778,11.722222,11.816805,4.50564,72.228074,17557,17395,162,3.683029,617,20.0,289.833,20.011602721,289.838936246,PASS
INST_0095,100095,1,1,AODV,50,30,10,2,5,512,20.0,290.0,0.037,20.333,290.333,270.0,270.333,5400,4950,450,91.666667,8.333333,244.049015,62.198491,75.000832,12850,12373,477,2.59596,439,20.0,289.833,20.287937774,289.856461437,PASS
INST_0095,100095,1,1,DSDV,50,30,10,2,5,512,20.0,290.0,0.037,20.333,290.333,270.0,270.333,5400,3069,2331,56.833333,43.166667,59.110701,49.225766,46.500516,3490,3490,0,1.137178,2195,20.0,289.833,20.34227165,289.83891667,PASS
INST_0095,100095,1,1,AOMDV,50,30,10,2,5,512,20.0,290.0,0.037,20.333,290.333,270.0,270.333,5400,3959,1441,73.314815,26.685185,33.624128,15.069764,59.985514,21876,21457,419,5.525638,1432,20.0,289.833,20.062243706,289.83871667,PASS
INST_0096,100096,1,1,AODV,50,30,10,4,1,512,20.0,290.0,0.037,20.333,290.333,270.0,270.333,10800,9140,1660,84.62963,15.37037,118.071223,25.482546,138.486385,11680,11072,608,1.277899,1636,20.0,290.083,20.013067769,290.095018234,PASS
INST_0096,100096,1,1,DSDV,50,30,10,4,1,512,20.0,290.0,0.037,20.333,290.333,270.0,270.333,10800,6365,4435,58.935185,41.064815,12.792467,3.248166,96.440464,3054,3054,0,0.479811,4152,20.0,290.083,20.009069872,290.088678147,PASS
INST_0096,100096,1,1,AOMDV,50,30,10,4,1,512,20.0,290.0,0.037,20.333,290.333,270.0,270.333,10800,7989,2811,73.972222,26.027778,22.898812,8.143354,121.046798,20403,20119,284,2.553887,2776,20.0,290.083,20.060797983,290.088758147,PASS
INST_0097,100097,1,1,AODV,50,30,10,4,2,512,20.0,290.0,0.037,20.333,290.333,270.0,270.333,10800,10128,672,93.777778,6.222222,205.15702,57.923033,153.456248,23573,22082,1491,2.327508,643,20.0,290.083,20.013111275,294.407795963,PASS
INST_0097,100097,1,1,DSDV,50,30,10,4,2,512,20.0,290.0,0.037,20.333,290.333,270.0,270.333,10800,6041,4759,55.935185,44.064815,43.068689,32.781156,91.531319,2989,2989,0,0.494786,4505,20.0,290.083,20.008970971,290.087308983,PASS
INST_0097,100097,1,1,AOMDV,50,30,10,4,2,512,20.0,290.0,0.037,20.333,290.333,270.0,270.333,10800,8377,2423,77.564815,22.435185,48.705477,31.259291,126.925651,19987,19474,513,2.385938,2367,20.0,290.083,20.016737778,293.607174736,PASS
INST_0098,100098,1,1,AODV,50,30,10,4,3,512,20.0,290.0,0.037,20.333,290.333,270.0,270.333,10800,10381,419,96.12037,3.87963,61.034567,32.876875,157.289624,20473,19253,1220,1.972161,392,20.0,290.083,20.059033463,290.100560424,PASS
INST_0098,100098,1,1,DSDV,50,30,10,4,3,512,20.0,290.0,0.037,20.333,290.333,270.0,270.333,10800,6038,4762,55.907407,44.092593,16.921949,5.105586,91.485864,3506,3506,0,0.580656,4450,20.0,290.083,20.055046186,290.088738374,PASS
INST_0098,100098,1,1,AOMDV,50,30,10,4,3,512,20.0,290.0,0.037,20.333,290.333,270.0,270.333,10800,8053,2747,74.564815,25.435185,33.141771,14.857178,122.016506,20918,20301,617,2.597541,2707,20.0,290.083,20.05784996,290.105892258,PASS
INST_0099,100099,1,1,AODV,50,30,10,4,4,512,20.0,290.0,0.037,20.333,290.333,270.0,270.333,10800,10425,375,96.527778,3.472222,101.659,13.748958,157.956298,6381,6193,188,0.612086,364,20.0,290.083,20.049523214,295.415022495,PASS
INST_0099,100099,1,1,DSDV,50,30,10,4,4,512,20.0,290.0,0.037,20.333,290.333,270.0,270.333,10800,8675,2125,80.324074,19.675926,8.683258,3.768804,131.440853,3120,3120,0,0.359654,1818,20.0,290.083,20.008267459,290.088856222,PASS
INST_0099,100099,1,1,AOMDV,50,30,10,4,4,512,20.0,290.0,0.037,20.333,290.333,270.0,270.333,10800,9333,1467,86.416667,13.583333,11.670334,2.744046,141.41066,16469,16318,151,1.764599,1445,20.0,290.083,20.059673125,290.088896222,PASS
INST_0100,100100,1,1,AODV,50,30,10,4,5,512,20.0,290.0,0.037,20.333,290.333,270.0,270.333,10800,9629,1171,89.157407,10.842593,355.695142,57.80773,145.895558,19302,18375,927,2.00457,1152,20.0,290.083,20.248398001,290.088896675,PASS
INST_0100,100100,1,1,DSDV,50,30,10,4,5,512,20.0,290.0,0.037,20.333,290.333,270.0,270.333,10800,5930,4870,54.907407,45.092593,85.43068,87.94389,89.849482,3314,3314,0,0.558853,4599,20.0,290.083,20.34193165,290.088516675,PASS
INST_0100,100100,1,1,AOMDV,50,30,10,4,5,512,20.0,290.0,0.037,20.333,290.333,270.0,270.333,10800,7757,3043,71.824074,28.175926,37.837774,15.180823,117.531607,22126,21686,440,2.852391,3008,20.0,290.083,20.073109664,290.088756675,PASS
INST_0101,100101,1,1,AODV,50,30,10,8,1,512,20.0,290.0,0.037,20.333,290.333,270.0,270.333,21600,16517,5083,76.467593,23.532407,364.016817,61.556278,250.260353,20403,19433,970,1.235273,4899,20.0,290.208,20.033739615,294.058901777,PASS
INST_0101,100101,1,1,DSDV,50,30,10,8,1,512,20.0,290.0,0.037,20.333,290.333,270.0,270.333,21600,11651,9949,53.939815,46.060185,36.514725,10.222077,176.532262,3291,3291,0,0.282465,8746,20.0,290.208,20.008909872,291.698352873,PASS
INST_0101,100101,1,1,AOMDV,50,30,10,8,1,512,20.0,290.0,0.037,20.333,290.333,270.0,270.333,21600,14908,6692,69.018519,30.981481,285.268282,39.318052,225.881295,21041,20680,361,1.41139,6252,20.0,290.208,20.019985917,290.571893474,PASS
INST_0102,100102,1,1,AODV,50,30,10,8,2,512,20.0,290.0,0.037,20.333,290.333,270.0,270.333,21600,13826,7774,64.009259,35.990741,1139.719895,166.858236,209.487173,42419,40279,2140,3.06806,6548,20.0,290.208,20.011632241,291.196053217,PASS
INST_0102,100102,1,1,DSDV,50,30,10,8,2,512,20.0,290.0,0.037,20.333,290.333,270.0,270.333,21600,11099,10501,51.384259,48.615741,219.033479,102.92053,168.168533,2986,2986,0,0.269033,9103,20.0,290.208,20.008490971,291.443941884,PASS
INST_0102,100102,1,1,AOMDV,50,30,10,8,2,512,20.0,290.0,0.037,20.333,290.333,270.0,270.333,21600,13744,7856,63.62963,36.37037,805.355872,94.122808,208.244735,23060,22444,616,1.677823,6086,20.0,290.208,20.013243542,292.298247912,PASS
INST_0103,100103,1,1,AODV,50,30,10,8,3,512,20.0,290.0,0.037,20.333,290.333,270.0,270.333,21600,15386,6214,71.231481,28.768519,436.440551,119.23603,233.123799,46352,43955,2397,3.012609,6055,20.0,290.208,20.089499054,297.432247615,PASS
INST_0103,100103,1,1,DSDV,50,30,10,8,3,512,20.0,290.0,0.037,20.333,290.333,270.0,270.333,21600,10431,11169,48.291667,51.708333,422.18702,80.713656,158.047208,3674,3674,0,0.352219,9242,20.0,290.208,20.055205661,290.869967921,PASS
INST_0103,100103,1,1,AOMDV,50,30,10,8,3,512,20.0,290.0,0.037,20.333,290.333,270.0,270.333,21600,13503,8097,62.513889,37.486111,775.623927,108.455493,204.59318,23357,22647,710,1.729764,6714,20.0,290.208,20.075324437,290.984635603,PASS
INST_0104,100104,1,1,AODV,50,30,10,8,4,512,20.0,290.0,0.037,20.333,290.333,270.0,270.333,21600,20591,1009,95.328704,4.671296,98.035574,11.355797,311.988311,7593,7355,238,0.368753,969,20.0,290.208,20.018996203,290.213736221,PASS
INST_0104,100104,1,1,DSDV,50,30,10,8,4,512,20.0,290.0,0.037,20.333,290.333,270.0,270.333,21600,17097,4503,79.152778,20.847222,11.388991,7.558748,259.048329,3206,3206,0,0.187518,4008,20.0,290.208,20.008367459,290.213796221,PASS
INST_0104,100104,1,1,AOMDV,50,30,10,8,4,512,20.0,290.0,0.037,20.333,290.333,270.0,270.333,21600,19111,2489,88.476852,11.523148,16.454029,5.248543,289.563819,17978,17782,196,0.940715,2465,20.0,290.208,20.097974434,290.213796221,PASS
INST_0105,100105,1,1,AODV,50,30,10,8,5,512,20.0,290.0,0.037,20.333,290.333,270.0,270.333,21600,15858,5742,73.416667,26.583333,525.231918,91.58679,240.275394,34025,32462,1563,2.145605,5482,20.0,290.208,20.221263181,291.046416457,PASS
INST_0105,100105,1,1,DSDV,50,30,10,8,5,512,20.0,290.0,0.037,20.333,290.333,270.0,270.333,21600,10884,10716,50.388889,49.611111,171.992527,54.463781,164.910921,3325,3325,0,0.305494,9366,20.0,290.208,20.128606263,292.98206925,PASS
INST_0105,100105,1,1,AOMDV,50,30,10,8,5,512,20.0,290.0,0.037,20.333,290.333,270.0,270.333,21600,14445,7155,66.875,33.125,497.903232,70.932328,218.866065,23276,22816,460,1.611353,6329,20.0,290.208,20.078938458,291.644024535,PASS
INST_0106,100106,1,1,AODV,50,30,15,2,1,512,20.0,290.0,0.037,20.518,290.518,270.0,270.518,8100,6670,1430,82.345679,17.654321,380.423131,78.996755,100.992614,18870,18016,854,2.829085,1416,20.0,290.018,20.014579601,290.03602029,PASS
INST_0106,100106,1,1,DSDV,50,30,15,2,1,512,20.0,290.0,0.037,20.518,290.518,270.0,270.518,8100,4301,3799,53.098765,46.901235,14.386741,4.694622,65.122824,3227,3227,0,0.750291,3628,20.0,290.018,20.008189872,290.029799456,PASS
INST_0106,100106,1,1,AOMDV,50,30,15,2,1,512,20.0,290.0,0.037,20.518,290.518,270.0,270.518,8100,5546,2554,68.469136,31.530864,33.865434,17.216331,83.973769,29783,29261,522,5.370177,2536,20.0,290.018,20.03905794,290.029839456,PASS
INST_0107,100107,1,1,AODV,50,30,15,2,2,512,20.0,290.0,0.037,20.518,290.518,270.0,270.518,8100,7853,247,96.950617,3.049383,66.789077,26.943593,118.904797,16837,15919,918,2.144021,235,20.0,290.018,20.01441985,292.172680517,PASS
INST_0107,100107,1,1,DSDV,50,30,15,2,2,512,20.0,290.0,0.037,20.518,290.518,270.0,270.518,8100,5017,3083,61.938272,38.061728,79.158758,87.596458,75.96401,3026,3026,0,0.603149,2879,20.0,290.018,20.008630971,289.91281749,PASS
INST_0107,100107,1,1,AOMDV,50,30,15,2,2,512,20.0,290.0,0.037,20.518,290.518,270.0,270.518,8100,6318,1782,78.0,22.0,25.334361,17.29057,95.662869,22180,21526,654,3.510605,1767,20.0,290.018,20.013243681,290.036260396,PASS
INST_0108,100108,1,1,AODV,50,30,15,2,3,512,20.0,290.0,0.037,20.518,290.518,270.0,270.518,8100,7708,392,95.160494,4.839506,76.011014,34.038773,116.709306,22939,21814,1125,2.975999,373,20.0,290.018,20.248637482,290.041703001,PASS
INST_0108,100108,1,1,DSDV,50,30,15,2,3,512,20.0,290.0,0.037,20.518,290.518,270.0,270.518,8100,4595,3505,56.728395,43.271605,65.789364,56.552207,69.574372,3536,3536,0,0.769532,3283,20.0,290.018,20.054726186,290.042880179,PASS
INST_0108,100108,1,1,AOMDV,50,30,15,2,3,512,20.0,290.0,0.037,20.518,290.518,270.0,270.518,8100,5992,2108,73.975309,26.024691,28.739249,17.290081,90.726798,23811,23016,795,3.973798,2095,20.0,290.018,20.430298218,290.035961709,PASS
INST_0109,100109,1,1,AODV,50,30,15,2,4,512,20.0,290.0,0.037,20.518,290.518,270.0,270.518,8100,7556,544,93.283951,6.716049,141.83218,37.421038,114.407825,12007,11508,499,1.589068,535,20.0,290.018,20.032648976,290.571150133,PASS
INST_0109,100109,1,1,DSDV,50,30,15,2,4,512,20.0,290.0,0.037,20.518,290.518,270.0,270.518,8100,5984,2116,73.876543,26.123457,17.093413,14.030868,90.605668,3143,3143,0,0.525234,1981,20.0,290.018,20.008947459,289.992939068,PASS
INST_0109,100109,1,1,AOMDV,50,30,15,2,4,512,20.0,290.0,0.037,20.518,290.518,270.0,270.518,8100,6848,1252,84.54321,15.45679,24.785689,12.71208,103.687769,22113,21712,401,3.229118,1245,20.0,290.018,20.014726755,289.992659068,PASS
INST_0110,100110,1,1,AODV,50,30,15,2,5,512,20.0,290.0,0.037,20.518,290.518,270.0,270.518,8100,7151,949,88.283951,11.716049,244.956602,69.734145,108.27559,23326,22305,1021,3.261921,914,20.0,290.018,20.269124908,290.10306217,PASS
INST_0110,100110,1,1,DSDV,50,30,15,2,5,512,20.0,290.0,0.037,20.518,290.518,270.0,270.518,8100,4048,4052,49.975309,50.024691,144.486142,204.671292,61.292069,3009,3009,0,0.74333,3736,20.0,290.018,20.128165788,290.049799243,PASS
INST_0110,100110,1,1,AOMDV,50,30,15,2,5,512,20.0,290.0,0.037,20.518,290.518,270.0,270.518,8100,5781,2319,71.37037,28.62963,63.004633,54.299335,87.531979,28264,27615,649,4.88912,2292,20.0,290.018,20.362441322,290.041524408,PASS
INST_0111,100111,1,1,AODV,50,30,15,4,1,512,20.0,290.0,0.037,20.518,290.518,270.0,270.518,16200,12054,4146,74.407407,25.592593,305.51609,92.644246,182.513489,29710,28348,1362,2.464742,3952,20.0,290.268,20.039711785,293.406444993,PASS
INST_0111,100111,1,1,DSDV,50,30,15,4,1,512,20.0,290.0,0.037,20.518,290.518,270.0,270.518,16200,8672,7528,53.530864,46.469136,27.36769,11.019563,131.30554,3346,3346,0,0.385839,7162,20.0,290.268,20.008869872,290.279779453,PASS
INST_0111,100111,1,1,AOMDV,50,30,15,4,1,512,20.0,290.0,0.037,20.518,290.518,270.0,270.518,16200,10791,5409,66.611111,33.388889,133.713552,45.072174,163.39,30265,29667,598,2.804652,5385,20.0,290.268,20.048846744,290.287495661,PASS
INST_0112,100112,1,1,AODV,50,30,15,4,2,512,20.0,290.0,0.037,20.518,290.518,270.0,270.518,16200,14289,1911,88.203704,11.796296,254.083947,93.158836,216.354342,36584,34519,2065,2.560291,1799,20.0,290.268,20.013756437,293.467898195,PASS
INST_0112,100112,1,1,DSDV,50,30,15,4,2,512,20.0,290.0,0.037,20.518,290.518,270.0,270.518,16200,9987,6213,61.648148,38.351852,44.269281,41.861255,151.216377,3139,3139,0,0.314309,5833,20.0,290.268,20.008530971,290.286200543,PASS
INST_0112,100112,1,1,AOMDV,50,30,15,4,2,512,20.0,290.0,0.037,20.518,290.518,270.0,270.518,16200,12283,3917,75.820988,24.179012,121.973485,41.70783,185.980852,22945,22214,731,1.868029,3791,20.0,290.268,20.012619275,290.92730344,PASS
INST_0113,100113,1,1,AODV,50,30,15,4,3,512,20.0,290.0,0.037,20.518,290.518,270.0,270.518,16200,12822,3378,79.148148,20.851852,418.571862,171.505087,194.142024,56391,53395,2996,4.397988,3152,20.0,290.268,20.121276484,290.552980034,PASS
INST_0113,100113,1,1,DSDV,50,30,15,4,3,512,20.0,290.0,0.037,20.518,290.518,270.0,270.518,16200,8874,7326,54.777778,45.222222,158.222018,148.278516,134.364087,3638,3638,0,0.409962,6868,20.0,290.268,20.054626186,290.243178852,PASS
INST_0113,100113,1,1,AOMDV,50,30,15,4,3,512,20.0,290.0,0.037,20.518,290.518,270.0,270.518,16200,11691,4509,72.166667,27.833333,233.559768,70.5414,177.017189,24598,23703,895,2.104012,4369,20.0,290.268,20.423105131,290.399954333,PASS
INST_0114,100114,1,1,AODV,50,30,15,4,4,512,20.0,290.0,0.037,20.518,290.518,270.0,270.518,16200,14843,1357,91.623457,8.376543,195.201944,31.036232,224.742635,13698,13081,617,0.922859,1333,20.0,290.268,20.01495128,294.953589,PASS
INST_0114,100114,1,1,DSDV,50,30,15,4,4,512,20.0,290.0,0.037,20.518,290.518,270.0,270.518,16200,11799,4401,72.833333,27.166667,26.685564,28.471323,178.652452,3320,3320,0,0.28138,4028,20.0,290.268,20.008507459,290.252706564,PASS
INST_0114,100114,1,1,AOMDV,50,30,15,4,4,512,20.0,290.0,0.037,20.518,290.518,270.0,270.518,16200,13711,2489,84.635802,15.364198,31.853479,12.89799,207.602659,22250,21865,385,1.622785,2478,20.0,290.268,20.027053361,290.292449479,PASS
INST_0115,100115,1,1,AODV,50,30,15,4,5,512,20.0,290.0,0.037,20.518,290.518,270.0,270.518,16200,11877,4323,73.314815,26.685185,709.21419,177.416137,179.833475,47012,44580,2432,3.958239,4170,20.0,290.268,20.309626008,290.579032309,PASS
INST_0115,100115,1,1,DSDV,50,30,15,4,5,512,20.0,290.0,0.037,20.518,290.518,270.0,270.518,16200,8088,8112,49.925926,50.074074,26.320885,11.478358,122.463008,3389,3389,0,0.419016,7567,20.0,290.268,20.128845693,290.243239373,PASS
INST_0115,100115,1,1,AOMDV,50,30,15,4,5,512,20.0,290.0,0.037,20.518,290.518,270.0,270.518,16200,10788,5412,66.592593,33.407407,262.050191,77.654896,163.344576,29976,29202,774,2.778643,5292,20.0,290.268,20.071759988,290.478096989,PASS
INST_0116,100116,1,1,AODV,50,30,15,8,1,512,20.0,290.0,0.037,20.518,290.518,270.0,270.518,32400,16118,16282,49.746914,50.253086,1715.38511,189.172385,244.047819,37066,35591,1475,2.299665,13782,20.0,290.393,20.013993201,294.771847401,PASS
INST_0116,100116,1,1,DSDV,50,30,15,8,1,512,20.0,290.0,0.037,20.518,290.518,270.0,270.518,32400,14302,18098,44.141975,55.858025,394.887848,88.873377,216.55118,3057,3057,0,0.213746,13451,20.0,290.393,20.009069872,293.871062732,PASS
INST_0116,100116,1,1,AOMDV,50,30,15,8,1,512,20.0,290.0,0.037,20.518,290.518,270.0,270.518,32400,16813,15587,51.891975,48.108025,1485.532847,127.75299,254.571038,34791,34095,696,2.069292,12025,20.0,290.393,20.045476339,296.911092771,PASS
INST_0117,100117,1,1,AODV,50,30,15,8,2,512,20.0,290.0,0.037,20.518,290.518,270.0,270.518,32400,18498,13902,57.092593,42.907407,1333.357356,183.613629,280.084164,49291,47206,2085,2.664666,11890,20.0,290.393,20.013775218,299.205490823,PASS
INST_0117,100117,1,1,DSDV,50,30,15,8,2,512,20.0,290.0,0.037,20.518,290.518,270.0,270.518,32400,16979,15421,52.404321,47.595679,478.601065,88.828342,257.084497,3080,3080,0,0.181401,10698,20.0,290.393,20.008790971,292.371475862,PASS
INST_0117,100117,1,1,AOMDV,50,30,15,8,2,512,20.0,290.0,0.037,20.518,290.518,270.0,270.518,32400,17062,15338,52.660494,47.339506,1867.465391,185.972108,258.341227,28806,27895,911,1.688313,9003,20.0,290.393,20.015245423,293.04615774,PASS
INST_0118,100118,1,1,AODV,50,30,15,8,3,512,20.0,290.0,0.037,20.518,290.518,270.0,270.518,32400,15084,17316,46.555556,53.444444,1552.493263,241.891286,228.391693,58300,55744,2556,3.865023,14305,20.0,290.393,20.086924222,296.581862256,PASS
INST_0118,100118,1,1,DSDV,50,30,15,8,3,512,20.0,290.0,0.037,20.518,290.518,270.0,270.518,32400,13221,19179,40.805556,59.194444,706.384991,149.309889,200.183411,3693,3693,0,0.279328,12332,20.0,290.393,20.055186217,293.269425169,PASS
INST_0118,100118,1,1,AOMDV,50,30,15,8,3,512,20.0,290.0,0.037,20.518,290.518,270.0,270.518,32400,15247,17153,47.058642,52.941358,1876.42439,229.660152,230.859728,32258,31045,1213,2.115695,11326,20.0,290.393,20.095666391,294.133207891,PASS
INST_0119,100119,1,1,AODV,50,30,15,8,4,512,20.0,290.0,0.037,20.518,290.518,270.0,270.518,32400,25640,6760,79.135802,20.864198,365.308659,62.176638,388.223482,18855,18141,714,0.735374,6237,20.0,290.393,20.040176074,299.879911423,PASS
INST_0119,100119,1,1,DSDV,50,30,15,8,4,512,20.0,290.0,0.037,20.518,290.518,270.0,270.518,32400,22829,9571,70.459877,29.540123,205.811925,51.108506,345.661228,3265,3265,0,0.14302,6940,20.0,290.393,20.008707459,293.403746802,PASS
INST_0119,100119,1,1,AOMDV,50,30,15,8,4,512,20.0,290.0,0.037,20.518,290.518,270.0,270.518,32400,24739,7661,76.354938,23.645062,536.213297,70.762448,374.581152,24601,24174,427,0.994422,5905,20.0,290.393,20.137744628,291.320007894,PASS
INST_0120,100120,1,1,AODV,50,30,15,8,5,512,20.0,290.0,0.037,20.518,290.518,270.0,270.518,32400,15624,16776,48.222222,51.777778,1486.127736,204.9608,236.568007,48549,46566,1983,3.107335,14200,20.0,290.393,20.292337526,294.966909591,PASS
INST_0120,100120,1,1,DSDV,50,30,15,8,5,512,20.0,290.0,0.037,20.518,290.518,270.0,270.518,32400,13165,19235,40.632716,59.367284,582.466494,105.487733,199.335497,3641,3641,0,0.276567,13301,20.0,290.393,20.129266263,293.303123777,PASS
INST_0120,100120,1,1,AOMDV,50,30,15,8,5,512,20.0,290.0,0.037,20.518,290.518,270.0,270.518,32400,15442,16958,47.660494,52.339506,1925.576388,192.296932,233.812286,35942,34997,945,2.327548,11975,20.0,290.393,20.299311459,294.21808929,PASS
INST_0121,100121,1,1,AODV,50,30,20,2,1,512,20.0,290.0,0.037,20.703,290.703,270.0,270.703,10800,8718,2082,80.722222,19.277778,270.640476,85.41982,131.91183,26752,25489,1263,3.068594,2004,20.0,290.203,20.035521693,290.232783958,PASS
INST_0121,100121,1,1,DSDV,50,30,20,2,1,512,20.0,290.0,0.037,20.703,290.703,270.0,270.703,10800,5793,5007,53.638889,46.361111,69.333516,55.003688,87.653731,3107,3107,0,0.536337,4703,20.0,290.203,20.008829872,290.226403587,PASS
INST_0121,100121,1,1,AOMDV,50,30,20,2,1,512,20.0,290.0,0.037,20.703,290.703,270.0,270.703,10800,7408,3392,68.592593,31.407407,47.18457,39.795032,112.090254,33649,32924,725,4.542252,3365,20.0,290.203,20.051199504,290.227343467,PASS
INST_0122,100122,1,1,AODV,50,30,20,2,2,512,20.0,290.0,0.037,20.703,290.703,270.0,270.703,10800,10357,443,95.898148,4.101852,79.145224,48.256653,156.711496,24724,23428,1296,2.387178,428,20.0,290.203,20.012197241,290.208937297,PASS
INST_0122,100122,1,1,DSDV,50,30,20,2,2,512,20.0,290.0,0.037,20.703,290.703,270.0,270.703,10800,6639,4161,61.472222,38.527778,36.366084,50.245865,100.454535,2938,2938,0,0.442537,3938,20.0,290.203,20.008970971,290.214537302,PASS
INST_0122,100122,1,1,AOMDV,50,30,20,2,2,512,20.0,290.0,0.037,20.703,290.703,270.0,270.703,10800,8597,2203,79.601852,20.398148,39.390507,37.767392,130.080982,23857,22986,871,2.775038,2187,20.0,290.203,20.015476684,293.109302388,PASS
INST_0123,100123,1,1,AODV,50,30,20,2,3,512,20.0,290.0,0.037,20.703,290.703,270.0,270.703,10800,10206,594,94.5,5.5,90.791207,61.030717,154.426719,32060,30368,1692,3.141289,571,20.0,290.203,20.077650372,290.208857043,PASS
INST_0123,100123,1,1,DSDV,50,30,20,2,3,512,20.0,290.0,0.037,20.703,290.703,270.0,270.703,10800,6215,4585,57.546296,42.453704,109.31111,138.26434,94.039002,3196,3196,0,0.51424,4313,20.0,290.203,20.053905661,290.208697042,PASS
INST_0123,100123,1,1,AOMDV,50,30,20,2,3,512,20.0,290.0,0.037,20.703,290.703,270.0,270.703,10800,8238,2562,76.277778,23.722222,30.212718,18.114471,124.648962,25787,24783,1004,3.13025,2531,20.0,290.203,20.176005447,290.208717042,PASS
INST_0124,100124,1,1,AODV,50,30,20,2,4,512,20.0,290.0,0.037,20.703,290.703,270.0,270.703,10800,9847,953,91.175926,8.824074,186.756694,45.098147,148.994699,17637,16916,721,1.791104,933,20.0,290.203,20.015141856,294.912980448,PASS
INST_0124,100124,1,1,DSDV,50,30,20,2,4,512,20.0,290.0,0.037,20.703,290.703,270.0,270.703,10800,7820,2980,72.407407,27.592593,33.549803,35.180049,118.324215,2884,2884,0,0.368798,2819,20.0,290.203,20.009107459,290.193337078,PASS
INST_0124,100124,1,1,AOMDV,50,30,20,2,4,512,20.0,290.0,0.037,20.703,290.703,270.0,270.703,10800,8973,1827,83.083333,16.916667,25.454089,12.994436,135.770228,25939,25411,528,2.890783,1819,20.0,290.203,20.013909581,290.226784754,PASS
INST_0125,100125,1,1,AODV,50,30,20,2,5,512,20.0,290.0,0.037,20.703,290.703,270.0,270.703,10800,9253,1547,85.675926,14.324074,479.625551,136.25849,140.006901,36964,35108,1856,3.994812,1451,20.0,290.203,20.3221856,290.232725859,PASS
INST_0125,100125,1,1,DSDV,50,30,20,2,5,512,20.0,290.0,0.037,20.703,290.703,270.0,270.703,10800,5529,5271,51.194444,48.805556,98.455866,96.68552,83.659154,3346,3346,0,0.605173,4896,20.0,290.203,20.128227775,290.253405858,PASS
INST_0125,100125,1,1,AOMDV,50,30,20,2,5,512,20.0,290.0,0.037,20.703,290.703,270.0,270.703,10800,7722,3078,71.5,28.5,61.9028,39.347733,116.84138,32347,31423,924,4.188941,3057,20.0,290.203,20.268286571,290.233125969,PASS
INST_0126,100126,1,1,AODV,50,30,20,4,1,512,20.0,290.0,0.037,20.703,290.703,270.0,270.703,21600,13672,7928,63.296296,36.703704,780.838701,190.358683,206.870674,45160,43117,2043,3.303101,7395,20.0,290.453,20.019614318,293.768641792,PASS
INST_0126,100126,1,1,DSDV,50,30,20,4,1,512,20.0,290.0,0.037,20.703,290.703,270.0,270.703,21600,10595,11005,49.050926,50.949074,214.465612,103.941624,160.312667,3222,3222,0,0.304106,9990,20.0,290.453,20.008849872,291.474660602,PASS
INST_0126,100126,1,1,AOMDV,50,30,20,4,1,512,20.0,290.0,0.037,20.703,290.703,270.0,270.703,21600,12796,8804,59.240741,40.759259,723.233029,136.99687,193.615941,36354,35558,796,2.841044,7882,20.0,290.453,20.047497781,291.911060652,PASS
INST_0127,100127,1,1,AODV,50,30,20,4,2,512,20.0,290.0,0.037,20.703,290.703,270.0,270.703,21600,15775,5825,73.032407,26.967593,1040.819864,234.705477,238.691112,54532,52079,2453,3.456862,4904,20.0,290.453,20.013211022,299.966001396,PASS
INST_0127,100127,1,1,DSDV,50,30,20,4,2,512,20.0,290.0,0.037,20.703,290.703,270.0,270.703,21600,13142,8458,60.842593,39.157407,167.671217,108.370997,198.851258,3035,3035,0,0.230939,7659,20.0,290.453,20.008510971,291.050547191,PASS
INST_0127,100127,1,1,AOMDV,50,30,20,4,2,512,20.0,290.0,0.037,20.703,290.703,270.0,270.703,21600,15256,6344,70.62963,29.37037,673.113712,139.543981,230.838136,25990,25126,864,1.703592,5280,20.0,290.453,20.018271058,291.380977115,PASS
INST_0128,100128,1,1,AODV,50,30,20,4,3,512,20.0,290.0,0.037,20.703,290.703,270.0,270.703,21600,13774,7826,63.768519,36.231481,983.64926,336.933045,208.414033,69077,65864,3213,5.015028,6892,20.0,290.453,20.082727541,297.571389234,PASS
INST_0128,100128,1,1,DSDV,50,30,20,4,3,512,20.0,290.0,0.037,20.703,290.703,270.0,270.703,21600,11026,10574,51.046296,48.953704,292.711026,150.42226,166.834117,3546,3546,0,0.321603,9714,20.0,290.453,20.054566186,291.232863212,PASS
INST_0128,100128,1,1,AOMDV,50,30,20,4,3,512,20.0,290.0,0.037,20.703,290.703,270.0,270.703,21600,14096,7504,65.259259,34.740741,817.362741,184.025221,213.286207,29292,28130,1162,2.078036,6865,20.0,290.453,20.102633663,291.131565929,PASS
INST_0129,100129,1,1,AODV,50,30,20,4,4,512,20.0,290.0,0.037,20.703,290.703,270.0,270.703,21600,18526,3074,85.768519,14.231481,406.042082,86.42494,280.316421,28495,27238,1257,1.538109,2959,20.0,290.453,20.014704122,297.683254412,PASS
INST_0129,100129,1,1,DSDV,50,30,20,4,4,512,20.0,290.0,0.037,20.703,290.703,270.0,270.703,21600,15142,6458,70.101852,29.898148,15.667082,7.042984,229.113205,3225,3225,0,0.212984,6125,20.0,290.453,20.008707459,290.440022965,PASS
INST_0129,100129,1,1,AOMDV,50,30,20,4,4,512,20.0,290.0,0.037,20.703,290.703,270.0,270.703,21600,17542,4058,81.212963,18.787037,112.496651,34.257417,265.427542,25988,25482,506,1.481473,3929,20.0,290.453,20.04614187,291.900049918,PASS
INST_0130,100130,1,1,AODV,50,30,20,4,5,512,20.0,290.0,0.037,20.703,290.703,270.0,270.703,21600,13329,8271,61.708333,38.291667,1123.679913,268.284059,201.68075,58680,55958,2722,4.402431,7547,20.0,290.453,20.32576339,296.095415325,PASS
INST_0130,100130,1,1,DSDV,50,30,20,4,5,512,20.0,290.0,0.037,20.703,290.703,270.0,270.703,21600,10215,11385,47.291667,52.708333,240.124028,100.600413,154.562897,3563,3563,0,0.348801,10203,20.0,290.453,20.34149165,292.97917725,PASS
INST_0130,100130,1,1,AOMDV,50,30,20,4,5,512,20.0,290.0,0.037,20.703,290.703,270.0,270.703,21600,12386,9214,57.342593,42.657407,1012.412568,192.038731,187.412241,35892,34760,1132,2.897788,7775,20.0,290.453,20.057569293,291.853572014,PASS
INST_0131,100131,1,1,AODV,50,30,20,8,1,512,20.0,290.0,0.037,20.703,290.703,270.0,270.703,43200,17791,25409,41.18287,58.81713,2413.070399,227.001359,269.195155,44203,42562,1641,2.484571,19970,20.0,290.578,20.012949007,296.909924982,PASS
INST_0131,100131,1,1,DSDV,50,30,20,8,1,512,20.0,290.0,0.037,20.703,290.703,270.0,270.703,43200,16409,26791,37.983796,62.016204,1374.550099,164.517793,248.284149,3394,3394,0,0.206838,16444,20.0,290.578,20.008949872,297.357176506,PASS
INST_0131,100131,1,1,AOMDV,50,30,20,8,1,512,20.0,290.0,0.037,20.703,290.703,270.0,270.703,43200,17407,25793,40.293981,59.706019,2673.247261,198.696126,263.384861,42716,41781,935,2.453955,15938,20.0,290.578,20.018833413,296.325050574,PASS
INST_0132,100132,1,1,AODV,50,30,20,8,2,512,20.0,290.0,0.037,20.703,290.703,270.0,270.703,43200,19384,23816,44.87037,55.12963,2471.594598,247.757781,293.298796,50402,48584,1818,2.600186,17872,20.0,290.578,20.012730311,299.553903357,PASS
INST_0132,100132,1,1,DSDV,50,30,20,8,2,512,20.0,290.0,0.037,20.703,290.703,270.0,270.703,43200,20146,23054,46.634259,53.365741,1270.987781,159.93416,304.828598,3317,3317,0,0.164648,11962,20.0,290.578,20.009090971,297.191229913,PASS
INST_0132,100132,1,1,AOMDV,50,30,20,8,2,512,20.0,290.0,0.037,20.703,290.703,270.0,270.703,43200,19043,24157,44.081019,55.918981,3075.182088,228.346354,288.139134,35580,34488,1092,1.868403,12973,20.0,290.578,20.018550043,294.994741831,PASS
INST_0133,100133,1,1,AODV,50,30,20,8,3,512,20.0,290.0,0.037,20.703,290.703,270.0,270.703,43200,15758,27442,36.476852,63.523148,2857.66143,347.020917,238.433885,61985,59506,2479,3.933558,20522,20.0,290.578,20.055711572,293.722458122,PASS
INST_0133,100133,1,1,DSDV,50,30,20,8,3,512,20.0,290.0,0.037,20.703,290.703,270.0,270.703,43200,15661,27539,36.252315,63.747685,989.423485,215.379077,236.966181,3572,3572,0,0.228082,14234,20.0,290.578,20.055106186,295.583933617,PASS
INST_0133,100133,1,1,AOMDV,50,30,20,8,3,512,20.0,290.0,0.037,20.703,290.703,270.0,270.703,43200,15701,27499,36.344907,63.655093,3261.495832,303.729161,237.57142,37422,35982,1440,2.383415,14131,20.0,290.578,20.05963749,294.545395803,PASS
INST_0134,100134,1,1,AODV,50,30,20,8,4,512,20.0,290.0,0.037,20.703,290.703,270.0,270.703,43200,28533,14667,66.048611,33.951389,1015.962529,113.315547,431.732075,30872,29893,979,1.081975,12532,20.0,290.578,20.043906042,299.579546741,PASS
INST_0134,100134,1,1,DSDV,50,30,20,8,4,512,20.0,290.0,0.037,20.703,290.703,270.0,270.703,43200,26777,16423,61.983796,38.016204,705.473183,79.356174,405.162085,3172,3172,0,0.11846,8943,20.0,290.578,20.008767459,294.228005703,PASS
INST_0134,100134,1,1,AOMDV,50,30,20,8,4,512,20.0,290.0,0.037,20.703,290.703,270.0,270.703,43200,27716,15484,64.157407,35.842593,1492.32969,122.361961,419.37007,30863,30216,647,1.113545,9683,20.0,290.578,20.013643992,295.940080201,PASS
INST_0135,100135,1,1,AODV,50,30,20,8,5,512,20.0,290.0,0.037,20.703,290.703,270.0,270.703,43200,16610,26590,38.449074,61.550926,2631.260852,295.278663,251.325475,53730,51595,2135,3.234798,20458,20.0,290.578,20.213174663,299.234549155,PASS
INST_0135,100135,1,1,DSDV,50,30,20,8,5,512,20.0,290.0,0.037,20.703,290.703,270.0,270.703,43200,15801,27399,36.576389,63.423611,1249.502245,232.598324,239.084517,3680,3680,0,0.232897,14788,20.0,290.578,20.129105693,298.954582138,PASS
INST_0135,100135,1,1,AOMDV,50,30,20,8,5,512,20.0,290.0,0.037,20.703,290.703,270.0,270.703,43200,15116,28084,34.990741,65.009259,3167.042313,283.729739,228.7198,43824,42501,1323,2.89918,15502,20.0,290.578,20.082825467,296.229732646,PASS
INST_0136,100136,1,1,AODV,50,30,25,2,1,512,20.0,290.0,0.037,20.888,290.888,270.0,270.888,13500,10504,2996,77.807407,22.192593,292.403431,111.350987,158.827205,33289,31623,1666,3.169174,2784,20.0,290.388,20.016782782,293.203320504,PASS
INST_0136,100136,1,1,DSDV,50,30,25,2,1,512,20.0,290.0,0.037,20.888,290.888,270.0,270.888,13500,7325,6175,54.259259,45.740741,82.128047,82.923293,110.75869,3325,3325,0,0.453925,5911,20.0,290.388,20.009369872,290.411863893,PASS
INST_0136,100136,1,1,AOMDV,50,30,25,2,1,512,20.0,290.0,0.037,20.888,290.888,270.0,270.888,13500,9225,4275,68.333333,31.666667,65.662533,37.688197,139.487906,41689,40788,901,4.519133,4248,20.0,290.388,20.038268858,290.417921677,PASS
INST_0137,100137,1,1,AODV,50,30,25,2,2,512,20.0,290.0,0.037,20.888,290.888,270.0,270.888,13500,12080,1420,89.481481,10.518519,189.401603,101.991995,182.657334,40634,38589,2045,3.363742,1340,20.0,290.388,20.012990248,295.108656238,PASS
INST_0137,100137,1,1,DSDV,50,30,25,2,2,512,20.0,290.0,0.037,20.888,290.888,270.0,270.888,13500,8456,5044,62.637037,37.362963,74.214114,66.672304,127.860134,3238,3238,0,0.382923,4768,20.0,290.388,20.009110971,290.405441618,PASS
INST_0137,100137,1,1,AOMDV,50,30,25,2,2,512,20.0,290.0,0.037,20.888,290.888,270.0,270.888,13500,10304,3196,76.325926,23.674074,44.411099,27.7727,155.803077,29362,28412,950,2.849573,3176,20.0,290.388,20.014473759,293.11554816,PASS
INST_0138,100138,1,1,AODV,50,30,25,2,3,512,20.0,290.0,0.037,20.888,290.888,270.0,270.888,13500,12486,1014,92.488889,7.511111,120.281596,86.405853,188.796314,44416,41985,2431,3.557264,969,20.0,290.388,20.104114921,293.062244877,PASS
INST_0138,100138,1,1,DSDV,50,30,25,2,3,512,20.0,290.0,0.037,20.888,290.888,270.0,270.888,13500,8064,5436,59.733333,40.266667,67.229705,80.277417,121.932843,3324,3324,0,0.412202,5164,20.0,290.388,20.055186186,290.394058314,PASS
INST_0138,100138,1,1,AOMDV,50,30,25,2,3,512,20.0,290.0,0.037,20.888,290.888,270.0,270.888,13500,10562,2938,78.237037,21.762963,42.467048,26.66624,159.704202,27029,26009,1020,2.55908,2921,20.0,290.388,20.142242418,290.393778314,PASS
INST_0139,100139,1,1,AODV,50,30,25,2,4,512,20.0,290.0,0.037,20.888,290.888,270.0,270.888,13500,11905,1595,88.185185,11.814815,416.969449,94.745911,180.011222,31448,29907,1541,2.641579,1561,20.0,290.388,20.043973434,298.838833893,PASS
INST_0139,100139,1,1,DSDV,50,30,25,2,4,512,20.0,290.0,0.037,20.888,290.888,270.0,270.888,13500,8702,4798,64.459259,35.540741,24.241495,23.374288,131.579812,3013,3013,0,0.346242,4459,20.0,290.388,20.009027459,290.408931068,PASS
INST_0139,100139,1,1,AOMDV,50,30,25,2,4,512,20.0,290.0,0.037,20.888,290.888,270.0,270.888,13500,10554,2946,78.177778,21.822222,60.556372,57.688176,159.583237,34884,34104,780,3.305287,2914,20.0,290.388,20.085037094,290.509936482,PASS
INST_0140,100140,1,1,AODV,50,30,25,2,5,512,20.0,290.0,0.037,20.888,290.888,270.0,270.888,13500,10255,3245,75.962963,24.037037,649.824835,263.296466,155.062166,61989,58666,3323,6.044759,3140,20.0,290.388,20.062070009,295.144372076,PASS
INST_0140,100140,1,1,DSDV,50,30,25,2,5,512,20.0,290.0,0.037,20.888,290.888,270.0,270.888,13500,7043,6457,52.17037,47.82963,99.760358,82.477599,106.494669,3243,3243,0,0.460457,6071,20.0,290.388,20.128146263,290.386844516,PASS
INST_0140,100140,1,1,AOMDV,50,30,25,2,5,512,20.0,290.0,0.037,20.888,290.888,270.0,270.888,13500,9411,4089,69.711111,30.288889,147.969996,81.191775,142.300346,37907,36619,1288,4.027946,4034,20.0,290.388,20.385510464,290.457212754,PASS
INST_0141,100141,1,1,AODV,50,30,25,4,1,512,20.0,290.0,0.037,20.888,290.888,270.0,270.888,27000,15225,11775,56.388889,43.611111,1370.74513,271.299913,230.211748,47407,45454,1953,3.11376,10795,20.0,290.638,20.041596191,295.338948029,PASS
INST_0141,100141,1,1,DSDV,50,30,25,4,1,512,20.0,290.0,0.037,20.888,290.888,270.0,270.888,27000,12860,14140,47.62963,52.37037,495.576453,122.754013,194.451434,3327,3327,0,0.258709,12071,20.0,290.638,20.008889872,294.636810346,PASS
INST_0141,100141,1,1,AOMDV,50,30,25,4,1,512,20.0,290.0,0.037,20.888,290.888,270.0,270.888,27000,14640,12360,54.222222,45.777778,1126.712749,177.245495,221.366173,45942,44905,1037,3.138115,10411,20.0,290.638,20.053512917,294.00580013,PASS
INST_0142,100142,1,1,AODV,50,30,25,4,2,512,20.0,290.0,0.037,20.888,290.888,270.0,270.888,27000,16582,10418,61.414815,38.585185,1450.577624,286.821592,250.730457,60181,57702,2479,3.629297,9194,20.0,290.638,20.016815627,296.924047569,PASS
INST_0142,100142,1,1,DSDV,50,30,25,4,2,512,20.0,290.0,0.037,20.888,290.888,270.0,270.888,27000,15073,11927,55.825926,44.174074,416.155602,151.817504,227.913411,3120,3120,0,0.206993,10381,20.0,290.638,20.008210971,293.283515057,PASS
INST_0142,100142,1,1,AOMDV,50,30,25,4,2,512,20.0,290.0,0.037,20.888,290.888,270.0,270.888,27000,16038,10962,59.4,40.6,1717.104428,248.737856,242.504829,36810,35613,1197,2.295174,8165,20.0,290.638,20.013630956,293.100335686,PASS
INST_0143,100143,1,1,AODV,50,30,25,4,3,512,20.0,290.0,0.037,20.888,290.888,270.0,270.888,27000,15256,11744,56.503704,43.496296,1587.168597,389.019,230.680488,74507,71213,3294,4.883783,10243,20.0,290.638,20.169257151,292.996036492,PASS
INST_0143,100143,1,1,DSDV,50,30,25,4,3,512,20.0,290.0,0.037,20.888,290.888,270.0,270.888,27000,13281,13719,49.188889,50.811111,652.120071,186.217338,200.817223,3698,3698,0,0.278443,10976,20.0,290.638,20.054966186,294.148311792,PASS
INST_0143,100143,1,1,AOMDV,50,30,25,4,3,512,20.0,290.0,0.037,20.888,290.888,270.0,270.888,27000,15669,11331,58.033333,41.966667,1397.519426,297.495261,236.925312,35550,34020,1530,2.268811,8997,20.0,290.638,20.132161193,291.979649276,PASS
INST_0144,100144,1,1,AODV,50,30,25,4,4,512,20.0,290.0,0.037,20.888,290.888,270.0,270.888,27000,19376,7624,71.762963,28.237037,963.826779,177.404297,292.977526,43765,41961,1804,2.258722,7161,20.0,290.638,20.01275004,299.212200693,PASS
INST_0144,100144,1,1,DSDV,50,30,25,4,4,512,20.0,290.0,0.037,20.888,290.888,270.0,270.888,27000,16832,10168,62.340741,37.659259,93.21644,36.146287,254.510617,3275,3275,0,0.19457,9277,20.0,290.638,20.009087459,292.977091121,PASS
INST_0144,100144,1,1,AOMDV,50,30,25,4,4,512,20.0,290.0,0.037,20.888,290.888,270.0,270.888,27000,18531,8469,68.633333,31.366667,635.946961,132.995658,280.200585,36950,36083,867,1.993956,7194,20.0,290.638,20.09557038,292.503616901,PASS
INST_0145,100145,1,1,AODV,50,30,25,4,5,512,20.0,290.0,0.037,20.888,290.888,270.0,270.888,27000,13875,13125,51.388889,48.611111,1989.824635,375.79425,209.798884,64915,62145,2770,4.678559,10479,20.0,290.638,20.334570746,298.30086225,PASS
INST_0145,100145,1,1,DSDV,50,30,25,4,5,512,20.0,290.0,0.037,20.888,290.888,270.0,270.888,27000,12892,14108,47.748148,52.251852,527.331305,167.759318,194.935294,3455,3455,0,0.267996,11440,20.0,290.638,20.34203165,294.366149424,PASS
INST_0145,100145,1,1,AOMDV,50,30,25,4,5,512,20.0,290.0,0.037,20.888,290.888,270.0,270.888,27000,13855,13145,51.314815,48.685185,1650.727452,286.553812,209.496471,45779,44182,1597,3.30415,10177,20.0,290.638,20.129213367,293.985609233,PASS
INST_0146,100146,1,1,AODV,50,30,25,8,1,512,20.0,290.0,0.037,20.888,290.888,270.0,270.888,54000,19572,34428,36.244444,63.755556,2480.73059,243.329213,295.941171,47992,46460,1532,2.452074,25465,20.0,290.763,20.034772026,298.758009008,PASS
INST_0146,100146,1,1,DSDV,50,30,25,8,1,512,20.0,290.0,0.037,20.888,290.888,270.0,270.888,54000,18604,35396,34.451852,65.548148,1794.328344,251.705969,281.304391,3538,3538,0,0.190174,18951,20.0,290.763,20.009149872,299.884128964,PASS
INST_0146,100146,1,1,AOMDV,50,30,25,8,1,512,20.0,290.0,0.037,20.888,290.888,270.0,270.888,54000,18269,35731,33.831481,66.168519,2995.607753,257.308605,276.238977,53376,52230,1146,2.921671,20701,20.0,290.763,20.018266337,297.097706191,PASS
INST_0147,100147,1,1,AODV,50,30,25,8,2,512,20.0,290.0,0.037,20.888,290.888,270.0,270.888,54000,21020,32980,38.925926,61.074074,2575.201286,248.938025,317.835858,51516,49851,1665,2.450809,22868,20.0,290.763,20.01261595,297.614544608,PASS
INST_0147,100147,1,1,DSDV,50,30,25,8,2,512,20.0,290.0,0.037,20.888,290.888,270.0,270.888,54000,20408,33592,37.792593,62.207407,2100.553541,207.309612,308.582027,3108,3108,0,0.152293,15656,20.0,290.763,20.008510971,295.01337512,PASS
INST_0147,100147,1,1,AOMDV,50,30,25,8,2,512,20.0,290.0,0.037,20.888,290.888,270.0,270.888,54000,18078,35922,33.477778,66.522222,4115.37378,340.642763,273.350935,44409,43126,1283,2.456522,15844,20.0,290.763,20.019061651,295.127432478,PASS
INST_0148,100148,1,1,AODV,50,30,25,8,3,512,20.0,290.0,0.037,20.888,290.888,270.0,270.888,54000,16552,37448,30.651852,69.348148,3238.828069,394.080055,250.276838,64878,62493,2385,3.919647,25278,20.0,290.763,20.089928982,296.05414797,PASS
INST_0148,100148,1,1,DSDV,50,30,25,8,3,512,20.0,290.0,0.037,20.888,290.888,270.0,270.888,54000,18564,35436,34.377778,65.622222,1678.905632,242.383963,280.699566,3908,3908,0,0.210515,15782,20.0,290.763,20.054826186,297.007217793,PASS
INST_0148,100148,1,1,AOMDV,50,30,25,8,3,512,20.0,290.0,0.037,20.888,290.888,270.0,270.888,54000,16582,37418,30.707407,69.292593,3814.423483,322.478862,250.730457,45899,44275,1624,2.768001,17386,20.0,290.763,20.056252601,295.968333445,PASS
INST_0149,100149,1,1,AODV,50,30,25,8,4,512,20.0,290.0,0.037,20.888,290.888,270.0,270.888,54000,25572,28428,47.355556,52.644444,2154.106144,181.883188,386.665013,37965,36840,1125,1.484632,21350,20.0,290.763,20.037462953,298.477284998,PASS
INST_0149,100149,1,1,DSDV,50,30,25,8,4,512,20.0,290.0,0.037,20.888,290.888,270.0,270.888,54000,27301,26699,50.557407,49.442593,1157.955348,116.428584,412.8086,3621,3621,0,0.132633,13296,20.0,290.763,20.008687459,299.240115883,PASS
INST_0149,100149,1,1,AOMDV,50,30,25,8,4,512,20.0,290.0,0.037,20.888,290.888,270.0,270.888,54000,24419,29581,45.22037,54.77963,2629.960771,200.718951,369.230915,45237,44097,1140,1.852533,15821,20.0,290.763,20.039840269,296.533103637,PASS
INST_0150,100150,1,1,AODV,50,30,25,8,5,512,20.0,290.0,0.037,20.888,290.888,270.0,270.888,54000,17772,36228,32.911111,67.088889,3160.808435,299.664953,268.724019,56298,54330,1968,3.167792,26467,20.0,290.763,20.383331788,299.261912862,PASS
INST_0150,100150,1,1,DSDV,50,30,25,8,5,512,20.0,290.0,0.037,20.888,290.888,270.0,270.888,54000,17016,36984,31.511111,68.488889,1939.76587,289.482316,257.292815,3471,3471,0,0.203984,16702,20.0,290.763,20.34109165,299.870491565,PASS
INST_0150,100150,1,1,AOMDV,50,30,25,8,5,512,20.0,290.0,0.037,20.888,290.888,270.0,270.888,54000,15275,38725,28.287037,71.712963,4072.791945,325.15675,230.96778,54075,52330,1745,3.540098,19716,20.0,290.763,20.06735624,296.716007258,PASS
INST_0151,100151,1,1,AODV,50,40,5,2,1,512,20.0,290.0,0.037,20.148,290.148,270.0,270.148,2700,2376,324,88.0,12.0,270.875359,58.630655,36.025053,6874,6589,285,2.893098,321,20.0,289.648,20.016648281,289.665919802,PASS
INST_0151,100151,1,1,DSDV,50,40,5,2,1,512,20.0,290.0,0.037,20.148,290.148,270.0,270.148,2700,1468,1232,54.37037,45.62963,236.169949,304.036141,22.257903,3502,3502,0,2.385559,1144,20.0,289.648,20.008669318,289.66624055,PASS
INST_0151,100151,1,1,AOMDV,50,40,5,2,1,512,20.0,290.0,0.037,20.148,290.148,270.0,270.148,2700,1811,889,67.074074,32.925926,147.756843,262.113314,27.458489,17611,17395,216,9.724462,859,20.0,289.648,20.020755517,289.616997106,PASS
INST_0152,100152,1,1,AODV,50,40,5,2,2,512,20.0,290.0,0.037,20.148,290.148,270.0,270.148,2700,2511,189,93.0,7.0,164.846511,46.804407,38.071931,7133,6781,352,2.840701,177,20.0,289.648,20.012217642,289.665402244,PASS
INST_0152,100152,1,1,DSDV,50,40,5,2,2,512,20.0,290.0,0.037,20.148,290.148,270.0,270.148,2700,1549,1151,57.37037,42.62963,10.318526,1.254796,23.48603,3306,3306,0,2.13428,1032,20.0,289.648,20.008771227,289.622833474,PASS
INST_0152,100152,1,1,AOMDV,50,40,5,2,2,512,20.0,290.0,0.037,20.148,290.148,270.0,270.148,2700,1991,709,73.740741,26.259259,24.322079,10.873602,30.18766,17794,17532,262,8.937217,708,20.0,289.648,20.013419311,289.660380738,PASS
INST_0153,100153,1,1,AODV,50,40,5,2,3,512,20.0,290.0,0.037,20.148,290.148,270.0,270.148,2700,2558,142,94.740741,5.259259,177.488396,48.384605,38.784548,8713,8262,451,3.406177,131,20.0,289.648,20.01469143,289.659279281,PASS
INST_0153,100153,1,1,DSDV,50,40,5,2,3,512,20.0,290.0,0.037,20.148,290.148,270.0,270.148,2700,1456,1244,53.925926,46.074074,115.654902,207.957887,22.075958,3389,3389,0,2.32761,1110,20.0,289.648,20.054385272,289.660359485,PASS
INST_0153,100153,1,1,AOMDV,50,40,5,2,3,512,20.0,290.0,0.037,20.148,290.148,270.0,270.148,2700,1876,824,69.481481,30.518519,220.425766,401.995795,28.444023,18598,18201,397,9.913646,802,20.0,289.648,20.040295226,289.659439554,PASS
INST_0154,100154,1,1,AODV,50,40,5,2,4,512,20.0,290.0,0.037,20.148,290.148,270.0,270.148,2700,2680,20,99.259259,0.740741,12.574933,3.437929,40.634319,1545,1498,47,0.576493,20,20.0,289.648,20.039262281,289.665558874,PASS
INST_0154,100154,1,1,DSDV,50,40,5,2,4,512,20.0,290.0,0.037,20.148,290.148,270.0,270.148,2700,2478,222,91.777778,8.222222,6.887163,0.728196,37.571583,3401,3401,0,1.372478,167,20.0,289.648,20.009647368,289.659418675,PASS
INST_0154,100154,1,1,AOMDV,50,40,5,2,4,512,20.0,290.0,0.037,20.148,290.148,270.0,270.148,2700,2564,136,94.962963,5.037037,66.022301,118.59096,38.87552,14712,14635,77,5.73791,133,20.0,289.648,20.048413026,289.659338873,PASS
INST_0155,100155,1,1,AODV,50,40,5,2,5,512,20.0,290.0,0.037,20.148,290.148,270.0,270.148,2700,2383,317,88.259259,11.740741,154.277871,44.479097,36.131187,6549,6351,198,2.748217,311,20.0,289.648,20.079138608,298.573506847,PASS
INST_0155,100155,1,1,DSDV,50,40,5,2,5,512,20.0,290.0,0.037,20.148,290.148,270.0,270.148,2700,1615,1085,59.814815,40.185185,9.686769,1.807045,24.486726,3683,3683,0,2.280495,942,20.0,289.648,20.045752439,289.586219659,PASS
INST_0155,100155,1,1,AOMDV,50,40,5,2,5,512,20.0,290.0,0.037,20.148,290.148,270.0,270.148,2700,2036,664,75.407407,24.592593,24.151129,10.633489,30.869953,19484,19297,187,9.569745,654,20.0,289.648,20.094727257,289.586546636,PASS
INST_0156,100156,1,1,AODV,50,40,5,4,1,512,20.0,290.0,0.037,20.148,290.148,270.0,270.148,5400,4802,598,88.925926,11.074074,227.93846,27.763473,72.808209,7765,7428,337,1.617035,600,20.0,289.898,20.016877733,289.915300809,PASS
INST_0156,100156,1,1,DSDV,50,40,5,4,1,512,20.0,290.0,0.037,20.148,290.148,270.0,270.148,5400,2869,2531,53.12963,46.87037,10.934401,1.448093,43.499948,3499,3499,0,1.219589,2350,20.0,289.898,20.009249318,289.909940733,PASS
INST_0156,100156,1,1,AOMDV,50,40,5,4,1,512,20.0,290.0,0.037,20.148,290.148,270.0,270.148,5400,3574,1826,66.185185,33.814815,24.306477,19.108923,54.1892,17814,17548,266,4.984331,1803,20.0,289.898,20.135103436,289.923618811,PASS
INST_0157,100157,1,1,AODV,50,40,5,4,2,512,20.0,290.0,0.037,20.148,290.148,270.0,270.148,5400,5033,367,93.203704,6.796296,253.290802,32.224845,76.310645,8032,7637,395,1.595867,365,20.0,289.898,20.073881692,289.928121123,PASS
INST_0157,100157,1,1,DSDV,50,40,5,4,2,512,20.0,290.0,0.037,20.148,290.148,270.0,270.148,5400,3018,2382,55.888889,44.111111,36.826731,53.952275,45.759095,3157,3157,0,1.046057,2010,20.0,289.898,20.008891227,289.915680667,PASS
INST_0157,100157,1,1,AOMDV,50,40,5,4,2,512,20.0,290.0,0.037,20.148,290.148,270.0,270.148,5400,4029,1371,74.611111,25.388889,20.194078,5.879004,61.087937,17906,17671,235,4.444279,1355,20.0,289.898,20.012820021,289.909520703,PASS
INST_0158,100158,1,1,AODV,50,40,5,4,3,512,20.0,290.0,0.037,20.148,290.148,270.0,270.148,5400,5122,278,94.851852,5.148148,182.245974,25.880247,77.660068,8599,8142,457,1.678836,270,20.0,289.898,20.047428736,289.921822101,PASS
INST_0158,100158,1,1,DSDV,50,40,5,4,3,512,20.0,290.0,0.037,20.148,290.148,270.0,270.148,5400,2691,2709,49.833333,50.166667,22.312931,12.158001,40.801102,3676,3676,0,1.366035,2340,20.0,289.898,20.054805271,289.910420734,PASS
INST_0158,100158,1,1,AOMDV,50,40,5,4,3,512,20.0,290.0,0.037,20.148,290.148,270.0,270.148,5400,3598,1802,66.62963,33.37037,32.754321,10.033533,54.553089,18241,17888,353,5.069761,1800,20.0,289.898,20.047334499,289.910836317,PASS
INST_0159,100159,1,1,AODV,50,40,5,4,4,512,20.0,290.0,0.037,20.148,290.148,270.0,270.148,5400,5377,23,99.574074,0.425926,11.49668,2.175916,81.526393,1646,1594,52,0.306119,23,20.0,289.898,20.039324171,289.909938835,PASS
INST_0159,100159,1,1,DSDV,50,40,5,4,4,512,20.0,290.0,0.037,20.148,290.148,270.0,270.148,5400,4956,444,91.777778,8.222222,6.812398,0.518402,75.143166,3675,3675,0,0.741525,397,20.0,289.898,20.009087368,289.866937132,PASS
INST_0159,100159,1,1,AOMDV,50,40,5,4,4,512,20.0,290.0,0.037,20.148,290.148,270.0,270.148,5400,5049,351,93.5,6.5,7.47188,0.956239,76.553237,14860,14775,85,2.943157,350,20.0,289.898,20.041909493,289.909778835,PASS
INST_0160,100160,1,1,AODV,50,40,5,4,5,512,20.0,290.0,0.037,20.148,290.148,270.0,270.148,5400,4895,505,90.648148,9.351852,250.649579,34.6478,74.21828,8509,8225,284,1.738304,504,20.0,289.898,20.170510685,294.031706722,PASS
INST_0160,100160,1,1,DSDV,50,40,5,4,5,512,20.0,290.0,0.037,20.148,290.148,270.0,270.148,5400,3317,2083,61.425926,38.574074,64.244523,58.796098,50.292551,3507,3507,0,1.057281,1908,20.0,289.898,20.045532439,289.835679643,PASS
INST_0160,100160,1,1,AOMDV,50,40,5,4,5,512,20.0,290.0,0.037,20.148,290.148,270.0,270.148,5400,4071,1329,75.388889,24.611111,13.743649,4.782256,61.724743,19630,19478,152,4.821911,1323,20.0,289.898,20.30994305,289.835579643,PASS
INST_0161,100161,1,1,AODV,50,40,5,8,1,512,20.0,290.0,0.037,20.148,290.148,270.0,270.148,10800,8978,1822,83.12963,16.87037,300.376343,40.706193,136.124969,12176,11508,668,1.356204,1752,20.0,290.023,20.035214586,290.040800729,PASS
INST_0161,100161,1,1,DSDV,50,40,5,8,1,512,20.0,290.0,0.037,20.148,290.148,270.0,270.148,10800,5839,4961,54.064815,45.935185,11.615271,2.127398,88.531264,3611,3611,0,0.618428,4541,20.0,290.023,20.008909318,290.040920497,PASS
INST_0161,100161,1,1,AOMDV,50,40,5,8,1,512,20.0,290.0,0.037,20.148,290.148,270.0,270.148,10800,7215,3585,66.805556,33.194444,33.768217,7.45215,109.394258,18020,17765,255,2.497574,3519,20.0,290.023,20.020390371,290.041299731,PASS
INST_0162,100162,1,1,AODV,50,40,5,8,2,512,20.0,290.0,0.037,20.148,290.148,270.0,270.148,10800,9587,1213,88.768519,11.231481,154.184651,33.944033,145.358663,11431,10831,600,1.192344,1166,20.0,290.023,20.015273436,290.052642168,PASS
INST_0162,100162,1,1,DSDV,50,40,5,8,2,512,20.0,290.0,0.037,20.148,290.148,270.0,270.148,10800,6305,4495,58.37963,41.62037,12.521739,2.55771,95.596784,3362,3362,0,0.533228,3781,20.0,290.023,20.008651227,290.034340609,PASS
INST_0162,100162,1,1,AOMDV,50,40,5,8,2,512,20.0,290.0,0.037,20.148,290.148,270.0,270.148,10800,7693,3107,71.231481,28.768519,34.511123,9.057977,116.641722,17863,17625,238,2.321981,3082,20.0,290.023,20.01341786,290.040800938,PASS
INST_0163,100163,1,1,AODV,50,40,5,8,3,512,20.0,290.0,0.037,20.148,290.148,270.0,270.148,10800,10229,571,94.712963,5.287037,99.639797,20.2824,155.092705,12590,11836,754,1.230814,552,20.0,290.023,20.01347908,290.034400752,PASS
INST_0163,100163,1,1,DSDV,50,40,5,8,3,512,20.0,290.0,0.037,20.148,290.148,270.0,270.148,10800,5357,5443,49.601852,50.398148,21.886062,10.366798,81.223152,3483,3483,0,0.650177,4866,20.0,290.023,20.018006395,290.035079238,PASS
INST_0163,100163,1,1,AOMDV,50,40,5,8,3,512,20.0,290.0,0.037,20.148,290.148,270.0,270.148,10800,7303,3497,67.62037,32.37963,59.798223,38.364487,110.728519,18735,18367,368,2.565384,3484,20.0,290.023,20.014156007,290.034819233,PASS
INST_0164,100164,1,1,AODV,50,40,5,8,4,512,20.0,290.0,0.037,20.148,290.148,270.0,270.148,10800,10785,15,99.861111,0.138889,9.349039,0.584768,163.52281,1075,1032,43,0.099675,14,20.0,290.023,20.043279417,290.041078816,PASS
INST_0164,100164,1,1,DSDV,50,40,5,8,4,512,20.0,290.0,0.037,20.148,290.148,270.0,270.148,10800,10095,705,93.472222,6.527778,7.064613,0.645883,153.060989,3806,3806,0,0.377018,698,20.0,290.023,20.008507368,290.034478469,PASS
INST_0164,100164,1,1,AOMDV,50,40,5,8,4,512,20.0,290.0,0.037,20.148,290.148,270.0,270.148,10800,10307,493,95.435185,4.564815,7.284944,0.703367,156.275345,14586,14529,57,1.415155,492,20.0,290.023,20.093192132,289.992077152,PASS
INST_0165,100165,1,1,AODV,50,40,5,8,5,512,20.0,290.0,0.037,20.148,290.148,270.0,270.148,10800,9565,1235,88.564815,11.435185,188.801861,21.529059,145.025097,8540,8227,313,0.892838,1237,20.0,290.023,20.051508067,290.046991433,PASS
INST_0165,100165,1,1,DSDV,50,40,5,8,5,512,20.0,290.0,0.037,20.148,290.148,270.0,270.148,10800,6877,3923,63.675926,36.324074,20.457369,19.812595,104.269482,3496,3496,0,0.508361,3666,20.0,290.023,20.045752439,289.962325902,PASS
INST_0165,100165,1,1,AOMDV,50,40,5,8,5,512,20.0,290.0,0.037,20.148,290.148,270.0,270.148,10800,8124,2676,75.222222,24.777778,35.280227,6.662266,123.17657,19816,19640,176,2.439193,2642,20.0,290.023,20.08056644,291.112376506,PASS
INST_0166,100166,1,1,AODV,50,40,10,2,1,512,20.0,290.0,0.037,20.333,290.333,270.0,270.333,5400,4697,703,86.981481,13.018519,270.304769,51.892582,71.167456,12658,12081,577,2.694912,702,20.0,289.833,20.03939658,289.845078561,PASS
INST_0166,100166,1,1,DSDV,50,40,10,2,1,512,20.0,290.0,0.037,20.333,290.333,270.0,270.333,5400,3231,2169,59.833333,40.166667,88.975809,78.486846,48.955089,3423,3423,0,1.059424,1874,20.0,289.833,20.008989318,289.845038452,PASS
INST_0166,100166,1,1,AOMDV,50,40,10,2,1,512,20.0,290.0,0.037,20.333,290.333,270.0,270.333,5400,3901,1499,72.240741,27.759259,34.15586,16.023122,59.106717,21144,20772,372,5.420149,1492,20.0,289.833,20.069420902,289.844478444,PASS
INST_0167,100167,1,1,AODV,50,40,10,2,2,512,20.0,290.0,0.037,20.333,290.333,270.0,270.333,5400,4986,414,92.333333,7.666667,174.531597,48.290352,75.546293,14370,13652,718,2.88207,404,20.0,289.833,20.013317234,289.851260804,PASS
INST_0167,100167,1,1,DSDV,50,40,10,2,2,512,20.0,290.0,0.037,20.333,290.333,270.0,270.333,5400,3122,2278,57.814815,42.185185,55.106317,90.107669,47.303555,3370,3370,0,1.079436,2063,20.0,289.833,20.009111227,289.844639311,PASS
INST_0167,100167,1,1,AOMDV,50,40,10,2,2,512,20.0,290.0,0.037,20.333,290.333,270.0,270.333,5400,4009,1391,74.240741,25.759259,29.895319,17.421032,60.743098,21562,21014,548,5.378399,1361,20.0,289.833,20.026797344,289.848107446,PASS
INST_0168,100168,1,1,AODV,50,40,10,2,3,512,20.0,290.0,0.037,20.333,290.333,270.0,270.333,5400,5094,306,94.333333,5.666667,184.869011,49.582862,77.182675,15536,14854,682,3.049863,291,20.0,289.833,20.032666136,289.851000609,PASS
INST_0168,100168,1,1,DSDV,50,40,10,2,3,512,20.0,290.0,0.037,20.333,290.333,270.0,270.333,5400,3024,2376,56.0,44.0,69.553615,118.187319,45.81869,3611,3611,0,1.194114,2187,20.0,289.833,20.017546395,289.808400055,PASS
INST_0168,100168,1,1,AOMDV,50,40,10,2,3,512,20.0,290.0,0.037,20.333,290.333,270.0,270.333,5400,4005,1395,74.166667,25.833333,34.572263,34.362904,60.682492,20878,20327,551,5.212984,1381,20.0,289.833,20.01336708,289.80149842,PASS
INST_0169,100169,1,1,AODV,50,40,10,2,4,512,20.0,290.0,0.037,20.333,290.333,270.0,270.333,5400,5206,194,96.407407,3.592593,110.912139,22.982348,78.879663,6434,6241,193,1.235882,183,20.0,289.833,20.045539721,289.838996685,PASS
INST_0169,100169,1,1,DSDV,50,40,10,2,4,512,20.0,290.0,0.037,20.333,290.333,270.0,270.333,5400,4399,1001,81.462963,18.537037,11.437026,9.189445,66.652255,3568,3568,0,0.811093,912,20.0,289.833,20.009107368,289.838536685,PASS
INST_0169,100169,1,1,AOMDV,50,40,10,2,4,512,20.0,290.0,0.037,20.333,290.333,270.0,270.333,5400,4777,623,88.462963,11.537037,12.909307,4.200907,72.379591,18188,18018,170,3.807411,612,20.0,289.833,20.042127278,289.839036685,PASS
INST_0170,100170,1,1,AODV,50,40,10,2,5,512,20.0,290.0,0.037,20.333,290.333,270.0,270.333,5400,4952,448,91.703704,8.296296,296.957073,52.165579,75.031136,12521,12109,412,2.528473,440,20.0,289.833,20.05983292,293.301240673,PASS
INST_0170,100170,1,1,DSDV,50,40,10,2,5,512,20.0,290.0,0.037,20.333,290.333,270.0,270.333,5400,3220,2180,59.62963,40.37037,167.703764,265.001557,48.78842,3511,3511,0,1.090373,1947,20.0,289.833,20.128405473,289.838698353,PASS
INST_0170,100170,1,1,AOMDV,50,40,10,2,5,512,20.0,290.0,0.037,20.333,290.333,270.0,270.333,5400,3913,1487,72.462963,27.537037,27.514647,19.218314,59.288537,22716,22398,318,5.805265,1476,20.0,289.833,20.321624504,289.838898353,PASS
INST_0171,100171,1,1,AODV,50,40,10,4,1,512,20.0,290.0,0.037,20.333,290.333,270.0,270.333,10800,9268,1532,85.814815,14.185185,229.464059,35.635101,140.425801,15199,14463,736,1.639944,1520,20.0,290.083,20.044048919,290.095219522,PASS
INST_0171,100171,1,1,DSDV,50,40,10,4,1,512,20.0,290.0,0.037,20.333,290.333,270.0,270.333,10800,6357,4443,58.861111,41.138889,12.863724,3.518191,96.319251,3579,3579,0,0.563001,4117,20.0,290.083,20.008629318,290.088738419,PASS
INST_0171,100171,1,1,AOMDV,50,40,10,4,1,512,20.0,290.0,0.037,20.333,290.333,270.0,270.333,10800,7724,3076,71.518519,28.481481,32.517384,11.184889,117.031602,21002,20607,395,2.719057,3063,20.0,290.083,20.053902242,290.088998419,PASS
INST_0172,100172,1,1,AODV,50,40,10,4,2,512,20.0,290.0,0.037,20.333,290.333,270.0,270.333,10800,9798,1002,90.722222,9.277778,258.474063,60.686069,148.456193,22438,21178,1260,2.290059,958,20.0,290.083,20.013390859,290.101121499,PASS
INST_0172,100172,1,1,DSDV,50,40,10,4,2,512,20.0,290.0,0.037,20.333,290.333,270.0,270.333,10800,5981,4819,55.37963,44.62037,29.60751,33.456378,90.622218,3345,3345,0,0.559271,4357,20.0,290.083,20.008771227,290.095079288,PASS
INST_0172,100172,1,1,AOMDV,50,40,10,4,2,512,20.0,290.0,0.037,20.333,290.333,270.0,270.333,10800,8091,2709,74.916667,25.083333,81.193954,53.850514,122.59227,22165,21605,560,2.739464,2673,20.0,290.083,20.012518765,290.095039826,PASS
INST_0173,100173,1,1,AODV,50,40,10,4,3,512,20.0,290.0,0.037,20.333,290.333,270.0,270.333,10800,10172,628,94.185185,5.814815,139.97074,42.979286,154.122922,20322,19247,1075,1.997837,590,20.0,290.083,20.038759813,290.100700644,PASS
INST_0173,100173,1,1,DSDV,50,40,10,4,3,512,20.0,290.0,0.037,20.333,290.333,270.0,270.333,10800,5950,4850,55.092593,44.907407,68.853723,106.529327,90.152516,3618,3618,0,0.608067,4584,20.0,290.083,20.05392527,290.058200285,PASS
INST_0173,100173,1,1,AOMDV,50,40,10,4,3,512,20.0,290.0,0.037,20.333,290.333,270.0,270.333,10800,7761,3039,71.861111,28.138889,42.214753,27.925754,117.592214,21584,21004,580,2.781085,3005,20.0,290.083,20.075521967,290.051498406,PASS
INST_0174,100174,1,1,AODV,50,40,10,4,4,512,20.0,290.0,0.037,20.333,290.333,270.0,270.333,10800,10438,362,96.648148,3.351852,92.066442,10.042406,158.15327,7130,6907,223,0.683081,351,20.0,290.083,20.040714089,290.088836691,PASS
INST_0174,100174,1,1,DSDV,50,40,10,4,4,512,20.0,290.0,0.037,20.333,290.333,270.0,270.333,10800,8998,1802,83.314815,16.685185,7.850873,0.940714,136.334846,3749,3749,0,0.416648,1646,20.0,290.083,20.008467368,290.088996691,PASS
INST_0174,100174,1,1,AOMDV,50,40,10,4,4,512,20.0,290.0,0.037,20.333,290.333,270.0,270.333,10800,9597,1203,88.861111,11.138889,9.708754,2.33783,145.410705,17885,17731,154,1.863603,1191,20.0,290.083,20.04975625,290.088636691,PASS
INST_0175,100175,1,1,AODV,50,40,10,4,5,512,20.0,290.0,0.037,20.333,290.333,270.0,270.333,10800,9801,999,90.75,9.25,270.039306,41.882077,148.501648,15244,14703,541,1.555351,985,20.0,290.083,20.087463494,296.236123562,PASS
INST_0175,100175,1,1,DSDV,50,40,10,4,5,512,20.0,290.0,0.037,20.333,290.333,270.0,270.333,10800,6358,4442,58.87037,41.12963,101.401001,166.565475,96.334402,3489,3489,0,0.548757,4126,20.0,290.083,20.12906538,290.088838361,PASS
INST_0175,100175,1,1,AOMDV,50,40,10,4,5,512,20.0,290.0,0.037,20.333,290.333,270.0,270.333,10800,8079,2721,74.805556,25.194444,27.453485,10.967299,122.410449,22531,22187,344,2.788835,2703,20.0,290.083,20.310257445,290.088758361,PASS
INST_0176,100176,1,1,AODV,50,40,10,8,1,512,20.0,290.0,0.037,20.333,290.333,270.0,270.333,21600,16385,5215,75.856481,24.143519,234.561074,49.221062,248.260331,26174,24959,1215,1.597437,5093,20.0,290.208,20.039911119,290.220238423,PASS
INST_0176,100176,1,1,DSDV,50,40,10,8,1,512,20.0,290.0,0.037,20.333,290.333,270.0,270.333,21600,12355,9245,57.199074,42.800926,80.024419,27.020005,187.199047,3612,3612,0,0.292351,8521,20.0,290.208,20.008569318,290.219478414,PASS
INST_0176,100176,1,1,AOMDV,50,40,10,8,1,512,20.0,290.0,0.037,20.333,290.333,270.0,270.333,21600,14732,6868,68.203704,31.796296,251.599638,63.306941,223.214598,21764,21359,405,1.477328,6473,20.0,290.208,20.051016192,290.21361841,PASS
INST_0177,100177,1,1,AODV,50,40,10,8,2,512,20.0,290.0,0.037,20.333,290.333,270.0,270.333,21600,14165,7435,65.578704,34.421296,840.83182,141.259947,214.623594,41701,39772,1929,2.943946,6965,20.0,290.208,20.011917642,291.380676724,PASS
INST_0177,100177,1,1,DSDV,50,40,10,8,2,512,20.0,290.0,0.037,20.333,290.333,270.0,270.333,21600,11831,9769,54.773148,45.226852,343.150005,56.630737,179.259565,3598,3598,0,0.304116,8066,20.0,290.208,20.008671227,291.573135191,PASS
INST_0177,100177,1,1,AOMDV,50,40,10,8,2,512,20.0,290.0,0.037,20.333,290.333,270.0,270.333,21600,13517,8083,62.578704,37.421296,875.861934,110.258104,204.805303,24123,23482,641,1.784642,6494,20.0,290.208,20.012973642,292.048609632,PASS
INST_0178,100178,1,1,AODV,50,40,10,8,3,512,20.0,290.0,0.037,20.333,290.333,270.0,270.333,21600,14716,6884,68.12963,31.87037,555.396277,130.547471,222.972171,48797,46456,2341,3.315915,6376,20.0,290.208,20.011899957,290.306397087,PASS
INST_0178,100178,1,1,DSDV,50,40,10,8,3,512,20.0,290.0,0.037,20.333,290.333,270.0,270.333,21600,11082,10518,51.305556,48.694444,337.91213,113.912159,167.910954,3845,3845,0,0.346959,8828,20.0,290.208,20.05458527,291.1864497,PASS
INST_0178,100178,1,1,AOMDV,50,40,10,8,3,512,20.0,290.0,0.037,20.333,290.333,270.0,270.333,21600,13931,7669,64.49537,35.50463,580.250774,89.785675,211.0781,22658,22052,606,1.626445,6887,20.0,290.208,20.015507097,291.429540992,PASS
INST_0179,100179,1,1,AODV,50,40,10,8,4,512,20.0,290.0,0.037,20.333,290.333,270.0,270.333,21600,20895,705,96.736111,3.263889,67.732777,11.443536,316.594422,7470,7234,236,0.357502,665,20.0,290.208,20.033101979,290.213516692,PASS
INST_0179,100179,1,1,DSDV,50,40,10,8,4,512,20.0,290.0,0.037,20.333,290.333,270.0,270.333,21600,17741,3859,82.134259,17.865741,10.401358,3.075185,268.806013,3599,3599,0,0.202863,3565,20.0,290.208,20.008847368,290.214016692,PASS
INST_0179,100179,1,1,AOMDV,50,40,10,8,4,512,20.0,290.0,0.037,20.333,290.333,270.0,270.333,21600,19299,2301,89.347222,10.652778,16.428912,5.145796,292.412336,18185,17995,190,0.942277,2251,20.0,290.208,20.164646645,290.213736692,PASS
INST_0180,100180,1,1,AODV,50,40,10,8,5,512,20.0,290.0,0.037,20.333,290.333,270.0,270.333,21600,16088,5512,74.481481,25.518519,395.004919,88.844732,243.760281,37670,35990,1680,2.341497,5366,20.0,290.208,20.057168959,293.700880341,PASS
INST_0180,100180,1,1,DSDV,50,40,10,8,5,512,20.0,290.0,0.037,20.333,290.333,270.0,270.333,21600,12667,8933,58.643519,41.356481,243.495208,52.982165,191.926372,3677,3677,0,0.290282,7387,20.0,290.208,20.045972439,292.090138458,PASS
INST_0180,100180,1,1,AOMDV,50,40,10,8,5,512,20.0,290.0,0.037,20.333,290.333,270.0,270.333,21600,15166,6434,70.212963,29.787037,219.283259,46.652557,229.790429,22257,21837,420,1.467559,6170,20.0,290.208,20.28438188,290.484857082,PASS
INST_0181,100181,1,1,AODV,50,40,15,2,1,512,20.0,290.0,0.037,20.518,290.518,270.0,270.518,8100,6979,1121,86.160494,13.839506,241.503331,66.925238,105.671283,22421,21494,927,3.212638,1113,20.0,290.018,20.01736169,290.030240925,PASS
INST_0181,100181,1,1,DSDV,50,40,15,2,1,512,20.0,290.0,0.037,20.518,290.518,270.0,270.518,8100,4382,3718,54.098765,45.901235,93.486594,103.173946,66.349271,3505,3505,0,0.799863,3490,20.0,290.018,20.008529318,289.9869575,PASS
INST_0181,100181,1,1,AOMDV,50,40,15,2,1,512,20.0,290.0,0.037,20.518,290.518,270.0,270.518,8100,5524,2576,68.197531,31.802469,36.492224,37.53257,83.64066,28412,27801,611,5.143374,2529,20.0,290.018,20.018868052,290.030877407,PASS
INST_0182,100182,1,1,AODV,50,40,15,2,2,512,20.0,290.0,0.037,20.518,290.518,270.0,270.518,8100,7582,518,93.604938,6.395062,127.117208,46.038772,114.801499,19080,18112,968,2.516486,506,20.0,290.018,20.013450765,290.036479804,PASS
INST_0182,100182,1,1,DSDV,50,40,15,2,2,512,20.0,290.0,0.037,20.518,290.518,270.0,270.518,8100,5170,2930,63.82716,36.17284,86.51857,90.069622,78.280632,3548,3548,0,0.686267,2644,20.0,290.018,20.008491226,290.023618219,PASS
INST_0182,100182,1,1,AOMDV,50,40,15,2,2,512,20.0,290.0,0.037,20.518,290.518,270.0,270.518,8100,6171,1929,76.185185,23.814815,27.309679,16.919716,93.437095,24026,23324,702,3.893372,1902,20.0,290.018,20.011508642,290.023598219,PASS
INST_0183,100183,1,1,AODV,50,40,15,2,3,512,20.0,290.0,0.037,20.518,290.518,270.0,270.518,8100,7602,498,93.851852,6.148148,158.425217,60.575847,115.104326,24779,23684,1095,3.259537,481,20.0,290.018,20.011954957,290.041940761,PASS
INST_0183,100183,1,1,DSDV,50,40,15,2,3,512,20.0,290.0,0.037,20.518,290.518,270.0,270.518,8100,4399,3701,54.308642,45.691358,81.500352,122.669191,66.606673,3747,3747,0,0.851784,3501,20.0,290.018,20.055026848,290.035320272,PASS
INST_0183,100183,1,1,AOMDV,50,40,15,2,3,512,20.0,290.0,0.037,20.518,290.518,270.0,270.518,8100,5846,2254,72.17284,27.82716,26.351291,15.171293,88.516165,24926,24094,832,4.26377,2221,20.0,290.018,20.045595988,289.957988537,PASS
INST_0184,100184,1,1,AODV,50,40,15,2,4,512,20.0,290.0,0.037,20.518,290.518,270.0,270.518,8100,7787,313,96.135802,3.864198,110.402388,25.645734,117.90547,11752,11308,444,1.509182,309,20.0,290.018,20.013224083,290.046930566,PASS
INST_0184,100184,1,1,DSDV,50,40,15,2,4,512,20.0,290.0,0.037,20.518,290.518,270.0,270.518,8100,6062,2038,74.839506,25.160494,24.370813,14.802042,91.786691,3455,3455,0,0.569944,1846,20.0,290.018,20.009587368,289.961601023,PASS
INST_0184,100184,1,1,AOMDV,50,40,15,2,4,512,20.0,290.0,0.037,20.518,290.518,270.0,270.518,8100,6847,1253,84.530864,15.469136,16.518434,7.174118,103.672628,21065,20629,436,3.07653,1238,20.0,290.018,20.021240301,289.992899114,PASS
INST_0185,100185,1,1,AODV,50,40,15,2,5,512,20.0,290.0,0.037,20.518,290.518,270.0,270.518,8100,7254,846,89.555556,10.444444,259.227044,58.446329,109.835146,19891,19156,735,2.742073,800,20.0,290.018,20.184867009,295.673650015,PASS
INST_0185,100185,1,1,DSDV,50,40,15,2,5,512,20.0,290.0,0.037,20.518,290.518,270.0,270.518,8100,4505,3595,55.617284,44.382716,115.845715,121.078783,68.211653,3681,3681,0,0.817092,3308,20.0,290.018,20.054166392,290.029578845,PASS
INST_0185,100185,1,1,AOMDV,50,40,15,2,5,512,20.0,290.0,0.037,20.518,290.518,270.0,270.518,8100,5721,2379,70.62963,29.37037,35.892642,23.567502,86.6235,28395,27828,567,4.963293,2362,20.0,290.018,20.256151073,290.023798312,PASS
INST_0186,100186,1,1,AODV,50,40,15,4,1,512,20.0,290.0,0.037,20.518,290.518,270.0,270.518,16200,12343,3857,76.191358,23.808642,408.101659,122.591542,186.889331,36610,34962,1648,2.966054,3689,20.0,290.268,20.021344242,291.126781273,PASS
INST_0186,100186,1,1,DSDV,50,40,15,4,1,512,20.0,290.0,0.037,20.518,290.518,270.0,270.518,16200,8912,7288,55.012346,44.987654,22.454818,8.93833,134.939457,3729,3729,0,0.418425,7048,20.0,290.268,20.009069318,290.236697485,PASS
INST_0186,100186,1,1,AOMDV,50,40,15,4,1,512,20.0,290.0,0.037,20.518,290.518,270.0,270.518,16200,10896,5304,67.259259,32.740741,110.123896,39.423133,164.979839,29608,28946,662,2.717327,5251,20.0,290.268,20.047154566,290.283552271,PASS
INST_0187,100187,1,1,AODV,50,40,15,4,2,512,20.0,290.0,0.037,20.518,290.518,270.0,270.518,16200,13639,2561,84.191358,15.808642,491.829892,108.668352,206.512483,39574,37589,1985,2.901532,2443,20.0,290.268,20.031783082,290.285979869,PASS
INST_0187,100187,1,1,DSDV,50,40,15,4,2,512,20.0,290.0,0.037,20.518,290.518,270.0,270.518,16200,10184,6016,62.864198,37.135802,53.575929,50.733959,154.199218,3570,3570,0,0.35055,5544,20.0,290.268,20.009111227,290.273758181,PASS
INST_0187,100187,1,1,AOMDV,50,40,15,4,2,512,20.0,290.0,0.037,20.518,290.518,270.0,270.518,16200,12140,4060,74.938272,25.061728,104.488436,40.954995,183.815643,24437,23715,722,2.012932,4001,20.0,290.268,20.017274687,290.273722086,PASS
INST_0188,100188,1,1,AODV,50,40,15,4,3,512,20.0,290.0,0.037,20.518,290.518,270.0,270.518,16200,12754,3446,78.728395,21.271605,390.376096,151.675114,193.112414,54197,51536,2661,4.249412,3270,20.0,290.268,20.035928564,290.571725539,PASS
INST_0188,100188,1,1,DSDV,50,40,15,4,3,512,20.0,290.0,0.037,20.518,290.518,270.0,270.518,16200,8558,7642,52.82716,47.17284,70.104853,64.23351,129.579429,3671,3671,0,0.428955,7301,20.0,290.268,20.05474527,290.292805765,PASS
INST_0188,100188,1,1,AOMDV,50,40,15,4,3,512,20.0,290.0,0.037,20.518,290.518,270.0,270.518,16200,10793,5407,66.623457,33.376543,190.197315,70.566066,163.420283,25692,24759,933,2.380432,5294,20.0,290.268,20.196925294,290.205859218,PASS
INST_0189,100189,1,1,AODV,50,40,15,4,4,512,20.0,290.0,0.037,20.518,290.518,270.0,270.518,16200,15294,906,94.407407,5.592593,122.716966,25.26991,231.57137,15571,14846,725,1.018112,865,20.0,290.268,20.014786233,290.330877126,PASS
INST_0189,100189,1,1,DSDV,50,40,15,4,4,512,20.0,290.0,0.037,20.518,290.518,270.0,270.518,16200,12244,3956,75.580247,24.419753,14.52206,9.407034,185.39034,3584,3584,0,0.292715,3565,20.0,290.268,20.008667368,290.212322275,PASS
INST_0189,100189,1,1,AOMDV,50,40,15,4,4,512,20.0,290.0,0.037,20.518,290.518,270.0,270.518,16200,13665,2535,84.351852,15.648148,24.069508,9.489241,206.906158,20869,20474,395,1.527186,2518,20.0,290.268,20.027225509,290.28750847,PASS
INST_0190,100190,1,1,AODV,50,40,15,4,5,512,20.0,290.0,0.037,20.518,290.518,270.0,270.518,16200,12444,3756,76.814815,23.185185,373.05039,145.252652,188.418604,48575,46202,2373,3.903488,3648,20.0,290.268,20.069755738,299.084708107,PASS
INST_0190,100190,1,1,DSDV,50,40,15,4,5,512,20.0,290.0,0.037,20.518,290.518,270.0,270.518,16200,8992,7208,55.506173,44.493827,89.742058,118.405466,136.150763,3845,3845,0,0.427602,6742,20.0,290.268,20.045192439,290.273898294,PASS
INST_0190,100190,1,1,AOMDV,50,40,15,4,5,512,20.0,290.0,0.037,20.518,290.518,270.0,270.518,16200,11262,4938,69.518519,30.481481,118.377272,51.735055,170.521562,29032,28407,625,2.577872,4873,20.0,290.268,20.132374066,290.273618294,PASS
INST_0191,100191,1,1,AODV,50,40,15,8,1,512,20.0,290.0,0.037,20.518,290.518,270.0,270.518,32400,17005,15395,52.484568,47.515432,1514.696852,182.337984,257.478172,40983,39175,1808,2.410056,13276,20.0,290.393,20.039844099,293.805282106,PASS
INST_0191,100191,1,1,DSDV,50,40,15,8,1,512,20.0,290.0,0.037,20.518,290.518,270.0,270.518,32400,14324,18076,44.209877,55.790123,1243.640652,167.32217,216.884289,3886,3886,0,0.271293,12590,20.0,290.393,20.008429318,296.637502099,PASS
INST_0191,100191,1,1,AOMDV,50,40,15,8,1,512,20.0,290.0,0.037,20.518,290.518,270.0,270.518,32400,16445,15955,50.756173,49.243827,1573.077324,153.438675,248.999031,32261,31489,772,1.961751,11601,20.0,290.393,20.019287224,293.433797075,PASS
INST_0192,100192,1,1,AODV,50,40,15,8,2,512,20.0,290.0,0.037,20.518,290.518,270.0,270.518,32400,18888,13512,58.296296,41.703704,1423.026919,179.917761,285.98928,46899,45115,1784,2.483005,11819,20.0,290.393,20.012651041,299.604857476,PASS
INST_0192,100192,1,1,DSDV,50,40,15,8,2,512,20.0,290.0,0.037,20.518,290.518,270.0,270.518,32400,17148,15252,52.925926,47.074074,747.726186,146.05358,259.64338,3741,3741,0,0.21816,9921,20.0,290.393,20.008751227,294.626493331,PASS
INST_0192,100192,1,1,AOMDV,50,40,15,8,2,512,20.0,290.0,0.037,20.518,290.518,270.0,270.518,32400,18167,14233,56.070988,43.929012,1829.732931,179.828578,275.072387,29583,28789,794,1.628392,9778,20.0,290.393,20.056332848,293.470316401,PASS
INST_0193,100193,1,1,AODV,50,40,15,8,3,512,20.0,290.0,0.037,20.518,290.518,270.0,270.518,32400,14783,17617,45.626543,54.373457,1855.203054,287.321395,223.834155,58056,55574,2482,3.927214,14859,20.0,290.393,20.01305951,299.992271297,PASS
INST_0193,100193,1,1,DSDV,50,40,15,8,3,512,20.0,290.0,0.037,20.518,290.518,270.0,270.518,32400,13394,19006,41.339506,58.660494,1048.667565,211.860387,202.80286,3982,3982,0,0.297297,11493,20.0,290.393,20.017946395,294.988080128,PASS
INST_0193,100193,1,1,AOMDV,50,40,15,8,3,512,20.0,290.0,0.037,20.518,290.518,270.0,270.518,32400,14766,17634,45.574074,54.425926,2197.606403,249.573699,223.576753,31421,30429,992,2.127929,11548,20.0,290.393,20.013436699,294.401717017,PASS
INST_0194,100194,1,1,AODV,50,40,15,8,4,512,20.0,290.0,0.037,20.518,290.518,270.0,270.518,32400,24363,8037,75.194444,24.805556,890.779552,103.431506,368.888015,23717,22837,880,0.973484,6696,20.0,290.393,20.040550822,291.367969496,PASS
INST_0194,100194,1,1,DSDV,50,40,15,8,4,512,20.0,290.0,0.037,20.518,290.518,270.0,270.518,32400,22725,9675,70.138889,29.861111,336.440504,58.903461,344.08653,3694,3694,0,0.162552,6775,20.0,290.393,20.008247368,293.138148789,PASS
INST_0194,100194,1,1,AOMDV,50,40,15,8,4,512,20.0,290.0,0.037,20.518,290.518,270.0,270.518,32400,24632,7768,76.024691,23.975309,780.501558,93.979766,372.96103,23259,22674,585,0.944259,5954,20.0,290.393,20.053215895,293.179745292,PASS
INST_0195,100195,1,1,AODV,50,40,15,8,5,512,20.0,290.0,0.037,20.518,290.518,270.0,270.518,32400,15518,16882,47.895062,52.104938,1864.738089,222.747903,234.963026,53931,51721,2210,3.475383,14495,20.0,290.393,20.202726521,295.205648682,PASS
INST_0195,100195,1,1,DSDV,50,40,15,8,5,512,20.0,290.0,0.037,20.518,290.518,270.0,270.518,32400,14245,18155,43.966049,56.033951,856.800095,149.806124,215.688124,3782,3782,0,0.265497,11945,20.0,290.393,20.055165671,294.485825009,PASS
INST_0195,100195,1,1,AOMDV,50,40,15,8,5,512,20.0,290.0,0.037,20.518,290.518,270.0,270.518,32400,16144,16256,49.82716,50.17284,1614.570934,174.597593,244.441494,31342,30626,716,1.941402,11699,20.0,290.393,20.253839367,292.281158028,PASS
INST_0196,100196,1,1,AODV,50,40,20,2,1,512,20.0,290.0,0.037,20.703,290.703,270.0,270.703,10800,9184,1616,85.037037,14.962963,344.987638,88.312033,138.962863,31679,30291,1388,3.449368,1518,20.0,290.203,20.012227753,290.261096513,PASS
INST_0196,100196,1,1,DSDV,50,40,20,2,1,512,20.0,290.0,0.037,20.703,290.703,270.0,270.703,10800,5766,5034,53.388889,46.611111,70.521117,110.321059,87.245195,3460,3460,0,0.600069,4777,20.0,290.203,20.008589318,290.220961282,PASS
INST_0196,100196,1,1,AOMDV,50,40,20,2,1,512,20.0,290.0,0.037,20.703,290.703,270.0,270.703,10800,7500,3300,69.444444,30.555556,46.692576,27.86617,113.482303,32369,31494,875,4.315867,3291,20.0,290.203,20.047434365,290.214980059,PASS
INST_0197,100197,1,1,AODV,50,40,20,2,2,512,20.0,290.0,0.037,20.703,290.703,270.0,270.703,10800,10024,776,92.814815,7.185185,211.04949,76.836834,151.672881,27460,26168,1292,2.739425,747,20.0,290.203,20.011732642,290.208656494,PASS
INST_0197,100197,1,1,DSDV,50,40,20,2,2,512,20.0,290.0,0.037,20.703,290.703,270.0,270.703,10800,7068,3732,65.444444,34.555556,69.443494,100.849895,106.945723,3511,3511,0,0.496746,3387,20.0,290.203,20.008911227,290.208836494,PASS
INST_0197,100197,1,1,AOMDV,50,40,20,2,2,512,20.0,290.0,0.037,20.703,290.703,270.0,270.703,10800,8428,2372,78.037037,21.962963,36.749394,32.142327,127.523847,26738,25889,849,3.17252,2353,20.0,290.203,20.012213642,290.208596494,PASS
INST_0198,100198,1,1,AODV,50,40,20,2,3,512,20.0,290.0,0.037,20.703,290.703,270.0,270.703,10800,10156,644,94.037037,5.962963,204.370149,68.406781,153.67017,31239,29757,1482,3.075916,616,20.0,290.203,20.012199957,290.2102987,PASS
INST_0198,100198,1,1,DSDV,50,40,20,2,3,512,20.0,290.0,0.037,20.703,290.703,270.0,270.703,10800,6057,4743,56.083333,43.916667,146.482509,234.863127,91.648308,3598,3598,0,0.594023,4383,20.0,290.203,20.018446395,290.208697511,PASS
INST_0198,100198,1,1,AOMDV,50,40,20,2,3,512,20.0,290.0,0.037,20.703,290.703,270.0,270.703,10800,7834,2966,72.537037,27.462963,31.388556,20.005693,118.536049,26570,25637,933,3.391626,2951,20.0,290.203,20.089308476,290.208697511,PASS
INST_0199,100199,1,1,AODV,50,40,20,2,4,512,20.0,290.0,0.037,20.703,290.703,270.0,270.703,10800,10295,505,95.324074,4.675926,92.62116,27.957887,155.773375,17922,17112,810,1.740845,489,20.0,290.203,20.082381903,290.214876248,PASS
INST_0199,100199,1,1,DSDV,50,40,20,2,4,512,20.0,290.0,0.037,20.703,290.703,270.0,270.703,10800,7799,3001,72.212963,27.787037,36.396559,46.027169,118.006465,3437,3437,0,0.440698,2799,20.0,290.203,20.008527368,290.208536248,PASS
INST_0199,100199,1,1,AOMDV,50,40,20,2,4,512,20.0,290.0,0.037,20.703,290.703,270.0,270.703,10800,9047,1753,83.768519,16.231481,23.679654,15.390766,136.88992,23627,23061,566,2.611584,1732,20.0,290.203,20.050476605,290.208876248,PASS
INST_0200,100200,1,1,AODV,50,40,20,2,5,512,20.0,290.0,0.037,20.703,290.703,270.0,270.703,10800,9454,1346,87.537037,12.462963,270.30502,73.97915,143.048226,28646,27436,1210,3.03004,1302,20.0,290.203,20.063665514,290.227120745,PASS
INST_0200,100200,1,1,DSDV,50,40,20,2,5,512,20.0,290.0,0.037,20.703,290.703,270.0,270.703,10800,5912,4888,54.740741,45.259259,106.938759,150.807513,89.454317,3461,3461,0,0.585419,4568,20.0,290.203,20.046392439,290.214699535,PASS
INST_0200,100200,1,1,AOMDV,50,40,20,2,5,512,20.0,290.0,0.037,20.703,290.703,270.0,270.703,10800,7311,3489,67.694444,32.305556,41.091365,29.772327,110.622549,33122,32242,880,4.530434,3458,20.0,290.203,20.06773796,290.214979415,PASS
INST_0201,100201,1,1,AODV,50,40,20,4,1,512,20.0,290.0,0.037,20.703,290.703,270.0,270.703,21600,14027,7573,64.939815,35.060185,1087.456648,234.230432,212.242169,52732,50458,2274,3.759321,7093,20.0,290.453,20.012128888,297.546491566,PASS
INST_0201,100201,1,1,DSDV,50,40,20,4,1,512,20.0,290.0,0.037,20.703,290.703,270.0,270.703,21600,10764,10836,49.833333,50.166667,282.996461,104.572028,162.869802,3503,3503,0,0.325437,9770,20.0,290.453,20.008709318,292.165469512,PASS
INST_0201,100201,1,1,AOMDV,50,40,20,4,1,512,20.0,290.0,0.037,20.703,290.703,270.0,270.703,21600,13503,8097,62.513889,37.486111,588.831993,133.81634,204.313539,34514,33593,921,2.556025,7413,20.0,290.453,20.026069728,290.464760023,PASS
INST_0202,100202,1,1,AODV,50,40,20,4,2,512,20.0,290.0,0.037,20.703,290.703,270.0,270.703,21600,15703,5897,72.699074,27.300926,865.507531,233.03122,237.601682,55414,52977,2437,3.52888,5121,20.0,290.453,20.012811041,291.893860721,PASS
INST_0202,100202,1,1,DSDV,50,40,20,4,2,512,20.0,290.0,0.037,20.703,290.703,270.0,270.703,21600,13709,7891,63.467593,36.532407,260.783126,111.317716,207.43052,3586,3586,0,0.26158,6842,20.0,290.453,20.008891227,290.458496496,PASS
INST_0202,100202,1,1,AOMDV,50,40,20,4,2,512,20.0,290.0,0.037,20.703,290.703,270.0,270.703,21600,15784,5816,73.074074,26.925926,387.884354,112.704793,238.82729,29750,28768,982,1.88482,5460,20.0,290.453,20.014554983,290.458996496,PASS
INST_0203,100203,1,1,AODV,50,40,20,4,3,512,20.0,290.0,0.037,20.703,290.703,270.0,270.703,21600,14136,7464,65.444444,34.555556,957.675773,273.663019,213.891446,65194,62359,2835,4.611913,6650,20.0,290.453,20.043009651,293.642293357,PASS
INST_0203,100203,1,1,DSDV,50,40,20,4,3,512,20.0,290.0,0.037,20.703,290.703,270.0,270.703,21600,10765,10835,49.837963,50.162037,652.373731,216.882432,162.884933,3987,3987,0,0.370367,9724,20.0,290.453,20.05446527,292.562195562,PASS
INST_0203,100203,1,1,AOMDV,50,40,20,4,3,512,20.0,290.0,0.037,20.703,290.703,270.0,270.703,21600,13937,7663,64.523148,35.476852,729.477081,173.154206,210.880382,30361,29269,1092,2.178446,6842,20.0,290.453,20.033329245,292.122976343,PASS
INST_0204,100204,1,1,AODV,50,40,20,4,4,512,20.0,290.0,0.037,20.703,290.703,270.0,270.703,21600,18962,2638,87.787037,12.212963,243.7282,82.046836,286.913525,37848,36032,1816,1.995992,2573,20.0,290.453,20.016376735,290.458896248,PASS
INST_0204,100204,1,1,DSDV,50,40,20,4,4,512,20.0,290.0,0.037,20.703,290.703,270.0,270.703,21600,15784,5816,73.074074,26.925926,54.183485,43.629095,238.82729,3757,3757,0,0.238026,5527,20.0,290.453,20.008887368,290.458956248,PASS
INST_0204,100204,1,1,AOMDV,50,40,20,4,4,512,20.0,290.0,0.037,20.703,290.703,270.0,270.703,21600,17495,4105,80.99537,19.00463,67.844263,31.813179,264.716387,24782,24158,624,1.416519,4058,20.0,290.453,20.047323839,290.458996248,PASS
INST_0205,100205,1,1,AODV,50,40,20,4,5,512,20.0,290.0,0.037,20.703,290.703,270.0,270.703,21600,13270,8330,61.435185,38.564815,1131.844946,302.314562,200.788022,61144,58528,2616,4.607687,7545,20.0,290.453,20.0933574,294.889758162,PASS
INST_0205,100205,1,1,DSDV,50,40,20,4,5,512,20.0,290.0,0.037,20.703,290.703,270.0,270.703,21600,11224,10376,51.962963,48.037037,299.60091,108.453754,169.83005,3643,3643,0,0.324572,9139,20.0,290.453,20.046392439,291.728139489,PASS
INST_0205,100205,1,1,AOMDV,50,40,20,4,5,512,20.0,290.0,0.037,20.703,290.703,270.0,270.703,21600,13030,8570,60.324074,39.675926,636.440932,198.633208,197.156589,35709,34711,998,2.740522,7803,20.0,290.453,20.382258699,290.963057947,PASS
INST_0206,100206,1,1,AODV,50,40,20,8,1,512,20.0,290.0,0.037,20.703,290.703,270.0,270.703,43200,15785,27415,36.539352,63.460648,3003.572664,301.947901,238.842421,50231,48442,1789,3.182198,20346,20.0,290.578,20.023762215,295.31980417,PASS
INST_0206,100206,1,1,DSDV,50,40,20,8,1,512,20.0,290.0,0.037,20.703,290.703,270.0,270.703,43200,14787,28413,34.229167,65.770833,2137.506128,374.331856,223.74171,4058,4058,0,0.27443,15850,20.0,290.578,20.008549318,299.94211146,PASS
INST_0206,100206,1,1,AOMDV,50,40,20,8,1,512,20.0,290.0,0.037,20.703,290.703,270.0,270.703,43200,16279,26921,37.68287,62.31713,3017.303118,269.751435,246.317122,41914,40769,1145,2.574728,16734,20.0,290.578,20.046934399,298.565935379,PASS
INST_0207,100207,1,1,AODV,50,40,20,8,2,512,20.0,290.0,0.037,20.703,290.703,270.0,270.703,43200,20577,22623,47.631944,52.368056,2096.720092,235.637062,311.350048,52415,50505,1910,2.547262,17365,20.0,290.578,20.026218411,296.326835332,PASS
INST_0207,100207,1,1,DSDV,50,40,20,8,2,512,20.0,290.0,0.037,20.703,290.703,270.0,270.703,43200,21432,21768,49.611111,50.388889,1155.724285,149.764464,324.28703,3808,3808,0,0.177678,11571,20.0,290.578,20.008451226,296.586632957,PASS
INST_0207,100207,1,1,AOMDV,50,40,20,8,2,512,20.0,290.0,0.037,20.703,290.703,270.0,270.703,43200,19824,23376,45.888889,54.111111,3126.320401,215.708077,299.956425,37794,36616,1178,1.906477,13299,20.0,290.578,20.013644078,296.821155139,PASS
INST_0208,100208,1,1,AODV,50,40,20,8,3,512,20.0,290.0,0.037,20.703,290.703,270.0,270.703,43200,14546,28654,33.671296,66.328704,2691.828453,351.354614,220.095145,59028,57005,2023,4.058023,19988,20.0,290.578,20.033883655,299.893656913,PASS
INST_0208,100208,1,1,DSDV,50,40,20,8,3,512,20.0,290.0,0.037,20.703,290.703,270.0,270.703,43200,15343,27857,35.516204,64.483796,1692.679371,259.371253,232.154531,4088,4088,0,0.266441,14015,20.0,290.578,20.055125271,299.383635982,PASS
INST_0208,100208,1,1,AOMDV,50,40,20,8,3,512,20.0,290.0,0.037,20.703,290.703,270.0,270.703,43200,15343,27857,35.516204,64.483796,3579.303736,338.282124,232.154531,39493,38277,1216,2.574008,14965,20.0,290.578,20.03234887,296.734631015,PASS
INST_0209,100209,1,1,AODV,50,40,20,8,4,512,20.0,290.0,0.037,20.703,290.703,270.0,270.703,43200,25869,17331,59.881944,40.118056,1749.842146,176.501787,391.423161,38398,37093,1305,1.484325,12573,20.0,290.578,20.050963605,299.715186237,PASS
INST_0209,100209,1,1,DSDV,50,40,20,8,4,512,20.0,290.0,0.037,20.703,290.703,270.0,270.703,43200,26618,16582,61.615741,38.384259,1055.418243,131.549309,402.756261,3877,3877,0,0.145653,8545,20.0,290.578,20.008967368,294.855197389,PASS
INST_0209,100209,1,1,AOMDV,50,40,20,8,4,512,20.0,290.0,0.037,20.703,290.703,270.0,270.703,43200,26063,17137,60.331019,39.668981,1961.631594,177.982259,394.35857,33282,32388,894,1.276983,10012,20.0,290.578,20.108081048,293.919362265,PASS
INST_0210,100210,1,1,AODV,50,40,20,8,5,512,20.0,290.0,0.037,20.703,290.703,270.0,270.703,43200,16395,26805,37.951389,62.048611,2557.239406,311.291304,248.072315,59664,57396,2268,3.639158,20455,20.0,290.578,20.157094688,294.402894174,PASS
INST_0210,100210,1,1,DSDV,50,40,20,8,5,512,20.0,290.0,0.037,20.703,290.703,270.0,270.703,43200,16335,26865,37.8125,62.1875,2006.893075,272.264932,247.164457,3951,3951,0,0.241873,14354,20.0,290.578,20.054586248,296.618048484,PASS
INST_0210,100210,1,1,AOMDV,50,40,20,8,5,512,20.0,290.0,0.037,20.703,290.703,270.0,270.703,43200,15899,27301,36.803241,63.196759,3530.907174,314.144748,240.567352,42591,41432,1159,2.678848,16451,20.0,290.578,20.121294498,296.834113512,PASS
INST_0211,100211,1,1,AODV,50,40,25,2,1,512,20.0,290.0,0.037,20.888,290.888,270.0,270.888,13500,10959,2541,81.177778,18.822222,387.90061,126.625804,165.707097,44543,42382,2161,4.064513,2355,20.0,290.388,20.040141971,290.399880235,PASS
INST_0211,100211,1,1,DSDV,50,40,25,2,1,512,20.0,290.0,0.037,20.888,290.888,270.0,270.888,13500,7145,6355,52.925926,47.074074,69.628536,67.457551,108.036975,3655,3655,0,0.511547,6048,20.0,290.388,20.008669318,290.356957301,PASS
INST_0211,100211,1,1,AOMDV,50,40,25,2,1,512,20.0,290.0,0.037,20.888,290.888,270.0,270.888,13500,9274,4226,68.696296,31.303704,57.543272,36.559538,140.228818,39673,38644,1029,4.277874,4188,20.0,290.388,20.032309107,290.39981988,PASS
INST_0212,100212,1,1,AODV,50,40,25,2,2,512,20.0,290.0,0.037,20.888,290.888,270.0,270.888,13500,11942,1558,88.459259,11.540741,265.075563,101.150649,180.570686,37163,35403,1760,3.111958,1456,20.0,290.388,20.025969836,290.400078484,PASS
INST_0212,100212,1,1,DSDV,50,40,25,2,2,512,20.0,290.0,0.037,20.888,290.888,270.0,270.888,13500,8365,5135,61.962963,38.037037,108.679091,120.344707,126.484156,3471,3471,0,0.414943,4809,20.0,290.388,20.009211227,290.393817685,PASS
INST_0212,100212,1,1,AOMDV,50,40,25,2,2,512,20.0,290.0,0.037,20.888,290.888,270.0,270.888,13500,10292,3208,76.237037,23.762963,41.633201,28.681877,155.62163,31245,30347,898,3.035853,3160,20.0,290.388,20.013419078,290.393777685,PASS
INST_0213,100213,1,1,AODV,50,40,25,2,3,512,20.0,290.0,0.037,20.888,290.888,270.0,270.888,13500,12331,1169,91.340741,8.659259,184.756713,95.78174,186.452615,45792,43608,2184,3.713567,1095,20.0,290.388,20.01279451,290.39371722,PASS
INST_0213,100213,1,1,DSDV,50,40,25,2,3,512,20.0,290.0,0.037,20.888,290.888,270.0,270.888,13500,7488,6012,55.466667,44.533333,88.120133,143.355126,113.223354,3525,3525,0,0.470753,5739,20.0,290.388,20.017966395,290.39357722,PASS
INST_0213,100213,1,1,AOMDV,50,40,25,2,3,512,20.0,290.0,0.037,20.888,290.888,270.0,270.888,13500,10179,3321,75.4,24.6,57.396752,34.066787,153.912997,29701,28548,1153,2.91787,3287,20.0,290.388,20.013616843,290.39385722,PASS
INST_0214,100214,1,1,AODV,50,40,25,2,4,512,20.0,290.0,0.037,20.888,290.888,270.0,270.888,13500,12433,1067,92.096296,7.903704,127.561303,50.474098,187.99492,29163,27760,1403,2.345612,991,20.0,290.388,20.04380091,290.399618982,PASS
INST_0214,100214,1,1,DSDV,50,40,25,2,4,512,20.0,290.0,0.037,20.888,290.888,270.0,270.888,13500,9134,4366,67.659259,32.340741,36.551903,27.199688,138.111928,3623,3623,0,0.39665,4107,20.0,290.388,20.008687368,290.400238982,PASS
INST_0214,100214,1,1,AOMDV,50,40,25,2,4,512,20.0,290.0,0.037,20.888,290.888,270.0,270.888,13500,10793,2707,79.948148,20.051852,40.711947,41.430263,163.19707,30617,29719,898,2.836746,2672,20.0,290.388,20.053795766,290.399739199,PASS
INST_0215,100215,1,1,AODV,50,40,25,2,5,512,20.0,290.0,0.037,20.888,290.888,270.0,270.888,13500,10955,2545,81.148148,18.851852,380.602593,184.360444,165.646614,54765,51908,2857,4.999087,2449,20.0,290.388,20.08680723,299.768401104,PASS
INST_0215,100215,1,1,DSDV,50,40,25,2,5,512,20.0,290.0,0.037,20.888,290.888,270.0,270.888,13500,7662,5838,56.755556,43.244444,72.523205,93.568925,115.854346,3879,3879,0,0.506265,5437,20.0,290.388,20.045092439,290.411843052,PASS
INST_0215,100215,1,1,AOMDV,50,40,25,2,5,512,20.0,290.0,0.037,20.888,290.888,270.0,270.888,13500,9318,4182,69.022222,30.977778,102.214885,58.881552,140.894126,37425,36316,1109,4.01642,4148,20.0,290.388,20.191105091,290.674677004,PASS
INST_0216,100216,1,1,AODV,50,40,25,4,1,512,20.0,290.0,0.037,20.888,290.888,270.0,270.888,27000,15808,11192,58.548148,41.451852,1282.170952,280.968062,239.027081,58732,56429,2303,3.715334,10128,20.0,290.638,20.021064811,294.083336521,PASS
INST_0216,100216,1,1,DSDV,50,40,25,4,1,512,20.0,290.0,0.037,20.888,290.888,270.0,270.888,27000,12836,14164,47.540741,52.459259,726.293479,167.453626,194.088538,3611,3611,0,0.281318,11756,20.0,290.638,20.009089318,293.982186487,PASS
INST_0216,100216,1,1,AOMDV,50,40,25,4,1,512,20.0,290.0,0.037,20.888,290.888,270.0,270.888,27000,14089,12911,52.181481,47.818519,1393.117541,276.991981,213.034701,46298,45009,1289,3.28611,10256,20.0,290.638,20.068135986,293.191404651,PASS
INST_0217,100217,1,1,AODV,50,40,25,4,2,512,20.0,290.0,0.037,20.888,290.888,270.0,270.888,27000,16364,10636,60.607407,39.392593,1810.455349,338.358801,247.434157,62037,59657,2380,3.791066,8918,20.0,290.638,20.014889129,293.856577176,PASS
INST_0217,100217,1,1,DSDV,50,40,25,4,2,512,20.0,290.0,0.037,20.888,290.888,270.0,270.888,27000,15116,11884,55.985185,44.014815,676.583239,140.600616,228.563598,3630,3630,0,0.240143,9905,20.0,290.638,20.008671227,292.13394145,PASS
INST_0217,100217,1,1,AOMDV,50,40,25,4,2,512,20.0,290.0,0.037,20.888,290.888,270.0,270.888,27000,15859,11141,58.737037,41.262963,1505.186649,261.359432,239.798234,41509,40070,1439,2.617378,9222,20.0,290.638,20.015491459,292.982759195,PASS
INST_0218,100218,1,1,AODV,50,40,25,4,3,512,20.0,290.0,0.037,20.888,290.888,270.0,270.888,27000,15666,11334,58.022222,41.977778,1585.27901,375.916766,236.87995,67435,64820,2615,4.304545,9702,20.0,290.638,20.012314081,293.866783209,PASS
INST_0218,100218,1,1,DSDV,50,40,25,4,3,512,20.0,290.0,0.037,20.888,290.888,270.0,270.888,27000,13420,13580,49.703704,50.296296,925.060026,213.601932,202.918992,4047,4047,0,0.301565,10928,20.0,290.638,20.017386395,294.687052955,PASS
INST_0218,100218,1,1,AOMDV,50,40,25,4,3,512,20.0,290.0,0.037,20.888,290.888,270.0,270.888,27000,15472,11528,57.303704,42.696296,1468.63331,281.49614,233.946546,37457,36085,1372,2.420954,8862,20.0,290.638,20.014721808,292.560509012,PASS
INST_0219,100219,1,1,AODV,50,40,25,4,4,512,20.0,290.0,0.037,20.888,290.888,270.0,270.888,27000,18954,8046,70.2,29.8,967.732223,215.498237,286.596616,53101,50733,2368,2.801572,7282,20.0,290.638,20.048313872,296.600687431,PASS
INST_0219,100219,1,1,DSDV,50,40,25,4,4,512,20.0,290.0,0.037,20.888,290.888,270.0,270.888,27000,17649,9351,65.366667,34.633333,293.802878,81.764053,266.86418,3890,3890,0,0.220409,7922,20.0,290.638,20.008947368,292.676030429,PASS
INST_0219,100219,1,1,AOMDV,50,40,25,4,4,512,20.0,290.0,0.037,20.888,290.888,270.0,270.888,27000,19113,7887,70.788889,29.211111,651.676271,157.250722,289.000797,35134,34141,993,1.838225,7081,20.0,290.638,20.014874243,290.656718767,PASS
INST_0220,100220,1,1,AODV,50,40,25,4,5,512,20.0,290.0,0.037,20.888,290.888,270.0,270.888,27000,13899,13101,51.477778,48.522222,1984.147164,396.185708,210.161779,71507,68572,2935,5.144759,11246,20.0,290.638,20.208573235,296.426579003,PASS
INST_0220,100220,1,1,DSDV,50,40,25,4,5,512,20.0,290.0,0.037,20.888,290.888,270.0,270.888,27000,12392,14608,45.896296,54.103704,972.16407,242.579643,187.374974,3954,3954,0,0.319077,11183,20.0,290.638,20.046252439,295.003058192,PASS
INST_0220,100220,1,1,AOMDV,50,40,25,4,5,512,20.0,290.0,0.037,20.888,290.888,270.0,270.888,27000,13852,13148,51.303704,48.696296,1889.475511,333.990006,209.451109,45487,44030,1457,3.283786,10832,20.0,290.638,20.200951947,292.335131802,PASS
INST_0221,100221,1,1,AODV,50,40,25,8,1,512,20.0,290.0,0.037,20.888,290.888,270.0,270.888,54000,17496,36504,32.4,67.6,3283.346333,334.641721,264.550722,53109,51333,1776,3.035494,26009,20.0,290.763,20.036947778,299.999491752,PASS
INST_0221,100221,1,1,DSDV,50,40,25,8,1,512,20.0,290.0,0.037,20.888,290.888,270.0,270.888,54000,16403,37597,30.375926,69.624074,2723.757039,330.800023,248.023862,4050,4050,0,0.246906,20124,20.0,290.763,20.008449318,298.753167375,PASS
INST_0221,100221,1,1,AOMDV,50,40,25,8,1,512,20.0,290.0,0.037,20.888,290.888,270.0,270.888,54000,16468,37532,30.496296,69.503704,4092.040967,316.350171,249.006704,52742,51417,1325,3.202696,21035,20.0,290.763,20.041395296,299.713831334,PASS
INST_0222,100222,1,1,AODV,50,40,25,8,2,512,20.0,290.0,0.037,20.888,290.888,270.0,270.888,54000,20279,33721,37.553704,62.446296,2819.702898,279.804792,306.631464,53631,51884,1747,2.644657,23295,20.0,290.763,20.014588954,297.29199243,PASS
INST_0222,100222,1,1,DSDV,50,40,25,8,2,512,20.0,290.0,0.037,20.888,290.888,270.0,270.888,54000,22328,31672,41.348148,58.651852,1721.586257,221.492254,337.613656,3791,3791,0,0.169787,14384,20.0,290.763,20.009031227,299.314639145,PASS
INST_0222,100222,1,1,AOMDV,50,40,25,8,2,512,20.0,290.0,0.037,20.888,290.888,270.0,270.888,54000,19991,34009,37.02037,62.97963,3659.594764,298.492052,302.27672,46376,44930,1446,2.319844,17198,20.0,290.763,20.012559706,298.860092497,PASS
INST_0223,100223,1,1,AODV,50,40,25,8,3,512,20.0,290.0,0.037,20.888,290.888,270.0,270.888,54000,17437,36563,32.290741,67.709259,3271.737645,405.270315,263.658604,58178,56375,1803,3.336468,24723,20.0,290.763,20.040830238,296.951539887,PASS
INST_0223,100223,1,1,DSDV,50,40,25,8,3,512,20.0,290.0,0.037,20.888,290.888,270.0,270.888,54000,18955,35045,35.101852,64.898148,1616.164784,315.268264,286.611736,4295,4295,0,0.226589,15691,20.0,290.763,20.017966395,299.698677298,PASS
INST_0223,100223,1,1,AOMDV,50,40,25,8,3,512,20.0,290.0,0.037,20.888,290.888,270.0,270.888,54000,16378,37622,30.32963,69.67037,4305.617902,382.786065,247.645846,46779,45284,1495,2.85621,17959,20.0,290.763,20.047178671,297.496624969,PASS
INST_0224,100224,1,1,AODV,50,40,25,8,4,512,20.0,290.0,0.037,20.888,290.888,270.0,270.888,54000,24962,29038,46.225926,53.774074,2303.508466,216.701363,377.441422,47991,46309,1682,1.922562,20933,20.0,290.763,20.04309143,297.812705293,PASS
INST_0224,100224,1,1,DSDV,50,40,25,8,4,512,20.0,290.0,0.037,20.888,290.888,270.0,270.888,54000,25946,28054,48.048148,51.951852,1658.346263,196.943381,392.320132,4054,4054,0,0.156248,12547,20.0,290.763,20.008787368,299.408221276,PASS
INST_0224,100224,1,1,AOMDV,50,40,25,8,4,512,20.0,290.0,0.037,20.888,290.888,270.0,270.888,54000,23716,30284,43.918519,56.081481,3178.874105,244.583856,358.601105,43818,42596,1222,1.847613,15596,20.0,290.763,20.120349611,296.087664138,PASS
INST_0225,100225,1,1,AODV,50,40,25,8,5,512,20.0,290.0,0.037,20.888,290.888,270.0,270.888,54000,16602,37398,30.744444,69.255556,2517.230918,301.584909,251.03287,64706,62320,2386,3.897482,27485,20.0,290.763,20.082995603,296.830878842,PASS
INST_0225,100225,1,1,DSDV,50,40,25,8,5,512,20.0,290.0,0.037,20.888,290.888,270.0,270.888,54000,17498,36502,32.403704,67.596296,2664.441689,324.137397,264.580963,4047,4047,0,0.231284,16480,20.0,290.763,20.045792439,299.776566546,PASS
INST_0225,100225,1,1,AOMDV,50,40,25,8,5,512,20.0,290.0,0.037,20.888,290.888,270.0,270.888,54000,15696,38304,29.066667,70.933333,3788.050424,341.115541,237.33357,52813,51161,1652,3.364743,19896,20.0,290.763,20.062509784,297.335017491,PASS
INST_0226,100226,1,1,AODV,50,50,5,2,1,512,20.0,290.0,0.037,20.148,290.148,270.0,270.148,2700,2359,341,87.37037,12.62963,170.724233,38.771115,35.767298,6732,6418,314,2.853752,339,20.0,289.648,20.041199271,289.666240787,PASS
INST_0226,100226,1,1,DSDV,50,50,5,2,1,512,20.0,290.0,0.037,20.148,290.148,270.0,270.148,2700,1443,1257,53.444444,46.555556,11.506073,3.136913,21.878852,3745,3745,0,2.595288,1125,20.0,289.648,20.008908799,289.616917042,PASS
INST_0226,100226,1,1,AOMDV,50,50,5,2,1,512,20.0,290.0,0.037,20.148,290.148,270.0,270.148,2700,1846,854,68.37037,31.62963,242.239232,459.017925,27.989161,17175,16939,236,9.3039,835,20.0,289.648,20.021629779,289.660334398,PASS
INST_0227,100227,1,1,AODV,50,50,5,2,2,512,20.0,290.0,0.037,20.148,290.148,270.0,270.148,2700,2390,310,88.518519,11.481481,606.257562,125.143648,36.237322,9295,8822,473,3.889121,310,20.0,289.648,20.011892839,292.229727956,PASS
INST_0227,100227,1,1,DSDV,50,50,5,2,2,512,20.0,290.0,0.037,20.148,290.148,270.0,270.148,2700,1332,1368,49.333333,50.666667,62.302658,106.718043,20.195863,3727,3727,0,2.798048,1189,20.0,289.648,20.009331352,289.659899569,PASS
INST_0227,100227,1,1,AOMDV,50,50,5,2,2,512,20.0,290.0,0.037,20.148,290.148,270.0,270.148,2700,1809,891,67.0,33.0,43.15472,23.311373,27.428165,20548,20277,271,11.358762,879,20.0,289.648,20.040597872,289.659879538,PASS
INST_0228,100228,1,1,AODV,50,50,5,2,3,512,20.0,290.0,0.037,20.148,290.148,270.0,270.148,2700,2518,182,93.259259,6.740741,243.254137,64.893406,38.178065,10453,9957,496,4.151311,170,20.0,289.648,20.011574656,289.654057258,PASS
INST_0228,100228,1,1,DSDV,50,50,5,2,3,512,20.0,290.0,0.037,20.148,290.148,270.0,270.148,2700,1308,1392,48.444444,51.555556,71.272595,121.478388,19.831974,3307,3307,0,2.528287,1236,20.0,289.648,20.053865934,289.653677258,PASS
INST_0228,100228,1,1,AOMDV,50,50,5,2,3,512,20.0,290.0,0.037,20.148,290.148,270.0,270.148,2700,1818,882,67.333333,32.666667,20.272014,9.028307,27.564624,18159,17800,359,9.988449,874,20.0,289.648,20.038216306,289.654017258,PASS
INST_0229,100229,1,1,AODV,50,50,5,2,4,512,20.0,290.0,0.037,20.148,290.148,270.0,270.148,2700,2679,21,99.222222,0.777778,67.140486,14.260515,40.619157,1967,1918,49,0.734229,19,20.0,289.648,20.040568133,289.665821099,PASS
INST_0229,100229,1,1,DSDV,50,50,5,2,4,512,20.0,290.0,0.037,20.148,290.148,270.0,270.148,2700,2500,200,92.592593,7.407407,6.696413,0.548577,37.905148,3592,3592,0,1.4368,187,20.0,289.648,20.008647597,289.616516154,PASS
INST_0229,100229,1,1,AOMDV,50,50,5,2,4,512,20.0,290.0,0.037,20.148,290.148,270.0,270.148,2700,2574,126,95.333333,4.666667,7.713438,1.366093,39.027141,14632,14571,61,5.684538,125,20.0,289.648,20.05338479,289.616576154,PASS
INST_0230,100230,1,1,AODV,50,50,5,2,5,512,20.0,290.0,0.037,20.148,290.148,270.0,270.148,2700,2443,257,90.481481,9.518519,199.347491,51.273274,37.040911,6861,6633,228,2.808432,256,20.0,289.648,20.090014052,289.653798476,PASS
INST_0230,100230,1,1,DSDV,50,50,5,2,5,512,20.0,290.0,0.037,20.148,290.148,270.0,270.148,2700,1749,951,64.777778,35.222222,17.485198,9.394838,26.518442,3778,3778,0,2.160091,805,20.0,289.648,20.045592731,289.653858476,PASS
INST_0230,100230,1,1,AOMDV,50,50,5,2,5,512,20.0,290.0,0.037,20.148,290.148,270.0,270.148,2700,2013,687,74.555556,25.444444,15.672461,7.452051,30.521225,18925,18733,192,9.401391,664,20.0,289.648,20.245132172,289.653798476,PASS
INST_0231,100231,1,1,AODV,50,50,5,4,1,512,20.0,290.0,0.037,20.148,290.148,270.0,270.148,5400,4806,594,89.0,11.0,188.18262,25.258404,72.868857,9896,9473,423,2.059093,587,20.0,289.898,20.040387084,289.916461971,PASS
INST_0231,100231,1,1,DSDV,50,50,5,4,1,512,20.0,290.0,0.037,20.148,290.148,270.0,270.148,5400,3080,2320,57.037037,42.962963,10.699889,1.618911,46.699143,3638,3638,0,1.181169,2128,20.0,289.898,20.008948799,289.866677042,PASS
INST_0231,100231,1,1,AOMDV,50,50,5,4,1,512,20.0,290.0,0.037,20.148,290.148,270.0,270.148,5400,3566,1834,66.037037,33.962963,66.503269,93.276945,54.067904,17376,17119,257,4.872686,1807,20.0,289.898,20.017063322,289.909580766,PASS
INST_0232,100232,1,1,AODV,50,50,5,4,2,512,20.0,290.0,0.037,20.148,290.148,270.0,270.148,5400,4625,775,85.648148,14.351852,365.536179,53.505704,70.124524,10018,9580,438,2.166054,771,20.0,289.898,20.015592954,292.451950253,PASS
INST_0232,100232,1,1,DSDV,50,50,5,4,2,512,20.0,290.0,0.037,20.148,290.148,270.0,270.148,5400,2966,2434,54.925926,45.074074,154.656221,288.865114,44.970668,3569,3569,0,1.203304,2117,20.0,289.898,20.009371352,289.9095995,PASS
INST_0232,100232,1,1,AOMDV,50,50,5,4,2,512,20.0,290.0,0.037,20.148,290.148,270.0,270.148,5400,3579,1821,66.277778,33.722222,49.296812,14.849941,54.26501,20837,20544,293,5.822017,1808,20.0,289.898,20.016372933,289.909940247,PASS
INST_0233,100233,1,1,AODV,50,50,5,4,3,512,20.0,290.0,0.037,20.148,290.148,270.0,270.148,5400,5208,192,96.444444,3.555556,85.525492,18.616134,78.964005,10223,9686,537,1.962942,180,20.0,289.898,20.044481179,289.909738471,PASS
INST_0233,100233,1,1,DSDV,50,50,5,4,3,512,20.0,290.0,0.037,20.148,290.148,270.0,270.148,5400,2568,2832,47.555556,52.444444,15.382891,7.208319,38.936168,3339,3339,0,1.300234,2495,20.0,289.898,20.017745605,289.903957197,PASS
INST_0233,100233,1,1,AOMDV,50,50,5,4,3,512,20.0,290.0,0.037,20.148,290.148,270.0,270.148,5400,3773,1627,69.87037,30.12963,20.293581,6.30176,57.20645,18200,17815,385,4.823748,1612,20.0,289.898,20.016628045,289.903657197,PASS
INST_0234,100234,1,1,AODV,50,50,5,4,4,512,20.0,290.0,0.037,20.148,290.148,270.0,270.148,5400,5376,24,99.555556,0.444444,8.707311,1.550802,81.511231,1670,1627,43,0.31064,23,20.0,289.898,20.023590576,289.922221225,PASS
INST_0234,100234,1,1,DSDV,50,50,5,4,4,512,20.0,290.0,0.037,20.148,290.148,270.0,270.148,5400,5116,284,94.740741,5.259259,6.934632,0.515458,77.569095,3355,3355,0,0.655786,275,20.0,289.898,20.008347597,289.866656183,PASS
INST_0234,100234,1,1,AOMDV,50,50,5,4,4,512,20.0,290.0,0.037,20.148,290.148,270.0,270.148,5400,5137,263,95.12963,4.87037,7.358784,0.780796,77.887499,14682,14613,69,2.858088,261,20.0,289.898,20.041403143,289.916541177,PASS
INST_0235,100235,1,1,AODV,50,50,5,4,5,512,20.0,290.0,0.037,20.148,290.148,270.0,270.148,5400,4903,497,90.796296,9.203704,221.670923,29.59076,74.339577,7685,7397,288,1.567408,496,20.0,289.898,20.08006412,289.903918498,PASS
INST_0235,100235,1,1,DSDV,50,50,5,4,5,512,20.0,290.0,0.037,20.148,290.148,270.0,270.148,5400,3291,2109,60.944444,39.055556,13.001614,7.482051,49.898337,3609,3609,0,1.096627,1985,20.0,289.898,20.045412731,289.904038498,PASS
INST_0235,100235,1,1,AOMDV,50,50,5,4,5,512,20.0,290.0,0.037,20.148,290.148,270.0,270.148,5400,4092,1308,75.777778,24.222222,19.728817,6.306539,62.043147,18765,18562,203,4.585777,1301,20.0,289.898,20.110486215,289.903918498,PASS
INST_0236,100236,1,1,AODV,50,50,5,8,1,512,20.0,290.0,0.037,20.148,290.148,270.0,270.148,10800,9423,1377,87.25,12.75,92.908023,18.769597,142.872085,11297,10757,540,1.198875,1327,20.0,290.023,20.041299613,290.040560749,PASS
INST_0236,100236,1,1,DSDV,50,50,5,8,1,512,20.0,290.0,0.037,20.148,290.148,270.0,270.148,10800,5784,5016,53.555556,46.444444,11.967615,2.82481,87.697351,3805,3805,0,0.657849,4651,20.0,290.023,20.009048799,289.992859771,PASS
INST_0236,100236,1,1,AOMDV,50,50,5,8,1,512,20.0,290.0,0.037,20.148,290.148,270.0,270.148,10800,7110,3690,65.833333,34.166667,53.138425,51.04053,107.802242,17513,17272,241,2.46315,3661,20.0,290.023,20.045918615,290.035628154,PASS
INST_0237,100237,1,1,AODV,50,50,5,8,2,512,20.0,290.0,0.037,20.148,290.148,270.0,270.148,10800,8563,2237,79.287037,20.712963,318.978019,35.190048,129.832714,11740,11146,594,1.371015,2189,20.0,290.023,20.011732839,290.696808637,PASS
INST_0237,100237,1,1,DSDV,50,50,5,8,2,512,20.0,290.0,0.037,20.148,290.148,270.0,270.148,10800,5550,5250,51.388889,48.611111,64.006795,57.92722,84.149429,3734,3734,0,0.672793,4442,20.0,290.023,20.008971352,290.035459445,PASS
INST_0237,100237,1,1,AOMDV,50,50,5,8,2,512,20.0,290.0,0.037,20.148,290.148,270.0,270.148,10800,7135,3665,66.064815,33.935185,70.771904,46.810925,108.181293,20666,20344,322,2.896426,3614,20.0,290.023,20.102398407,290.040240402,PASS
INST_0238,100238,1,1,AODV,50,50,5,8,3,512,20.0,290.0,0.037,20.148,290.148,270.0,270.148,10800,10134,666,93.833333,6.166667,148.342787,22.469615,153.652309,12110,11452,658,1.194987,634,20.0,290.023,20.029786451,290.035159511,PASS
INST_0238,100238,1,1,DSDV,50,50,5,8,3,512,20.0,290.0,0.037,20.148,290.148,270.0,270.148,10800,5265,5535,48.75,51.25,35.536692,44.840607,79.828242,3334,3334,0,0.633238,5120,20.0,290.023,20.018165605,290.028737167,PASS
INST_0238,100238,1,1,AOMDV,50,50,5,8,3,512,20.0,290.0,0.037,20.148,290.148,270.0,270.148,10800,7417,3383,68.675926,31.324074,39.317111,11.096858,112.456994,18312,17965,347,2.468923,3383,20.0,290.023,20.013136999,290.028517168,PASS
INST_0239,100239,1,1,AODV,50,50,5,8,4,512,20.0,290.0,0.037,20.148,290.148,270.0,270.148,10800,10774,26,99.759259,0.240741,10.412726,1.313848,163.356027,1856,1808,48,0.172267,25,20.0,290.023,20.043500623,290.040641104,PASS
INST_0239,100239,1,1,DSDV,50,50,5,8,4,512,20.0,290.0,0.037,20.148,290.148,270.0,270.148,10800,9795,1005,90.694444,9.305556,7.675722,2.558382,148.512371,3613,3613,0,0.368862,909,20.0,290.023,20.008647597,289.991836198,PASS
INST_0239,100239,1,1,AOMDV,50,50,5,8,4,512,20.0,290.0,0.037,20.148,290.148,270.0,270.148,10800,10134,666,93.833333,6.166667,7.171084,0.762122,153.652309,14865,14784,81,1.466844,664,20.0,290.023,20.061123478,290.043658412,PASS
INST_0240,100240,1,1,AODV,50,50,5,8,5,512,20.0,290.0,0.037,20.148,290.148,270.0,270.148,10800,9834,966,91.055556,8.944444,109.707466,15.348467,149.103691,8771,8431,340,0.891906,949,20.0,290.023,20.064277798,290.004241349,PASS
INST_0240,100240,1,1,DSDV,50,50,5,8,5,512,20.0,290.0,0.037,20.148,290.148,270.0,270.148,10800,6958,3842,64.425926,35.574074,12.993944,4.929742,105.497609,3701,3701,0,0.531906,3536,20.0,290.023,20.045872731,289.95485796,PASS
INST_0240,100240,1,1,AOMDV,50,50,5,8,5,512,20.0,290.0,0.037,20.148,290.148,270.0,270.148,10800,8099,2701,74.990741,25.009259,17.319814,5.023051,122.797518,18936,18727,209,2.338066,2693,20.0,290.023,20.082086965,289.95997796,PASS
INST_0241,100241,1,1,AODV,50,50,10,2,1,512,20.0,290.0,0.037,20.333,290.333,270.0,270.333,5400,4657,743,86.240741,13.759259,294.045464,61.154927,70.561389,14836,14290,546,3.185742,738,20.0,289.833,20.017105157,289.845157142,PASS
INST_0241,100241,1,1,DSDV,50,50,10,2,1,512,20.0,290.0,0.037,20.333,290.333,270.0,270.333,5400,2899,2501,53.685185,46.314815,333.647709,440.769559,43.92473,3516,3516,0,1.212832,2312,20.0,289.833,20.008448799,289.840374166,PASS
INST_0241,100241,1,1,AOMDV,50,50,10,2,1,512,20.0,290.0,0.037,20.333,290.333,270.0,270.333,5400,3634,1766,67.296296,32.703704,32.230307,15.676693,55.061217,21773,21309,464,5.991469,1758,20.0,289.833,20.053459538,289.838497075,PASS
INST_0242,100242,1,1,AODV,50,50,10,2,2,512,20.0,290.0,0.037,20.333,290.333,270.0,270.333,5400,4871,529,90.203704,9.796296,408.494248,72.418082,73.803849,16090,15303,787,3.303223,507,20.0,289.833,20.012237839,292.732341798,PASS
INST_0242,100242,1,1,DSDV,50,50,10,2,2,512,20.0,290.0,0.037,20.333,290.333,270.0,270.333,5400,3100,2300,57.407407,42.592593,244.177458,393.49069,46.970218,3574,3574,0,1.152903,1954,20.0,289.833,20.008351352,289.844657388,PASS
INST_0242,100242,1,1,AOMDV,50,50,10,2,2,512,20.0,290.0,0.037,20.333,290.333,270.0,270.333,5400,3869,1531,71.648148,28.351852,34.08181,16.605495,58.621863,24295,23801,494,6.2794,1510,20.0,289.833,20.011748839,289.838677387,PASS
INST_0243,100243,1,1,AODV,50,50,10,2,3,512,20.0,290.0,0.037,20.333,290.333,270.0,270.333,5400,5142,258,95.222222,4.777778,136.505398,42.988789,77.909955,16275,15437,838,3.165111,234,20.0,289.833,20.039668109,289.850402012,PASS
INST_0243,100243,1,1,DSDV,50,50,10,2,3,512,20.0,290.0,0.037,20.333,290.333,270.0,270.333,5400,2990,2410,55.37037,44.62963,134.269203,137.218426,45.303533,3391,3391,0,1.134114,2272,20.0,289.833,20.054665934,289.8648825,PASS
INST_0243,100243,1,1,AOMDV,50,50,10,2,3,512,20.0,290.0,0.037,20.333,290.333,270.0,270.333,5400,3957,1443,73.277778,26.722222,50.023593,71.342336,59.955211,20870,20290,580,5.274198,1432,20.0,289.833,20.155036083,289.851082012,PASS
INST_0244,100244,1,1,AODV,50,50,10,2,4,512,20.0,290.0,0.037,20.333,290.333,270.0,270.333,5400,5238,162,97.0,3.0,110.17713,22.657043,79.364517,7543,7315,228,1.440053,161,20.0,289.833,20.079686168,289.83891693,PASS
INST_0244,100244,1,1,DSDV,50,50,10,2,4,512,20.0,290.0,0.037,20.333,290.333,270.0,270.333,5400,4278,1122,79.222222,20.777778,11.939968,10.224266,64.818901,3568,3568,0,0.834035,1033,20.0,289.833,20.009187597,289.83889693,PASS
INST_0244,100244,1,1,AOMDV,50,50,10,2,4,512,20.0,290.0,0.037,20.333,290.333,270.0,270.333,5400,4683,717,86.722222,13.277778,10.952589,4.555671,70.955333,18593,18375,218,3.970318,700,20.0,289.833,20.045344715,289.83889693,PASS
INST_0245,100245,1,1,AODV,50,50,10,2,5,512,20.0,290.0,0.037,20.333,290.333,270.0,270.333,5400,5003,397,92.648148,7.351852,202.681639,46.481464,75.803872,13118,12612,506,2.622027,391,20.0,289.833,20.099062663,289.839078132,PASS
INST_0245,100245,1,1,DSDV,50,50,10,2,5,512,20.0,290.0,0.037,20.333,290.333,270.0,270.333,5400,3210,2190,59.444444,40.555556,90.775031,128.608421,48.636903,3767,3767,0,1.17352,2006,20.0,289.833,20.045812731,289.838898132,PASS
INST_0245,100245,1,1,AOMDV,50,50,10,2,5,512,20.0,290.0,0.037,20.333,290.333,270.0,270.333,5400,4115,1285,76.203704,23.796296,16.022911,7.777277,62.349177,21624,21207,417,5.254921,1274,20.0,289.833,20.282060046,289.838718132,PASS
INST_0246,100246,1,1,AODV,50,50,10,4,1,512,20.0,290.0,0.037,20.333,290.333,270.0,270.333,10800,9333,1467,86.416667,13.583333,210.80328,41.19017,141.41066,16275,15611,664,1.743812,1437,20.0,290.083,20.020485711,290.094597653,PASS
INST_0246,100246,1,1,DSDV,50,50,10,4,1,512,20.0,290.0,0.037,20.333,290.333,270.0,270.333,10800,6072,4728,56.222222,43.777778,11.452178,2.37151,92.001021,3635,3635,0,0.59865,4419,20.0,290.083,20.009128798,290.089037075,PASS
INST_0246,100246,1,1,AOMDV,50,50,10,4,1,512,20.0,290.0,0.037,20.333,290.333,270.0,270.333,10800,7069,3731,65.453704,34.546296,35.033501,13.218381,107.107249,21580,21138,442,3.052766,3708,20.0,290.083,20.287574214,290.092284367,PASS
INST_0247,100247,1,1,AODV,50,50,10,4,2,512,20.0,290.0,0.037,20.333,290.333,270.0,270.333,10800,9358,1442,86.648148,13.351852,474.42544,80.098421,141.789452,23638,22465,1173,2.525967,1411,20.0,290.083,20.012557839,298.095995746,PASS
INST_0247,100247,1,1,DSDV,50,50,10,4,2,512,20.0,290.0,0.037,20.333,290.333,270.0,270.333,10800,6147,4653,56.916667,43.083333,122.950401,116.522113,93.137397,3533,3533,0,0.574752,4236,20.0,290.083,20.008851352,290.08869736,PASS
INST_0247,100247,1,1,AOMDV,50,50,10,4,2,512,20.0,290.0,0.037,20.333,290.333,270.0,270.333,10800,7825,2975,72.453704,27.546296,65.589357,36.008664,118.561922,23851,23322,529,3.048051,2949,20.0,290.083,20.013889772,290.08869736,PASS
INST_0248,100248,1,1,AODV,50,50,10,4,3,512,20.0,290.0,0.037,20.333,290.333,270.0,270.333,10800,10163,637,94.101852,5.898148,116.145326,76.18684,153.986557,22553,21327,1226,2.219128,595,20.0,290.083,20.04198285,290.11324307,PASS
INST_0248,100248,1,1,DSDV,50,50,10,4,3,512,20.0,290.0,0.037,20.333,290.333,270.0,270.333,10800,5986,4814,55.425926,44.574074,58.706833,80.262728,90.697976,3730,3730,0,0.623121,4409,20.0,290.083,20.018105605,290.051936796,PASS
INST_0248,100248,1,1,AOMDV,50,50,10,4,3,512,20.0,290.0,0.037,20.333,290.333,270.0,270.333,10800,7957,2843,73.675926,26.324074,33.144075,14.166127,120.561944,20991,20396,595,2.638055,2808,20.0,290.083,20.070642666,290.10764863,PASS
INST_0249,100249,1,1,AODV,50,50,10,4,4,512,20.0,290.0,0.037,20.333,290.333,270.0,270.333,10800,10375,425,96.064815,3.935185,70.952326,13.240781,157.198714,7573,7348,225,0.729928,414,20.0,290.083,20.044746175,290.089036925,PASS
INST_0249,100249,1,1,DSDV,50,50,10,4,4,512,20.0,290.0,0.037,20.333,290.333,270.0,270.333,10800,8879,1921,82.212963,17.787037,8.952929,3.238482,134.531796,3767,3767,0,0.424259,1856,20.0,290.083,20.008627597,290.088916925,PASS
INST_0249,100249,1,1,AOMDV,50,50,10,4,4,512,20.0,290.0,0.037,20.333,290.333,270.0,270.333,10800,9562,1238,88.537037,11.462963,12.323908,3.236627,144.880396,18021,17806,215,1.884648,1227,20.0,290.083,20.053919861,290.089056925,PASS
INST_0250,100250,1,1,AODV,50,50,10,4,5,512,20.0,290.0,0.037,20.333,290.333,270.0,270.333,10800,9982,818,92.425926,7.574074,165.490366,32.107194,151.244103,15807,15212,595,1.58355,806,20.0,290.083,20.100353835,290.088838161,PASS
INST_0250,100250,1,1,DSDV,50,50,10,4,5,512,20.0,290.0,0.037,20.333,290.333,270.0,270.333,10800,6612,4188,61.222222,38.777778,14.192052,6.712716,100.18293,3804,3804,0,0.575318,3901,20.0,290.083,20.045892731,290.088978161,PASS
INST_0250,100250,1,1,AOMDV,50,50,10,4,5,512,20.0,290.0,0.037,20.333,290.333,270.0,270.333,10800,8162,2638,75.574074,24.425926,22.260577,9.344071,123.668039,21537,21151,386,2.638691,2622,20.0,290.083,20.190742746,290.088598161,PASS
INST_0251,100251,1,1,AODV,50,50,10,8,1,512,20.0,290.0,0.037,20.333,290.333,270.0,270.333,21600,15789,5811,73.097222,26.902778,355.812193,80.158545,239.229928,29923,28507,1416,1.89518,5520,20.0,290.208,20.017330755,291.288563771,PASS
INST_0251,100251,1,1,DSDV,50,50,10,8,1,512,20.0,290.0,0.037,20.333,290.333,270.0,270.333,21600,11458,10142,53.046296,46.953704,76.587627,45.77412,173.607987,3778,3778,0,0.329726,9125,20.0,290.208,20.009268799,291.979924269,PASS
INST_0251,100251,1,1,AOMDV,50,50,10,8,1,512,20.0,290.0,0.037,20.333,290.333,270.0,270.333,21600,13764,7836,63.722222,36.277778,175.543294,90.583743,208.547769,21971,21539,432,1.596266,7445,20.0,290.208,20.033707555,290.48839563,PASS
INST_0252,100252,1,1,AODV,50,50,10,8,2,512,20.0,290.0,0.037,20.333,290.333,270.0,270.333,21600,14364,7236,66.5,33.5,975.386599,130.449562,217.638779,33739,32265,1474,2.348858,6937,20.0,290.208,20.011552839,298.168981013,PASS
INST_0252,100252,1,1,DSDV,50,50,10,8,2,512,20.0,290.0,0.037,20.333,290.333,270.0,270.333,21600,11732,9868,54.314815,45.685185,248.445411,63.926043,177.759548,3824,3824,0,0.325946,8453,20.0,290.208,20.008631352,291.179061068,PASS
INST_0252,100252,1,1,AOMDV,50,50,10,8,2,512,20.0,290.0,0.037,20.333,290.333,270.0,270.333,21600,13323,8277,61.680556,38.319444,969.63882,110.379413,201.865877,25136,24542,594,1.886662,6937,20.0,290.208,20.018739129,290.37903733,PASS
INST_0253,100253,1,1,AODV,50,50,10,8,3,512,20.0,290.0,0.037,20.333,290.333,270.0,270.333,21600,15369,6231,71.152778,28.847222,524.497924,123.485287,232.866221,46246,44133,2113,3.009044,5853,20.0,290.208,20.020578205,291.836445623,PASS
INST_0253,100253,1,1,DSDV,50,50,10,8,3,512,20.0,290.0,0.037,20.333,290.333,270.0,270.333,21600,11232,10368,52.0,48.0,162.621604,50.603038,170.183707,3654,3654,0,0.325321,8914,20.0,290.208,20.055065736,291.161457575,PASS
INST_0253,100253,1,1,AOMDV,50,50,10,8,3,512,20.0,290.0,0.037,20.333,290.333,270.0,270.333,21600,14146,7454,65.490741,34.509259,358.243118,69.458071,214.335712,22946,22267,679,1.622084,6439,20.0,290.208,20.034723331,290.352014864,PASS
INST_0254,100254,1,1,AODV,50,50,10,8,4,512,20.0,290.0,0.037,20.333,290.333,270.0,270.333,21600,20797,803,96.282407,3.717593,96.74723,13.034513,315.109557,9641,9368,273,0.463576,764,20.0,290.208,20.050794918,291.168584337,PASS
INST_0254,100254,1,1,DSDV,50,50,10,8,4,512,20.0,290.0,0.037,20.333,290.333,270.0,270.333,21600,17580,4020,81.388889,18.611111,10.315293,3.069325,266.366592,3530,3530,0,0.200796,3697,20.0,290.208,20.009067597,290.21365692,PASS
INST_0254,100254,1,1,AOMDV,50,50,10,8,4,512,20.0,290.0,0.037,20.333,290.333,270.0,270.333,21600,18694,2906,86.546296,13.453704,16.462647,5.948031,283.245568,18619,18363,256,0.995988,2845,20.0,290.208,20.144253061,290.21371692,PASS
INST_0255,100255,1,1,AODV,50,50,10,8,5,512,20.0,290.0,0.037,20.333,290.333,270.0,270.333,21600,16855,4745,78.032407,21.967593,357.71073,79.496982,255.381622,31547,30324,1223,1.87167,4462,20.0,290.208,20.118427112,296.167997002,PASS
INST_0255,100255,1,1,DSDV,50,50,10,8,5,512,20.0,290.0,0.037,20.333,290.333,270.0,270.333,21600,12796,8804,59.240741,40.759259,111.481147,32.895389,193.880939,3857,3857,0,0.301422,7514,20.0,290.208,20.341791661,290.213558163,PASS
INST_0255,100255,1,1,AOMDV,50,50,10,8,5,512,20.0,290.0,0.037,20.333,290.333,270.0,270.333,21600,16031,5569,74.217593,25.782407,161.167022,37.40409,242.896635,21763,21435,328,1.357557,5395,20.0,290.208,20.116726296,290.217283029,PASS
INST_0256,100256,1,1,AODV,50,50,15,2,1,512,20.0,290.0,0.037,20.518,290.518,270.0,270.518,8100,7007,1093,86.506173,13.493827,262.540853,60.364827,106.09524,22668,21701,967,3.235051,1079,20.0,290.018,20.018373518,290.041242234,PASS
INST_0256,100256,1,1,DSDV,50,50,15,2,1,512,20.0,290.0,0.037,20.518,290.518,270.0,270.518,8100,4182,3918,51.62963,48.37037,165.271464,220.764498,63.321006,3710,3710,0,0.887135,3617,20.0,290.018,20.008788799,289.986756869,PASS
INST_0256,100256,1,1,AOMDV,50,50,15,2,1,512,20.0,290.0,0.037,20.518,290.518,270.0,270.518,8100,5312,2788,65.580247,34.419753,70.865096,87.977469,80.4307,29589,28821,768,5.570218,2773,20.0,290.018,20.098318181,290.04178255,PASS
INST_0257,100257,1,1,AODV,50,50,15,2,2,512,20.0,290.0,0.037,20.518,290.518,270.0,270.518,8100,7311,789,90.259259,9.740741,235.055792,59.062976,110.698201,19971,19057,914,2.731637,775,20.0,290.018,20.01401546,294.11860168,PASS
INST_0257,100257,1,1,DSDV,50,50,15,2,2,512,20.0,290.0,0.037,20.518,290.518,270.0,270.518,8100,5099,3001,62.950617,37.049383,117.413309,175.381126,77.205598,3542,3542,0,0.694646,2660,20.0,290.018,20.008731352,290.023796502,PASS
INST_0257,100257,1,1,AOMDV,50,50,15,2,2,512,20.0,290.0,0.037,20.518,290.518,270.0,270.518,8100,6009,2091,74.185185,25.814815,24.777882,13.322188,90.984201,25951,25272,679,4.318689,2075,20.0,290.018,20.01314018,290.023576502,PASS
INST_0258,100258,1,1,AODV,50,50,15,2,3,512,20.0,290.0,0.037,20.518,290.518,270.0,270.518,8100,7664,436,94.617284,5.382716,91.480266,37.349726,116.043088,25293,24045,1248,3.300235,418,20.0,290.018,20.042728824,290.023678116,PASS
INST_0258,100258,1,1,DSDV,50,50,15,2,3,512,20.0,290.0,0.037,20.518,290.518,270.0,270.518,8100,4365,3735,53.888889,46.111111,71.196255,72.626032,66.091868,3589,3589,0,0.822222,3501,20.0,290.018,20.017365605,290.023638116,PASS
INST_0258,100258,1,1,AOMDV,50,50,15,2,3,512,20.0,290.0,0.037,20.518,290.518,270.0,270.518,8100,5933,2167,73.246914,26.753086,23.525268,11.800061,89.83346,23883,23101,782,4.025451,2160,20.0,290.018,20.053880639,290.023678116,PASS
INST_0259,100259,1,1,AODV,50,50,15,2,4,512,20.0,290.0,0.037,20.518,290.518,270.0,270.518,8100,7784,316,96.098765,3.901235,186.192297,38.934821,117.860046,13987,13471,516,1.796891,301,20.0,290.018,20.044049013,290.029540138,PASS
INST_0259,100259,1,1,DSDV,50,50,15,2,4,512,20.0,290.0,0.037,20.518,290.518,270.0,270.518,8100,5954,2146,73.506173,26.493827,24.585445,23.466368,90.151428,3700,3700,0,0.621431,1976,20.0,290.018,20.009507597,289.986756944,PASS
INST_0259,100259,1,1,AOMDV,50,50,15,2,4,512,20.0,290.0,0.037,20.518,290.518,270.0,270.518,8100,6837,1263,84.407407,15.592593,18.938207,8.728241,103.521215,21022,20582,440,3.07474,1255,20.0,290.018,20.014533702,290.030100446,PASS
INST_0260,100260,1,1,AODV,50,50,15,2,5,512,20.0,290.0,0.037,20.518,290.518,270.0,270.518,8100,7295,805,90.061728,9.938272,253.64065,56.836422,110.45594,23660,22664,996,3.243317,784,20.0,290.018,20.115087234,290.029979034,PASS
INST_0260,100260,1,1,DSDV,50,50,15,2,5,512,20.0,290.0,0.037,20.518,290.518,270.0,270.518,8100,4741,3359,58.530864,41.469136,85.84513,101.64537,71.785005,3729,3729,0,0.786543,3125,20.0,290.018,20.046132731,289.924620624,PASS
INST_0260,100260,1,1,AOMDV,50,50,15,2,5,512,20.0,290.0,0.037,20.518,290.518,270.0,270.518,8100,5886,2214,72.666667,27.333333,29.193711,15.042564,89.121818,27064,26421,643,4.598029,2184,20.0,290.018,20.477791839,289.894549943,PASS
INST_0261,100261,1,1,AODV,50,50,15,4,1,512,20.0,290.0,0.037,20.518,290.518,270.0,270.518,16200,12611,3589,77.845679,22.154321,403.856139,101.36158,190.947205,35684,33982,1702,2.829593,3377,20.0,290.268,20.040665439,290.593769097,PASS
INST_0261,100261,1,1,DSDV,50,50,15,4,1,512,20.0,290.0,0.037,20.518,290.518,270.0,270.518,16200,8383,7817,51.746914,48.253086,28.920295,16.624852,126.929698,3826,3826,0,0.4564,7385,20.0,290.268,20.008648799,290.29226356,PASS
INST_0261,100261,1,1,AOMDV,50,50,15,4,1,512,20.0,290.0,0.037,20.518,290.518,270.0,270.518,16200,10635,5565,65.648148,34.351852,120.207715,43.601734,161.027954,29261,28549,712,2.751387,5521,20.0,290.268,20.04336832,290.241472159,PASS
INST_0262,100262,1,1,AODV,50,50,15,4,2,512,20.0,290.0,0.037,20.518,290.518,270.0,270.518,16200,13518,2682,83.444444,16.555556,389.228314,98.184918,204.680384,33323,31782,1541,2.465084,2548,20.0,290.268,20.01379718,290.604601954,PASS
INST_0262,100262,1,1,DSDV,50,50,15,4,2,512,20.0,290.0,0.037,20.518,290.518,270.0,270.518,16200,9799,6401,60.487654,39.512346,82.528181,105.625734,148.369809,3332,3332,0,0.340035,5883,20.0,290.268,20.008511352,290.274650758,PASS
INST_0262,100262,1,1,AOMDV,50,50,15,4,2,512,20.0,290.0,0.037,20.518,290.518,270.0,270.518,16200,11976,4224,73.925926,26.074074,108.372223,58.483589,181.332466,26849,26150,699,2.2419,4155,20.0,290.268,20.014778772,290.274096502,PASS
INST_0263,100263,1,1,AODV,50,50,15,4,3,512,20.0,290.0,0.037,20.518,290.518,270.0,270.518,16200,13422,2778,82.851852,17.148148,311.916282,124.063411,203.226817,46855,44559,2296,3.49091,2665,20.0,290.268,20.041963455,290.279658457,PASS
INST_0263,100263,1,1,DSDV,50,50,15,4,3,512,20.0,290.0,0.037,20.518,290.518,270.0,270.518,16200,8693,7507,53.660494,46.339506,52.578846,39.344547,131.623507,3675,3675,0,0.422754,7121,20.0,290.268,20.017845605,290.273638123,PASS
INST_0263,100263,1,1,AOMDV,50,50,15,4,3,512,20.0,290.0,0.037,20.518,290.518,270.0,270.518,16200,11385,4815,70.277778,29.722222,134.614889,49.942166,172.383945,24802,23980,822,2.17848,4730,20.0,290.268,20.040521633,290.275587468,PASS
INST_0264,100264,1,1,AODV,50,50,15,4,4,512,20.0,290.0,0.037,20.518,290.518,270.0,270.518,16200,15458,742,95.419753,4.580247,141.498358,32.065151,234.054547,17831,17107,724,1.153513,704,20.0,290.268,20.029565598,290.323466072,PASS
INST_0264,100264,1,1,DSDV,50,50,15,4,4,512,20.0,290.0,0.037,20.518,290.518,270.0,270.518,16200,11868,4332,73.259259,26.740741,32.84102,25.189859,179.697203,3488,3488,0,0.2939,4008,20.0,290.268,20.009107597,290.279740194,PASS
INST_0264,100264,1,1,AOMDV,50,50,15,4,4,512,20.0,290.0,0.037,20.518,290.518,270.0,270.518,16200,13418,2782,82.82716,17.17284,19.074366,9.326412,203.166251,21926,21442,484,1.634074,2756,20.0,290.268,20.04340309,290.333977771,PASS
INST_0265,100265,1,1,AODV,50,50,15,4,5,512,20.0,290.0,0.037,20.518,290.518,270.0,270.518,16200,13036,3164,80.469136,19.530864,478.407935,162.067463,197.382267,50131,47759,2372,3.845581,3041,20.0,290.268,20.064964829,291.108123443,PASS
INST_0265,100265,1,1,DSDV,50,50,15,4,5,512,20.0,290.0,0.037,20.518,290.518,270.0,270.518,16200,9366,6834,57.814815,42.185185,125.710324,167.884806,141.813617,4082,4082,0,0.435832,6248,20.0,290.268,20.045572731,290.28324893,PASS
INST_0265,100265,1,1,AOMDV,50,50,15,4,5,512,20.0,290.0,0.037,20.518,290.518,270.0,270.518,16200,11375,4825,70.216049,29.783951,136.904847,51.590789,172.232532,27294,26674,620,2.399473,4723,20.0,290.268,20.2491916,290.279859862,PASS
INST_0266,100266,1,1,AODV,50,50,15,8,1,512,20.0,290.0,0.037,20.518,290.518,270.0,270.518,32400,16377,16023,50.546296,49.453704,1637.796424,214.19889,247.969422,43055,41151,1904,2.628992,13562,20.0,290.393,20.015683745,293.821997483,PASS
INST_0266,100266,1,1,DSDV,50,50,15,8,1,512,20.0,290.0,0.037,20.518,290.518,270.0,270.518,32400,14888,17512,45.950617,54.049383,818.548056,144.721002,225.423994,3894,3894,0,0.261553,12940,20.0,290.393,20.008628799,294.900693344,PASS
INST_0266,100266,1,1,AOMDV,50,50,15,8,1,512,20.0,290.0,0.037,20.518,290.518,270.0,270.518,32400,17205,15195,53.101852,46.898148,1095.66326,129.843508,260.506436,32877,32009,868,1.910898,12423,20.0,290.393,20.012235593,294.053988056,PASS
INST_0267,100267,1,1,AODV,50,50,15,8,2,512,20.0,290.0,0.037,20.518,290.518,270.0,270.518,32400,19312,13088,59.604938,40.395062,1340.812646,157.501332,292.4092,41507,39946,1561,2.149285,11525,20.0,290.393,20.017005222,298.639100975,PASS
INST_0267,100267,1,1,DSDV,50,50,15,8,2,512,20.0,290.0,0.037,20.518,290.518,270.0,270.518,32400,17076,15324,52.703704,47.296296,949.176439,193.521381,258.553205,3812,3812,0,0.223237,9569,20.0,290.393,20.009031352,293.831078141,PASS
INST_0267,100267,1,1,AOMDV,50,50,15,8,2,512,20.0,290.0,0.037,20.518,290.518,270.0,270.518,32400,18352,14048,56.641975,43.358025,1569.11318,182.29383,277.873532,31241,30419,822,1.702321,9512,20.0,290.393,20.013715184,292.341422497,PASS
INST_0268,100268,1,1,AODV,50,50,15,8,3,512,20.0,290.0,0.037,20.518,290.518,270.0,270.518,32400,16268,16132,50.209877,49.790123,1427.440204,236.842144,246.319018,56080,53800,2280,3.447258,14129,20.0,290.393,20.011994656,292.703462625,PASS
INST_0268,100268,1,1,DSDV,50,50,15,8,3,512,20.0,290.0,0.037,20.518,290.518,270.0,270.518,32400,14021,18379,43.274691,56.725309,925.334711,175.77128,212.296468,3817,3817,0,0.272235,11540,20.0,290.393,20.054505934,291.539315703,PASS
INST_0268,100268,1,1,AOMDV,50,50,15,8,3,512,20.0,290.0,0.037,20.518,290.518,270.0,270.518,32400,16209,16191,50.027778,49.972222,1964.697169,193.682167,245.42568,31247,30188,1059,1.927756,11290,20.0,290.393,20.014390216,290.544678737,PASS
INST_0269,100269,1,1,AODV,50,50,15,8,4,512,20.0,290.0,0.037,20.518,290.518,270.0,270.518,32400,24315,8085,75.046296,24.953704,737.45127,96.354391,368.161231,25031,24189,842,1.029447,6987,20.0,290.393,20.039157472,291.322546844,PASS
INST_0269,100269,1,1,DSDV,50,50,15,8,4,512,20.0,290.0,0.037,20.518,290.518,270.0,270.518,32400,22596,9804,69.740741,30.259259,274.885933,73.922382,342.1333,3959,3959,0,0.175208,7229,20.0,290.393,20.008507597,292.651922709,PASS
INST_0269,100269,1,1,AOMDV,50,50,15,8,4,512,20.0,290.0,0.037,20.518,290.518,270.0,270.518,32400,24222,8178,74.759259,25.240741,574.382656,93.790713,366.753089,22867,22328,539,0.944059,6405,20.0,290.393,20.054124089,291.751341524,PASS
INST_0270,100270,1,1,AODV,50,50,15,8,5,512,20.0,290.0,0.037,20.518,290.518,270.0,270.518,32400,17311,15089,53.429012,46.570988,1353.742249,206.235279,262.111416,54582,52360,2222,3.153024,13000,20.0,290.393,20.082231773,298.727974827,PASS
INST_0270,100270,1,1,DSDV,50,50,15,8,5,512,20.0,290.0,0.037,20.518,290.518,270.0,270.518,32400,15054,17346,46.462963,53.537037,797.83659,117.260859,227.937453,4047,4047,0,0.268832,11916,20.0,290.393,20.046312731,294.46476702,PASS
INST_0270,100270,1,1,AOMDV,50,50,15,8,5,512,20.0,290.0,0.037,20.518,290.518,270.0,270.518,32400,16945,15455,52.299383,47.700617,1658.227022,168.405502,256.569692,32200,31323,877,1.900266,11889,20.0,290.393,20.156688692,292.083238919,PASS
INST_0271,100271,1,1,AODV,50,50,20,2,1,512,20.0,290.0,0.037,20.703,290.703,270.0,270.703,10800,9214,1586,85.314815,14.685185,332.880809,89.092696,139.416793,29861,28520,1341,3.240829,1477,20.0,290.203,20.041136715,290.214880107,PASS
INST_0271,100271,1,1,DSDV,50,50,20,2,1,512,20.0,290.0,0.037,20.703,290.703,270.0,270.703,10800,5745,5055,53.194444,46.805556,118.839833,138.005633,86.927444,3746,3746,0,0.652045,4690,20.0,290.203,20.009088799,290.214600107,PASS
INST_0271,100271,1,1,AOMDV,50,50,20,2,1,512,20.0,290.0,0.037,20.703,290.703,270.0,270.703,10800,7298,3502,67.574074,32.425926,32.894644,22.321397,110.425847,32074,31156,918,4.394903,3479,20.0,290.203,20.039292121,290.214318915,PASS
INST_0272,100272,1,1,AODV,50,50,20,2,2,512,20.0,290.0,0.037,20.703,290.703,270.0,270.703,10800,9663,1137,89.472222,10.527778,364.26791,93.220392,146.2106,30386,28909,1477,3.144572,1105,20.0,290.203,20.014117187,298.106747974,PASS
INST_0272,100272,1,1,DSDV,50,50,20,2,2,512,20.0,290.0,0.037,20.703,290.703,270.0,270.703,10800,6529,4271,60.453704,39.546296,56.961339,80.512829,98.790128,3346,3346,0,0.512483,3950,20.0,290.203,20.008851352,290.208836703,PASS
INST_0272,100272,1,1,AOMDV,50,50,20,2,2,512,20.0,290.0,0.037,20.703,290.703,270.0,270.703,10800,7988,2812,73.962963,26.037037,40.39873,25.127148,120.866219,31621,30724,897,3.958563,2773,20.0,290.203,20.011993839,290.209056703,PASS
INST_0273,100273,1,1,AODV,50,50,20,2,3,512,20.0,290.0,0.037,20.703,290.703,270.0,270.703,10800,10167,633,94.138889,5.861111,80.021248,54.948325,153.836611,33735,32207,1528,3.318088,608,20.0,290.203,20.013977523,290.214339125,PASS
INST_0273,100273,1,1,DSDV,50,50,20,2,3,512,20.0,290.0,0.037,20.703,290.703,270.0,270.703,10800,5967,4833,55.25,44.75,157.066966,182.841255,90.286521,3452,3452,0,0.578515,4558,20.0,290.203,20.017165605,290.177659222,PASS
INST_0273,100273,1,1,AOMDV,50,50,20,2,3,512,20.0,290.0,0.037,20.703,290.703,270.0,270.703,10800,8091,2709,74.916667,25.083333,44.80062,45.139943,122.424709,26234,25286,948,3.242368,2680,20.0,290.203,20.065768944,290.215606043,PASS
INST_0274,100274,1,1,AODV,50,50,20,2,4,512,20.0,290.0,0.037,20.703,290.703,270.0,270.703,10800,10314,486,95.5,4.5,147.59384,38.400412,156.060864,19852,19039,813,1.924762,474,20.0,290.203,20.040742713,290.208878355,PASS
INST_0274,100274,1,1,DSDV,50,50,20,2,4,512,20.0,290.0,0.037,20.703,290.703,270.0,270.703,10800,7753,3047,71.787037,28.212963,19.955981,16.705305,117.31044,3569,3569,0,0.460338,2866,20.0,290.203,20.008247597,290.209018355,PASS
INST_0274,100274,1,1,AOMDV,50,50,20,2,4,512,20.0,290.0,0.037,20.703,290.703,270.0,270.703,10800,8917,1883,82.564815,17.435185,42.246004,53.462389,134.922893,24017,23446,571,2.693395,1864,20.0,290.203,20.077096218,290.208878355,PASS
INST_0275,100275,1,1,AODV,50,50,20,2,5,512,20.0,290.0,0.037,20.703,290.703,270.0,270.703,10800,9562,1238,88.537037,11.462963,179.260589,80.077221,144.682371,32230,30845,1385,3.370634,1203,20.0,290.203,20.097739741,290.214618588,PASS
INST_0275,100275,1,1,DSDV,50,50,20,2,5,512,20.0,290.0,0.037,20.703,290.703,270.0,270.703,10800,6132,4668,56.777778,43.222222,71.30633,90.859722,92.783131,4016,4016,0,0.654925,4441,20.0,290.203,20.045572731,290.214939683,PASS
INST_0275,100275,1,1,AOMDV,50,50,20,2,5,512,20.0,290.0,0.037,20.703,290.703,270.0,270.703,10800,7530,3270,69.722222,30.277778,38.880267,31.380637,113.936233,31176,30313,863,4.140239,3235,20.0,290.203,20.172178828,290.215725767,PASS
INST_0276,100276,1,1,AODV,50,50,20,4,1,512,20.0,290.0,0.037,20.703,290.703,270.0,270.703,21600,13739,7861,63.606481,36.393519,1099.615374,256.974033,207.884449,59114,56377,2737,4.302642,7323,20.0,290.453,20.046810534,295.115127848,PASS
INST_0276,100276,1,1,DSDV,50,50,20,4,1,512,20.0,290.0,0.037,20.703,290.703,270.0,270.703,21600,11138,10462,51.564815,48.435185,178.520437,95.212615,168.528786,3841,3841,0,0.344855,9661,20.0,290.453,20.008868799,291.0249245,PASS
INST_0276,100276,1,1,AOMDV,50,50,20,4,1,512,20.0,290.0,0.037,20.703,290.703,270.0,270.703,21600,13293,8307,61.541667,38.458333,429.181642,118.578465,201.136035,34812,33804,1008,2.618822,7873,20.0,290.453,20.027647107,290.43777724,PASS
INST_0277,100277,1,1,AODV,50,50,20,4,2,512,20.0,290.0,0.037,20.703,290.703,270.0,270.703,21600,15429,6171,71.430556,28.569444,811.109176,240.29419,233.455795,49829,47732,2097,3.229568,5753,20.0,290.453,20.015865615,292.91015738,PASS
INST_0277,100277,1,1,DSDV,50,50,20,4,2,512,20.0,290.0,0.037,20.703,290.703,270.0,270.703,21600,12695,8905,58.773148,41.226852,135.33051,69.204262,192.087712,3795,3795,0,0.298937,7960,20.0,290.453,20.009051352,290.458676695,PASS
INST_0277,100277,1,1,AOMDV,50,50,20,4,2,512,20.0,290.0,0.037,20.703,290.703,270.0,270.703,21600,14742,6858,68.25,31.75,430.166586,119.351768,223.060816,34338,33354,984,2.329263,6495,20.0,290.453,20.155976504,290.458916695,PASS
INST_0278,100278,1,1,AODV,50,50,20,4,3,512,20.0,290.0,0.037,20.703,290.703,270.0,270.703,21600,14836,6764,68.685185,31.314815,899.189336,267.499429,224.483127,65150,62338,2812,4.391345,6180,20.0,290.453,20.01386725,291.42511788,PASS
INST_0278,100278,1,1,DSDV,50,50,20,4,3,512,20.0,290.0,0.037,20.703,290.703,270.0,270.703,21600,10901,10699,50.467593,49.532407,420.651435,228.46176,164.942745,3738,3738,0,0.342904,9758,20.0,290.453,20.054227311,291.36110729,PASS
INST_0278,100278,1,1,AOMDV,50,50,20,4,3,512,20.0,290.0,0.037,20.703,290.703,270.0,270.703,21600,14508,7092,67.166667,32.833333,514.065766,141.488204,219.520168,28301,27316,985,1.950717,6647,20.0,290.453,20.01496775,291.07021424,PASS
INST_0279,100279,1,1,AODV,50,50,20,4,4,512,20.0,290.0,0.037,20.703,290.703,270.0,270.703,21600,19148,2452,88.648148,11.351852,273.106732,76.324917,289.727886,30689,29352,1337,1.602726,2318,20.0,290.453,20.043769449,290.581449723,PASS
INST_0279,100279,1,1,DSDV,50,50,20,4,4,512,20.0,290.0,0.037,20.703,290.703,270.0,270.703,21600,15220,6380,70.462963,29.537037,70.713069,88.736754,230.293421,3867,3867,0,0.254074,5885,20.0,290.453,20.008847597,290.45907838,PASS
INST_0279,100279,1,1,AOMDV,50,50,20,4,4,512,20.0,290.0,0.037,20.703,290.703,270.0,270.703,21600,17433,4167,80.708333,19.291667,87.716994,66.774156,263.778266,24742,24116,626,1.419262,4102,20.0,290.453,20.02134158,290.45885838,PASS
INST_0280,100280,1,1,AODV,50,50,20,4,5,512,20.0,290.0,0.037,20.703,290.703,270.0,270.703,21600,13509,8091,62.541667,37.458333,1057.81297,285.923269,204.404325,65772,62979,2793,4.868754,7466,20.0,290.453,20.104409526,291.938502505,PASS
INST_0280,100280,1,1,DSDV,50,50,20,4,5,512,20.0,290.0,0.037,20.703,290.703,270.0,270.703,21600,11451,10149,53.013889,46.986111,336.32031,111.57966,173.264781,4399,4399,0,0.384159,8992,20.0,290.453,20.045732731,290.469295429,PASS
INST_0280,100280,1,1,AOMDV,50,50,20,4,5,512,20.0,290.0,0.037,20.703,290.703,270.0,270.703,21600,13567,8033,62.810185,37.189815,672.785893,165.493798,205.281922,33663,32695,968,2.481241,7461,20.0,290.453,20.124512995,290.46920747,PASS
INST_0281,100281,1,1,AODV,50,50,20,8,1,512,20.0,290.0,0.037,20.703,290.703,270.0,270.703,43200,16439,26761,38.053241,61.946759,2987.459452,324.440171,248.738078,52981,51094,1887,3.222885,20395,20.0,290.578,20.041858537,296.60122336,PASS
INST_0281,100281,1,1,DSDV,50,50,20,8,1,512,20.0,290.0,0.037,20.703,290.703,270.0,270.703,43200,15991,27209,37.016204,62.983796,1533.718808,243.794098,241.959402,4336,4336,0,0.271153,16484,20.0,290.578,20.008448799,298.860791362,PASS
INST_0281,100281,1,1,AOMDV,50,50,20,8,1,512,20.0,290.0,0.037,20.703,290.703,270.0,270.703,43200,16324,26876,37.787037,62.212963,2751.41201,295.601423,246.998016,41331,40053,1278,2.531916,16688,20.0,290.578,20.050608895,294.579303362,PASS
INST_0282,100282,1,1,AODV,50,50,20,8,2,512,20.0,290.0,0.037,20.703,290.703,270.0,270.703,43200,19677,23523,45.548611,54.451389,2391.035793,255.485461,297.732171,49201,47553,1648,2.500432,18020,20.0,290.578,20.038301355,296.349361316,PASS
INST_0282,100282,1,1,DSDV,50,50,20,8,2,512,20.0,290.0,0.037,20.703,290.703,270.0,270.703,43200,19961,23239,46.206019,53.793981,1887.474579,256.188523,302.029368,4026,4026,0,0.201693,12246,20.0,290.578,20.008671352,295.048634417,PASS
INST_0282,100282,1,1,AOMDV,50,50,20,8,2,512,20.0,290.0,0.037,20.703,290.703,270.0,270.703,43200,18517,24683,42.863426,57.136574,2994.743104,232.727455,280.180242,41483,40308,1175,2.240266,14262,20.0,290.578,20.036647246,296.471996467,PASS
INST_0283,100283,1,1,AODV,50,50,20,8,3,512,20.0,290.0,0.037,20.703,290.703,270.0,270.703,43200,16902,26298,39.125,60.875,2906.496601,304.648715,255.743719,54678,52632,2046,3.235002,19321,20.0,290.578,20.094847264,299.991496695,PASS
INST_0283,100283,1,1,DSDV,50,50,20,8,3,512,20.0,290.0,0.037,20.703,290.703,270.0,270.703,43200,16172,27028,37.435185,62.564815,1290.27347,256.618893,244.698108,3997,3997,0,0.247156,14309,20.0,290.578,20.054947312,296.215730268,PASS
INST_0283,100283,1,1,AOMDV,50,50,20,8,3,512,20.0,290.0,0.037,20.703,290.703,270.0,270.703,43200,16038,27162,37.125,62.875,3693.2693,302.588705,242.670558,40113,38762,1351,2.501122,14655,20.0,290.578,20.013630604,296.044401848,PASS
INST_0284,100284,1,1,AODV,50,50,20,8,4,512,20.0,290.0,0.037,20.703,290.703,270.0,270.703,43200,25668,17532,59.416667,40.583333,1854.469871,165.407397,388.381835,34417,33366,1051,1.340852,13496,20.0,290.578,20.042793459,296.504681707,PASS
INST_0284,100284,1,1,DSDV,50,50,20,8,4,512,20.0,290.0,0.037,20.703,290.703,270.0,270.703,43200,26300,16900,60.87963,39.12037,746.851221,113.590938,397.944611,4304,4304,0,0.16365,9204,20.0,290.578,20.008467597,294.282823977,PASS
INST_0284,100284,1,1,AOMDV,50,50,20,8,4,512,20.0,290.0,0.037,20.703,290.703,270.0,270.703,43200,25789,17411,59.696759,40.303241,1879.009433,154.654108,390.212683,29903,29142,761,1.159525,9973,20.0,290.578,20.051317778,293.488417754,PASS
INST_0285,100285,1,1,AODV,50,50,20,8,5,512,20.0,290.0,0.037,20.703,290.703,270.0,270.703,43200,16129,27071,37.335648,62.664352,2523.46253,355.551295,244.047476,61052,58646,2406,3.785232,19837,20.0,290.578,20.070171217,298.773741208,PASS
INST_0285,100285,1,1,DSDV,50,50,20,8,5,512,20.0,290.0,0.037,20.703,290.703,270.0,270.703,43200,16707,26493,38.673611,61.326389,1790.80142,252.821379,252.793179,4221,4221,0,0.252649,14044,20.0,290.578,20.045552731,295.394165994,PASS
INST_0285,100285,1,1,AOMDV,50,50,20,8,5,512,20.0,290.0,0.037,20.703,290.703,270.0,270.703,43200,17275,25925,39.988426,60.011574,2815.594648,265.217573,261.387572,40883,39693,1190,2.366599,16150,20.0,290.578,20.135889923,294.626384903,PASS
INST_0286,100286,1,1,AODV,50,50,25,2,1,512,20.0,290.0,0.037,20.888,290.888,270.0,270.888,13500,10953,2547,81.133333,18.866667,377.834328,147.06851,165.616373,47965,45652,2313,4.379166,2446,20.0,290.388,20.043999335,290.406121046,PASS
INST_0286,100286,1,1,DSDV,50,50,25,2,1,512,20.0,290.0,0.037,20.888,290.888,270.0,270.888,13500,7083,6417,52.466667,47.533333,147.694163,207.210097,107.099495,3783,3783,0,0.534096,5972,20.0,290.388,20.009008799,290.356918127,PASS
INST_0286,100286,1,1,AOMDV,50,50,25,2,1,512,20.0,290.0,0.037,20.888,290.888,270.0,270.888,13500,9131,4369,67.637037,32.362963,54.865384,38.362939,138.066566,39347,38237,1110,4.309167,4335,20.0,290.388,20.051417371,290.44980402,PASS
INST_0287,100287,1,1,AODV,50,50,25,2,2,512,20.0,290.0,0.037,20.888,290.888,270.0,270.888,13500,11384,2116,84.325926,15.674074,484.043478,146.246953,172.133369,40320,38712,1608,3.541813,1911,20.0,290.388,20.019018245,294.611906541,PASS
INST_0287,100287,1,1,DSDV,50,50,25,2,2,512,20.0,290.0,0.037,20.888,290.888,270.0,270.888,13500,7822,5678,57.940741,42.059259,59.202254,81.991316,118.273648,3393,3393,0,0.433777,5195,20.0,290.388,20.008951352,290.282657618,PASS
INST_0287,100287,1,1,AOMDV,50,50,25,2,2,512,20.0,290.0,0.037,20.888,290.888,270.0,270.888,13500,9752,3748,72.237037,27.762963,67.73618,43.796204,147.456484,35429,34575,854,3.632998,3704,20.0,290.388,20.03169158,290.283017618,PASS
INST_0288,100288,1,1,AODV,50,50,25,2,3,512,20.0,290.0,0.037,20.888,290.888,270.0,270.888,13500,12297,1203,91.088889,8.911111,194.390631,104.655227,185.938513,47226,45012,2214,3.840449,1143,20.0,290.388,20.045243476,290.3938763,PASS
INST_0288,100288,1,1,DSDV,50,50,25,2,3,512,20.0,290.0,0.037,20.888,290.888,270.0,270.888,13500,8025,5475,59.444444,40.555556,103.347572,149.360834,121.343138,3567,3567,0,0.444486,5098,20.0,290.388,20.017525605,290.3938363,PASS
INST_0288,100288,1,1,AOMDV,50,50,25,2,3,512,20.0,290.0,0.037,20.888,290.888,270.0,270.888,13500,10109,3391,74.881481,25.118519,36.563036,24.92529,152.854552,28446,27342,1104,2.813928,3371,20.0,290.388,20.018071919,290.3939963,PASS
INST_0289,100289,1,1,AODV,50,50,25,2,4,512,20.0,290.0,0.037,20.888,290.888,270.0,270.888,13500,12278,1222,90.948148,9.051852,193.198099,64.282029,185.651221,31148,29688,1460,2.536895,1192,20.0,290.388,20.04528964,291.072576199,PASS
INST_0289,100289,1,1,DSDV,50,50,25,2,4,512,20.0,290.0,0.037,20.888,290.888,270.0,270.888,13500,8959,4541,66.362963,33.637037,33.868672,44.827608,135.465816,3603,3603,0,0.402165,4338,20.0,290.388,20.008907597,290.39981966,PASS
INST_0289,100289,1,1,AOMDV,50,50,25,2,4,512,20.0,290.0,0.037,20.888,290.888,270.0,270.888,13500,10551,2949,78.155556,21.844444,62.62544,48.993536,159.537875,32560,31595,965,3.085963,2912,20.0,290.388,20.040520449,290.399519661,PASS
INST_0290,100290,1,1,AODV,50,50,25,2,5,512,20.0,290.0,0.037,20.888,290.888,270.0,270.888,13500,10837,2663,80.274074,19.725926,606.914579,220.5039,163.862379,58898,56127,2771,5.434899,2459,20.0,290.388,20.129640033,290.405878476,PASS
INST_0290,100290,1,1,DSDV,50,50,25,2,5,512,20.0,290.0,0.037,20.888,290.888,270.0,270.888,13500,7457,6043,55.237037,44.762963,88.984835,88.881968,112.754614,3839,3839,0,0.514818,5744,20.0,290.388,20.045972731,290.39754348,PASS
INST_0290,100290,1,1,AOMDV,50,50,25,2,5,512,20.0,290.0,0.037,20.888,290.888,270.0,270.888,13500,9606,3894,71.155556,28.844444,84.604835,55.629632,145.24887,35189,34090,1099,3.663231,3845,20.0,290.388,20.12091842,290.393718071,PASS
INST_0291,100291,1,1,AODV,50,50,25,4,1,512,20.0,290.0,0.037,20.888,290.888,270.0,270.888,27000,15176,11824,56.207407,43.792593,1450.624323,309.669745,229.470837,60546,57943,2603,3.989589,10762,20.0,290.638,20.018611044,295.734171655,PASS
INST_0291,100291,1,1,DSDV,50,50,25,4,1,512,20.0,290.0,0.037,20.888,290.888,270.0,270.888,27000,12770,14230,47.296296,52.703704,673.086523,203.23848,193.090576,3959,3959,0,0.310023,12071,20.0,290.638,20.008168799,295.726972403,PASS
INST_0291,100291,1,1,AOMDV,50,50,25,4,1,512,20.0,290.0,0.037,20.888,290.888,270.0,270.888,27000,14595,12405,54.055556,45.944444,1402.505881,272.542577,220.685745,45992,44553,1439,3.151216,11080,20.0,290.638,20.012740712,292.786203093,PASS
INST_0292,100292,1,1,AODV,50,50,25,4,2,512,20.0,290.0,0.037,20.888,290.888,270.0,270.888,27000,15918,11082,58.955556,41.044444,1805.600619,332.563724,240.690352,57038,55060,1978,3.583239,9391,20.0,290.638,20.013191668,297.663249829,PASS
INST_0292,100292,1,1,DSDV,50,50,25,4,2,512,20.0,290.0,0.037,20.888,290.888,270.0,270.888,27000,14634,12366,54.2,45.8,591.465616,174.714471,221.27545,3696,3696,0,0.252563,10179,20.0,290.638,20.008411352,292.618470231,PASS
INST_0292,100292,1,1,AOMDV,50,50,25,4,2,512,20.0,290.0,0.037,20.888,290.888,270.0,270.888,27000,15648,11352,57.955556,42.044444,1445.519135,264.645158,236.607779,42813,41572,1241,2.736005,9428,20.0,290.638,20.013900514,290.532697605,PASS
INST_0293,100293,1,1,AODV,50,50,25,4,3,512,20.0,290.0,0.037,20.888,290.888,270.0,270.888,27000,15462,11538,57.266667,42.733333,1654.385428,361.030463,233.79534,66278,63718,2560,4.286509,9608,20.0,290.638,20.036834455,299.992023902,PASS
INST_0293,100293,1,1,DSDV,50,50,25,4,3,512,20.0,290.0,0.037,20.888,290.888,270.0,270.888,27000,13748,13252,50.918519,49.081481,765.393405,212.466136,207.878562,3756,3756,0,0.273203,10969,20.0,290.638,20.018525605,294.007316432,PASS
INST_0293,100293,1,1,AOMDV,50,50,25,4,3,512,20.0,290.0,0.037,20.888,290.888,270.0,270.888,27000,16487,10513,61.062963,38.937037,1109.786279,219.424699,249.293996,34306,32938,1368,2.080791,8803,20.0,290.638,20.068285022,290.926168507,PASS
INST_0294,100294,1,1,AODV,50,50,25,4,4,512,20.0,290.0,0.037,20.888,290.888,270.0,270.888,27000,19161,7839,70.966667,29.033333,1037.182649,214.90138,289.726588,48788,46871,1917,2.546214,6859,20.0,290.638,20.043536195,292.943473952,PASS
INST_0294,100294,1,1,DSDV,50,50,25,4,4,512,20.0,290.0,0.037,20.888,290.888,270.0,270.888,27000,17160,9840,63.555556,36.444444,220.932369,105.152328,259.470187,3836,3836,0,0.223543,8769,20.0,290.638,20.008667597,292.378012819,PASS
INST_0294,100294,1,1,AOMDV,50,50,25,4,4,512,20.0,290.0,0.037,20.888,290.888,270.0,270.888,27000,19333,7667,71.603704,28.396296,474.878708,126.154135,292.327338,35637,34623,1014,1.843325,7075,20.0,290.638,20.069178098,290.65579964,PASS
INST_0295,100295,1,1,AODV,50,50,25,4,5,512,20.0,290.0,0.037,20.888,290.888,270.0,270.888,27000,14467,12533,53.581481,46.418519,1425.792722,355.462862,218.750303,72662,69796,2866,5.022603,11044,20.0,290.638,20.134005994,299.126805805,PASS
INST_0295,100295,1,1,DSDV,50,50,25,4,5,512,20.0,290.0,0.037,20.888,290.888,270.0,270.888,27000,12943,14057,47.937037,52.062963,1036.991083,277.67678,195.706447,4284,4284,0,0.33099,11217,20.0,290.638,20.045912731,295.966209134,PASS
INST_0295,100295,1,1,AOMDV,50,50,25,4,5,512,20.0,290.0,0.037,20.888,290.888,270.0,270.888,27000,14134,12866,52.348148,47.651852,1621.485641,311.138546,213.71513,44641,43066,1575,3.158412,10695,20.0,290.638,20.073785573,291.925406443,PASS
INST_0296,100296,1,1,AODV,50,50,25,8,1,512,20.0,290.0,0.037,20.888,290.888,270.0,270.888,54000,16459,37541,30.47963,69.52037,3099.670586,343.183975,248.870618,60258,58146,2112,3.661097,25756,20.0,290.763,20.03962436,297.906789335,PASS
INST_0296,100296,1,1,DSDV,50,50,25,8,1,512,20.0,290.0,0.037,20.888,290.888,270.0,270.888,54000,16886,37114,31.27037,68.72963,2531.459986,306.140747,255.327132,4328,4328,0,0.256307,19182,20.0,290.763,20.009048799,299.850529952,PASS
INST_0296,100296,1,1,AOMDV,50,50,25,8,1,512,20.0,290.0,0.037,20.888,290.888,270.0,270.888,54000,15517,38483,28.735185,71.264815,4230.918774,403.992278,234.626975,51504,49988,1516,3.319198,20685,20.0,290.763,20.026250824,296.752113988,PASS
INST_0297,100297,1,1,AODV,50,50,25,8,2,512,20.0,290.0,0.037,20.888,290.888,270.0,270.888,54000,19786,34214,36.640741,63.359259,2926.189066,301.593614,299.176988,54534,53037,1497,2.756191,24178,20.0,290.763,20.014589216,297.11951233,PASS
INST_0297,100297,1,1,DSDV,50,50,25,8,2,512,20.0,290.0,0.037,20.888,290.888,270.0,270.888,54000,20487,33513,37.938889,62.061111,2328.754123,304.228997,309.776557,3963,3963,0,0.19344,15805,20.0,290.763,20.008411352,299.944232025,PASS
INST_0297,100297,1,1,AOMDV,50,50,25,8,2,512,20.0,290.0,0.037,20.888,290.888,270.0,270.888,54000,18127,35873,33.568519,66.431481,3824.135472,311.411973,274.091846,48611,47331,1280,2.68169,19708,20.0,290.763,20.014163187,296.506497116,PASS
INST_0298,100298,1,1,AODV,50,50,25,8,3,512,20.0,290.0,0.037,20.888,290.888,270.0,270.888,54000,18041,35959,33.409259,66.590741,3491.349527,363.964906,272.791471,58920,57092,1828,3.265894,23629,20.0,290.763,20.046742673,299.234030367,PASS
INST_0298,100298,1,1,DSDV,50,50,25,8,3,512,20.0,290.0,0.037,20.888,290.888,270.0,270.888,54000,18464,35536,34.192593,65.807407,2007.906773,316.459242,279.187502,4084,4084,0,0.221187,15824,20.0,290.763,20.054505935,299.041167599,PASS
INST_0298,100298,1,1,AOMDV,50,50,25,8,3,512,20.0,290.0,0.037,20.888,290.888,270.0,270.888,54000,17042,36958,31.559259,68.440741,4141.952534,360.749755,257.685951,46850,45206,1644,2.74909,17622,20.0,290.763,20.014017525,295.16548426,PASS
INST_0299,100299,1,1,AODV,50,50,25,8,4,512,20.0,290.0,0.037,20.888,290.888,270.0,270.888,54000,24796,29204,45.918519,54.081481,2456.768826,216.889737,374.931396,46399,45021,1378,1.871229,20558,20.0,290.763,20.042465579,299.098526778,PASS
INST_0299,100299,1,1,DSDV,50,50,25,8,4,512,20.0,290.0,0.037,20.888,290.888,270.0,270.888,54000,25591,28409,47.390741,52.609259,1692.276383,189.5855,386.952305,4023,4023,0,0.157204,12707,20.0,290.763,20.008447597,299.159275837,PASS
INST_0299,100299,1,1,AOMDV,50,50,25,8,4,512,20.0,290.0,0.037,20.888,290.888,270.0,270.888,54000,23991,30009,44.427778,55.572222,3261.832692,236.293462,362.759281,43190,42080,1110,1.800258,15203,20.0,290.763,20.133432742,296.51390051,PASS
INST_0300,100300,1,1,AODV,50,50,25,8,5,512,20.0,290.0,0.037,20.888,290.888,270.0,270.888,54000,17237,36763,31.92037,68.07963,2831.848004,347.672976,260.634476,65300,63057,2243,3.788362,25487,20.0,290.763,20.061736648,298.293277084,PASS
INST_0300,100300,1,1,DSDV,50,50,25,8,5,512,20.0,290.0,0.037,20.888,290.888,270.0,270.888,54000,18008,35992,33.348148,66.651852,2722.018596,335.425176,272.29249,4158,4158,0,0.230897,15860,20.0,290.763,20.045592731,299.939785116,PASS
INST_0300,100300,1,1,AOMDV,50,50,25,8,5,512,20.0,290.0,0.037,20.888,290.888,270.0,270.888,54000,16267,37733,30.124074,69.875926,4126.528448,337.500724,245.967455,50701,49053,1648,3.116801,19942,20.0,290.763,20.149613339,296.622666489,PASS
INST_0301,100301,1,1,AODV,100,20,5,2,1,512,20.0,290.0,0.037,20.148,290.148,270.0,270.148,2700,2574,126,95.333333,4.666667,202.230155,45.964897,39.027141,7811,7703,108,3.034577,118,20.0,289.648,20.270305276,292.232228861,PASS
INST_0301,100301,1,1,DSDV,100,20,5,2,1,512,20.0,290.0,0.037,20.148,290.148,270.0,270.148,2700,2075,625,76.851852,23.148148,93.138961,118.447712,31.461273,7252,7252,0,3.49494,561,20.0,289.648,20.129086057,289.653557581,PASS
INST_0301,100301,1,1,AOMDV,100,20,5,2,1,512,20.0,290.0,0.037,20.148,290.148,270.0,270.148,2700,2315,385,85.740741,14.259259,25.71158,12.243205,35.100167,33317,33092,225,14.391793,379,20.0,289.648,20.347871578,289.659789731,PASS
INST_0302,100302,1,1,AODV,100,20,5,2,2,512,20.0,290.0,0.037,20.148,290.148,270.0,270.148,2700,2556,144,94.666667,5.333333,346.698677,52.70863,38.754224,9562,9451,111,3.741002,135,20.0,289.648,20.27276875,289.660238312,PASS
INST_0302,100302,1,1,DSDV,100,20,5,2,2,512,20.0,290.0,0.037,20.148,290.148,270.0,270.148,2700,2028,672,75.111111,24.888889,12.734091,3.368285,30.748656,7869,7869,0,3.880178,616,20.0,289.648,20.119990484,289.658767393,PASS
INST_0302,100302,1,1,AOMDV,100,20,5,2,2,512,20.0,290.0,0.037,20.148,290.148,270.0,270.148,2700,2337,363,86.555556,13.444444,17.568309,7.155843,35.433733,31751,31551,200,13.586222,354,20.0,289.648,20.19081021,289.653838308,PASS
INST_0303,100303,1,1,AODV,100,20,5,2,3,512,20.0,290.0,0.037,20.148,290.148,270.0,270.148,2700,2628,72,97.333333,2.666667,140.678638,28.196382,39.845892,5791,5742,49,2.203577,72,20.0,289.648,20.061827335,289.65391693,PASS
INST_0303,100303,1,1,DSDV,100,20,5,2,3,512,20.0,290.0,0.037,20.148,290.148,270.0,270.148,2700,2360,340,87.407407,12.592593,46.825589,77.211957,35.78246,8274,8274,0,3.505932,314,20.0,289.648,20.008349838,289.659761967,PASS
INST_0303,100303,1,1,AOMDV,100,20,5,2,3,512,20.0,290.0,0.037,20.148,290.148,270.0,270.148,2700,2424,276,89.777778,10.222222,10.444379,2.627009,36.752832,29892,29791,101,12.331683,273,20.0,289.648,20.077053405,289.657096056,PASS
INST_0304,100304,1,1,AODV,100,20,5,2,4,512,20.0,290.0,0.037,20.148,290.148,270.0,270.148,2700,2578,122,95.481481,4.518519,190.581011,40.173029,39.087789,8164,8079,85,3.166796,124,20.0,289.648,20.327083537,289.653937331,PASS
INST_0304,100304,1,1,DSDV,100,20,5,2,4,512,20.0,290.0,0.037,20.148,290.148,270.0,270.148,2700,2144,556,79.407407,20.592593,100.621243,180.953749,32.507455,7196,7196,0,3.356343,492,20.0,289.648,26.193523458,289.654017331,PASS
INST_0304,100304,1,1,AOMDV,100,20,5,2,4,512,20.0,290.0,0.037,20.148,290.148,270.0,270.148,2700,2453,247,90.851852,9.148148,14.461875,5.300033,37.192532,30929,30797,132,12.608642,242,20.0,289.648,20.202073543,289.653697331,PASS
INST_0305,100305,1,1,AODV,100,20,5,2,5,512,20.0,290.0,0.037,20.148,290.148,270.0,270.148,2700,2662,38,98.592593,1.407407,59.698141,23.124983,40.361402,7895,7777,118,2.965815,38,20.0,289.648,20.021417745,289.678021275,PASS
INST_0305,100305,1,1,DSDV,100,20,5,2,5,512,20.0,290.0,0.037,20.148,290.148,270.0,270.148,2700,2025,675,75.0,25.0,134.641817,125.614317,30.70317,7522,7522,0,3.714568,589,20.0,289.648,20.00838853,289.677568912,PASS
INST_0305,100305,1,1,AOMDV,100,20,5,2,5,512,20.0,290.0,0.037,20.148,290.148,270.0,270.148,2700,2293,407,84.925926,15.074074,15.259953,5.617006,34.766602,31830,31623,207,13.881378,397,20.0,289.648,20.093910947,289.667139231,PASS
INST_0306,100306,1,1,AODV,100,20,5,4,1,512,20.0,290.0,0.037,20.148,290.148,270.0,270.148,5400,5247,153,97.166667,2.833333,267.492716,24.106846,79.555325,8403,8265,138,1.601487,141,20.0,289.898,22.355375872,292.069469646,PASS
INST_0306,100306,1,1,DSDV,100,20,5,4,1,512,20.0,290.0,0.037,20.148,290.148,270.0,270.148,5400,3784,1616,70.074074,29.925926,38.233431,28.86461,57.373232,7258,7258,0,1.918076,1513,20.0,289.898,20.156671335,289.905751759,PASS
INST_0306,100306,1,1,AOMDV,100,20,5,4,1,512,20.0,290.0,0.037,20.148,290.148,270.0,270.148,5400,4714,686,87.296296,12.703704,21.386864,6.137835,71.473948,32800,32607,193,6.957997,675,20.0,289.898,20.314773714,289.903817589,PASS
INST_0307,100307,1,1,AODV,100,20,5,4,2,512,20.0,290.0,0.037,20.148,290.148,270.0,270.148,5400,5189,211,96.092593,3.907407,149.372945,18.509566,78.675926,9691,9560,131,1.867605,209,20.0,289.898,20.211828869,289.910318313,PASS
INST_0307,100307,1,1,DSDV,100,20,5,4,2,512,20.0,290.0,0.037,20.148,290.148,270.0,270.148,5400,4050,1350,75.0,25.0,54.425569,87.355454,61.40634,7955,7955,0,1.964198,1231,20.0,289.898,20.119790484,289.903998306,PASS
INST_0307,100307,1,1,AOMDV,100,20,5,4,2,512,20.0,290.0,0.037,20.148,290.148,270.0,270.148,5400,4713,687,87.277778,12.722222,14.52828,3.074014,71.458786,31112,30954,158,6.601316,677,20.0,289.898,20.266076367,289.903658306,PASS
INST_0308,100308,1,1,AODV,100,20,5,4,3,512,20.0,290.0,0.037,20.148,290.148,270.0,270.148,5400,5356,44,99.185185,0.814815,55.53122,10.827465,81.20799,5668,5617,51,1.058252,42,20.0,289.898,20.073146975,289.903636935,PASS
INST_0308,100308,1,1,DSDV,100,20,5,4,3,512,20.0,290.0,0.037,20.148,290.148,270.0,270.148,5400,4692,708,86.888889,13.111111,27.931081,39.083317,71.140382,8401,8401,0,1.790494,692,20.0,289.898,20.008989838,289.903716935,PASS
INST_0308,100308,1,1,AOMDV,100,20,5,4,3,512,20.0,290.0,0.037,20.148,290.148,270.0,270.148,5400,5063,337,93.759259,6.240741,11.224897,1.648749,76.765506,29481,29410,71,5.822832,335,20.0,289.898,20.128660805,289.903556935,PASS
INST_0309,100309,1,1,AODV,100,20,5,4,4,512,20.0,290.0,0.037,20.148,290.148,270.0,270.148,5400,5171,229,95.759259,4.240741,171.708842,20.354153,78.403009,7602,7488,114,1.470122,229,20.0,289.898,20.322506059,289.90985747,PASS
INST_0309,100309,1,1,DSDV,100,20,5,4,4,512,20.0,290.0,0.037,20.148,290.148,270.0,270.148,5400,4334,1066,80.259259,19.740741,11.328635,2.694651,65.712365,7637,7637,0,1.762114,952,20.0,289.898,35.820600926,289.903897332,PASS
INST_0309,100309,1,1,AOMDV,100,20,5,4,4,512,20.0,290.0,0.037,20.148,290.148,270.0,270.148,5400,4849,551,89.796296,10.203704,15.007193,3.731318,73.520826,31227,31096,131,6.439885,544,20.0,289.898,20.410893261,289.903597332,PASS
INST_0310,100310,1,1,AODV,100,20,5,4,5,512,20.0,290.0,0.037,20.148,290.148,270.0,270.148,5400,5291,109,97.981481,2.018519,198.771331,21.036778,80.222456,11286,11098,188,2.133056,105,20.0,289.898,20.04038819,289.92188048,PASS
INST_0310,100310,1,1,DSDV,100,20,5,4,5,512,20.0,290.0,0.037,20.148,290.148,270.0,270.148,5400,4113,1287,76.166667,23.833333,12.36037,2.815693,62.36155,7851,7851,0,1.908826,1121,20.0,289.898,20.00918853,289.916180476,PASS
INST_0310,100310,1,1,AOMDV,100,20,5,4,5,512,20.0,290.0,0.037,20.148,290.148,270.0,270.148,5400,4568,832,84.592593,15.407407,15.704267,4.622748,69.260287,32429,32167,262,7.099168,824,20.0,289.898,20.02965368,289.897086069,PASS
INST_0311,100311,1,1,AODV,100,20,5,8,1,512,20.0,290.0,0.037,20.148,290.148,270.0,270.148,10800,10358,442,95.907407,4.092593,83.793016,15.013671,157.04861,11824,11583,241,1.141533,423,20.0,290.023,20.253025705,290.028937593,PASS
INST_0311,100311,1,1,DSDV,100,20,5,8,1,512,20.0,290.0,0.037,20.148,290.148,270.0,270.148,10800,7945,2855,73.564815,26.435185,27.572738,18.609516,120.462561,7514,7514,0,0.945752,2456,20.0,290.023,20.129266044,290.030416989,PASS
INST_0311,100311,1,1,AOMDV,100,20,5,8,1,512,20.0,290.0,0.037,20.148,290.148,270.0,270.148,10800,9505,1295,88.009259,11.990741,33.364427,6.459059,144.115374,33153,32937,216,3.487954,1277,20.0,290.023,20.235620612,290.028657593,PASS
INST_0312,100312,1,1,AODV,100,20,5,8,2,512,20.0,290.0,0.037,20.148,290.148,270.0,270.148,10800,10277,523,95.157407,4.842593,119.304166,13.979691,155.820484,10151,9970,181,0.98774,516,20.0,290.023,20.124039875,290.034858315,PASS
INST_0312,100312,1,1,DSDV,100,20,5,8,2,512,20.0,290.0,0.037,20.148,290.148,270.0,270.148,10800,7613,3187,70.490741,29.509259,15.22006,5.158773,115.428758,8075,8075,0,1.060686,2900,20.0,290.023,20.119570484,290.030055235,PASS
INST_0312,100312,1,1,AOMDV,100,20,5,8,2,512,20.0,290.0,0.037,20.148,290.148,270.0,270.148,10800,9100,1700,84.259259,15.740741,18.67945,5.887854,137.97474,32118,31901,217,3.529451,1691,20.0,290.023,20.34165682,290.029078308,PASS
INST_0313,100313,1,1,AODV,100,20,5,8,3,512,20.0,290.0,0.037,20.148,290.148,270.0,270.148,10800,10683,117,98.916667,1.083333,70.135829,6.824667,161.97628,5047,5008,39,0.472433,117,20.0,290.023,20.08868003,290.02897694,PASS
INST_0313,100313,1,1,DSDV,100,20,5,8,3,512,20.0,290.0,0.037,20.148,290.148,270.0,270.148,10800,9023,1777,83.546296,16.453704,9.334849,2.40662,136.807261,8327,8327,0,0.922864,1755,20.0,290.023,20.008689838,290.030863847,PASS
INST_0313,100313,1,1,AOMDV,100,20,5,8,3,512,20.0,290.0,0.037,20.148,290.148,270.0,270.148,10800,10084,716,93.37037,6.62963,10.533406,1.948783,152.894206,29691,29601,90,2.944367,714,20.0,290.023,20.109376606,290.02853694,PASS
INST_0314,100314,1,1,AODV,100,20,5,8,4,512,20.0,290.0,0.037,20.148,290.148,270.0,270.148,10800,10177,623,94.231481,5.768519,89.452707,13.078822,154.304278,11024,10846,178,1.083227,596,20.0,290.023,20.360186051,290.034938873,PASS
INST_0314,100314,1,1,DSDV,100,20,5,8,4,512,20.0,290.0,0.037,20.148,290.148,270.0,270.148,10800,8752,2048,81.037037,18.962963,33.773292,46.036393,132.698343,7365,7365,0,0.841522,1826,20.0,290.023,25.051586944,290.034877485,PASS
INST_0314,100314,1,1,AOMDV,100,20,5,8,4,512,20.0,290.0,0.037,20.148,290.148,270.0,270.148,10800,9602,1198,88.907407,11.092593,47.362295,9.97392,145.586094,31856,31687,169,3.317642,1187,20.0,290.023,20.341642375,290.028577333,PASS
INST_0315,100315,1,1,AODV,100,20,5,8,5,512,20.0,290.0,0.037,20.148,290.148,270.0,270.148,10800,10510,290,97.314815,2.685185,113.086458,16.320838,159.353243,13316,13106,210,1.266984,272,20.0,290.023,20.02092696,291.01553078,PASS
INST_0315,100315,1,1,DSDV,100,20,5,8,5,512,20.0,290.0,0.037,20.148,290.148,270.0,270.148,10800,8323,2477,77.064815,22.935185,76.130443,79.910201,126.19382,8339,8339,0,1.001922,2288,20.0,290.023,20.00858853,291.315236985,PASS
INST_0315,100315,1,1,AOMDV,100,20,5,8,5,512,20.0,290.0,0.037,20.148,290.148,270.0,270.148,10800,9151,1649,84.731481,15.268519,19.987269,6.171887,138.748005,32285,32063,222,3.52803,1639,20.0,290.023,20.435738556,289.958405458,PASS
INST_0316,100316,1,1,AODV,100,20,10,2,1,512,20.0,290.0,0.037,20.333,290.333,270.0,270.333,5400,5200,200,96.296296,3.703704,437.639729,76.188243,78.788753,21366,21031,335,4.108846,184,20.0,289.833,20.352837757,291.064121193,PASS
INST_0316,100316,1,1,DSDV,100,20,10,2,1,512,20.0,290.0,0.037,20.333,290.333,270.0,270.333,5400,4080,1320,75.555556,24.444444,13.467909,3.415092,61.818868,7385,7385,0,1.810049,1076,20.0,289.833,20.129046044,289.764798323,PASS
INST_0316,100316,1,1,AOMDV,100,20,10,2,1,512,20.0,290.0,0.037,20.333,290.333,270.0,270.333,5400,4515,885,83.611111,16.388889,34.290653,34.626644,68.40985,39881,39415,466,8.833001,872,20.0,289.833,20.745216447,290.123756883,PASS
INST_0317,100317,1,1,AODV,100,20,10,2,2,512,20.0,290.0,0.037,20.333,290.333,270.0,270.333,5400,5308,92,98.296296,1.703704,99.717517,23.41197,80.425135,11950,11760,190,2.251319,87,20.0,289.833,20.201064001,289.838956858,PASS
INST_0317,100317,1,1,DSDV,100,20,10,2,2,512,20.0,290.0,0.037,20.333,290.333,270.0,270.333,5400,4075,1325,75.462963,24.537037,28.461869,29.552404,61.743109,7161,7161,0,1.757301,1131,20.0,289.833,20.120070484,289.838796858,PASS
INST_0317,100317,1,1,AOMDV,100,20,10,2,2,512,20.0,290.0,0.037,20.333,290.333,270.0,270.333,5400,4843,557,89.685185,10.314815,15.209932,5.511456,73.379602,33801,33469,332,6.979352,542,20.0,289.833,20.153133017,289.843088649,PASS
INST_0318,100318,1,1,AODV,100,20,10,2,3,512,20.0,290.0,0.037,20.333,290.333,270.0,270.333,5400,5339,61,98.87037,1.12963,63.570767,21.739787,80.894837,10734,10615,119,2.010489,47,20.0,289.833,20.073908987,289.844539601,PASS
INST_0318,100318,1,1,DSDV,100,20,10,2,3,512,20.0,290.0,0.037,20.333,290.333,270.0,270.333,5400,4400,1000,81.481481,18.518519,15.419949,13.532029,66.667406,7993,7993,0,1.816591,906,20.0,289.833,20.008769838,289.853289133,PASS
INST_0318,100318,1,1,AOMDV,100,20,10,2,3,512,20.0,290.0,0.037,20.333,290.333,270.0,270.333,5400,4996,404,92.518519,7.481481,13.302157,3.57094,75.69781,32015,31799,216,6.408127,397,20.0,289.833,20.134304475,289.838918482,PASS
INST_0319,100319,1,1,AODV,100,20,10,2,4,512,20.0,290.0,0.037,20.333,290.333,270.0,270.333,5400,5217,183,96.611111,3.388889,134.472594,38.548842,79.046332,18864,18520,344,3.615871,167,20.0,289.833,20.514376796,289.86310559,PASS
INST_0319,100319,1,1,DSDV,100,20,10,2,4,512,20.0,290.0,0.037,20.333,290.333,270.0,270.333,5400,3921,1479,72.611111,27.388889,15.134676,4.33205,59.40975,7424,7424,0,1.893395,1317,20.0,289.833,20.350768255,289.820302923,PASS
INST_0319,100319,1,1,AOMDV,100,20,10,2,4,512,20.0,290.0,0.037,20.333,290.333,270.0,270.333,5400,4534,866,83.962963,16.037037,19.248143,8.998401,68.697732,36212,35803,409,7.986767,860,20.0,289.833,20.408427275,289.864302788,PASS
INST_0320,100320,1,1,AODV,100,20,10,2,5,512,20.0,290.0,0.037,20.333,290.333,270.0,270.333,5400,5262,138,97.444444,2.555556,97.316433,37.251643,79.728157,18872,18573,299,3.586469,125,20.0,289.833,20.03497848,289.862566458,PASS
INST_0320,100320,1,1,DSDV,100,20,10,2,5,512,20.0,290.0,0.037,20.333,290.333,270.0,270.333,5400,4204,1196,77.851852,22.148148,87.241919,78.495108,63.697677,7510,7510,0,1.786394,1033,20.0,289.833,20.00906853,289.86859416,PASS
INST_0320,100320,1,1,AOMDV,100,20,10,2,5,512,20.0,290.0,0.037,20.333,290.333,270.0,270.333,5400,4611,789,85.388889,14.611111,17.635543,8.702998,69.864412,35923,35524,399,7.790718,769,20.0,289.833,20.060335236,289.909425898,PASS
INST_0321,100321,1,1,AODV,100,20,10,4,1,512,20.0,290.0,0.037,20.333,290.333,270.0,270.333,10800,10222,578,94.648148,5.351852,167.908755,36.127879,154.880507,23189,22702,487,2.268538,541,20.0,290.083,20.446308054,294.148434385,PASS
INST_0321,100321,1,1,DSDV,100,20,10,4,1,512,20.0,290.0,0.037,20.333,290.333,270.0,270.333,10800,7708,3092,71.37037,28.62963,40.467651,49.232019,116.789175,7835,7835,0,1.016476,2813,20.0,290.083,20.156631335,290.025096112,PASS
INST_0321,100321,1,1,AOMDV,100,20,10,4,1,512,20.0,290.0,0.037,20.333,290.333,270.0,270.333,10800,9220,1580,85.37037,14.62963,38.489221,18.225671,139.69852,39646,39229,417,4.3,1551,20.0,290.083,20.316405296,290.127549442,PASS
INST_0322,100322,1,1,AODV,100,20,10,4,2,512,20.0,290.0,0.037,20.333,290.333,270.0,270.333,10800,10526,274,97.462963,2.537037,147.201057,27.287479,159.486618,18292,17970,322,1.737792,251,20.0,290.083,20.238734572,290.094758546,PASS
INST_0322,100322,1,1,DSDV,100,20,10,4,2,512,20.0,290.0,0.037,20.333,290.333,270.0,270.333,10800,8146,2654,75.425926,24.574074,14.252145,5.470172,123.425612,7656,7656,0,0.939848,2400,20.0,290.083,20.119250484,290.09328343,PASS
INST_0322,100322,1,1,AOMDV,100,20,10,4,2,512,20.0,290.0,0.037,20.333,290.333,270.0,270.333,10800,9565,1235,88.564815,11.435185,27.10448,9.960529,144.925851,34589,34222,367,3.616205,1225,20.0,290.083,20.191236613,290.090136861,PASS
INST_0323,100323,1,1,AODV,100,20,10,4,3,512,20.0,290.0,0.037,20.333,290.333,270.0,270.333,10800,10625,175,98.37963,1.62037,190.65708,28.134033,160.986635,15447,15248,199,1.453835,157,20.0,290.083,20.28560477,290.101120204,PASS
INST_0323,100323,1,1,DSDV,100,20,10,4,3,512,20.0,290.0,0.037,20.333,290.333,270.0,270.333,10800,8762,2038,81.12963,18.87037,11.760451,3.918665,132.759049,8882,8882,0,1.013696,1956,20.0,290.083,20.008849838,290.096420189,PASS
INST_0323,100323,1,1,AOMDV,100,20,10,4,3,512,20.0,290.0,0.037,20.333,290.333,270.0,270.333,10800,9989,811,92.490741,7.509259,30.803227,34.985415,151.350164,31712,31516,196,3.174692,801,20.0,290.083,20.123345772,290.089018479,PASS
INST_0324,100324,1,1,AODV,100,20,10,4,4,512,20.0,290.0,0.037,20.333,290.333,270.0,270.333,10800,10457,343,96.824074,3.175926,134.75641,36.23467,158.441152,26956,26342,614,2.577795,309,20.0,290.083,20.196623212,290.117946143,PASS
INST_0324,100324,1,1,DSDV,100,20,10,4,4,512,20.0,290.0,0.037,20.333,290.333,270.0,270.333,10800,7714,3086,71.425926,28.574074,43.127437,34.399698,116.880085,8028,8028,0,1.040705,2859,20.0,290.083,20.601328013,290.125727465,PASS
INST_0324,100324,1,1,AOMDV,100,20,10,4,4,512,20.0,290.0,0.037,20.333,290.333,270.0,270.333,10800,9160,1640,84.814815,15.185185,37.49003,17.039714,138.789419,36619,36189,430,3.997707,1621,20.0,290.083,20.352469416,290.069642932,PASS
INST_0325,100325,1,1,AODV,100,20,10,4,5,512,20.0,290.0,0.037,20.333,290.333,270.0,270.333,10800,10297,503,95.342593,4.657407,209.057427,44.700697,156.016883,29554,29003,551,2.870156,465,20.0,290.083,20.039040829,291.692691239,PASS
INST_0325,100325,1,1,DSDV,100,20,10,4,5,512,20.0,290.0,0.037,20.333,290.333,270.0,270.333,10800,8144,2656,75.407407,24.592593,26.257813,12.138272,123.395309,8798,8798,0,1.080305,2382,20.0,290.083,20.00870853,290.727740066,PASS
INST_0325,100325,1,1,AOMDV,100,20,10,4,5,512,20.0,290.0,0.037,20.333,290.333,270.0,270.333,10800,9160,1640,84.814815,15.185185,22.085758,11.278829,138.789419,35535,35130,405,3.879367,1567,20.0,290.083,20.04037742,290.300243058,PASS
INST_0326,100326,1,1,AODV,100,20,10,8,1,512,20.0,290.0,0.037,20.333,290.333,270.0,270.333,21600,15711,5889,72.736111,27.263889,898.653161,122.494534,238.048096,53112,52021,1091,3.380561,5525,20.0,290.208,20.0959747,296.228281162,PASS
INST_0326,100326,1,1,DSDV,100,20,10,8,1,512,20.0,290.0,0.037,20.333,290.333,270.0,270.333,21600,13913,7687,64.412037,35.587963,326.632032,99.350939,210.80537,7952,7952,0,0.571552,5205,20.0,290.208,20.128506057,293.216860156,PASS
INST_0326,100326,1,1,AOMDV,100,20,10,8,1,512,20.0,290.0,0.037,20.333,290.333,270.0,270.333,21600,15328,6272,70.962963,29.037037,929.309139,103.551057,232.245002,40051,39480,571,2.612931,4058,20.0,290.208,20.351510645,290.754958496,PASS
INST_0327,100327,1,1,AODV,100,20,10,8,2,512,20.0,290.0,0.037,20.333,290.333,270.0,270.333,21600,18243,3357,84.458333,15.541667,464.737085,70.741452,276.412158,43913,42817,1096,2.407115,3156,20.0,290.208,20.213906055,293.113882935,PASS
INST_0327,100327,1,1,DSDV,100,20,10,8,2,512,20.0,290.0,0.037,20.333,290.333,270.0,270.333,21600,15845,5755,73.356481,26.643519,191.479941,35.067637,240.078422,8628,8628,0,0.544525,4684,20.0,290.208,20.120050484,294.249220307,PASS
INST_0327,100327,1,1,AOMDV,100,20,10,8,2,512,20.0,290.0,0.037,20.333,290.333,270.0,270.333,21600,17852,3748,82.648148,17.351852,377.94112,63.663086,270.48785,36965,36457,508,2.070636,3243,20.0,290.208,20.229159608,290.317000434,PASS
INST_0328,100328,1,1,AODV,100,20,10,8,3,512,20.0,290.0,0.037,20.333,290.333,270.0,270.333,21600,19566,2034,90.583333,9.416667,206.743444,51.742485,296.457835,43938,43164,774,2.24563,1838,20.0,290.208,20.059749157,290.256692086,PASS
INST_0328,100328,1,1,DSDV,100,20,10,8,3,512,20.0,290.0,0.037,20.333,290.333,270.0,270.333,21600,17721,3879,82.041667,17.958333,145.728065,28.451209,268.50298,9416,9416,0,0.531347,3288,20.0,290.208,20.009349838,294.691430124,PASS
INST_0328,100328,1,1,AOMDV,100,20,10,8,3,512,20.0,290.0,0.037,20.333,290.333,270.0,270.333,21600,18972,2628,87.833333,12.166667,92.827188,23.438366,287.457735,33357,33070,287,1.758223,2494,20.0,290.208,20.076413378,290.230339367,PASS
INST_0329,100329,1,1,AODV,100,20,10,8,4,512,20.0,290.0,0.037,20.333,290.333,270.0,270.333,21600,15049,6551,69.671296,30.328704,1177.597225,147.890127,228.017682,63014,61304,1710,4.187255,5919,20.0,290.208,20.329617591,298.793314965,PASS
INST_0329,100329,1,1,DSDV,100,20,10,8,4,512,20.0,290.0,0.037,20.333,290.333,270.0,270.333,21600,14821,6779,68.615741,31.384259,455.512124,101.501513,224.563098,8500,8500,0,0.573511,5082,20.0,290.208,20.475748026,297.337293607,PASS
INST_0329,100329,1,1,AOMDV,100,20,10,8,4,512,20.0,290.0,0.037,20.333,290.333,270.0,270.333,21600,15500,6100,71.759259,28.240741,858.984896,89.558029,234.851091,41280,40645,635,2.663226,4754,20.0,290.208,20.283605349,292.21933193,PASS
INST_0330,100330,1,1,AODV,100,20,10,8,5,512,20.0,290.0,0.037,20.333,290.333,270.0,270.333,21600,16151,5449,74.773148,25.226852,553.101381,98.753297,244.714837,64967,63558,1409,4.022475,4933,20.0,290.208,20.130541951,291.415321707,PASS
INST_0330,100330,1,1,DSDV,100,20,10,8,5,512,20.0,290.0,0.037,20.333,290.333,270.0,270.333,21600,15063,6537,69.736111,30.263889,301.540406,79.272872,228.229805,9215,9215,0,0.611764,5115,20.0,290.208,20.00842853,299.90598929,PASS
INST_0330,100330,1,1,AOMDV,100,20,10,8,5,512,20.0,290.0,0.037,20.333,290.333,270.0,270.333,21600,16678,4922,77.212963,22.787037,477.778444,57.147231,252.699774,38601,38109,492,2.314486,4361,20.0,290.208,20.107494735,291.550785609,PASS
INST_0331,100331,1,1,AODV,100,20,15,2,1,512,20.0,290.0,0.037,20.518,290.518,270.0,270.518,8100,7626,474,94.148148,5.851852,357.404375,63.330725,115.467717,28449,27994,455,3.730527,396,20.0,290.018,20.200154541,290.590921861,PASS
INST_0331,100331,1,1,DSDV,100,20,15,2,1,512,20.0,290.0,0.037,20.518,290.518,270.0,270.518,8100,5981,2119,73.839506,26.160494,13.253338,3.494409,90.560244,6931,6931,0,1.158836,1867,20.0,290.018,20.156671335,290.041824004,PASS
INST_0331,100331,1,1,AOMDV,100,20,15,2,1,512,20.0,290.0,0.037,20.518,290.518,270.0,270.518,8100,6882,1218,84.962963,15.037037,31.212428,17.760191,104.202574,43323,42750,573,6.295118,1189,20.0,290.018,20.476032285,289.986776511,PASS
INST_0332,100332,1,1,AODV,100,20,15,2,2,512,20.0,290.0,0.037,20.518,290.518,270.0,270.518,8100,7844,256,96.839506,3.160494,219.14704,45.310579,118.768526,24015,23528,487,3.061576,236,20.0,290.018,20.248379876,290.106504274,PASS
INST_0332,100332,1,1,DSDV,100,20,15,2,2,512,20.0,290.0,0.037,20.518,290.518,270.0,270.518,8100,6310,1790,77.901235,22.098765,44.401896,62.439646,95.541738,8104,8104,0,1.284311,1598,20.0,290.018,20.119930484,290.023578033,PASS
INST_0332,100332,1,1,AOMDV,100,20,15,2,2,512,20.0,290.0,0.037,20.518,290.518,270.0,270.518,8100,7034,1066,86.839506,13.160494,28.940677,21.597549,106.504055,40062,39334,728,5.695479,1032,20.0,290.018,20.137893308,290.023778034,PASS
INST_0333,100333,1,1,AODV,100,20,15,2,3,512,20.0,290.0,0.037,20.518,290.518,270.0,270.518,8100,7980,120,98.518519,1.481481,105.610716,24.760185,120.827745,17741,17544,197,2.223183,110,20.0,290.018,20.080283807,291.108862574,PASS
INST_0333,100333,1,1,DSDV,100,20,15,2,3,512,20.0,290.0,0.037,20.518,290.518,270.0,270.518,8100,6987,1113,86.259259,13.740741,70.0812,86.662534,105.792413,9014,9014,0,1.29011,1031,20.0,290.018,20.008749838,290.027748224,PASS
INST_0333,100333,1,1,AOMDV,100,20,15,2,3,512,20.0,290.0,0.037,20.518,290.518,270.0,270.518,8100,7560,540,93.333333,6.666667,13.47887,5.399344,114.46839,33432,33139,293,4.422222,522,20.0,290.018,20.138485176,290.023576247,PASS
INST_0334,100334,1,1,AODV,100,20,15,2,4,512,20.0,290.0,0.037,20.518,290.518,270.0,270.518,8100,7830,270,96.666667,3.333333,116.869652,42.515343,118.556547,33642,32880,762,4.296552,257,20.0,290.018,20.615407798,291.594743371,PASS
INST_0334,100334,1,1,DSDV,100,20,15,2,4,512,20.0,290.0,0.037,20.518,290.518,270.0,270.518,8100,5999,2101,74.061728,25.938272,50.844057,78.022214,90.832787,7731,7731,0,1.288715,1893,20.0,290.018,20.350568255,290.04529722,PASS
INST_0334,100334,1,1,AOMDV,100,20,15,2,4,512,20.0,290.0,0.037,20.518,290.518,270.0,270.518,8100,6593,1507,81.395062,18.604938,27.244159,17.112209,99.826732,42452,41671,781,6.43895,1484,20.0,290.018,20.318483528,290.049660211,PASS
INST_0335,100335,1,1,AODV,100,20,15,2,5,512,20.0,290.0,0.037,20.518,290.518,270.0,270.518,8100,7690,410,94.938272,5.061728,63.148779,23.02824,116.436762,22885,22511,374,2.975943,376,20.0,290.018,20.045398793,290.029719188,PASS
INST_0335,100335,1,1,DSDV,100,20,15,2,5,512,20.0,290.0,0.037,20.518,290.518,270.0,270.518,8100,6100,2000,75.308642,24.691358,31.857855,42.285897,92.362061,7637,7637,0,1.251967,1841,20.0,290.018,20.00836853,290.081365904,PASS
INST_0335,100335,1,1,AOMDV,100,20,15,2,5,512,20.0,290.0,0.037,20.518,290.518,270.0,270.518,8100,6675,1425,82.407407,17.592593,21.098228,13.17643,101.068321,49025,48505,520,7.344569,1404,20.0,290.018,20.034156537,290.029699383,PASS
INST_0336,100336,1,1,AODV,100,20,15,4,1,512,20.0,290.0,0.037,20.518,290.518,270.0,270.518,16200,13341,2859,82.351852,17.648148,679.29526,151.602442,202.00037,69875,68385,1490,5.237613,2649,20.0,290.268,20.672250131,297.940312187,PASS
INST_0336,100336,1,1,DSDV,100,20,15,4,1,512,20.0,290.0,0.037,20.518,290.518,270.0,270.518,16200,11949,4251,73.759259,26.240741,101.855641,46.765214,180.92365,7897,7897,0,0.660892,3925,20.0,290.268,20.129846044,292.941827154,PASS
INST_0336,100336,1,1,AOMDV,100,20,15,4,1,512,20.0,290.0,0.037,20.518,290.518,270.0,270.518,16200,13171,3029,81.302469,18.697531,132.938477,54.549723,199.426345,44601,43918,683,3.386303,2966,20.0,290.268,20.203929035,290.621226261,PASS
INST_0337,100337,1,1,AODV,100,20,15,4,2,512,20.0,290.0,0.037,20.518,290.518,270.0,270.518,16200,14745,1455,91.018519,8.981481,254.258001,71.740687,223.258785,51471,50349,1122,3.490743,1371,20.0,290.268,20.179216077,290.27369804,PASS
INST_0337,100337,1,1,DSDV,100,20,15,4,2,512,20.0,290.0,0.037,20.518,290.518,270.0,270.518,16200,12030,4170,74.259259,25.740741,29.034516,27.242364,182.150097,7589,7589,0,0.63084,3869,20.0,290.268,20.120110484,290.27357804,PASS
INST_0337,100337,1,1,AOMDV,100,20,15,4,2,512,20.0,290.0,0.037,20.518,290.518,270.0,270.518,16200,13934,2266,86.012346,13.987654,78.7197,35.72004,210.979173,40876,40068,808,2.933544,2184,20.0,290.268,20.143483921,290.27409804,PASS
INST_0338,100338,1,1,AODV,100,20,15,4,3,512,20.0,290.0,0.037,20.518,290.518,270.0,270.518,16200,15315,885,94.537037,5.462963,155.89791,36.942144,231.889338,25126,24718,408,1.640614,812,20.0,290.268,20.052053252,298.61472469,PASS
INST_0338,100338,1,1,DSDV,100,20,15,4,3,512,20.0,290.0,0.037,20.518,290.518,270.0,270.518,16200,13971,2229,86.240741,13.759259,28.718934,21.03608,211.539402,8732,8732,0,0.625009,2084,20.0,290.268,20.008929838,290.273536247,PASS
INST_0338,100338,1,1,AOMDV,100,20,15,4,3,512,20.0,290.0,0.037,20.518,290.518,270.0,270.518,16200,15162,1038,93.592593,6.407407,23.354028,11.050675,229.572716,33844,33528,316,2.232159,1021,20.0,290.268,20.114243078,290.273576247,PASS
INST_0339,100339,1,1,AODV,100,20,15,4,4,512,20.0,290.0,0.037,20.518,290.518,270.0,270.518,16200,12298,3902,75.91358,24.08642,813.539902,196.702198,186.207971,84225,82105,2120,6.848675,3542,20.0,290.268,20.588988877,298.431010475,PASS
INST_0339,100339,1,1,DSDV,100,20,15,4,4,512,20.0,290.0,0.037,20.518,290.518,270.0,270.518,16200,11373,4827,70.203704,29.796296,169.408202,108.828389,172.202249,9168,9168,0,0.80612,4274,20.0,290.268,20.351368255,296.569790163,PASS
INST_0339,100339,1,1,AOMDV,100,20,15,4,4,512,20.0,290.0,0.037,20.518,290.518,270.0,270.518,16200,12896,3304,79.604938,20.395062,287.194581,85.038046,195.262482,44962,44107,855,3.486507,3159,20.0,290.268,20.805266642,291.410225432,PASS
INST_0340,100340,1,1,AODV,100,20,15,4,5,512,20.0,290.0,0.037,20.518,290.518,270.0,270.518,16200,14346,1854,88.555556,11.444444,252.127518,105.384757,217.217398,58280,57055,1225,4.062456,1782,20.0,290.268,20.03992048,290.686658991,PASS
INST_0340,100340,1,1,DSDV,100,20,15,4,5,512,20.0,290.0,0.037,20.518,290.518,270.0,270.518,16200,12211,3989,75.376543,24.623457,55.57367,41.831094,184.890676,8158,8158,0,0.668086,3799,20.0,290.268,20.00882853,290.273858166,PASS
INST_0340,100340,1,1,AOMDV,100,20,15,4,5,512,20.0,290.0,0.037,20.518,290.518,270.0,270.518,16200,13629,2571,84.12963,15.87037,97.612442,57.496725,206.36107,48861,48301,560,3.585076,2529,20.0,290.268,20.035564733,290.287703079,PASS
INST_0341,100341,1,1,AODV,100,20,15,8,1,512,20.0,290.0,0.037,20.518,290.518,270.0,270.518,32400,17156,15244,52.950617,47.049383,2408.696747,216.689081,259.764511,73783,72154,1629,4.300711,11787,20.0,290.393,20.292422746,298.40216375,PASS
INST_0341,100341,1,1,DSDV,100,20,15,8,1,512,20.0,290.0,0.037,20.518,290.518,270.0,270.518,32400,18091,14309,55.83642,44.16358,1560.175408,184.604524,273.921647,8342,8342,0,0.461113,7365,20.0,290.393,20.157151335,297.156895954,PASS
INST_0341,100341,1,1,AOMDV,100,20,15,8,1,512,20.0,290.0,0.037,20.518,290.518,270.0,270.518,32400,17171,15229,52.996914,47.003086,2970.770298,232.288667,259.991631,54943,54005,938,3.199755,8950,20.0,290.393,20.789561331,293.895991897,PASS
INST_0342,100342,1,1,AODV,100,20,15,8,2,512,20.0,290.0,0.037,20.518,290.518,270.0,270.518,32400,19190,13210,59.228395,40.771605,1496.216382,162.96384,290.561959,77432,75810,1622,4.035018,11285,20.0,290.393,20.149199598,299.981470112,PASS
INST_0342,100342,1,1,DSDV,100,20,15,8,2,512,20.0,290.0,0.037,20.518,290.518,270.0,270.518,32400,19882,12518,61.364198,38.635802,785.344313,145.963846,301.039753,9277,9277,0,0.466603,7345,20.0,290.393,20.119570484,296.730391872,PASS
INST_0342,100342,1,1,AOMDV,100,20,15,8,2,512,20.0,290.0,0.037,20.518,290.518,270.0,270.518,32400,20156,12244,62.209877,37.790123,2000.704929,153.942738,305.188475,50231,49160,1071,2.492112,7618,20.0,290.393,20.236148511,291.91224233,PASS
INST_0343,100343,1,1,AODV,100,20,15,8,3,512,20.0,290.0,0.037,20.518,290.518,270.0,270.518,32400,21847,10553,67.429012,32.570988,1518.595214,156.995714,330.79245,81944,80320,1624,3.750812,8499,20.0,290.393,20.067923854,299.225543452,PASS
INST_0343,100343,1,1,DSDV,100,20,15,8,3,512,20.0,290.0,0.037,20.518,290.518,270.0,270.518,32400,24219,8181,74.75,25.25,577.668457,81.977929,366.707665,10295,10295,0,0.425079,5111,20.0,290.393,20.009409838,299.966811125,PASS
INST_0343,100343,1,1,AOMDV,100,20,15,8,3,512,20.0,290.0,0.037,20.518,290.518,270.0,270.518,32400,25294,7106,78.067901,21.932099,1300.808393,114.154995,382.984585,38944,38407,537,1.539654,4714,20.0,290.393,20.068525452,291.816794123,PASS
INST_0344,100344,1,1,AODV,100,20,15,8,4,512,20.0,290.0,0.037,20.518,290.518,270.0,270.518,32400,15799,16601,48.762346,51.237654,2456.88899,254.826849,239.217738,94076,91832,2244,5.954554,13620,20.0,290.393,20.358596256,296.396021383,PASS
INST_0344,100344,1,1,DSDV,100,20,15,8,4,512,20.0,290.0,0.037,20.518,290.518,270.0,270.518,32400,16330,16070,50.401235,49.598765,1166.976731,195.510244,247.25778,8468,8468,0,0.518555,8769,20.0,290.393,20.350588255,299.258615493,PASS
INST_0344,100344,1,1,AOMDV,100,20,15,8,4,512,20.0,290.0,0.037,20.518,290.518,270.0,270.518,32400,15720,16680,48.518519,51.481481,3284.962936,227.336447,238.021573,57717,56421,1296,3.671565,10187,20.0,290.393,20.788974406,293.825889933,PASS
INST_0345,100345,1,1,AODV,100,20,15,8,5,512,20.0,290.0,0.037,20.518,290.518,270.0,270.518,32400,19084,13316,58.901235,41.098765,2125.095024,199.94482,288.956979,78122,76365,1757,4.093586,11260,20.0,290.393,20.014685257,299.759126297,PASS
INST_0345,100345,1,1,DSDV,100,20,15,8,5,512,20.0,290.0,0.037,20.518,290.518,270.0,270.518,32400,19467,12933,60.083333,39.916667,1196.677209,166.551025,294.756105,9499,9499,0,0.487954,7867,20.0,290.393,20.00832853,299.844871733,PASS
INST_0345,100345,1,1,AOMDV,100,20,15,8,5,512,20.0,290.0,0.037,20.518,290.518,270.0,270.518,32400,20798,11602,64.191358,35.808642,1378.461871,141.057382,314.909204,54112,53388,724,2.601789,8102,20.0,290.393,20.029079262,291.165106151,PASS
INST_0346,100346,1,1,AODV,100,20,20,2,1,512,20.0,290.0,0.037,20.703,290.703,270.0,270.703,10800,9954,846,92.166667,7.833333,272.18271,67.795107,150.613713,37422,36746,676,3.759494,789,20.0,290.203,20.220415261,298.637322647,PASS
INST_0346,100346,1,1,DSDV,100,20,20,2,1,512,20.0,290.0,0.037,20.703,290.703,270.0,270.703,10800,8004,2796,74.111111,25.888889,59.700272,78.161695,121.108314,7835,7835,0,0.978886,2546,20.0,290.203,20.128726044,290.207309654,PASS
INST_0346,100346,1,1,AOMDV,100,20,20,2,1,512,20.0,290.0,0.037,20.703,290.703,270.0,270.703,10800,9293,1507,86.046296,13.953704,60.02256,44.286424,140.61214,46485,45746,739,5.002152,1466,20.0,290.203,20.274112068,290.177680093,PASS
INST_0347,100347,1,1,AODV,100,20,20,2,2,512,20.0,290.0,0.037,20.703,290.703,270.0,270.703,10800,10469,331,96.935185,3.064815,164.677782,48.943362,158.406165,33562,32904,658,3.205846,305,20.0,290.203,20.604047267,290.221283021,PASS
INST_0347,100347,1,1,DSDV,100,20,20,2,2,512,20.0,290.0,0.037,20.703,290.703,270.0,270.703,10800,8433,2367,78.083333,21.916667,24.034117,25.701381,127.599502,7744,7744,0,0.918297,2190,20.0,290.203,20.119750484,290.236624009,PASS
INST_0347,100347,1,1,AOMDV,100,20,20,2,2,512,20.0,290.0,0.037,20.703,290.703,270.0,270.703,10800,9424,1376,87.259259,12.740741,52.478432,43.508849,142.594297,43645,42757,888,4.631261,1350,20.0,290.203,20.127125,290.215359006,PASS
INST_0348,100348,1,1,AODV,100,20,20,2,3,512,20.0,290.0,0.037,20.703,290.703,270.0,270.703,10800,10628,172,98.407407,1.592593,114.237097,29.147606,160.81199,22003,21712,291,2.070286,155,20.0,290.203,20.061233887,291.076278788,PASS
INST_0348,100348,1,1,DSDV,100,20,20,2,3,512,20.0,290.0,0.037,20.703,290.703,270.0,270.703,10800,9219,1581,85.361111,14.638889,30.379504,22.634099,139.492447,8391,8391,0,0.910185,1440,20.0,290.203,20.008369838,290.214540623,PASS
INST_0348,100348,1,1,AOMDV,100,20,20,2,3,512,20.0,290.0,0.037,20.703,290.703,270.0,270.703,10800,9916,884,91.814815,8.185185,19.986089,11.231279,150.038736,37285,36735,550,3.760085,870,20.0,290.203,20.131695015,290.276322194,PASS
INST_0349,100349,1,1,AODV,100,20,20,2,4,512,20.0,290.0,0.037,20.703,290.703,270.0,270.703,10800,10107,693,93.583333,6.416667,140.352825,70.361214,152.928752,49950,48771,1179,4.942119,623,20.0,290.203,20.328752229,290.222653648,PASS
INST_0349,100349,1,1,DSDV,100,20,20,2,4,512,20.0,290.0,0.037,20.703,290.703,270.0,270.703,10800,7767,3033,71.916667,28.083333,45.348792,52.864725,117.522273,7766,7766,0,0.999871,2801,20.0,290.203,20.350588255,290.208837822,PASS
INST_0349,100349,1,1,AOMDV,100,20,20,2,4,512,20.0,290.0,0.037,20.703,290.703,270.0,270.703,10800,9011,1789,83.435185,16.564815,72.231864,35.346539,136.345205,46684,45710,974,5.180779,1760,20.0,290.203,20.333426731,290.210133884,PASS
INST_0350,100350,1,1,AODV,100,20,20,2,5,512,20.0,290.0,0.037,20.703,290.703,270.0,270.703,10800,10229,571,94.712963,5.287037,94.233264,39.142075,154.774731,32208,31666,542,3.148695,456,20.0,290.203,20.381497494,292.314836003,PASS
INST_0350,100350,1,1,DSDV,100,20,20,2,5,512,20.0,290.0,0.037,20.703,290.703,270.0,270.703,10800,8613,2187,79.75,20.25,15.624736,7.326294,130.323077,8381,8381,0,0.973064,2044,20.0,290.203,20.00876853,290.267759552,PASS
INST_0350,100350,1,1,AOMDV,100,20,20,2,5,512,20.0,290.0,0.037,20.703,290.703,270.0,270.703,10800,9332,1468,86.407407,13.592593,34.217902,21.293267,141.202247,51811,51153,658,5.551972,1446,20.0,290.203,20.021227329,290.208878108,PASS
INST_0351,100351,1,1,AODV,100,20,20,4,1,512,20.0,290.0,0.037,20.703,290.703,270.0,270.703,21600,15284,6316,70.759259,29.240741,1179.003403,221.365965,231.261804,80779,79097,1682,5.2852,5834,20.0,290.453,20.50734464,299.246265956,PASS
INST_0351,100351,1,1,DSDV,100,20,20,4,1,512,20.0,290.0,0.037,20.703,290.703,270.0,270.703,21600,15481,6119,71.671296,28.328704,226.025412,91.224325,234.242605,8239,8239,0,0.532201,4903,20.0,290.453,20.128566057,293.963503471,PASS
INST_0351,100351,1,1,AOMDV,100,20,20,4,1,512,20.0,290.0,0.037,20.703,290.703,270.0,270.703,21600,15329,6271,70.967593,29.032407,1129.478103,199.06215,231.942697,58771,57495,1276,3.833975,5446,20.0,290.453,20.395362819,293.042007228,PASS
INST_0352,100352,1,1,AODV,100,20,20,4,2,512,20.0,290.0,0.037,20.703,290.703,270.0,270.703,21600,16771,4829,77.643519,22.356481,973.226689,199.197881,253.761562,82999,81152,1847,4.94896,4436,20.0,290.453,20.188734048,296.85613737,PASS
INST_0352,100352,1,1,DSDV,100,20,20,4,2,512,20.0,290.0,0.037,20.703,290.703,270.0,270.703,21600,16150,5450,74.768519,25.231481,244.445259,81.516828,244.365227,9009,9009,0,0.557833,4810,20.0,290.453,20.119830484,299.861395631,PASS
INST_0352,100352,1,1,AOMDV,100,20,20,4,2,512,20.0,290.0,0.037,20.703,290.703,270.0,270.703,21600,17317,4283,80.171296,19.828704,536.40801,122.778129,262.023073,49581,48467,1114,2.86314,3657,20.0,290.453,20.372516283,291.672834707,PASS
INST_0353,100353,1,1,AODV,100,20,20,4,3,512,20.0,290.0,0.037,20.703,290.703,270.0,270.703,21600,18824,2776,87.148148,12.851852,327.51461,116.412241,284.825451,72756,71312,1444,3.865066,2673,20.0,290.453,20.042201255,291.920197623,PASS
INST_0353,100353,1,1,DSDV,100,20,20,4,3,512,20.0,290.0,0.037,20.703,290.703,270.0,270.703,21600,17707,3893,81.976852,18.023148,129.699668,51.383609,267.924153,9093,9093,0,0.513526,3568,20.0,290.453,20.009089838,294.824167482,PASS
INST_0353,100353,1,1,AOMDV,100,20,20,4,3,512,20.0,290.0,0.037,20.703,290.703,270.0,270.703,21600,19365,2235,89.652778,10.347222,131.973267,43.198117,293.011308,38278,37706,572,1.976659,2182,20.0,290.453,20.01106646,290.464859897,PASS
INST_0354,100354,1,1,AODV,100,20,20,4,4,512,20.0,290.0,0.037,20.703,290.703,270.0,270.703,21600,13462,8138,62.324074,37.675926,1465.529096,333.855772,203.693169,111937,109250,2687,8.315035,7304,20.0,290.453,20.264710023,294.999438158,PASS
INST_0354,100354,1,1,DSDV,100,20,20,4,4,512,20.0,290.0,0.037,20.703,290.703,270.0,270.703,21600,14243,7357,65.939815,34.060185,461.517721,141.18258,215.51046,9131,9131,0,0.641087,6055,20.0,290.453,20.350728255,298.716389668,PASS
INST_0354,100354,1,1,AOMDV,100,20,20,4,4,512,20.0,290.0,0.037,20.703,290.703,270.0,270.703,21600,14679,6921,67.958333,32.041667,1500.386859,230.857213,222.107564,56468,55082,1386,3.846856,6038,20.0,290.453,20.302283409,292.935719974,PASS
INST_0355,100355,1,1,AODV,100,20,20,4,5,512,20.0,290.0,0.037,20.703,290.703,270.0,270.703,21600,16908,4692,78.277778,21.722222,986.841904,225.579713,255.834505,86125,84422,1703,5.093743,4386,20.0,290.453,20.073883668,298.739045384,PASS
INST_0355,100355,1,1,DSDV,100,20,20,4,5,512,20.0,290.0,0.037,20.703,290.703,270.0,270.703,21600,16724,4876,77.425926,22.574074,162.826633,81.925078,253.050406,9533,9533,0,0.570019,4450,20.0,290.453,20.00858853,299.971976717,PASS
INST_0355,100355,1,1,AOMDV,100,20,20,4,5,512,20.0,290.0,0.037,20.703,290.703,270.0,270.703,21600,17646,3954,81.694444,18.305556,224.924771,82.876867,267.001164,53204,52466,738,3.015074,3799,20.0,290.453,20.170769539,291.041927788,PASS
INST_0356,100356,1,1,AODV,100,20,20,8,1,512,20.0,290.0,0.037,20.703,290.703,270.0,270.703,43200,17701,25499,40.974537,59.025463,3646.986159,271.457148,267.833367,86085,84476,1609,4.863285,19493,20.0,290.578,20.066781651,298.084961795,PASS
INST_0356,100356,1,1,DSDV,100,20,20,8,1,512,20.0,290.0,0.037,20.703,290.703,270.0,270.703,43200,18600,24600,43.055556,56.944444,2995.689447,328.908748,281.436113,8727,8727,0,0.469194,10925,20.0,290.578,20.129166057,299.899978287,PASS
INST_0356,100356,1,1,AOMDV,100,20,20,8,1,512,20.0,290.0,0.037,20.703,290.703,270.0,270.703,43200,15427,27773,35.710648,64.289352,6114.135059,349.170028,233.425533,72290,70530,1760,4.68594,12917,20.0,290.578,20.083274905,297.124804864,PASS
INST_0357,100357,1,1,AODV,100,20,20,8,2,512,20.0,290.0,0.037,20.703,290.703,270.0,270.703,43200,19526,23674,45.199074,54.800926,3338.489502,274.755771,295.447394,90268,88243,2025,4.622964,16650,20.0,290.578,20.173409852,295.794944392,PASS
INST_0357,100357,1,1,DSDV,100,20,20,8,2,512,20.0,290.0,0.037,20.703,290.703,270.0,270.703,43200,23225,19975,53.761574,46.238426,1784.060039,220.804533,351.416866,9022,9022,0,0.388461,10039,20.0,290.578,20.119610484,299.962371133,PASS
INST_0357,100357,1,1,AOMDV,100,20,20,8,2,512,20.0,290.0,0.037,20.703,290.703,270.0,270.703,43200,18753,24447,43.409722,56.590278,5229.342595,310.022898,283.751152,65778,64229,1549,3.507599,11405,20.0,290.578,20.165220205,295.190722629,PASS
INST_0358,100358,1,1,AODV,100,20,20,8,3,512,20.0,290.0,0.037,20.703,290.703,270.0,270.703,43200,22929,20271,53.076389,46.923611,2624.775021,236.810102,346.938098,92739,91162,1577,4.044616,13924,20.0,290.578,20.056370301,297.949939512,PASS
INST_0358,100358,1,1,DSDV,100,20,20,8,3,512,20.0,290.0,0.037,20.703,290.703,270.0,270.703,43200,26720,16480,61.851852,38.148148,1292.851958,174.541213,404.29962,10692,10692,0,0.40015,8194,20.0,290.578,20.008629838,299.843000222,PASS
INST_0358,100358,1,1,AOMDV,100,20,20,8,3,512,20.0,290.0,0.037,20.703,290.703,270.0,270.703,43200,24594,18606,56.930556,43.069444,3496.912859,220.027732,372.13117,50682,49675,1007,2.060747,9300,20.0,290.578,20.063189278,294.442981437,PASS
INST_0359,100359,1,1,AODV,100,20,20,8,4,512,20.0,290.0,0.037,20.703,290.703,270.0,270.703,43200,15248,27952,35.296296,64.703704,4101.500814,342.352117,230.717088,95350,93509,1841,6.253279,22051,20.0,290.578,21.099317735,296.970187376,PASS
INST_0359,100359,1,1,DSDV,100,20,20,8,4,512,20.0,290.0,0.037,20.703,290.703,270.0,270.703,43200,16963,26237,39.266204,60.733796,3210.655175,379.62123,256.666709,9402,9402,0,0.554265,11028,20.0,290.578,20.378832795,299.981843545,PASS
INST_0359,100359,1,1,AOMDV,100,20,20,8,4,512,20.0,290.0,0.037,20.703,290.703,270.0,270.703,43200,15456,27744,35.777778,64.222222,5249.363518,337.22604,233.864331,67472,65806,1666,4.365424,13152,20.0,290.578,20.340222822,296.665103427,PASS
INST_0360,100360,2,1,AODV,100,20,20,8,5,512,20.0,290.0,0.037,20.703,290.703,270.0,270.703,43200,20635,22565,47.766204,52.233796,2841.182251,240.76916,312.227644,86714,85140,1574,4.202278,17811,20.0,290.578,20.03707561,298.293314511,PASS
INST_0360,100360,2,1,DSDV,100,20,20,8,5,512,20.0,290.0,0.037,20.703,290.703,270.0,270.703,43200,22804,20396,52.787037,47.212963,2383.72501,246.890551,345.046726,9978,9978,0,0.437555,9411,20.0,290.578,20.00812853,299.980883792,PASS
INST_0360,100360,2,1,AOMDV,100,20,20,8,5,512,20.0,290.0,0.037,20.703,290.703,270.0,270.703,43200,18822,24378,43.569444,56.430556,5666.761312,311.933104,284.795189,67958,66803,1155,3.610562,11524,20.0,290.578,20.034108431,294.737920207,PASS
INST_0361,100361,1,1,AODV,100,20,25,2,1,512,20.0,290.0,0.037,20.888,290.888,270.0,270.888,13500,11257,2243,83.385185,16.614815,649.903251,208.795091,170.213047,81202,79326,1876,7.213467,1944,20.0,290.388,20.241957079,293.718029179,PASS
INST_0361,100361,1,1,DSDV,100,20,25,2,1,512,20.0,290.0,0.037,20.888,290.888,270.0,270.888,13500,9865,3635,73.074074,26.925926,38.430137,42.263504,149.165116,7496,7496,0,0.759858,3361,20.0,290.388,20.156811335,290.356776226,PASS
INST_0361,100361,1,1,AOMDV,100,20,25,2,1,512,20.0,290.0,0.037,20.888,290.888,270.0,270.888,13500,11034,2466,81.733333,18.266667,148.943209,102.601879,166.841145,56764,55537,1227,5.144463,2388,20.0,290.388,20.773962391,290.356656226,PASS
INST_0362,100362,1,1,AODV,100,20,25,2,2,512,20.0,290.0,0.037,20.888,290.888,270.0,270.888,13500,12745,755,94.407407,5.592593,138.564952,68.409654,192.71256,52760,51557,1203,4.139663,656,20.0,290.388,20.20799666,290.406100922,PASS
INST_0362,100362,1,1,DSDV,100,20,25,2,2,512,20.0,290.0,0.037,20.888,290.888,270.0,270.888,13500,10923,2577,80.911111,19.088889,46.116639,55.600573,165.162754,8603,8603,0,0.787604,2324,20.0,290.388,20.119690484,290.411720362,PASS
INST_0362,100362,1,1,AOMDV,100,20,25,2,2,512,20.0,290.0,0.037,20.888,290.888,270.0,270.888,13500,11772,1728,87.2,12.8,57.66822,32.97272,178.000177,47767,46719,1048,4.057679,1678,20.0,290.388,20.223760901,290.406021456,PASS
INST_0363,100363,1,1,AODV,100,20,25,2,3,512,20.0,290.0,0.037,20.888,290.888,270.0,270.888,13500,13104,396,97.066667,2.933333,130.29829,45.394157,198.14087,37848,37187,661,2.888278,350,20.0,290.388,20.08193394,290.39978057,PASS
INST_0363,100363,1,1,DSDV,100,20,25,2,3,512,20.0,290.0,0.037,20.888,290.888,270.0,270.888,13500,11109,2391,82.288889,17.711111,50.016952,64.037418,167.975193,9438,9438,0,0.849581,2265,20.0,290.388,20.008309838,290.407319721,PASS
INST_0363,100363,1,1,AOMDV,100,20,25,2,3,512,20.0,290.0,0.037,20.888,290.888,270.0,270.888,13500,12182,1318,90.237037,9.762963,34.161457,21.590216,184.19964,41859,41174,685,3.436135,1283,20.0,290.388,20.101345478,290.400120578,PASS
INST_0364,100364,1,1,AODV,100,20,25,2,4,512,20.0,290.0,0.037,20.888,290.888,270.0,270.888,13500,11247,2253,83.311111,16.688889,772.798818,257.07369,170.061841,89693,87371,2322,7.974838,2028,20.0,290.388,21.143258639,295.809912496,PASS
INST_0364,100364,1,1,DSDV,100,20,25,2,4,512,20.0,290.0,0.037,20.888,290.888,270.0,270.888,13500,9692,3808,71.792593,28.207407,52.501681,42.198664,146.549245,8228,8228,0,0.848948,3604,20.0,290.388,20.379092795,290.970579519,PASS
INST_0364,100364,1,1,AOMDV,100,20,25,2,4,512,20.0,290.0,0.037,20.888,290.888,270.0,270.888,13500,11171,2329,82.748148,17.251852,135.950174,69.262466,168.912672,50160,48970,1190,4.490198,2290,20.0,290.388,21.284059389,290.745859219,PASS
INST_0365,100365,1,1,AODV,100,20,25,2,5,512,20.0,290.0,0.037,20.888,290.888,270.0,270.888,13500,12622,878,93.496296,6.503704,121.66952,59.989582,190.852721,49463,48446,1017,3.918793,734,20.0,290.388,20.037560308,295.101351077,PASS
INST_0365,100365,1,1,DSDV,100,20,25,2,5,512,20.0,290.0,0.037,20.888,290.888,270.0,270.888,13500,10727,2773,79.459259,20.540741,51.346814,54.217826,162.199108,8507,8507,0,0.793046,2444,20.0,290.388,20.00838853,290.399411824,PASS
INST_0365,100365,1,1,AOMDV,100,20,25,2,5,512,20.0,290.0,0.037,20.888,290.888,270.0,270.888,13500,11631,1869,86.155556,13.844444,61.498688,31.757486,175.868167,55101,54289,812,4.737426,1815,20.0,290.388,20.044172044,290.424968917,PASS
INST_0366,100366,1,1,AODV,100,20,25,4,1,512,20.0,290.0,0.037,20.888,290.888,270.0,270.888,27000,13149,13851,48.7,51.3,3272.460725,479.944256,198.821299,108490,106268,2222,8.250818,11562,20.0,290.638,20.230349204,299.808431933,PASS
INST_0366,100366,1,1,DSDV,100,20,25,4,1,512,20.0,290.0,0.037,20.888,290.888,270.0,270.888,27000,15885,11115,58.833333,41.166667,1455.394406,283.493618,240.191371,8993,8993,0,0.566132,7358,20.0,290.638,20.128606057,299.940583773,PASS
INST_0366,100366,1,1,AOMDV,100,20,25,4,1,512,20.0,290.0,0.037,20.888,290.888,270.0,270.888,27000,13700,13300,50.740741,49.259259,3720.458266,457.755943,207.152772,82746,80604,2142,6.039854,9762,20.0,290.638,20.332765171,293.304145434,PASS
INST_0367,100367,1,1,AODV,100,20,25,4,2,512,20.0,290.0,0.037,20.888,290.888,270.0,270.888,27000,16773,10227,62.122222,37.877778,1972.344945,349.330384,253.618499,104151,101695,2456,6.209444,8191,20.0,290.638,20.137926117,298.547092586,PASS
INST_0367,100367,1,1,DSDV,100,20,25,4,2,512,20.0,290.0,0.037,20.888,290.888,270.0,270.888,27000,19324,7676,71.57037,28.42963,606.49687,167.919074,292.191252,9363,9363,0,0.484527,5505,20.0,290.638,20.120050484,299.915428965,PASS
INST_0367,100367,1,1,AOMDV,100,20,25,4,2,512,20.0,290.0,0.037,20.888,290.888,270.0,270.888,27000,19410,7590,71.888889,28.111111,1355.16089,232.86848,293.491628,60227,58623,1604,3.102885,6251,20.0,290.638,20.353565839,292.954448327,PASS
INST_0368,100368,1,1,AODV,100,20,25,4,3,512,20.0,290.0,0.037,20.888,290.888,270.0,270.888,27000,17858,9142,66.140741,33.859259,1755.766415,335.52091,270.024394,111525,109304,2221,6.2451,7982,20.0,290.638,20.07687393,293.702069859,PASS
INST_0368,100368,1,1,DSDV,100,20,25,4,3,512,20.0,290.0,0.037,20.888,290.888,270.0,270.888,27000,20151,6849,74.633333,25.366667,523.284648,155.530827,304.696022,10856,10856,0,0.538733,4904,20.0,290.638,20.008889838,299.847267013,PASS
INST_0368,100368,1,1,AOMDV,100,20,25,4,3,512,20.0,290.0,0.037,20.888,290.888,270.0,270.888,27000,20768,6232,76.918519,23.081481,1625.70742,201.219512,314.025457,49753,48651,1102,2.395657,5167,20.0,290.638,20.059506183,291.24805959,PASS
INST_0369,100369,1,1,AODV,100,20,25,4,4,512,20.0,290.0,0.037,20.888,290.888,270.0,270.888,27000,13120,13880,48.592593,51.407407,3186.967675,462.6184,198.3828,127101,124234,2867,9.687576,11614,20.0,290.638,20.308571121,299.275210649,PASS
INST_0369,100369,1,1,DSDV,100,20,25,4,4,512,20.0,290.0,0.037,20.888,290.888,270.0,270.888,27000,15679,11321,58.07037,41.92963,1278.054551,315.562556,237.076519,9759,9759,0,0.622425,7504,20.0,290.638,20.378812795,299.929061391,PASS
INST_0369,100369,1,1,AOMDV,100,20,25,4,4,512,20.0,290.0,0.037,20.888,290.888,270.0,270.888,27000,13096,13904,48.503704,51.496296,4075.43009,517.447019,198.019905,81868,79372,2496,6.251374,10289,20.0,290.638,20.347152272,294.365313487,PASS
INST_0370,100370,1,1,AODV,100,20,25,4,5,512,20.0,290.0,0.037,20.888,290.888,270.0,270.888,27000,16878,10122,62.511111,37.488889,2126.675122,316.588953,255.206166,101525,99491,2034,6.015227,8701,20.0,290.638,20.021095037,299.138800421,PASS
INST_0370,100370,1,1,DSDV,100,20,25,4,5,512,20.0,290.0,0.037,20.888,290.888,270.0,270.888,27000,19489,7511,72.181481,27.818519,980.295222,193.00682,294.686158,9337,9337,0,0.479091,5593,20.0,290.638,20.00834853,299.456174387,PASS
INST_0370,100370,1,1,AOMDV,100,20,25,4,5,512,20.0,290.0,0.037,20.888,290.888,270.0,270.888,27000,18093,8907,67.011111,32.988889,2016.998699,278.380404,273.577744,69871,68488,1383,3.86177,7096,20.0,290.638,20.176168713,291.30973748,PASS
INST_0371,100371,1,1,AODV,100,20,25,8,1,512,20.0,290.0,0.037,20.888,290.888,270.0,270.888,54000,14786,39214,27.381481,72.618519,5206.994584,445.802331,223.573787,113873,111729,2144,7.701407,25655,20.0,290.763,20.092095982,299.014755328,PASS
INST_0371,100371,1,1,DSDV,100,20,25,8,1,512,20.0,290.0,0.037,20.888,290.888,270.0,270.888,54000,16833,37167,31.172222,68.827778,5103.025079,397.664024,254.525738,8981,8981,0,0.533535,14065,20.0,290.763,20.156531335,299.771282041,PASS
INST_0371,100371,1,1,AOMDV,100,20,25,8,1,512,20.0,290.0,0.037,20.888,290.888,270.0,270.888,54000,13053,40947,24.172222,75.827778,7751.169659,562.766539,197.369717,87083,84885,2198,6.671493,16954,20.0,290.763,20.082992624,297.281990161,PASS
INST_0372,100372,1,1,AODV,100,20,25,8,2,512,20.0,290.0,0.037,20.888,290.888,270.0,270.888,54000,21362,32638,39.559259,60.440741,4183.233372,303.079232,323.007117,94668,93016,1652,4.431608,21753,20.0,290.763,20.150442737,299.825588321,PASS
INST_0372,100372,1,1,DSDV,100,20,25,8,2,512,20.0,290.0,0.037,20.888,290.888,270.0,270.888,54000,23202,30798,42.966667,57.033333,3996.654439,327.342118,350.829095,10024,10024,0,0.432032,12168,20.0,290.763,20.119330484,299.046076301,PASS
INST_0372,100372,1,1,AOMDV,100,20,25,8,2,512,20.0,290.0,0.037,20.888,290.888,270.0,270.888,54000,18511,35489,34.27963,65.72037,6685.067221,394.030534,279.898172,80217,78047,2170,4.333477,13835,20.0,290.763,20.170669937,297.004548527,PASS
INST_0373,100373,1,1,AODV,100,20,25,8,3,512,20.0,290.0,0.037,20.888,290.888,270.0,270.888,54000,19634,34366,36.359259,63.640741,4299.756374,357.579044,296.878651,105500,103729,1771,5.373332,20299,20.0,290.763,20.082364343,298.050665665,PASS
INST_0373,100373,1,1,DSDV,100,20,25,8,3,512,20.0,290.0,0.037,20.888,290.888,270.0,270.888,54000,26368,27632,48.82963,51.17037,3042.034427,252.735684,398.701042,11201,11201,0,0.424795,11273,20.0,290.763,20.008729838,299.957948968,PASS
INST_0373,100373,1,1,AOMDV,100,20,25,8,3,512,20.0,290.0,0.037,20.888,290.888,270.0,270.888,54000,21582,32418,39.966667,60.033333,5431.112774,336.724437,326.333658,65597,64124,1473,3.039431,13117,20.0,290.763,20.066327315,296.946168564,PASS
INST_0374,100374,1,1,AODV,100,20,25,8,4,512,20.0,290.0,0.037,20.888,290.888,270.0,270.888,54000,10215,43785,18.916667,81.083333,6882.712379,710.980564,154.45734,136416,133710,2706,13.354479,26547,20.0,290.763,20.319599638,299.996005125,PASS
INST_0374,100374,1,1,DSDV,100,20,25,8,4,512,20.0,290.0,0.037,20.888,290.888,270.0,270.888,54000,17646,36354,32.677778,67.322222,5275.473486,419.345696,266.818818,9621,9621,0,0.545223,14048,20.0,290.763,20.379412795,299.808144916,PASS
INST_0374,100374,1,1,AOMDV,100,20,25,8,4,512,20.0,290.0,0.037,20.888,290.888,270.0,270.888,54000,12489,41511,23.127778,76.872222,8248.098021,576.405311,188.841676,83404,81202,2202,6.678197,17120,20.0,290.763,20.369726327,297.183509724,PASS
INST_0375,100375,1,1,AODV,100,20,25,8,5,512,20.0,290.0,0.037,20.888,290.888,270.0,270.888,54000,20253,33747,37.505556,62.494444,3967.721154,323.493936,306.238327,96518,95022,1496,4.765615,22354,20.0,290.763,20.085175522,297.659943806,PASS
INST_0375,100375,1,1,DSDV,100,20,25,8,5,512,20.0,290.0,0.037,20.888,290.888,270.0,270.888,54000,21495,32505,39.805556,60.194444,5180.566624,416.214429,325.018162,10930,10930,0,0.50849,11788,20.0,290.763,20.00896853,299.76444901,PASS
INST_0375,100375,1,1,AOMDV,100,20,25,8,5,512,20.0,290.0,0.037,20.888,290.888,270.0,270.888,54000,17562,36438,32.522222,67.477778,6650.719326,470.643364,265.548684,84401,82685,1716,4.805888,14781,20.0,290.763,20.407101659,295.828152604,PASS
INST_0376,100376,1,1,AODV,100,30,5,2,1,512,20.0,290.0,0.037,20.148,290.148,270.0,270.148,2700,2581,119,95.592593,4.407407,124.542765,46.076251,39.133275,12728,12534,194,4.931422,111,20.0,289.648,20.240079443,289.653656252,PASS
INST_0376,100376,1,1,DSDV,100,30,5,2,1,512,20.0,290.0,0.037,20.148,290.148,270.0,270.148,2700,1956,744,72.444444,27.555556,27.729953,34.767248,29.656988,8907,8907,0,4.553681,623,20.0,289.648,20.128845657,289.666391152,PASS
INST_0376,100376,1,1,AOMDV,100,30,5,2,1,512,20.0,290.0,0.037,20.148,290.148,270.0,270.148,2700,2186,514,80.962963,19.037037,24.557294,12.372957,33.144262,34002,33743,259,15.554437,503,20.0,289.648,20.071273587,289.653956253,PASS
INST_0377,100377,1,1,AODV,100,30,5,2,2,512,20.0,290.0,0.037,20.148,290.148,270.0,270.148,2700,2594,106,96.074074,3.925926,544.691629,79.141261,39.330382,11745,11608,137,4.527756,105,20.0,289.648,20.258784813,289.659879339,PASS
INST_0377,100377,1,1,DSDV,100,30,5,2,2,512,20.0,290.0,0.037,20.148,290.148,270.0,270.148,2700,1929,771,71.444444,28.555556,262.555448,136.280217,29.247612,9682,9682,0,5.019181,672,20.0,289.648,20.119350543,289.659379339,PASS
INST_0377,100377,1,1,AOMDV,100,30,5,2,2,512,20.0,290.0,0.037,20.148,290.148,270.0,270.148,2700,2285,415,84.62963,15.37037,45.722264,68.355628,34.645306,31649,31459,190,13.850766,399,20.0,289.648,20.154868779,289.666060591,PASS
INST_0378,100378,1,1,AODV,100,30,5,2,3,512,20.0,290.0,0.037,20.148,290.148,270.0,270.148,2700,2646,54,98.0,2.0,75.908411,27.71202,40.118809,10282,10083,199,3.885865,50,20.0,289.648,20.083507959,289.665942038,PASS
INST_0378,100378,1,1,DSDV,100,30,5,2,3,512,20.0,290.0,0.037,20.148,290.148,270.0,270.148,2700,1893,807,70.111111,29.888889,88.220529,80.315746,28.701778,9938,9938,0,5.249868,685,20.0,289.648,20.008950685,289.668829312,PASS
INST_0378,100378,1,1,AOMDV,100,30,5,2,3,512,20.0,290.0,0.037,20.148,290.148,270.0,270.148,2700,2205,495,81.666667,18.333333,19.574569,9.423144,33.432341,33130,32896,234,15.024943,490,20.0,289.648,20.101144488,289.665162432,PASS
INST_0379,100379,1,1,AODV,100,30,5,2,4,512,20.0,290.0,0.037,20.148,290.148,270.0,270.148,2700,2640,60,97.777778,2.222222,341.455227,85.953439,40.027837,11952,11785,167,4.527273,57,20.0,289.648,20.063739916,292.202921974,PASS
INST_0379,100379,1,1,DSDV,100,30,5,2,4,512,20.0,290.0,0.037,20.148,290.148,270.0,270.148,2700,1991,709,73.740741,26.259259,124.038471,115.782097,30.18766,8758,8758,0,4.398795,627,20.0,289.648,20.008989133,289.659499548,PASS
INST_0379,100379,1,1,AOMDV,100,30,5,2,4,512,20.0,290.0,0.037,20.148,290.148,270.0,270.148,2700,2293,407,84.925926,15.074074,17.489529,7.164986,34.766602,32245,32052,193,14.062364,396,20.0,289.648,20.216595363,289.65355699,PASS
INST_0380,100380,1,1,AODV,100,30,5,2,5,512,20.0,290.0,0.037,20.148,290.148,270.0,270.148,2700,2632,68,97.481481,2.518519,129.136134,46.939346,39.90654,11934,11729,205,4.534195,62,20.0,289.648,20.035931439,289.672040653,PASS
INST_0380,100380,1,1,DSDV,100,30,5,2,5,512,20.0,290.0,0.037,20.148,290.148,270.0,270.148,2700,1988,712,73.62963,26.37037,204.729783,290.251639,30.142174,8588,8588,0,4.31992,630,20.0,289.648,20.008768432,289.660059788,PASS
INST_0380,100380,1,1,AOMDV,100,30,5,2,5,512,20.0,290.0,0.037,20.148,290.148,270.0,270.148,2700,2236,464,82.814815,17.185185,19.227349,11.074788,33.902365,33245,32962,283,14.868068,459,20.0,289.648,20.068126046,289.665600125,PASS
INST_0381,100381,1,1,AODV,100,30,5,4,1,512,20.0,290.0,0.037,20.148,290.148,270.0,270.148,5400,5327,73,98.648148,1.351852,131.043982,27.102838,80.76829,14374,14130,244,2.698329,65,20.0,289.898,20.267437465,289.903796266,PASS
INST_0381,100381,1,1,DSDV,100,30,5,4,1,512,20.0,290.0,0.037,20.148,290.148,270.0,270.148,5400,3991,1409,73.907407,26.092593,35.445707,26.664246,60.511779,9031,9031,0,2.262841,1206,20.0,289.898,20.156951644,289.903796266,PASS
INST_0381,100381,1,1,AOMDV,100,30,5,4,1,512,20.0,290.0,0.037,20.148,290.148,270.0,270.148,5400,4448,952,82.37037,17.62963,17.251157,5.568676,67.44084,33143,32942,201,7.451214,938,20.0,289.898,20.076160014,289.903496266,PASS
INST_0382,100382,1,1,AODV,100,30,5,4,2,512,20.0,290.0,0.037,20.148,290.148,270.0,270.148,5400,5213,187,96.537037,3.462963,112.430411,18.74759,79.039815,11072,10937,135,2.123921,181,20.0,289.898,20.150505973,289.910379146,PASS
INST_0382,100382,1,1,DSDV,100,30,5,4,2,512,20.0,290.0,0.037,20.148,290.148,270.0,270.148,5400,3834,1566,71.0,29.0,11.213655,2.56412,58.131335,8852,8852,0,2.308816,1362,20.0,289.898,20.120010543,289.910303632,PASS
INST_0382,100382,1,1,AOMDV,100,30,5,4,2,512,20.0,290.0,0.037,20.148,290.148,270.0,270.148,5400,4433,967,82.092593,17.907407,13.655331,4.43141,67.213409,32342,32141,201,7.295737,924,20.0,289.898,20.310806437,289.873258877,PASS
INST_0383,100383,1,1,AODV,100,30,5,4,3,512,20.0,290.0,0.037,20.148,290.148,270.0,270.148,5400,5300,100,98.148148,1.851852,79.851479,17.960267,80.358914,11736,11501,235,2.21434,90,20.0,289.898,20.082494886,289.92784147,PASS
INST_0383,100383,1,1,DSDV,100,30,5,4,3,512,20.0,290.0,0.037,20.148,290.148,270.0,270.148,5400,3830,1570,70.925926,29.074074,30.95705,24.739737,58.070687,10684,10684,0,2.789556,1412,20.0,289.898,20.009070685,290.307680832,PASS
INST_0383,100383,1,1,AOMDV,100,30,5,4,3,512,20.0,290.0,0.037,20.148,290.148,270.0,270.148,5400,4443,957,82.277778,17.722222,14.70402,4.14732,67.36503,32571,32347,224,7.330858,953,20.0,289.898,20.1302507,289.915921418,PASS
INST_0384,100384,1,1,AODV,100,30,5,4,4,512,20.0,290.0,0.037,20.148,290.148,270.0,270.148,5400,5343,57,98.944444,1.055556,42.519628,11.934388,81.010883,8275,8135,140,1.548755,46,20.0,289.898,20.092303954,289.910357311,PASS
INST_0384,100384,1,1,DSDV,100,30,5,4,4,512,20.0,290.0,0.037,20.148,290.148,270.0,270.148,5400,3924,1476,72.666667,27.333333,111.164329,151.293985,59.495921,8972,8972,0,2.286442,1316,20.0,289.898,20.009369133,289.904037002,PASS
INST_0384,100384,1,1,AOMDV,100,30,5,4,4,512,20.0,290.0,0.037,20.148,290.148,270.0,270.148,5400,4488,912,83.111111,16.888889,15.729995,4.196731,68.047322,32095,31928,167,7.151292,894,20.0,289.898,20.060701147,289.907752255,PASS
INST_0385,100385,1,1,AODV,100,30,5,4,5,512,20.0,290.0,0.037,20.148,290.148,270.0,270.148,5400,5312,88,98.37037,1.62963,132.100608,25.83147,80.540859,12244,12019,225,2.30497,76,20.0,289.898,20.064452789,289.934503142,PASS
INST_0385,100385,1,1,DSDV,100,30,5,4,5,512,20.0,290.0,0.037,20.148,290.148,270.0,270.148,5400,3617,1783,66.981481,33.018519,11.508833,2.8965,54.841169,8816,8816,0,2.437379,1557,20.0,289.898,20.008728432,289.916127504,PASS
INST_0385,100385,1,1,AOMDV,100,30,5,4,5,512,20.0,290.0,0.037,20.148,290.148,270.0,270.148,5400,4426,974,81.962963,18.037037,15.973392,5.743449,67.107275,33337,33039,298,7.532083,948,20.0,289.898,20.067793895,289.929007733,PASS
INST_0386,100386,1,1,AODV,100,30,5,8,1,512,20.0,290.0,0.037,20.148,290.148,270.0,270.148,10800,10088,712,93.407407,6.592593,141.342078,19.410497,152.954854,13194,12964,230,1.307891,694,20.0,290.023,20.094483032,290.028836273,PASS
INST_0386,100386,1,1,DSDV,100,30,5,8,1,512,20.0,290.0,0.037,20.148,290.148,270.0,270.148,10800,7828,2972,72.481481,27.518519,38.05191,54.7072,118.6886,9515,9515,0,1.215508,2493,20.0,290.023,20.156311644,290.02892376,PASS
INST_0386,100386,1,1,AOMDV,100,30,5,8,1,512,20.0,290.0,0.037,20.148,290.148,270.0,270.148,10800,9037,1763,83.675926,16.324074,20.367889,6.378848,137.01953,33148,32955,193,3.668031,1727,20.0,290.023,20.31343174,290.028996273,PASS
INST_0387,100387,1,1,AODV,100,30,5,8,2,512,20.0,290.0,0.037,20.148,290.148,270.0,270.148,10800,10394,406,96.240741,3.759259,161.435983,18.284062,157.594445,14608,14433,175,1.405426,389,20.0,290.023,20.300325826,290.041380662,PASS
INST_0387,100387,1,1,DSDV,100,30,5,8,2,512,20.0,290.0,0.037,20.148,290.148,270.0,270.148,10800,7884,2916,73.0,27.0,51.102626,24.135497,119.537676,10242,10242,0,1.299087,2666,20.0,290.023,20.119570543,293.141180915,PASS
INST_0387,100387,1,1,AOMDV,100,30,5,8,2,512,20.0,290.0,0.037,20.148,290.148,270.0,270.148,10800,9137,1663,84.601852,15.398148,19.565485,5.30735,138.535736,31923,31738,185,3.493816,1641,20.0,290.023,20.206645328,289.998290298,PASS
INST_0388,100388,1,1,AODV,100,30,5,8,3,512,20.0,290.0,0.037,20.148,290.148,270.0,270.148,10800,10411,389,96.398148,3.601852,91.910146,20.548935,157.8522,20074,19666,408,1.928153,359,20.0,290.023,20.081800902,290.047382634,PASS
INST_0388,100388,1,1,DSDV,100,30,5,8,3,512,20.0,290.0,0.037,20.148,290.148,270.0,270.148,10800,7995,2805,74.027778,25.972222,51.9327,19.740516,121.220664,11072,11072,0,1.384866,2630,20.0,290.023,20.008490685,296.004755127,PASS
INST_0388,100388,1,1,AOMDV,100,30,5,8,3,512,20.0,290.0,0.037,20.148,290.148,270.0,270.148,10800,8904,1896,82.444444,17.555556,33.001412,30.856186,135.002976,32585,32341,244,3.659591,1870,20.0,290.023,20.093616616,290.048356967,PASS
INST_0389,100389,1,1,AODV,100,30,5,8,4,512,20.0,290.0,0.037,20.148,290.148,270.0,270.148,10800,10240,560,94.814815,5.185185,113.939095,19.878631,155.259487,15251,14868,383,1.489355,544,20.0,290.023,20.053718209,290.035277153,PASS
INST_0389,100389,1,1,DSDV,100,30,5,8,4,512,20.0,290.0,0.037,20.148,290.148,270.0,270.148,10800,7624,3176,70.592593,29.407407,19.76953,8.218489,115.59554,9789,9789,0,1.283972,2737,20.0,290.023,20.009389133,291.551480055,PASS
INST_0389,100389,1,1,AOMDV,100,30,5,8,4,512,20.0,290.0,0.037,20.148,290.148,270.0,270.148,10800,8986,1814,83.203704,16.796296,77.062891,35.030345,136.246265,33267,33037,230,3.702092,1757,20.0,290.023,20.253823862,290.028937007,PASS
INST_0390,100390,1,1,AODV,100,30,5,8,5,512,20.0,290.0,0.037,20.148,290.148,270.0,270.148,10800,10256,544,94.962963,5.037037,167.605895,21.538625,155.50208,20996,20601,395,2.047192,497,20.0,290.023,20.01766475,290.040960628,PASS
INST_0390,100390,1,1,DSDV,100,30,5,8,5,512,20.0,290.0,0.037,20.148,290.148,270.0,270.148,10800,8245,2555,76.342593,23.657407,20.691495,8.978731,125.011179,10165,10165,0,1.232868,2261,20.0,290.023,20.009088432,290.275059682,PASS
INST_0390,100390,1,1,AOMDV,100,30,5,8,5,512,20.0,290.0,0.037,20.148,290.148,270.0,270.148,10800,8687,2113,80.435185,19.564815,25.32856,9.278808,131.712809,33664,33342,322,3.875216,2079,20.0,290.023,20.060014368,290.046200793,PASS
INST_0391,100391,1,1,AODV,100,30,10,2,1,512,20.0,290.0,0.037,20.333,290.333,270.0,270.333,5400,5176,224,95.851852,4.148148,241.057293,61.207495,78.425113,26155,25700,455,5.05313,208,20.0,289.833,20.066004823,292.074593838,PASS
INST_0391,100391,1,1,DSDV,100,30,10,2,1,512,20.0,290.0,0.037,20.333,290.333,270.0,270.333,5400,3755,1645,69.537037,30.462963,85.376309,148.705686,56.894571,8687,8687,0,2.313449,1455,20.0,289.833,20.156511644,289.743594317,PASS
INST_0391,100391,1,1,AOMDV,100,30,10,2,1,512,20.0,290.0,0.037,20.333,290.333,270.0,270.333,5400,4494,906,83.222222,16.777778,19.233239,9.454417,68.091665,37525,37061,464,8.350022,891,20.0,289.833,20.187008376,289.702780421,PASS
INST_0392,100392,1,1,AODV,100,30,10,2,2,512,20.0,290.0,0.037,20.333,290.333,270.0,270.333,5400,5155,245,95.462963,4.537037,388.038731,61.329684,78.106927,20487,20167,320,3.9742,230,20.0,289.833,20.242213432,289.928198354,PASS
INST_0392,100392,1,1,DSDV,100,30,10,2,2,512,20.0,290.0,0.037,20.333,290.333,270.0,270.333,5400,4026,1374,74.555556,25.444444,69.078916,60.738804,61.000677,8980,8980,0,2.230502,1208,20.0,289.833,20.119730543,289.866508025,PASS
INST_0392,100392,1,1,AOMDV,100,30,10,2,2,512,20.0,290.0,0.037,20.333,290.333,270.0,270.333,5400,4623,777,85.611111,14.388889,20.176984,15.149268,70.046232,35853,35407,446,7.755354,750,20.0,289.833,20.224483043,289.813541354,PASS
INST_0393,100393,1,1,AODV,100,30,10,2,3,512,20.0,290.0,0.037,20.333,290.333,270.0,270.333,5400,5217,183,96.611111,3.388889,157.988912,45.198797,79.046332,22286,21884,402,4.271804,172,20.0,289.833,20.080752486,289.8390773,PASS
INST_0393,100393,1,1,DSDV,100,30,10,2,3,512,20.0,290.0,0.037,20.333,290.333,270.0,270.333,5400,4088,1312,75.703704,24.296296,107.079672,190.644886,61.940081,10462,10462,0,2.559198,1223,20.0,289.833,20.008530685,289.856398859,PASS
INST_0393,100393,1,1,AOMDV,100,30,10,2,3,512,20.0,290.0,0.037,20.333,290.333,270.0,270.333,5400,4500,900,83.333333,16.666667,18.962652,9.436901,68.182575,37014,36576,438,8.225333,886,20.0,289.833,20.098469254,289.8387973,PASS
INST_0394,100394,1,1,AODV,100,30,10,2,4,512,20.0,290.0,0.037,20.333,290.333,270.0,270.333,5400,5120,280,94.814815,5.185185,226.465862,62.218251,77.576618,22058,21647,411,4.308203,245,20.0,289.833,20.060732468,289.850979139,PASS
INST_0394,100394,1,1,DSDV,100,30,10,2,4,512,20.0,290.0,0.037,20.333,290.333,270.0,270.333,5400,3732,1668,69.111111,30.888889,257.294693,339.011591,56.546082,9404,9404,0,2.519829,1494,20.0,289.833,20.008629133,289.83877787,PASS
INST_0394,100394,1,1,AOMDV,100,30,10,2,4,512,20.0,290.0,0.037,20.333,290.333,270.0,270.333,5400,4362,1038,80.777778,19.222222,28.965824,30.07444,66.091643,36599,36255,344,8.390417,1019,20.0,289.833,20.040959394,289.83907787,PASS
INST_0395,100395,1,1,AODV,100,30,10,2,5,512,20.0,290.0,0.037,20.333,290.333,270.0,270.333,5400,5238,162,97.0,3.0,110.925303,45.239509,79.364517,24420,23964,456,4.662085,138,20.0,289.833,20.016886487,289.856484154,PASS
INST_0395,100395,1,1,DSDV,100,30,10,2,5,512,20.0,290.0,0.037,20.333,290.333,270.0,270.333,5400,3968,1432,73.481481,26.518519,125.87454,119.299335,60.121879,10180,10180,0,2.565524,1250,20.0,289.833,20.009088432,289.894255805,PASS
INST_0395,100395,1,1,AOMDV,100,30,10,2,5,512,20.0,290.0,0.037,20.333,290.333,270.0,270.333,5400,4474,926,82.851852,17.148148,21.816175,13.559187,67.788631,38138,37596,542,8.524363,908,20.0,289.833,20.094480978,289.863298376,PASS
INST_0396,100396,1,1,AODV,100,30,10,4,1,512,20.0,290.0,0.037,20.333,290.333,270.0,270.333,10800,10125,675,93.75,6.25,421.477571,64.901763,153.410793,26721,26238,483,2.639111,604,20.0,290.083,20.539082223,290.117904497,PASS
INST_0396,100396,1,1,DSDV,100,30,10,4,1,512,20.0,290.0,0.037,20.333,290.333,270.0,270.333,10800,7537,3263,69.787037,30.212963,130.363637,199.280929,114.198237,9887,9887,0,1.311795,2846,20.0,290.083,20.156631644,291.185602036,PASS
INST_0396,100396,1,1,AOMDV,100,30,10,4,1,512,20.0,290.0,0.037,20.333,290.333,270.0,270.333,10800,8829,1971,81.75,18.25,61.380843,63.478595,133.774212,38475,37985,490,4.357798,1906,20.0,290.083,20.077389865,290.057820442,PASS
INST_0397,100397,1,1,AODV,100,30,10,4,2,512,20.0,290.0,0.037,20.333,290.333,270.0,270.333,10800,10505,295,97.268519,2.731481,213.296824,37.374307,159.168433,22513,22057,456,2.143075,272,20.0,290.083,20.088446033,290.100542378,PASS
INST_0397,100397,1,1,DSDV,100,30,10,4,2,512,20.0,290.0,0.037,20.333,290.333,270.0,270.333,10800,8332,2468,77.148148,22.851852,35.878628,45.301693,126.243825,9910,9910,0,1.18939,2304,20.0,290.083,20.120330543,290.323836105,PASS
INST_0397,100397,1,1,AOMDV,100,30,10,4,2,512,20.0,290.0,0.037,20.333,290.333,270.0,270.333,10800,9123,1677,84.472222,15.527778,30.953544,23.59648,138.228807,36719,36272,447,4.024882,1656,20.0,290.083,20.204109443,290.107482461,PASS
INST_0398,100398,1,1,AODV,100,30,10,4,3,512,20.0,290.0,0.037,20.333,290.333,270.0,270.333,10800,10546,254,97.648148,2.351852,80.927297,25.486301,159.789652,24878,24432,446,2.358999,235,20.0,290.083,20.080682063,290.114840569,PASS
INST_0398,100398,1,1,DSDV,100,30,10,4,3,512,20.0,290.0,0.037,20.333,290.333,270.0,270.333,10800,7873,2927,72.898148,27.101852,68.334438,73.579725,119.289203,11128,11128,0,1.413438,2706,20.0,290.083,20.008390685,291.487661242,PASS
INST_0398,100398,1,1,AOMDV,100,30,10,4,3,512,20.0,290.0,0.037,20.333,290.333,270.0,270.333,10800,8930,1870,82.685185,17.314815,22.537887,10.952163,135.304532,37437,36964,473,4.192273,1848,20.0,290.083,20.063194253,290.089057313,PASS
INST_0399,100399,1,1,AODV,100,30,10,4,4,512,20.0,290.0,0.037,20.333,290.333,270.0,270.333,10800,10088,712,93.407407,6.592593,136.80843,37.812669,152.850181,28412,27809,603,2.816416,672,20.0,290.083,20.03975253,290.100158095,PASS
INST_0399,100399,1,1,DSDV,100,30,10,4,4,512,20.0,290.0,0.037,20.333,290.333,270.0,270.333,10800,7530,3270,69.722222,30.277778,197.581406,199.820454,114.092175,9971,9971,0,1.32417,2868,20.0,290.083,20.008609133,290.300754562,PASS
INST_0399,100399,1,1,AOMDV,100,30,10,4,4,512,20.0,290.0,0.037,20.333,290.333,270.0,270.333,10800,8580,2220,79.444444,20.555556,27.027146,14.683814,130.001443,38072,37619,453,4.437296,2176,20.0,290.083,20.041237833,290.136435383,PASS
INST_0400,100400,1,1,AODV,100,30,10,4,5,512,20.0,290.0,0.037,20.333,290.333,270.0,270.333,10800,10287,513,95.25,4.75,177.853189,52.449996,155.865366,40691,39758,933,3.955575,478,20.0,290.083,20.12780186,290.119024913,PASS
INST_0400,100400,1,1,DSDV,100,30,10,4,5,512,20.0,290.0,0.037,20.333,290.333,270.0,270.333,10800,7633,3167,70.675926,29.324074,81.1986,46.923811,115.652799,10846,10846,0,1.420935,2845,20.0,290.083,20.008168432,292.418723269,PASS
INST_0400,100400,1,1,AOMDV,100,30,10,4,5,512,20.0,290.0,0.037,20.333,290.333,270.0,270.333,10800,8841,1959,81.861111,18.138889,30.149601,15.9732,133.956032,37773,37246,527,4.27248,1923,20.0,290.083,20.25195843,290.106443395,PASS
INST_0401,100401,1,1,AODV,100,30,10,8,1,512,20.0,290.0,0.037,20.333,290.333,270.0,270.333,21600,14457,7143,66.930556,33.069444,1357.290272,155.164213,219.047885,52831,51849,982,3.654354,5983,20.0,290.208,20.090462214,290.865888407,PASS
INST_0401,100401,1,1,DSDV,100,30,10,8,1,512,20.0,290.0,0.037,20.333,290.333,270.0,270.333,21600,13236,8364,61.277778,38.722222,278.74717,62.107298,200.54768,9991,9991,0,0.754835,5727,20.0,290.208,20.157091644,294.929181369,PASS
INST_0401,100401,1,1,AOMDV,100,30,10,8,1,512,20.0,290.0,0.037,20.333,290.333,270.0,270.333,21600,14768,6832,68.37037,31.62963,1388.928196,148.038151,223.760059,47275,46550,725,3.201178,5381,20.0,290.208,20.475939178,290.396357345,PASS
INST_0402,100402,1,1,AODV,100,30,10,8,2,512,20.0,290.0,0.037,20.333,290.333,270.0,270.333,21600,17384,4216,80.481481,19.518519,414.785556,64.654038,263.396862,41856,40909,947,2.407731,3907,20.0,290.208,20.212745933,291.143273195,PASS
INST_0402,100402,1,1,DSDV,100,30,10,8,2,512,20.0,290.0,0.037,20.333,290.333,270.0,270.333,21600,15127,6473,70.032407,29.967593,341.8348,63.246086,229.199513,11165,11165,0,0.738084,4927,20.0,290.208,20.119570543,299.66589682,PASS
INST_0402,100402,1,1,AOMDV,100,30,10,8,2,512,20.0,290.0,0.037,20.333,290.333,270.0,270.333,21600,17460,4140,80.833333,19.166667,211.481319,61.349656,264.54839,37598,37095,503,2.153379,3753,20.0,290.208,20.160621697,291.023979677,PASS
INST_0403,100403,1,1,AODV,100,30,10,8,3,512,20.0,290.0,0.037,20.333,290.333,270.0,270.333,21600,17069,4531,79.023148,20.976852,469.733287,91.559637,258.624082,61668,60256,1412,3.612865,4179,20.0,290.208,20.095207992,297.08273016,PASS
INST_0403,100403,1,1,DSDV,100,30,10,8,3,512,20.0,290.0,0.037,20.333,290.333,270.0,270.333,21600,14219,7381,65.828704,34.171296,402.756882,87.019146,215.441785,12402,12402,0,0.872213,5236,20.0,290.208,20.008670685,299.785139529,PASS
INST_0403,100403,1,1,AOMDV,100,30,10,8,3,512,20.0,290.0,0.037,20.333,290.333,270.0,270.333,21600,16801,4799,77.782407,22.217593,408.790531,80.16335,254.563431,39266,38747,519,2.337123,4118,20.0,290.208,20.107841143,291.286903649,PASS
INST_0404,100404,1,1,AODV,100,30,10,8,4,512,20.0,290.0,0.037,20.333,290.333,270.0,270.333,21600,14865,6735,68.819444,31.180556,703.966803,134.901499,225.229772,68343,66989,1354,4.597578,6191,20.0,290.208,20.082254409,292.653222926,PASS
INST_0404,100404,1,1,DSDV,100,30,10,8,4,512,20.0,290.0,0.037,20.333,290.333,270.0,270.333,21600,13402,8198,62.046296,37.953704,518.902703,121.736085,203.06286,11440,11440,0,0.853604,6195,20.0,290.208,20.008749133,296.825099633,PASS
INST_0404,100404,1,1,AOMDV,100,30,10,8,4,512,20.0,290.0,0.037,20.333,290.333,270.0,270.333,21600,15745,5855,72.893519,27.106481,554.285152,80.095775,238.563253,43443,42748,695,2.759162,5330,20.0,290.208,20.052744519,290.421689796,PASS
INST_0405,100405,1,1,AODV,100,30,10,8,5,512,20.0,290.0,0.037,20.333,290.333,270.0,270.333,21600,16056,5544,74.333333,25.666667,378.270191,98.356047,243.275427,77993,76080,1913,4.857561,5267,20.0,290.208,20.045566525,290.871408607,PASS
INST_0405,100405,1,1,DSDV,100,30,10,8,5,512,20.0,290.0,0.037,20.333,290.333,270.0,270.333,21600,13235,8365,61.273148,38.726852,424.945021,121.425619,200.532528,11193,11193,0,0.845712,6265,20.0,290.208,20.008948432,298.363094405,PASS
INST_0405,100405,1,1,AOMDV,100,30,10,8,5,512,20.0,290.0,0.037,20.333,290.333,270.0,270.333,21600,15458,6142,71.564815,28.435185,476.970839,65.84423,234.21472,42216,41466,750,2.731013,5545,20.0,290.208,20.429001288,290.487236995,PASS
INST_0406,100406,1,1,AODV,100,30,15,2,1,512,20.0,290.0,0.037,20.518,290.518,270.0,270.518,8100,7714,386,95.234568,4.765432,108.417114,51.744587,116.800154,30418,29921,497,3.94322,356,20.0,290.018,20.388835664,290.672513329,PASS
INST_0406,100406,1,1,DSDV,100,30,15,2,1,512,20.0,290.0,0.037,20.518,290.518,270.0,270.518,8100,5658,2442,69.851852,30.148148,59.293225,76.608543,85.669597,9172,9172,0,1.621068,2154,20.0,290.018,20.157291644,290.029378873,PASS
INST_0406,100406,1,1,AOMDV,100,30,15,2,1,512,20.0,290.0,0.037,20.518,290.518,270.0,270.518,8100,6602,1498,81.506173,18.493827,49.279196,46.155539,99.963004,47458,46849,609,7.188428,1464,20.0,290.018,20.267554786,290.029818885,PASS
INST_0407,100407,1,1,AODV,100,30,15,2,2,512,20.0,290.0,0.037,20.518,290.518,270.0,270.518,8100,7675,425,94.753086,5.246914,103.23899,41.75195,116.209642,33166,32617,549,4.321303,307,20.0,290.018,20.082680548,290.030179585,PASS
INST_0407,100407,1,1,DSDV,100,30,15,2,2,512,20.0,290.0,0.037,20.518,290.518,270.0,270.518,8100,5864,2236,72.395062,27.604938,45.051973,58.146779,88.788709,9214,9214,0,1.571282,2053,20.0,290.018,20.119650543,290.038824468,PASS
INST_0407,100407,1,1,AOMDV,100,30,15,2,2,512,20.0,290.0,0.037,20.518,290.518,270.0,270.518,8100,6607,1493,81.567901,18.432099,25.518139,14.601958,100.038711,42292,41556,736,6.40109,1467,20.0,290.018,20.153997587,290.030059966,PASS
INST_0408,100408,1,1,AODV,100,30,15,2,3,512,20.0,290.0,0.037,20.518,290.518,270.0,270.518,8100,7887,213,97.37037,2.62963,245.45158,47.049185,119.419602,27586,27113,473,3.497654,173,20.0,290.018,20.075540592,290.029829966,PASS
INST_0408,100408,1,1,DSDV,100,30,15,2,3,512,20.0,290.0,0.037,20.518,290.518,270.0,270.518,8100,6360,1740,78.518519,21.481481,115.103157,207.011865,96.298805,11345,11345,0,1.783805,1539,20.0,290.018,20.008970685,290.1581725,PASS
INST_0408,100408,1,1,AOMDV,100,30,15,2,3,512,20.0,290.0,0.037,20.518,290.518,270.0,270.518,8100,6905,1195,85.246914,14.753086,18.595746,9.287738,104.550825,39801,39227,574,5.764084,1177,20.0,290.018,20.060648527,290.024016324,PASS
INST_0409,100409,1,1,AODV,100,30,15,2,4,512,20.0,290.0,0.037,20.518,290.518,270.0,270.518,8100,7709,391,95.17284,4.82716,164.567877,59.460452,116.724447,33999,33229,770,4.4103,361,20.0,290.018,20.038554038,290.035460559,PASS
INST_0409,100409,1,1,DSDV,100,30,15,2,4,512,20.0,290.0,0.037,20.518,290.518,270.0,270.518,8100,5522,2578,68.17284,31.82716,155.609291,171.663872,83.610377,9781,9781,0,1.771279,2328,20.0,290.018,20.009009133,290.029560338,PASS
INST_0409,100409,1,1,AOMDV,100,30,15,2,4,512,20.0,290.0,0.037,20.518,290.518,270.0,270.518,8100,6379,1721,78.753086,21.246914,68.467631,92.377204,96.58649,43800,43067,733,6.86628,1676,20.0,290.018,20.04801281,290.030240338,PASS
INST_0410,100410,1,1,AODV,100,30,15,2,5,512,20.0,290.0,0.037,20.518,290.518,270.0,270.518,8100,7648,452,94.419753,5.580247,180.061345,46.968523,115.800827,32194,31571,623,4.209467,400,20.0,290.018,20.085297941,291.481906176,PASS
INST_0410,100410,1,1,DSDV,100,30,15,2,5,512,20.0,290.0,0.037,20.518,290.518,270.0,270.518,8100,5934,2166,73.259259,26.740741,17.416898,9.148363,89.848602,9685,9685,0,1.63212,1962,20.0,290.018,20.008948432,290.041834967,PASS
INST_0410,100410,1,1,AOMDV,100,30,15,2,5,512,20.0,290.0,0.037,20.518,290.518,270.0,270.518,8100,6723,1377,83.0,17.0,29.205379,20.422999,101.795104,49623,48938,685,7.38108,1352,20.0,290.018,20.109718949,290.024098073,PASS
INST_0411,100411,1,1,AODV,100,30,15,4,1,512,20.0,290.0,0.037,20.518,290.518,270.0,270.518,16200,13811,2389,85.253086,14.746914,580.32388,126.349883,209.116791,59146,58085,1061,4.282528,2208,20.0,290.268,20.424629398,290.279638847,PASS
INST_0411,100411,1,1,DSDV,100,30,15,4,1,512,20.0,290.0,0.037,20.518,290.518,270.0,270.518,16200,11604,4596,71.62963,28.37037,106.866609,94.154584,175.699894,10680,10680,0,0.920372,4027,20.0,290.268,20.157171644,293.313652492,PASS
INST_0411,100411,1,1,AOMDV,100,30,15,4,1,512,20.0,290.0,0.037,20.518,290.518,270.0,270.518,16200,12584,3616,77.679012,22.320988,171.991359,69.98545,190.538389,52452,51562,890,4.16815,3540,20.0,290.268,20.713191461,290.280080843,PASS
INST_0412,100412,1,1,AODV,100,30,15,4,2,512,20.0,290.0,0.037,20.518,290.518,270.0,270.518,16200,14236,1964,87.876543,12.123457,421.4461,88.619423,215.551852,50878,49957,921,3.573897,1822,20.0,290.268,20.241404973,290.279739897,PASS
INST_0412,100412,1,1,DSDV,100,30,15,4,2,512,20.0,290.0,0.037,20.518,290.518,270.0,270.518,16200,11452,4748,70.691358,29.308642,271.456801,108.218285,173.398413,11142,11142,0,0.97293,4213,20.0,290.268,20.119730543,297.920745935,PASS
INST_0412,100412,1,1,AOMDV,100,30,15,4,2,512,20.0,290.0,0.037,20.518,290.518,270.0,270.518,16200,13008,3192,80.296296,19.703704,115.578257,42.255641,196.95831,43044,42240,804,3.309041,3103,20.0,290.268,20.246205946,290.279560293,PASS
INST_0413,100413,1,1,AODV,100,30,15,4,3,512,20.0,290.0,0.037,20.518,290.518,270.0,270.518,16200,14830,1370,91.54321,8.45679,359.121214,68.304411,224.545797,46077,45216,861,3.107013,1310,20.0,290.268,20.094474914,291.969550702,PASS
INST_0413,100413,1,1,DSDV,100,30,15,4,3,512,20.0,290.0,0.037,20.518,290.518,270.0,270.518,16200,11880,4320,73.333333,26.666667,163.776084,129.490705,179.878899,11640,11640,0,0.979798,3800,20.0,290.268,20.008410685,297.067237784,PASS
INST_0413,100413,1,1,AOMDV,100,30,15,4,3,512,20.0,290.0,0.037,20.518,290.518,270.0,270.518,16200,13445,2755,82.993827,17.006173,39.491758,21.88421,203.575067,41421,40780,641,3.080774,2707,20.0,290.268,20.069904312,290.273716317,PASS
INST_0414,100414,1,1,AODV,100,30,15,4,4,512,20.0,290.0,0.037,20.518,290.518,270.0,270.518,16200,12150,4050,75.0,25.0,661.766729,212.07693,183.967056,92771,90710,2061,7.635473,3683,20.0,290.268,20.025513789,291.665771945,PASS
INST_0414,100414,1,1,DSDV,100,30,15,4,4,512,20.0,290.0,0.037,20.518,290.518,270.0,270.518,16200,10114,6086,62.432099,37.567901,391.155939,232.552091,153.139325,11423,11423,0,1.129425,5171,20.0,290.268,20.008849133,299.904715873,PASS
INST_0414,100414,1,1,AOMDV,100,30,15,4,4,512,20.0,290.0,0.037,20.518,290.518,270.0,270.518,16200,12273,3927,75.759259,24.240741,211.935388,71.124282,185.829438,46589,45726,863,3.796056,3831,20.0,290.268,20.048072863,290.279960333,PASS
INST_0415,100415,1,1,AODV,100,30,15,4,5,512,20.0,290.0,0.037,20.518,290.518,270.0,270.518,16200,14235,1965,87.87037,12.12963,178.641743,73.90128,215.536711,61257,59817,1440,4.303267,1862,20.0,290.268,20.028216098,290.273878091,PASS
INST_0415,100415,1,1,DSDV,100,30,15,4,5,512,20.0,290.0,0.037,20.518,290.518,270.0,270.518,16200,11663,4537,71.993827,28.006173,322.418605,103.30999,176.593232,11109,11109,0,0.952499,3947,20.0,290.268,20.008788432,299.983818465,PASS
INST_0415,100415,1,1,AOMDV,100,30,15,4,5,512,20.0,290.0,0.037,20.518,290.518,270.0,270.518,16200,13125,3075,81.018519,18.981481,71.175695,39.962438,198.729844,50417,49662,755,3.841295,3020,20.0,290.268,20.304773268,290.273678091,PASS
INST_0416,100416,1,1,AODV,100,30,15,8,1,512,20.0,290.0,0.037,20.518,290.518,270.0,270.518,32400,16761,15639,51.731481,48.268519,2815.30171,235.931327,253.783689,74616,73245,1371,4.451763,12114,20.0,290.393,20.202760951,298.099412847,PASS
INST_0416,100416,1,1,DSDV,100,30,15,8,1,512,20.0,290.0,0.037,20.518,290.518,270.0,270.518,32400,16735,15665,51.651235,48.348765,1152.997011,262.798761,253.390015,11352,11352,0,0.678339,8187,20.0,290.393,20.157111644,299.898176785,PASS
INST_0416,100416,1,1,AOMDV,100,30,15,8,1,512,20.0,290.0,0.037,20.518,290.518,270.0,270.518,32400,16119,16281,49.75,50.25,2961.340407,206.194186,244.062961,64345,63217,1128,3.991873,10227,20.0,290.393,20.081383833,293.832128575,PASS
INST_0417,100417,1,1,AODV,100,30,15,8,2,512,20.0,290.0,0.037,20.518,290.518,270.0,270.518,32400,16793,15607,51.830247,48.169753,2093.61492,216.612982,254.268211,77059,75497,1562,4.588757,13170,20.0,290.393,20.226994335,297.840494413,PASS
INST_0417,100417,1,1,DSDV,100,30,15,8,2,512,20.0,290.0,0.037,20.518,290.518,270.0,270.518,32400,17330,15070,53.487654,46.512346,1216.003822,227.575082,262.399101,11551,11551,0,0.666532,8638,20.0,290.393,20.119430543,299.978059237,PASS
INST_0417,100417,1,1,AOMDV,100,30,15,8,2,512,20.0,290.0,0.037,20.518,290.518,270.0,270.518,32400,18066,14334,55.759259,44.240741,2606.591356,199.186016,273.543114,51065,49998,1067,2.82658,9541,20.0,290.393,20.278240708,293.293461372,PASS
INST_0418,100418,1,1,AODV,100,30,15,8,3,512,20.0,290.0,0.037,20.518,290.518,270.0,270.518,32400,19881,12519,61.361111,38.638889,1860.26392,182.194816,301.024612,72926,71587,1339,3.668125,9849,20.0,290.393,20.087858343,299.716736847,PASS
INST_0418,100418,1,1,DSDV,100,30,15,8,3,512,20.0,290.0,0.037,20.518,290.518,270.0,270.518,32400,21196,11204,65.419753,34.580247,902.02308,135.619909,320.93545,11973,11973,0,0.564871,5842,20.0,290.393,20.009050685,299.798727272,PASS
INST_0418,100418,1,1,AOMDV,100,30,15,8,3,512,20.0,290.0,0.037,20.518,290.518,270.0,270.518,32400,21330,11070,65.833333,34.166667,1860.320705,145.448942,322.964387,50181,49313,868,2.352602,7333,20.0,290.393,20.014559606,292.04896636,PASS
INST_0419,100419,1,1,AODV,100,30,15,8,4,512,20.0,290.0,0.037,20.518,290.518,270.0,270.518,32400,15902,16498,49.080247,50.919753,1862.757619,225.711719,240.777294,91125,89190,1935,5.730411,13902,20.0,290.393,20.031867755,294.193309872,PASS
INST_0419,100419,1,1,DSDV,100,30,15,8,4,512,20.0,290.0,0.037,20.518,290.518,270.0,270.518,32400,14262,18138,44.018519,55.981481,1939.934152,249.981843,215.945527,12241,12241,0,0.858295,9292,20.0,290.393,20.009369133,299.959448761,PASS
INST_0419,100419,1,1,AOMDV,100,30,15,8,4,512,20.0,290.0,0.037,20.518,290.518,270.0,270.518,32400,15306,17094,47.240741,52.759259,2734.839023,223.740223,231.753066,58037,56829,1208,3.791781,10578,20.0,290.393,20.036713086,293.22592637,PASS
INST_0420,100420,1,1,AODV,100,30,15,8,5,512,20.0,290.0,0.037,20.518,290.518,270.0,270.518,32400,18221,14179,56.237654,43.762346,2078.557787,180.78882,275.890018,79068,77328,1740,4.339389,11962,20.0,290.393,20.071302061,294.33222655,PASS
INST_0420,100420,1,1,DSDV,100,30,15,8,5,512,20.0,290.0,0.037,20.518,290.518,270.0,270.518,32400,17767,14633,54.83642,45.16358,1260.154169,189.94646,269.015858,11754,11754,0,0.661564,8277,20.0,290.393,20.008728432,299.845263571,PASS
INST_0420,100420,1,1,AOMDV,100,30,15,8,5,512,20.0,290.0,0.037,20.518,290.518,270.0,270.518,32400,17945,14455,55.385802,44.614198,2386.98051,187.150229,271.711014,60719,59581,1138,3.383617,9088,20.0,290.393,20.017956887,293.661810477,PASS
INST_0421,100421,1,1,AODV,100,30,20,2,1,512,20.0,290.0,0.037,20.703,290.703,270.0,270.703,10800,10057,743,93.12037,6.87963,312.10799,97.658556,152.172203,54233,53225,1008,5.392562,673,20.0,290.203,20.078046304,290.227502047,PASS
INST_0421,100421,1,1,DSDV,100,30,20,2,1,512,20.0,290.0,0.037,20.703,290.703,270.0,270.703,10800,7773,3027,71.972222,28.027778,138.166198,148.350824,117.613059,10398,10398,0,1.337707,2756,20.0,290.203,20.129325657,293.205683529,PASS
INST_0421,100421,1,1,AOMDV,100,30,20,2,1,512,20.0,290.0,0.037,20.703,290.703,270.0,270.703,10800,8608,2192,79.703704,20.296296,50.635111,41.475173,130.247422,55043,54080,963,6.394401,2125,20.0,290.203,20.441079157,290.221162083,PASS
INST_0422,100422,1,1,AODV,100,30,20,2,2,512,20.0,290.0,0.037,20.703,290.703,270.0,270.703,10800,10263,537,95.027778,4.972222,202.163387,66.430394,155.289184,39458,38712,746,3.844685,458,20.0,290.203,20.216963621,290.220761527,PASS
INST_0422,100422,1,1,DSDV,100,30,20,2,2,512,20.0,290.0,0.037,20.703,290.703,270.0,270.703,10800,8074,2726,74.759259,25.240741,117.71226,113.763846,122.167482,10703,10703,0,1.325613,2464,20.0,290.203,20.119770543,293.184570076,PASS
INST_0422,100422,1,1,AOMDV,100,30,20,2,2,512,20.0,290.0,0.037,20.703,290.703,270.0,270.703,10800,9064,1736,83.925926,16.074074,48.127532,48.161998,137.147147,45936,45011,925,5.067961,1689,20.0,290.203,20.181105336,290.221867895,PASS
INST_0423,100423,1,1,AODV,100,30,20,2,3,512,20.0,290.0,0.037,20.703,290.703,270.0,270.703,10800,10374,426,96.055556,3.944444,106.328537,47.980585,156.968722,38786,38003,783,3.73877,386,20.0,290.203,20.069865507,290.23279899,PASS
INST_0423,100423,1,1,DSDV,100,30,20,2,3,512,20.0,290.0,0.037,20.703,290.703,270.0,270.703,10800,8346,2454,77.277778,22.722222,103.152567,145.086269,126.283107,11388,11388,0,1.364486,2259,20.0,290.203,20.008430685,292.074441267,PASS
INST_0423,100423,1,1,AOMDV,100,30,20,2,3,512,20.0,290.0,0.037,20.703,290.703,270.0,270.703,10800,9115,1685,84.398148,15.601852,33.462728,19.708592,137.918826,45008,44164,844,4.937795,1653,20.0,290.203,20.142226203,290.215179462,PASS
INST_0424,100424,1,1,AODV,100,30,20,2,4,512,20.0,290.0,0.037,20.703,290.703,270.0,270.703,10800,10231,569,94.731481,5.268519,128.006676,61.206011,154.804993,45420,44407,1013,4.439449,458,20.0,290.203,20.062766764,290.214896589,PASS
INST_0424,100424,1,1,DSDV,100,30,20,2,4,512,20.0,290.0,0.037,20.703,290.703,270.0,270.703,10800,7608,3192,70.444444,29.555556,190.759246,269.67893,115.116449,10687,10687,0,1.404706,2927,20.0,290.203,20.009229133,291.397121906,PASS
INST_0424,100424,1,1,AOMDV,100,30,20,2,4,512,20.0,290.0,0.037,20.703,290.703,270.0,270.703,10800,8720,2080,80.740741,19.259259,64.336039,42.737926,131.942092,46063,45213,850,5.282454,2034,20.0,290.203,20.059140496,290.208776505,PASS
INST_0425,100425,1,1,AODV,100,30,20,2,5,512,20.0,290.0,0.037,20.703,290.703,270.0,270.703,10800,10235,565,94.768519,5.231481,107.939812,39.169049,154.865517,36566,35903,663,3.572643,530,20.0,290.203,20.567657173,290.209096561,PASS
INST_0425,100425,1,1,DSDV,100,30,20,2,5,512,20.0,290.0,0.037,20.703,290.703,270.0,270.703,10800,8325,2475,77.083333,22.916667,63.75728,60.581622,125.965357,10204,10204,0,1.225706,2297,20.0,290.203,20.008728432,290.224837771,PASS
INST_0425,100425,1,1,AOMDV,100,30,20,2,5,512,20.0,290.0,0.037,20.703,290.703,270.0,270.703,10800,9052,1748,83.814815,16.185185,42.726573,36.783439,136.965575,53117,52262,855,5.867985,1692,20.0,290.203,20.222625956,290.208796561,PASS
INST_0426,100426,1,1,AODV,100,30,20,4,1,512,20.0,290.0,0.037,20.703,290.703,270.0,270.703,21600,14122,7478,65.37963,34.62037,1445.446554,274.70762,213.679612,95701,93924,1777,6.776731,6540,20.0,290.453,20.433472889,292.685357241,PASS
INST_0426,100426,1,1,DSDV,100,30,20,4,1,512,20.0,290.0,0.037,20.703,290.703,270.0,270.703,21600,13133,8467,60.800926,39.199074,705.419615,253.0991,198.715079,11419,11419,0,0.869489,6296,20.0,290.453,20.128325657,299.906694044,PASS
INST_0426,100426,1,1,AOMDV,100,30,20,4,1,512,20.0,290.0,0.037,20.703,290.703,270.0,270.703,21600,14574,7026,67.472222,32.527778,1069.481677,217.738252,220.518812,64479,63105,1374,4.424249,6254,20.0,290.453,20.08945766,290.749115097,PASS
INST_0427,100427,1,1,AODV,100,30,20,4,2,512,20.0,290.0,0.037,20.703,290.703,270.0,270.703,21600,16828,4772,77.907407,22.092593,651.127189,158.713535,254.624027,78759,77316,1443,4.680235,4530,20.0,290.453,20.225775235,291.191967597,PASS
INST_0427,100427,1,1,DSDV,100,30,20,4,2,512,20.0,290.0,0.037,20.703,290.703,270.0,270.703,21600,14928,6672,69.111111,30.888889,439.932334,196.867386,225.875177,11259,11259,0,0.75422,5420,20.0,290.453,20.119810543,299.970245604,PASS
INST_0427,100427,1,1,AOMDV,100,30,20,4,2,512,20.0,290.0,0.037,20.703,290.703,270.0,270.703,21600,16553,5047,76.634259,23.365741,500.060006,123.991,250.463009,53315,52165,1150,3.220866,4777,20.0,290.453,20.221696393,290.42183794,PASS
INST_0428,100428,1,1,AODV,100,30,20,4,3,512,20.0,290.0,0.037,20.703,290.703,270.0,270.703,21600,17084,4516,79.092593,20.907407,609.10629,172.385053,258.497556,90643,88828,1815,5.305725,4225,20.0,290.453,20.081008614,293.374937537,PASS
INST_0428,100428,1,1,DSDV,100,30,20,4,3,512,20.0,290.0,0.037,20.703,290.703,270.0,270.703,21600,15544,6056,71.962963,28.037037,374.956095,139.685116,235.195857,11511,11511,0,0.740543,5117,20.0,290.453,20.008850685,299.982190795,PASS
INST_0428,100428,1,1,AOMDV,100,30,20,4,3,512,20.0,290.0,0.037,20.703,290.703,270.0,270.703,21600,17687,3913,81.884259,18.115741,248.266745,91.583118,267.621534,45956,45103,853,2.598293,3783,20.0,290.453,20.119111558,290.47230347,PASS
INST_0429,100429,1,1,AODV,100,30,20,4,4,512,20.0,290.0,0.037,20.703,290.703,270.0,270.703,21600,12776,8824,59.148148,40.851852,1567.745979,366.878806,193.313321,117862,115492,2370,9.225266,7934,20.0,290.453,20.035083161,297.653339653,PASS
INST_0429,100429,1,1,DSDV,100,30,20,4,4,512,20.0,290.0,0.037,20.703,290.703,270.0,270.703,21600,12548,9052,58.092593,41.907407,955.06887,233.173204,189.863459,12224,12224,0,0.974179,6806,20.0,290.453,20.008669133,299.877011161,PASS
INST_0429,100429,1,1,AOMDV,100,30,20,4,4,512,20.0,290.0,0.037,20.703,290.703,270.0,270.703,21600,14361,7239,66.486111,33.513889,1064.788479,208.500398,217.295915,58012,56639,1373,4.039552,6684,20.0,290.453,20.154951258,290.997054702,PASS
INST_0430,100430,1,1,AODV,100,30,20,4,5,512,20.0,290.0,0.037,20.703,290.703,270.0,270.703,21600,16638,4962,77.027778,22.972222,738.222603,229.047946,251.749142,90880,89015,1865,5.462195,4593,20.0,290.453,20.086177311,296.038690526,PASS
INST_0430,100430,1,1,DSDV,100,30,20,4,5,512,20.0,290.0,0.037,20.703,290.703,270.0,270.703,21600,15580,6020,72.12963,27.87037,467.698105,167.14319,235.740572,11035,11035,0,0.70828,5074,20.0,290.453,20.008448432,299.521207219,PASS
INST_0430,100430,1,1,AOMDV,100,30,20,4,5,512,20.0,290.0,0.037,20.703,290.703,270.0,270.703,21600,17140,4460,79.351852,20.648148,233.615676,106.477643,259.344891,55610,54600,1010,3.244457,4297,20.0,290.453,20.03470165,291.03810574,PASS
INST_0431,100431,1,1,AODV,100,30,20,8,1,512,20.0,290.0,0.037,20.703,290.703,270.0,270.703,43200,15808,27392,36.592593,63.407407,4047.878003,331.09982,239.190434,96178,94503,1675,6.084135,19080,20.0,290.578,20.272561191,297.533315122,PASS
INST_0431,100431,1,1,DSDV,100,30,20,8,1,512,20.0,290.0,0.037,20.703,290.703,270.0,270.703,43200,17349,25851,40.159722,59.840278,2496.534026,310.220661,262.507264,11587,11587,0,0.667877,11086,20.0,290.578,20.129565657,299.920025835,PASS
INST_0431,100431,1,1,AOMDV,100,30,20,8,1,512,20.0,290.0,0.037,20.703,290.703,270.0,270.703,43200,14642,28558,33.893519,66.106481,5217.914969,327.857868,221.547718,79072,77501,1571,5.400355,14600,20.0,290.578,20.534448798,295.137215522,PASS
INST_0432,100432,1,1,AODV,100,30,20,8,2,512,20.0,290.0,0.037,20.703,290.703,270.0,270.703,43200,18550,24650,42.939815,57.060185,3111.481177,251.571137,280.679564,88561,86866,1695,4.774178,18268,20.0,290.578,20.206398589,296.803058301,PASS
INST_0432,100432,1,1,DSDV,100,30,20,8,2,512,20.0,290.0,0.037,20.703,290.703,270.0,270.703,43200,21180,22020,49.027778,50.972222,1866.564997,264.352101,320.474025,11226,11226,0,0.530028,9962,20.0,290.578,20.119810543,299.677417505,PASS
INST_0432,100432,1,1,AOMDV,100,30,20,8,2,512,20.0,290.0,0.037,20.703,290.703,270.0,270.703,43200,18053,25147,41.789352,58.210648,4485.935799,284.593984,273.15947,66076,64529,1547,3.660112,12752,20.0,290.578,20.217964371,295.380987711,PASS
INST_0433,100433,1,1,AODV,100,30,20,8,3,512,20.0,290.0,0.037,20.703,290.703,270.0,270.703,43200,20517,22683,47.493056,52.506944,2679.090665,260.046333,310.442189,86542,84980,1562,4.218063,16301,20.0,290.578,20.082911641,296.451000417,PASS
INST_0433,100433,1,1,DSDV,100,30,20,8,3,512,20.0,290.0,0.037,20.703,290.703,270.0,270.703,43200,21898,21302,50.689815,49.310185,2398.603999,290.792628,331.338064,13473,13473,0,0.615262,8801,20.0,290.578,20.008510685,299.995483522,PASS
INST_0433,100433,1,1,AOMDV,100,30,20,8,3,512,20.0,290.0,0.037,20.703,290.703,270.0,270.703,43200,20435,22765,47.303241,52.696759,3659.0554,262.726339,309.20145,59141,57922,1219,2.894103,11780,20.0,290.578,20.132936036,293.500571158,PASS
INST_0434,100434,1,1,AODV,100,30,20,8,4,512,20.0,290.0,0.037,20.703,290.703,270.0,270.703,43200,14922,28278,34.541667,65.458333,3726.505231,357.229293,225.784391,118449,116027,2422,7.937877,20659,20.0,290.578,20.027930675,299.567092783,PASS
INST_0434,100434,1,1,DSDV,100,30,20,8,4,512,20.0,290.0,0.037,20.703,290.703,270.0,270.703,43200,17368,25832,40.203704,59.796296,3066.183451,369.607412,262.794753,12469,12469,0,0.71793,11030,20.0,290.578,20.009329133,299.790607482,PASS
INST_0434,100434,1,1,AOMDV,100,30,20,8,4,512,20.0,290.0,0.037,20.703,290.703,270.0,270.703,43200,15038,28162,34.810185,65.189815,4906.576758,345.254044,227.539584,71596,69908,1688,4.761005,14508,20.0,290.578,20.263801582,295.554049473,PASS
INST_0435,100435,1,1,AODV,100,30,20,8,5,512,20.0,290.0,0.037,20.703,290.703,270.0,270.703,43200,19467,23733,45.0625,54.9375,3106.64325,265.579116,294.554667,102989,101196,1793,5.29044,17624,20.0,290.578,20.116169384,298.754591303,PASS
INST_0435,100435,1,1,DSDV,100,30,20,8,5,512,20.0,290.0,0.037,20.703,290.703,270.0,270.703,43200,23217,19983,53.743056,46.256944,1633.691918,204.535151,351.295819,11422,11422,0,0.491967,9428,20.0,290.578,20.008748432,299.715943984,PASS
INST_0435,100435,1,1,AOMDV,100,30,20,8,5,512,20.0,290.0,0.037,20.703,290.703,270.0,270.703,43200,20041,23159,46.391204,53.608796,4437.293513,269.879094,303.239846,67301,65926,1375,3.358166,11705,20.0,290.578,20.068028243,295.51145984,PASS
INST_0436,100436,1,1,AODV,100,30,25,2,1,512,20.0,290.0,0.037,20.888,290.888,270.0,270.888,13500,11855,1645,87.814815,12.185185,371.64466,149.034549,179.25519,73898,72385,1513,6.233488,1360,20.0,290.388,20.378349213,291.094694587,PASS
INST_0436,100436,1,1,DSDV,100,30,25,2,1,512,20.0,290.0,0.037,20.888,290.888,270.0,270.888,13500,9180,4320,68.0,32.0,219.115434,298.691983,138.807478,9970,9970,0,1.086057,3923,20.0,290.388,20.128605635,291.622351113,PASS
INST_0436,100436,1,1,AOMDV,100,30,25,2,1,512,20.0,290.0,0.037,20.888,290.888,270.0,270.888,13500,10515,2985,77.888889,22.111111,105.442474,70.590416,158.993532,62557,61175,1382,5.949311,2898,20.0,290.388,20.21381897,290.415992856,PASS
INST_0437,100437,1,1,AODV,100,30,25,2,2,512,20.0,290.0,0.037,20.888,290.888,270.0,270.888,13500,12417,1083,91.977778,8.022222,167.583223,73.037586,187.75299,58143,56901,1242,4.682532,940,20.0,290.388,20.217441466,290.437535293,PASS
INST_0437,100437,1,1,DSDV,100,30,25,2,2,512,20.0,290.0,0.037,20.888,290.888,270.0,270.888,13500,10226,3274,75.748148,24.251852,156.609259,97.538753,154.623667,10726,10726,0,1.048895,2928,20.0,290.388,20.120390543,296.642831858,PASS
INST_0437,100437,1,1,AOMDV,100,30,25,2,2,512,20.0,290.0,0.037,20.888,290.888,270.0,270.888,13500,10999,2501,81.474074,18.525926,66.74175,38.985871,166.311922,57942,56688,1254,5.267933,2439,20.0,290.388,20.255887093,290.455116369,PASS
INST_0438,100438,1,1,AODV,100,30,25,2,3,512,20.0,290.0,0.037,20.888,290.888,270.0,270.888,13500,12753,747,94.466667,5.533333,126.182752,65.55971,192.833525,55975,54783,1192,4.389163,682,20.0,290.388,20.069355079,293.589802847,PASS
INST_0438,100438,1,1,DSDV,100,30,25,2,3,512,20.0,290.0,0.037,20.888,290.888,270.0,270.888,13500,10124,3376,74.992593,25.007407,216.622706,247.102396,153.081362,11880,11880,0,1.173449,2986,20.0,290.388,20.009170685,297.368554097,PASS
INST_0438,100438,1,1,AOMDV,100,30,25,2,3,512,20.0,290.0,0.037,20.888,290.888,270.0,270.888,13500,11262,2238,83.422222,16.577778,64.808761,57.719499,170.288651,48032,47018,1014,4.264962,2192,20.0,290.388,20.082211508,290.408836804,PASS
INST_0439,100439,1,1,AODV,100,30,25,2,4,512,20.0,290.0,0.037,20.888,290.888,270.0,270.888,13500,12039,1461,89.177778,10.822222,339.760947,136.421677,182.037388,76762,75118,1644,6.376111,1239,20.0,290.388,20.013026712,292.590304866,PASS
INST_0439,100439,1,1,DSDV,100,30,25,2,4,512,20.0,290.0,0.037,20.888,290.888,270.0,270.888,13500,9351,4149,69.266667,30.733333,484.128111,196.978411,141.393107,12142,12142,0,1.298471,3642,20.0,290.388,20.008589133,299.648036048,PASS
INST_0439,100439,1,1,AOMDV,100,30,25,2,4,512,20.0,290.0,0.037,20.888,290.888,270.0,270.888,13500,10881,2619,80.6,19.4,114.30743,60.725714,164.527687,52781,51513,1268,4.850749,2542,20.0,290.388,20.05679412,290.393836998,PASS
INST_0440,100440,1,1,AODV,100,30,25,2,5,512,20.0,290.0,0.037,20.888,290.888,270.0,270.888,13500,12640,860,93.62963,6.37037,212.006471,71.587896,191.124893,57464,56231,1233,4.546203,747,20.0,290.388,20.046767516,291.632295181,PASS
INST_0440,100440,1,1,DSDV,100,30,25,2,5,512,20.0,290.0,0.037,20.888,290.888,270.0,270.888,13500,10040,3460,74.37037,25.62963,145.252794,127.298816,151.811228,10663,10663,0,1.062052,3120,20.0,290.388,20.008988432,292.266836211,PASS
INST_0440,100440,1,1,AOMDV,100,30,25,2,5,512,20.0,290.0,0.037,20.888,290.888,270.0,270.888,13500,11159,2341,82.659259,17.340741,94.132901,98.935321,168.731225,56930,55828,1102,5.101712,2269,20.0,290.388,20.069557436,290.368920361,PASS
INST_0441,100441,1,1,AODV,100,30,25,4,1,512,20.0,290.0,0.037,20.888,290.888,270.0,270.888,27000,12554,14446,46.496296,53.503704,3339.793936,510.713186,189.824518,116076,113757,2319,9.246137,11634,20.0,290.638,20.591637864,297.632218014,PASS
INST_0441,100441,1,1,DSDV,100,30,25,4,1,512,20.0,290.0,0.037,20.888,290.888,270.0,270.888,27000,13977,13023,51.766667,48.233333,1559.856904,444.908094,211.341189,11649,11649,0,0.833441,8343,20.0,290.638,20.128825635,299.998139903,PASS
INST_0441,100441,1,1,AOMDV,100,30,25,4,1,512,20.0,290.0,0.037,20.888,290.888,270.0,270.888,27000,13507,13493,50.025926,49.974074,3170.187592,433.812831,204.234488,82411,80487,1924,6.101355,10601,20.0,290.638,20.613658787,293.724936051,PASS
INST_0442,100442,1,1,AODV,100,30,25,4,2,512,20.0,290.0,0.037,20.888,290.888,270.0,270.888,27000,17269,9731,63.959259,36.040741,1467.353158,261.762359,261.118337,105340,103305,2035,6.099948,8647,20.0,290.638,20.22544702,296.1755794,PASS
INST_0442,100442,1,1,DSDV,100,30,25,4,2,512,20.0,290.0,0.037,20.888,290.888,270.0,270.888,27000,17346,9654,64.244444,35.755556,929.636547,163.900034,262.282626,11250,11250,0,0.648565,6718,20.0,290.638,20.119510543,299.968440556,PASS
INST_0442,100442,1,1,AOMDV,100,30,25,4,2,512,20.0,290.0,0.037,20.888,290.888,270.0,270.888,27000,18024,8976,66.755556,33.244444,1636.895642,249.552192,272.53442,69519,67848,1671,3.857024,7856,20.0,290.638,20.155659545,293.227356684,PASS
INST_0443,100443,1,1,AODV,100,30,25,4,3,512,20.0,290.0,0.037,20.888,290.888,270.0,270.888,27000,16782,10218,62.155556,37.844444,2336.796717,351.553481,253.754585,107001,105040,1961,6.375939,8959,20.0,290.638,20.073798155,299.972020797,PASS
INST_0443,100443,1,1,DSDV,100,30,25,4,3,512,20.0,290.0,0.037,20.888,290.888,270.0,270.888,27000,18056,8944,66.874074,33.125926,849.206983,231.645157,273.018281,11887,11887,0,0.658341,6301,20.0,290.638,20.009030685,299.554036818,PASS
INST_0443,100443,1,1,AOMDV,100,30,25,4,3,512,20.0,290.0,0.037,20.888,290.888,270.0,270.888,27000,18262,8738,67.637037,32.362963,1954.956722,262.09831,276.133133,64959,63353,1606,3.557058,7298,20.0,290.638,20.070477686,294.048416126,PASS
INST_0444,100444,1,1,AODV,100,30,25,4,4,512,20.0,290.0,0.037,20.888,290.888,270.0,270.888,27000,13993,13007,51.825926,48.174074,2493.713908,420.446544,211.583119,125350,122977,2373,8.95805,10805,20.0,290.638,20.041049362,295.46102071,PASS
INST_0444,100444,1,1,DSDV,100,30,25,4,4,512,20.0,290.0,0.037,20.888,290.888,270.0,270.888,27000,14433,12567,53.455556,46.544444,1361.33294,316.624543,218.236201,12419,12419,0,0.860459,8186,20.0,290.638,20.008989133,299.97443887,PASS
INST_0444,100444,1,1,AOMDV,100,30,25,4,4,512,20.0,290.0,0.037,20.888,290.888,270.0,270.888,27000,14550,12450,53.888889,46.111111,3057.24235,416.014472,220.005316,73165,71263,1902,5.028522,9921,20.0,290.638,20.048925094,294.583429894,PASS
INST_0445,100445,1,1,AODV,100,30,25,4,5,512,20.0,290.0,0.037,20.888,290.888,270.0,270.888,27000,15999,11001,59.255556,40.744444,1889.887399,330.356514,241.915124,124919,122566,2353,7.807925,9577,20.0,290.638,20.064621153,298.714474186,PASS
INST_0445,100445,1,1,DSDV,100,30,25,4,5,512,20.0,290.0,0.037,20.888,290.888,270.0,270.888,27000,17625,9375,65.277778,34.722222,1000.098786,259.174897,266.501285,11226,11226,0,0.636936,6504,20.0,290.638,20.008808432,299.896789156,PASS
INST_0445,100445,1,1,AOMDV,100,30,25,4,5,512,20.0,290.0,0.037,20.888,290.888,270.0,270.888,27000,17002,9998,62.97037,37.02963,2062.391452,298.847542,257.081126,71780,70134,1646,4.221856,8116,20.0,290.638,20.232539901,293.834063306,PASS
INST_0446,100446,1,1,AODV,100,30,25,8,1,512,20.0,290.0,0.037,20.888,290.888,270.0,270.888,54000,14722,39278,27.262963,72.737037,4544.552998,440.874089,222.606066,117875,115766,2109,8.006725,27221,20.0,290.763,20.430892425,299.177945093,PASS
INST_0446,100446,1,1,DSDV,100,30,25,8,1,512,20.0,290.0,0.037,20.888,290.888,270.0,270.888,54000,18287,35713,33.864815,66.135185,3692.311923,359.828761,276.511149,11989,11989,0,0.655602,14077,20.0,290.763,20.128185744,299.948307766,PASS
INST_0446,100446,1,1,AOMDV,100,30,25,8,1,512,20.0,290.0,0.037,20.888,290.888,270.0,270.888,54000,12506,41494,23.159259,76.840741,7434.825539,547.502958,189.098727,93929,91861,2068,7.510715,19537,20.0,290.763,20.566239087,296.756387863,PASS
INST_0447,100447,1,1,AODV,100,30,25,8,2,512,20.0,290.0,0.037,20.888,290.888,270.0,270.888,54000,20160,33840,37.333333,62.666667,3786.037882,289.964144,304.832108,102804,101119,1685,5.099405,24988,20.0,290.763,20.146223331,298.275337647,PASS
INST_0447,100447,1,1,DSDV,100,30,25,8,2,512,20.0,290.0,0.037,20.888,290.888,270.0,270.888,54000,21787,32213,40.346296,59.653704,3537.790368,327.59117,329.433389,12237,12237,0,0.561665,11991,20.0,290.763,20.119970543,299.700831566,PASS
INST_0447,100447,1,1,AOMDV,100,30,25,8,2,512,20.0,290.0,0.037,20.888,290.888,270.0,270.888,54000,17977,36023,33.290741,66.709259,6171.74666,391.78527,271.82375,83744,81828,1916,4.658397,15692,20.0,290.763,20.156616617,296.53391401,PASS
INST_0448,100448,1,1,AODV,100,30,25,8,3,512,20.0,290.0,0.037,20.888,290.888,270.0,270.888,54000,18636,35364,34.511111,65.488889,4009.45126,368.889292,281.788252,120355,118097,2258,6.458199,22077,20.0,290.763,20.065717237,297.199378674,PASS
INST_0448,100448,1,1,DSDV,100,30,25,8,3,512,20.0,290.0,0.037,20.888,290.888,270.0,270.888,54000,23007,30993,42.605556,57.394444,3684.740252,291.843783,347.880571,12948,12948,0,0.562785,11326,20.0,290.763,20.008930685,299.952480059,PASS
INST_0448,100448,1,1,AOMDV,100,30,25,8,3,512,20.0,290.0,0.037,20.888,290.888,270.0,270.888,54000,20271,33729,37.538889,62.461111,5530.004849,353.07878,306.510499,73352,71694,1658,3.618568,14978,20.0,290.763,20.102664627,297.196908061,PASS
INST_0449,100449,1,1,AODV,100,30,25,8,4,512,20.0,290.0,0.037,20.888,290.888,270.0,270.888,54000,13601,40399,25.187037,74.812963,5401.46035,508.385871,205.655828,129439,127287,2152,9.516874,26899,20.0,290.763,20.065814888,296.012839807,PASS
INST_0449,100449,1,1,DSDV,100,30,25,8,4,512,20.0,290.0,0.037,20.888,290.888,270.0,270.888,54000,18070,35930,33.462963,66.537037,4513.919507,510.778665,273.22997,13171,13171,0,0.728888,13109,20.0,290.763,20.009109133,299.867172374,PASS
INST_0449,100449,1,1,AOMDV,100,30,25,8,4,512,20.0,290.0,0.037,20.888,290.888,270.0,270.888,54000,15328,38672,28.385185,71.614815,7117.328199,449.715052,231.769174,78023,76160,1863,5.090227,15821,20.0,290.763,20.051428742,299.673927969,PASS
INST_0450,100450,1,1,AODV,100,30,25,8,5,512,20.0,290.0,0.037,20.888,290.888,270.0,270.888,54000,18735,35265,34.694444,65.305556,3897.919558,320.961275,283.285195,120520,118495,2025,6.43288,24229,20.0,290.763,20.257575344,297.76601827,PASS
INST_0450,100450,1,1,DSDV,100,30,25,8,5,512,20.0,290.0,0.037,20.888,290.888,270.0,270.888,54000,22777,31223,42.17963,57.82037,3806.256101,335.426417,344.402823,12032,12032,0,0.528252,11990,20.0,290.763,20.008248432,299.95187557,PASS
INST_0450,100450,1,1,AOMDV,100,30,25,8,5,512,20.0,290.0,0.037,20.888,290.888,270.0,270.888,54000,18918,35082,35.033333,64.966667,5854.53887,337.435419,286.052273,84361,82501,1860,4.459298,15411,20.0,290.763,20.142422919,297.152727226,PASS
INST_0451,100451,1,1,AODV,100,40,5,2,1,512,20.0,290.0,0.037,20.148,290.148,270.0,270.148,2700,2599,101,96.259259,3.740741,270.954079,66.578278,39.406192,15100,14829,271,5.809927,88,20.0,289.648,20.076227658,289.686821688,PASS
INST_0451,100451,1,1,DSDV,100,40,5,2,1,512,20.0,290.0,0.037,20.148,290.148,270.0,270.148,2700,1694,1006,62.740741,37.259259,228.91158,439.086164,25.684528,9632,9632,0,5.68595,845,20.0,289.648,20.128505879,289.679592145,PASS
INST_0451,100451,1,1,AOMDV,100,40,5,2,1,512,20.0,290.0,0.037,20.148,290.148,270.0,270.148,2700,2226,474,82.444444,17.555556,19.635511,10.396131,33.750744,32739,32488,251,14.707547,467,20.0,289.648,20.088280595,289.653497134,PASS
INST_0452,100452,1,1,AODV,100,40,5,2,2,512,20.0,290.0,0.037,20.148,290.148,270.0,270.148,2700,2419,281,89.592593,10.407407,198.48002,44.731634,36.677021,11665,11543,122,4.822241,256,20.0,289.648,20.237944518,289.671823103,PASS
INST_0452,100452,1,1,DSDV,100,40,5,2,2,512,20.0,290.0,0.037,20.148,290.148,270.0,270.148,2700,1885,815,69.814815,30.185185,272.134008,410.947394,28.580482,9776,9776,0,5.186207,754,20.0,289.648,20.119911068,289.673261445,PASS
INST_0452,100452,1,1,AOMDV,100,40,5,2,2,512,20.0,290.0,0.037,20.148,290.148,270.0,270.148,2700,2193,507,81.222222,18.777778,13.456295,6.255662,33.250396,32205,32015,190,14.685363,490,20.0,289.648,20.363295112,289.67140345,PASS
INST_0453,100453,1,1,AODV,100,40,5,2,3,512,20.0,290.0,0.037,20.148,290.148,270.0,270.148,2700,2617,83,96.925926,3.074074,63.282999,33.235527,39.679109,13678,13452,226,5.226595,76,20.0,289.648,20.088967252,289.671442019,PASS
INST_0453,100453,1,1,DSDV,100,40,5,2,3,512,20.0,290.0,0.037,20.148,290.148,270.0,270.148,2700,2011,689,74.481481,25.518519,11.999487,3.11438,30.490901,11001,11001,0,5.470413,609,20.0,289.648,20.008989859,289.668092984,PASS
INST_0453,100453,1,1,AOMDV,100,40,5,2,3,512,20.0,290.0,0.037,20.148,290.148,270.0,270.148,2700,2142,558,79.333333,20.666667,16.666618,8.114528,32.477131,33434,33198,236,15.608777,540,20.0,289.648,20.088313773,289.603622536,PASS
INST_0454,100454,1,1,AODV,100,40,5,2,4,512,20.0,290.0,0.037,20.148,290.148,270.0,270.148,2700,2627,73,97.296296,2.703704,446.821949,58.779081,39.83073,10757,10591,166,4.094785,54,20.0,289.648,20.142412904,289.653497787,PASS
INST_0454,100454,1,1,DSDV,100,40,5,2,4,512,20.0,290.0,0.037,20.148,290.148,270.0,270.148,2700,2095,605,77.592593,22.407407,75.485888,122.557418,31.764514,9731,9731,0,4.644869,510,20.0,289.648,20.008571444,289.664521645,PASS
INST_0454,100454,1,1,AOMDV,100,40,5,2,4,512,20.0,290.0,0.037,20.148,290.148,270.0,270.148,2700,2332,368,86.37037,13.62963,13.524078,5.922049,35.357922,32272,32095,177,13.838765,356,20.0,289.648,20.067383674,289.653937787,PASS
INST_0455,100455,1,1,AODV,100,40,5,2,5,512,20.0,290.0,0.037,20.148,290.148,270.0,270.148,2700,2618,82,96.962963,3.037037,371.517819,77.505642,39.694271,13022,12818,204,4.974026,76,20.0,289.648,20.060922569,289.671220948,PASS
INST_0455,100455,1,1,DSDV,100,40,5,2,5,512,20.0,290.0,0.037,20.148,290.148,270.0,270.148,2700,1834,866,67.925926,32.074074,107.532869,195.511741,27.807217,10732,10732,0,5.85169,734,20.0,289.648,20.008908479,289.659235331,PASS
INST_0455,100455,1,1,AOMDV,100,40,5,2,5,512,20.0,290.0,0.037,20.148,290.148,270.0,270.148,2700,2187,513,81.0,19.0,35.759524,44.645477,33.159424,33757,33486,271,15.435299,507,20.0,289.648,20.036047061,289.659780111,PASS
INST_0456,100456,1,1,AODV,100,40,5,4,1,512,20.0,290.0,0.037,20.148,290.148,270.0,270.148,5400,5249,151,97.203704,2.796296,191.281587,29.890122,79.585649,16622,16309,313,3.166698,124,20.0,289.898,20.196916874,290.593074214,PASS
INST_0456,100456,1,1,DSDV,100,40,5,4,1,512,20.0,290.0,0.037,20.148,290.148,270.0,270.148,5400,3333,2067,61.722222,38.277778,112.375867,204.932728,50.535144,10041,10041,0,3.012601,1720,20.0,289.898,20.156871127,289.948975353,PASS
INST_0456,100456,1,1,AOMDV,100,40,5,4,1,512,20.0,290.0,0.037,20.148,290.148,270.0,270.148,5400,4257,1143,78.833333,21.166667,20.170122,8.139883,64.544887,33999,33689,310,7.98661,1121,20.0,289.898,20.202605118,289.906008838,PASS
INST_0457,100457,1,1,AODV,100,40,5,4,2,512,20.0,290.0,0.037,20.148,290.148,270.0,270.148,5400,5319,81,98.5,1.5,170.434668,24.85517,80.646993,13128,12963,165,2.468133,77,20.0,289.898,20.195247481,289.915602143,PASS
INST_0457,100457,1,1,DSDV,100,40,5,4,2,512,20.0,290.0,0.037,20.148,290.148,270.0,270.148,5400,3848,1552,71.259259,28.740741,10.61279,3.038803,58.343604,9784,9784,0,2.54262,1423,20.0,289.898,20.120031068,289.951153474,PASS
INST_0457,100457,1,1,AOMDV,100,40,5,4,2,512,20.0,290.0,0.037,20.148,290.148,270.0,270.148,5400,4379,1021,81.092593,18.907407,12.827714,3.455956,66.394658,31973,31778,195,7.301439,993,20.0,289.898,20.139291349,289.924255613,PASS
INST_0458,100458,1,1,AODV,100,40,5,4,3,512,20.0,290.0,0.037,20.148,290.148,270.0,270.148,5400,5336,64,98.814815,1.185185,130.599396,27.796353,80.904749,13064,12870,194,2.448276,64,20.0,289.898,20.07254711,292.579032812,PASS
INST_0458,100458,1,1,DSDV,100,40,5,4,3,512,20.0,290.0,0.037,20.148,290.148,270.0,270.148,5400,4111,1289,76.12963,23.87037,22.191536,13.220793,62.331226,12397,12397,0,3.015568,1118,20.0,289.898,20.008869859,289.960530365,PASS
INST_0458,100458,1,1,AOMDV,100,40,5,4,3,512,20.0,290.0,0.037,20.148,290.148,270.0,270.148,5400,4208,1192,77.925926,22.074074,30.199066,25.802449,63.801946,33928,33684,244,8.062738,1185,20.0,289.898,20.095852602,289.873736832,PASS
INST_0459,100459,1,1,AODV,100,40,5,4,4,512,20.0,290.0,0.037,20.148,290.148,270.0,270.148,5400,5281,119,97.796296,2.203704,237.865858,22.917101,80.070835,9410,9219,191,1.781859,114,20.0,289.898,20.07157163,289.909897994,PASS
INST_0459,100459,1,1,DSDV,100,40,5,4,4,512,20.0,290.0,0.037,20.148,290.148,270.0,270.148,5400,4341,1059,80.388889,19.611111,11.400711,4.599314,65.818499,10557,10557,0,2.431928,851,20.0,289.898,20.008111444,290.060958101,PASS
INST_0459,100459,1,1,AOMDV,100,40,5,4,4,512,20.0,290.0,0.037,20.148,290.148,270.0,270.148,5400,4743,657,87.833333,12.166667,11.257454,3.358721,71.913647,31815,31635,180,6.70778,647,20.0,289.898,20.102758885,289.903597792,PASS
INST_0460,100460,1,1,AODV,100,40,5,4,5,512,20.0,290.0,0.037,20.148,290.148,270.0,270.148,5400,5039,361,93.314815,6.685185,209.853488,36.436065,76.401617,17444,17142,302,3.461798,353,20.0,289.898,20.140749002,289.903796477,PASS
INST_0460,100460,1,1,DSDV,100,40,5,4,5,512,20.0,290.0,0.037,20.148,290.148,270.0,270.148,5400,3754,1646,69.518519,30.481481,27.989465,36.496254,56.918371,10628,10628,0,2.831113,1484,20.0,289.898,20.009568479,289.951976564,PASS
INST_0460,100460,1,1,AOMDV,100,40,5,4,5,512,20.0,290.0,0.037,20.148,290.148,270.0,270.148,5400,4453,947,82.462963,17.537037,17.440634,6.819233,67.51665,33130,32880,250,7.439928,947,20.0,289.898,20.118818938,289.903896477,PASS
INST_0461,100461,1,1,AODV,100,40,5,8,1,512,20.0,290.0,0.037,20.148,290.148,270.0,270.148,10800,10525,275,97.453704,2.546296,118.823412,20.972356,159.580674,19607,19177,430,1.862898,240,20.0,290.023,20.079078329,291.325350308,PASS
INST_0461,100461,1,1,DSDV,100,40,5,8,1,512,20.0,290.0,0.037,20.148,290.148,270.0,270.148,10800,7363,3437,68.175926,31.824074,108.642462,164.818043,111.638243,11086,11086,0,1.505636,2838,20.0,290.023,20.156451127,292.521641944,PASS
INST_0461,100461,1,1,AOMDV,100,40,5,8,1,512,20.0,290.0,0.037,20.148,290.148,270.0,270.148,10800,8909,1891,82.490741,17.509259,29.063729,9.297408,135.078786,33378,33095,283,3.746548,1835,20.0,290.023,20.296419649,290.127681451,PASS
INST_0462,100462,1,1,AODV,100,40,5,8,2,512,20.0,290.0,0.037,20.148,290.148,270.0,270.148,10800,10343,457,95.768519,4.231481,208.428656,22.306042,156.82118,15017,14803,214,1.4519,451,20.0,290.023,20.162527433,290.053044105,PASS
INST_0462,100462,1,1,DSDV,100,40,5,8,2,512,20.0,290.0,0.037,20.148,290.148,270.0,270.148,10800,8156,2644,75.518519,24.481481,18.672126,8.084808,123.661756,11024,11024,0,1.351643,2489,20.0,290.023,20.119911068,290.386559817,PASS
INST_0462,100462,1,1,AOMDV,100,40,5,8,2,512,20.0,290.0,0.037,20.148,290.148,270.0,270.148,10800,8894,1906,82.351852,17.648148,15.285381,4.113347,134.851356,31965,31785,180,3.593996,1880,20.0,290.023,20.178508273,290.047688579,PASS
INST_0463,100463,1,1,AODV,100,40,5,8,3,512,20.0,290.0,0.037,20.148,290.148,270.0,270.148,10800,10090,710,93.425926,6.574074,72.943532,14.309466,152.985178,14161,13930,231,1.403469,700,20.0,290.023,20.076765163,290.047201951,PASS
INST_0463,100463,1,1,DSDV,100,40,5,8,3,512,20.0,290.0,0.037,20.148,290.148,270.0,270.148,10800,7578,3222,70.166667,29.833333,294.896493,63.324959,114.898085,13322,13322,0,1.757984,2649,20.0,290.023,20.009089859,296.233538057,PASS
INST_0463,100463,1,1,AOMDV,100,40,5,8,3,512,20.0,290.0,0.037,20.148,290.148,270.0,270.148,10800,8868,1932,82.111111,17.888889,20.125286,7.328719,134.457142,32867,32647,220,3.706247,1907,20.0,290.023,20.09974169,289.997439719,PASS
INST_0464,100464,1,1,AODV,100,40,5,8,4,512,20.0,290.0,0.037,20.148,290.148,270.0,270.148,10800,10264,536,95.037037,4.962963,186.676526,16.448083,155.623377,11807,11627,180,1.150331,534,20.0,290.023,20.013390286,290.034777927,PASS
INST_0464,100464,1,1,DSDV,100,40,5,8,4,512,20.0,290.0,0.037,20.148,290.148,270.0,270.148,10800,8867,1933,82.101852,17.898148,12.68257,5.057817,134.44198,10171,10171,0,1.147062,1740,20.0,290.023,20.009031444,290.028677795,PASS
INST_0464,100464,1,1,AOMDV,100,40,5,8,4,512,20.0,290.0,0.037,20.148,290.148,270.0,270.148,10800,9546,1254,88.388889,11.611111,12.523591,3.109807,144.737018,31353,31193,160,3.284412,1217,20.0,290.023,20.046676641,290.028597795,PASS
INST_0465,100465,1,1,AODV,100,40,5,8,5,512,20.0,290.0,0.037,20.148,290.148,270.0,270.148,10800,10271,529,95.101852,4.898148,129.931582,21.63966,155.729511,20210,19842,368,1.967676,497,20.0,290.023,20.066975319,290.10658792,PASS
INST_0465,100465,1,1,DSDV,100,40,5,8,5,512,20.0,290.0,0.037,20.148,290.148,270.0,270.148,10800,7711,3089,71.398148,28.601852,42.282863,24.147648,116.914639,11582,11582,0,1.50201,2787,20.0,290.023,20.008888479,290.225936468,PASS
INST_0465,100465,1,1,AOMDV,100,40,5,8,5,512,20.0,290.0,0.037,20.148,290.148,270.0,270.148,10800,8872,1928,82.148148,17.851852,17.661955,5.165927,134.51779,33143,32857,286,3.735685,1910,20.0,290.023,20.036487955,290.041931968,PASS
INST_0466,100466,1,1,AODV,100,40,10,2,1,512,20.0,290.0,0.037,20.333,290.333,270.0,270.333,5400,5203,197,96.351852,3.648148,90.163789,43.050479,78.834208,28843,28259,584,5.543533,176,20.0,289.833,20.582944929,289.863203291,PASS
INST_0466,100466,1,1,DSDV,100,40,10,2,1,512,20.0,290.0,0.037,20.333,290.333,270.0,270.333,5400,3490,1910,64.62963,35.37037,192.484256,315.576979,52.879375,10176,10176,0,2.915759,1578,20.0,289.833,20.128505673,289.856763174,PASS
INST_0466,100466,1,1,AOMDV,100,40,10,2,1,512,20.0,290.0,0.037,20.333,290.333,270.0,270.333,5400,4234,1166,78.407407,21.592593,20.304596,12.002018,64.152227,39187,38599,588,9.255314,1152,20.0,289.833,20.538057048,289.857184314,PASS
INST_0467,100467,1,1,AODV,100,40,10,2,2,512,20.0,290.0,0.037,20.333,290.333,270.0,270.333,5400,5243,157,97.092593,2.907407,146.005752,31.627513,79.440276,23863,23312,551,4.551402,146,20.0,289.833,20.286392876,289.869146215,PASS
INST_0467,100467,1,1,DSDV,100,40,10,2,2,512,20.0,290.0,0.037,20.333,290.333,270.0,270.333,5400,4090,1310,75.740741,24.259259,53.539795,87.897987,61.970385,10348,10348,0,2.530073,1170,20.0,289.833,20.119771068,289.938136836,PASS
INST_0467,100467,1,1,AOMDV,100,40,10,2,2,512,20.0,290.0,0.037,20.333,290.333,270.0,270.333,5400,4474,926,82.851852,17.148148,70.369068,116.407909,67.788631,36656,36232,424,8.193116,905,20.0,289.833,20.22658991,289.86905035,PASS
INST_0468,100468,1,1,AODV,100,40,10,2,3,512,20.0,290.0,0.037,20.333,290.333,270.0,270.333,5400,5215,185,96.574074,3.425926,113.644043,36.771138,79.016028,22728,22367,361,4.358198,172,20.0,289.833,20.114901012,289.83881717,PASS
INST_0468,100468,1,1,DSDV,100,40,10,2,3,512,20.0,290.0,0.037,20.333,290.333,270.0,270.333,5400,3839,1561,71.092593,28.907407,142.537815,147.324699,58.167312,12536,12536,0,3.265434,1416,20.0,289.833,20.008469859,289.852319469,PASS
INST_0468,100468,1,1,AOMDV,100,40,10,2,3,512,20.0,290.0,0.037,20.333,290.333,270.0,270.333,5400,4348,1052,80.518519,19.481481,17.538881,10.215844,65.879519,38222,37756,466,8.790708,1026,20.0,289.833,20.138988897,289.83871717,PASS
INST_0469,100469,1,1,AODV,100,40,10,2,4,512,20.0,290.0,0.037,20.333,290.333,270.0,270.333,5400,5162,238,95.592593,4.407407,184.928478,46.624558,78.212989,19946,19625,321,3.864006,230,20.0,289.833,20.012076409,289.850841661,PASS
INST_0469,100469,1,1,DSDV,100,40,10,2,4,512,20.0,290.0,0.037,20.333,290.333,270.0,270.333,5400,3910,1490,72.407407,27.592593,125.814265,209.107417,59.243082,9506,9506,0,2.431202,1324,20.0,289.833,20.008571444,289.852179158,PASS
INST_0469,100469,1,1,AOMDV,100,40,10,2,4,512,20.0,290.0,0.037,20.333,290.333,270.0,270.333,5400,4548,852,84.222222,15.777778,15.676066,8.396098,68.909856,41501,41162,339,9.12511,845,20.0,289.833,20.172302532,289.807459551,PASS
INST_0470,100470,1,1,AODV,100,40,10,2,5,512,20.0,290.0,0.037,20.333,290.333,270.0,270.333,5400,5272,128,97.62963,2.37037,67.271123,35.141164,79.879674,22414,21951,463,4.251517,120,20.0,289.833,20.0646698,289.86926302,PASS
INST_0470,100470,1,1,DSDV,100,40,10,2,5,512,20.0,290.0,0.037,20.333,290.333,270.0,270.333,5400,3850,1550,71.296296,28.703704,113.185362,154.513978,58.333981,11036,11036,0,2.866494,1351,20.0,289.833,20.008948479,290.200138949,PASS
INST_0470,100470,1,1,AOMDV,100,40,10,2,5,512,20.0,290.0,0.037,20.333,290.333,270.0,270.333,5400,4271,1129,79.092593,20.907407,18.685228,11.938097,64.712839,38182,37611,571,8.939827,1109,20.0,289.833,20.564325821,289.87204315,PASS
INST_0471,100471,1,1,AODV,100,40,10,4,1,512,20.0,290.0,0.037,20.333,290.333,270.0,270.333,10800,10107,693,93.583333,6.416667,373.20569,78.26585,153.138063,38991,38170,821,3.857821,585,20.0,290.083,20.072047495,295.134474274,PASS
INST_0471,100471,1,1,DSDV,100,40,10,4,1,512,20.0,290.0,0.037,20.333,290.333,270.0,270.333,10800,7253,3547,67.157407,32.842593,110.336747,167.332258,109.895159,10580,10580,0,1.458707,3197,20.0,290.083,20.129065403,292.41264495,PASS
INST_0471,100471,1,1,AOMDV,100,40,10,4,1,512,20.0,290.0,0.037,20.333,290.333,270.0,270.333,10800,8648,2152,80.074074,19.925926,33.202777,19.408995,131.031757,38731,38162,569,4.478608,2108,20.0,290.083,20.252672935,290.259472587,PASS
INST_0472,100472,1,1,AODV,100,40,10,4,2,512,20.0,290.0,0.037,20.333,290.333,270.0,270.333,10800,10484,316,97.074074,2.925926,187.253678,37.872656,158.850248,28399,27797,602,2.708794,299,20.0,290.083,20.225446109,290.112865161,PASS
INST_0472,100472,1,1,DSDV,100,40,10,4,2,512,20.0,290.0,0.037,20.333,290.333,270.0,270.333,10800,7797,3003,72.194444,27.805556,53.478817,52.198037,118.137675,10590,10590,0,1.358215,2610,20.0,290.083,20.119311068,290.63436245,PASS
INST_0472,100472,1,1,AOMDV,100,40,10,4,2,512,20.0,290.0,0.037,20.333,290.333,270.0,270.333,10800,8830,1970,81.759259,18.240741,27.958404,16.455891,133.789363,37257,36773,484,4.219366,1933,20.0,290.083,20.178475034,290.205557476,PASS
INST_0473,100473,1,1,AODV,100,40,10,4,3,512,20.0,290.0,0.037,20.333,290.333,270.0,270.333,10800,10433,367,96.601852,3.398148,216.770847,40.762949,158.077512,29214,28690,524,2.800153,342,20.0,290.083,20.079064449,290.089097149,PASS
INST_0473,100473,1,1,DSDV,100,40,10,4,3,512,20.0,290.0,0.037,20.333,290.333,270.0,270.333,10800,7737,3063,71.638889,28.361111,102.031303,144.695464,117.228574,11735,11735,0,1.516738,2821,20.0,290.083,20.008409859,290.555841868,PASS
INST_0473,100473,1,1,AOMDV,100,40,10,4,3,512,20.0,290.0,0.037,20.333,290.333,270.0,270.333,10800,8800,2000,81.481481,18.518519,23.548454,13.325938,133.334813,37988,37527,461,4.316818,1928,20.0,290.083,20.091453095,290.089012779,PASS
INST_0474,100474,1,1,AODV,100,40,10,4,4,512,20.0,290.0,0.037,20.333,290.333,270.0,270.333,10800,10192,608,94.37037,5.62963,184.070797,34.472054,154.425956,26024,25577,447,2.553375,593,20.0,290.083,20.125052741,290.101381176,PASS
INST_0474,100474,1,1,DSDV,100,40,10,4,4,512,20.0,290.0,0.037,20.333,290.333,270.0,270.333,10800,7799,3001,72.212963,27.787037,84.026495,113.497203,118.167978,10872,10872,0,1.394025,2641,20.0,290.083,20.008931444,291.549428521,PASS
INST_0474,100474,1,1,AOMDV,100,40,10,4,4,512,20.0,290.0,0.037,20.333,290.333,270.0,270.333,10800,8840,1960,81.851852,18.148148,33.671321,40.151996,133.94088,41744,41393,351,4.722172,1943,20.0,290.083,20.070240513,290.604042418,PASS
INST_0475,100475,1,1,AODV,100,40,10,4,5,512,20.0,290.0,0.037,20.333,290.333,270.0,270.333,10800,10222,578,94.648148,5.351852,157.826456,68.092869,154.880507,37384,36437,947,3.65721,543,20.0,290.083,20.066487033,290.113582489,PASS
INST_0475,100475,1,1,DSDV,100,40,10,4,5,512,20.0,290.0,0.037,20.333,290.333,270.0,270.333,10800,7774,3026,71.981481,28.018519,203.345821,120.353555,117.789186,11817,11817,0,1.520067,2743,20.0,290.083,20.008968479,293.194492524,PASS
INST_0475,100475,1,1,AOMDV,100,40,10,4,5,512,20.0,290.0,0.037,20.333,290.333,270.0,270.333,10800,8524,2276,78.925926,21.074074,24.244553,13.325229,129.152948,39191,38575,616,4.597724,2199,20.0,290.083,20.089221343,290.120850545,PASS
INST_0476,100476,1,1,AODV,100,40,10,8,1,512,20.0,290.0,0.037,20.333,290.333,270.0,270.333,21600,13303,8297,61.587963,38.412037,1524.135281,207.054102,201.562843,63857,62585,1272,4.800195,7331,20.0,290.208,20.508468127,295.136759259,PASS
INST_0476,100476,1,1,DSDV,100,40,10,8,1,512,20.0,290.0,0.037,20.333,290.333,270.0,270.333,21600,12123,9477,56.125,43.875,676.223061,180.261269,183.683857,13181,13181,0,1.087272,5857,20.0,290.208,20.129225879,299.303896387,PASS
INST_0476,100476,1,1,AOMDV,100,40,10,8,1,512,20.0,290.0,0.037,20.333,290.333,270.0,270.333,21600,14292,7308,66.166667,33.833333,897.456095,138.302593,216.547858,44692,43830,862,3.127064,5679,20.0,290.208,20.091308705,293.444919849,PASS
INST_0477,100477,1,1,AODV,100,40,10,8,2,512,20.0,290.0,0.037,20.333,290.333,270.0,270.333,21600,17656,3944,81.740741,18.259259,320.0966,66.725913,267.51812,48085,47092,993,2.723437,3691,20.0,290.208,20.20276093,294.916405718,PASS
INST_0477,100477,1,1,DSDV,100,40,10,8,2,512,20.0,290.0,0.037,20.333,290.333,270.0,270.333,21600,14283,7317,66.125,33.875,340.033421,111.943064,216.411492,12524,12524,0,0.876847,5081,20.0,290.208,20.120371068,299.648918369,PASS
INST_0477,100477,1,1,AOMDV,100,40,10,8,2,512,20.0,290.0,0.037,20.333,290.333,270.0,270.333,21600,16873,4727,78.115741,21.884259,205.960528,42.743864,255.654352,40740,40130,610,2.414508,4467,20.0,290.208,20.242800208,290.899379404,PASS
INST_0478,100478,1,1,AODV,100,40,10,8,3,512,20.0,290.0,0.037,20.333,290.333,270.0,270.333,21600,16588,5012,76.796296,23.203704,596.30943,105.087032,251.336122,68433,67020,1413,4.125452,4516,20.0,290.208,20.067994583,293.173507773,PASS
INST_0478,100478,1,1,DSDV,100,40,10,8,3,512,20.0,290.0,0.037,20.333,290.333,270.0,270.333,21600,13026,8574,60.305556,39.694444,781.585369,119.649334,197.365827,13751,13751,0,1.055658,5595,20.0,290.208,20.008509859,299.892753619,PASS
INST_0478,100478,1,1,AOMDV,100,40,10,8,3,512,20.0,290.0,0.037,20.333,290.333,270.0,270.333,21600,16739,4861,77.49537,22.50463,253.928678,93.953231,253.624027,41383,40724,659,2.47225,4703,20.0,290.208,20.132353185,290.422970313,PASS
INST_0479,100479,1,1,AODV,100,40,10,8,4,512,20.0,290.0,0.037,20.333,290.333,270.0,270.333,21600,17886,3714,82.805556,17.194444,439.24206,74.734153,271.003007,42861,42010,851,2.396344,3536,20.0,290.208,20.033385296,293.795794995,PASS
INST_0479,100479,1,1,DSDV,100,40,10,8,4,512,20.0,290.0,0.037,20.333,290.333,270.0,270.333,21600,15055,6545,69.699074,30.300926,321.781287,88.32685,228.108592,12109,12109,0,0.804318,5020,20.0,290.208,20.008491444,298.576703986,PASS
INST_0479,100479,1,1,AOMDV,100,40,10,8,4,512,20.0,290.0,0.037,20.333,290.333,270.0,270.333,21600,17403,4197,80.569444,19.430556,176.728787,38.416698,263.684744,43027,42646,381,2.47239,4002,20.0,290.208,20.0924351,290.197667397,PASS
INST_0480,100480,1,1,AODV,100,40,10,8,5,512,20.0,290.0,0.037,20.333,290.333,270.0,270.333,21600,16339,5261,75.643519,24.356481,457.57434,94.8829,247.563353,73477,71670,1807,4.497032,4883,20.0,290.208,20.213317996,292.701365778,PASS
INST_0480,100480,1,1,DSDV,100,40,10,8,5,512,20.0,290.0,0.037,20.333,290.333,270.0,270.333,21600,13307,8293,61.606481,38.393519,850.145028,187.093449,201.62345,13273,13273,0,0.997445,6200,20.0,290.208,20.008848479,298.655195464,PASS
INST_0480,100480,1,1,AOMDV,100,40,10,8,5,512,20.0,290.0,0.037,20.333,290.333,270.0,270.333,21600,15587,6013,72.162037,27.837963,390.002913,63.589295,236.169288,43233,42435,798,2.773658,5541,20.0,290.208,20.048633304,290.239787502,PASS
INST_0481,100481,1,1,AODV,100,40,15,2,1,512,20.0,290.0,0.037,20.518,290.518,270.0,270.518,8100,7626,474,94.148148,5.851852,198.047148,52.861749,115.467717,39068,38263,805,5.123,452,20.0,290.018,20.273520184,290.100786944,PASS
INST_0481,100481,1,1,DSDV,100,40,15,2,1,512,20.0,290.0,0.037,20.518,290.518,270.0,270.518,8100,5503,2597,67.938272,32.061728,170.158104,268.6555,83.322692,10785,10785,0,1.95984,2206,20.0,290.018,20.129245879,290.805230049,PASS
INST_0481,100481,1,1,AOMDV,100,40,15,2,1,512,20.0,290.0,0.037,20.518,290.518,270.0,270.518,8100,6341,1759,78.283951,21.716049,25.501836,16.705957,96.011119,48626,47846,780,7.668507,1720,20.0,290.018,20.415481087,290.056970548,PASS
INST_0482,100482,1,1,AODV,100,40,15,2,2,512,20.0,290.0,0.037,20.518,290.518,270.0,270.518,8100,7500,600,92.592593,7.407407,331.520271,72.324444,113.559911,38161,37418,743,5.088133,508,20.0,290.018,20.201478228,290.035122187,PASS
INST_0482,100482,1,1,DSDV,100,40,15,2,2,512,20.0,290.0,0.037,20.518,290.518,270.0,270.518,8100,5720,2380,70.617284,29.382716,151.861151,211.242592,86.608359,10938,10938,0,1.912238,2140,20.0,290.018,20.119511068,290.252001275,PASS
INST_0482,100482,1,1,AOMDV,100,40,15,2,2,512,20.0,290.0,0.037,20.518,290.518,270.0,270.518,8100,6534,1566,80.666667,19.333333,20.759791,11.553686,98.933394,41220,40513,707,6.30854,1531,20.0,290.018,20.177891718,289.99258039,PASS
INST_0483,100483,1,1,AODV,100,40,15,2,3,512,20.0,290.0,0.037,20.518,290.518,270.0,270.518,8100,7791,309,96.185185,3.814815,115.740868,77.245847,117.966036,32144,31612,532,4.125786,286,20.0,290.018,20.084761526,290.029877303,PASS
INST_0483,100483,1,1,DSDV,100,40,15,2,3,512,20.0,290.0,0.037,20.518,290.518,270.0,270.518,8100,6206,1894,76.617284,23.382716,132.413358,185.4698,93.967041,12500,12500,0,2.01418,1704,20.0,290.018,20.009629859,290.428918888,PASS
INST_0483,100483,1,1,AOMDV,100,40,15,2,3,512,20.0,290.0,0.037,20.518,290.518,270.0,270.518,8100,6794,1306,83.876543,16.123457,27.852064,27.144241,102.870138,40502,39910,592,5.961437,1290,20.0,290.018,20.095374196,290.023516957,PASS
INST_0484,100484,1,1,AODV,100,40,15,2,4,512,20.0,290.0,0.037,20.518,290.518,270.0,270.518,8100,7685,415,94.876543,5.123457,129.241272,47.935614,116.361055,31411,30643,768,4.087313,352,20.0,290.018,20.112861685,290.071841987,PASS
INST_0484,100484,1,1,DSDV,100,40,15,2,4,512,20.0,290.0,0.037,20.518,290.518,270.0,270.518,8100,5571,2529,68.777778,31.222222,288.513757,391.199716,84.352302,11391,11391,0,2.044696,2210,20.0,290.018,20.008811444,290.83548138,PASS
INST_0484,100484,1,1,AOMDV,100,40,15,2,4,512,20.0,290.0,0.037,20.518,290.518,270.0,270.518,8100,6609,1491,81.592593,18.407407,23.117303,15.097179,100.068994,47489,46784,705,7.185505,1474,20.0,290.018,20.095741745,289.987056371,PASS
INST_0485,100485,1,1,AODV,100,40,15,2,5,512,20.0,290.0,0.037,20.518,290.518,270.0,270.518,8100,7629,471,94.185185,5.814815,176.987579,47.856213,115.513141,33406,32771,635,4.378818,403,20.0,290.018,20.036899979,290.072948828,PASS
INST_0485,100485,1,1,DSDV,100,40,15,2,5,512,20.0,290.0,0.037,20.518,290.518,270.0,270.518,8100,5749,2351,70.975309,29.024691,60.619195,99.873132,87.047457,10590,10590,0,1.842059,2159,20.0,290.018,20.008468479,290.037495848,PASS
INST_0485,100485,1,1,AOMDV,100,40,15,2,5,512,20.0,290.0,0.037,20.518,290.518,270.0,270.518,8100,6452,1648,79.654321,20.345679,37.84565,43.564301,97.691806,51081,50374,707,7.91708,1614,20.0,290.018,20.10681627,289.999739117,PASS
INST_0486,100486,1,1,AODV,100,40,15,4,1,512,20.0,290.0,0.037,20.518,290.518,270.0,270.518,16200,13668,2532,84.37037,15.62963,383.248525,106.175431,206.951582,64319,63079,1240,4.705809,2322,20.0,290.268,20.411605056,292.808593421,PASS
INST_0486,100486,1,1,DSDV,100,40,15,4,1,512,20.0,290.0,0.037,20.518,290.518,270.0,270.518,16200,10398,5802,64.185185,35.814815,252.217388,157.644509,157.439461,11669,11669,0,1.122235,4900,20.0,290.268,20.156951127,299.901994826,PASS
INST_0486,100486,1,1,AOMDV,100,40,15,4,1,512,20.0,290.0,0.037,20.518,290.518,270.0,270.518,16200,12466,3734,76.950617,23.049383,120.133794,50.848264,188.751713,50760,49904,856,4.071876,3654,20.0,290.268,20.169753209,290.249536915,PASS
INST_0487,100487,1,1,AODV,100,40,15,4,2,512,20.0,290.0,0.037,20.518,290.518,270.0,270.518,16200,13826,2374,85.345679,14.654321,559.7429,133.533354,209.343911,69854,68267,1587,5.052365,2226,20.0,290.268,20.206281232,292.626268454,PASS
INST_0487,100487,1,1,DSDV,100,40,15,4,2,512,20.0,290.0,0.037,20.518,290.518,270.0,270.518,16200,11015,5185,67.993827,32.006173,394.791505,167.45518,166.781656,12590,12590,0,1.142987,4259,20.0,290.268,20.119711068,299.56364453,PASS
INST_0487,100487,1,1,AOMDV,100,40,15,4,2,512,20.0,290.0,0.037,20.518,290.518,270.0,270.518,16200,12613,3587,77.858025,22.141975,71.984895,62.233526,190.977488,45074,44151,923,3.573615,3513,20.0,290.268,20.162515771,290.32889191,PASS
INST_0488,100488,1,1,AODV,100,40,15,4,3,512,20.0,290.0,0.037,20.518,290.518,270.0,270.518,16200,14803,1397,91.376543,8.623457,388.239542,84.347248,224.136982,53865,52961,904,3.638789,1286,20.0,290.268,20.081816848,290.789251522,PASS
INST_0488,100488,1,1,DSDV,100,40,15,4,3,512,20.0,290.0,0.037,20.518,290.518,270.0,270.518,16200,11362,4838,70.135802,29.864198,602.108096,220.977692,172.035694,12989,12989,0,1.143197,4005,20.0,290.268,20.008949859,299.992810769,PASS
INST_0488,100488,1,1,AOMDV,100,40,15,4,3,512,20.0,290.0,0.037,20.518,290.518,270.0,270.518,16200,13273,2927,81.932099,18.067901,44.307606,25.674465,200.97076,41196,40582,614,3.103744,2866,20.0,290.268,20.101045847,290.273596904,PASS
INST_0489,100489,1,1,AODV,100,40,15,4,4,512,20.0,290.0,0.037,20.518,290.518,270.0,270.518,16200,13272,2928,81.925926,18.074074,554.333745,141.701314,200.955618,72954,71210,1744,5.496835,2709,20.0,290.268,20.451906205,293.778783161,PASS
INST_0489,100489,1,1,DSDV,100,40,15,4,4,512,20.0,290.0,0.037,20.518,290.518,270.0,270.518,16200,11385,4815,70.277778,29.722222,269.163861,185.685561,172.383945,12344,12344,0,1.084234,4241,20.0,290.268,20.008831444,299.168683455,PASS
INST_0489,100489,1,1,AOMDV,100,40,15,4,4,512,20.0,290.0,0.037,20.518,290.518,270.0,270.518,16200,12920,3280,79.753086,20.246914,90.267358,62.908648,195.625873,47762,47054,708,3.696749,3200,20.0,290.268,20.080884726,290.287204774,PASS
INST_0490,100490,1,1,AODV,100,40,15,4,5,512,20.0,290.0,0.037,20.518,290.518,270.0,270.518,16200,14002,2198,86.432099,13.567901,274.680417,99.242924,212.008783,69831,68153,1678,4.987216,2014,20.0,290.268,20.06417247,294.678982269,PASS
INST_0490,100490,1,1,DSDV,100,40,15,4,5,512,20.0,290.0,0.037,20.518,290.518,270.0,270.518,16200,10636,5564,65.654321,34.345679,107.204294,99.300689,161.043095,11531,11531,0,1.084148,5157,20.0,290.268,20.008528479,294.467752098,PASS
INST_0490,100490,1,1,AOMDV,100,40,15,4,5,512,20.0,290.0,0.037,20.518,290.518,270.0,270.518,16200,12663,3537,78.166667,21.833333,61.193943,36.432931,191.734554,51755,50938,817,4.087104,3486,20.0,290.268,20.073704048,290.244217504,PASS
INST_0491,100491,1,1,AODV,100,40,15,8,1,512,20.0,290.0,0.037,20.518,290.518,270.0,270.518,32400,15719,16681,48.515432,51.484568,2801.619546,253.331883,238.006432,76335,74928,1407,4.856225,13445,20.0,290.393,20.432388837,298.085873371,PASS
INST_0491,100491,1,1,DSDV,100,40,15,8,1,512,20.0,290.0,0.037,20.518,290.518,270.0,270.518,32400,16499,15901,50.92284,49.07716,1377.624456,258.692967,249.816663,13391,13391,0,0.811625,7825,20.0,290.393,20.156871127,299.594337626,PASS
INST_0491,100491,1,1,AOMDV,100,40,15,8,1,512,20.0,290.0,0.037,20.518,290.518,270.0,270.518,32400,16789,15611,51.817901,48.182099,3412.26,199.825858,254.207646,62429,61144,1285,3.718447,10114,20.0,290.393,20.526400289,294.7643096,PASS
INST_0492,100492,1,1,AODV,100,40,15,8,2,512,20.0,290.0,0.037,20.518,290.518,270.0,270.518,32400,20082,12318,61.981481,38.018519,1156.783718,139.307186,304.068018,66218,65019,1199,3.297381,11139,20.0,290.393,20.308767837,295.240856512,PASS
INST_0492,100492,1,1,DSDV,100,40,15,8,2,512,20.0,290.0,0.037,20.518,290.518,270.0,270.518,32400,17168,15232,52.987654,47.012346,1296.903925,216.736973,259.946207,13485,13485,0,0.785473,8751,20.0,290.393,20.119631068,299.971743335,PASS
INST_0492,100492,1,1,AOMDV,100,40,15,8,2,512,20.0,290.0,0.037,20.518,290.518,270.0,270.518,32400,18329,14071,56.570988,43.429012,2387.79038,180.286126,277.525281,53739,52513,1226,2.931911,9595,20.0,290.393,20.147081626,292.056312092,PASS
INST_0493,100493,1,1,AODV,100,40,15,8,3,512,20.0,290.0,0.037,20.518,290.518,270.0,270.518,32400,18884,13516,58.283951,41.716049,2141.699226,192.719405,285.928715,75795,74520,1275,4.013715,10528,20.0,290.393,20.084436637,299.072560383,PASS
INST_0493,100493,1,1,DSDV,100,40,15,8,3,512,20.0,290.0,0.037,20.518,290.518,270.0,270.518,32400,19359,13041,59.75,40.25,1197.04758,152.037923,293.120842,13658,13658,0,0.705512,6402,20.0,290.393,20.008649859,299.93121658,PASS
INST_0493,100493,1,1,AOMDV,100,40,15,8,3,512,20.0,290.0,0.037,20.518,290.518,270.0,270.518,32400,21101,11299,65.126543,34.873457,1567.753817,142.756417,319.497024,53018,51989,1029,2.512582,8254,20.0,290.393,20.12186647,293.176629783,PASS
INST_0494,100494,1,1,AODV,100,40,15,8,4,512,20.0,290.0,0.037,20.518,290.518,270.0,270.518,32400,16588,15812,51.197531,48.802469,2033.500378,246.954351,251.16424,90850,88942,1908,5.476851,12564,20.0,290.393,20.046977226,296.348680358,PASS
INST_0494,100494,1,1,DSDV,100,40,15,8,4,512,20.0,290.0,0.037,20.518,290.518,270.0,270.518,32400,16748,15652,51.691358,48.308642,1773.435133,249.65062,253.586852,13462,13462,0,0.803797,7226,20.0,290.393,20.008331444,299.968724767,PASS
INST_0494,100494,1,1,AOMDV,100,40,15,8,4,512,20.0,290.0,0.037,20.518,290.518,270.0,270.518,32400,17537,14863,54.126543,45.873457,2511.474881,223.806638,265.533355,61305,60122,1183,3.495752,9724,20.0,290.393,20.08580678,294.166457765,PASS
INST_0495,100495,1,1,AODV,100,40,15,8,5,512,20.0,290.0,0.037,20.518,290.518,270.0,270.518,32400,18363,14037,56.675926,43.324074,1587.289911,181.2744,278.040086,81209,79606,1603,4.422426,11984,20.0,290.393,20.063292028,296.582553368,PASS
INST_0495,100495,1,1,DSDV,100,40,15,8,5,512,20.0,290.0,0.037,20.518,290.518,270.0,270.518,32400,17538,14862,54.12963,45.87037,1345.395652,217.118754,265.548496,12778,12778,0,0.728589,8750,20.0,290.393,20.008468479,298.335321149,PASS
INST_0495,100495,1,1,AOMDV,100,40,15,8,5,512,20.0,290.0,0.037,20.518,290.518,270.0,270.518,32400,18763,13637,57.910494,42.089506,2198.23187,180.7548,284.096615,58380,57408,972,3.111443,9604,20.0,290.393,20.058465947,292.169238418,PASS
INST_0496,100496,1,1,AODV,100,40,20,2,1,512,20.0,290.0,0.037,20.703,290.703,270.0,270.703,10800,9920,880,91.851852,8.148148,200.335373,75.880856,150.09926,52645,51448,1197,5.306956,736,20.0,290.203,20.426924864,290.267325559,PASS
INST_0496,100496,1,1,DSDV,100,40,20,2,1,512,20.0,290.0,0.037,20.703,290.703,270.0,270.703,10800,7426,3374,68.759259,31.240741,82.709278,93.161566,112.362611,11546,11546,0,1.554807,2962,20.0,290.203,20.129845403,293.605749272,PASS
INST_0496,100496,1,1,AOMDV,100,40,20,2,1,512,20.0,290.0,0.037,20.703,290.703,270.0,270.703,10800,8617,2183,79.787037,20.212963,112.513823,120.248757,130.383601,55616,54571,1045,6.454218,2138,20.0,290.203,20.324212944,290.235547825,PASS
INST_0497,100497,1,1,AODV,100,40,20,2,2,512,20.0,290.0,0.037,20.703,290.703,270.0,270.703,10800,10107,693,93.583333,6.416667,203.16713,77.090606,152.928752,52370,51248,1122,5.181557,608,20.0,290.203,20.160855514,290.241380918,PASS
INST_0497,100497,1,1,DSDV,100,40,20,2,2,512,20.0,290.0,0.037,20.703,290.703,270.0,270.703,10800,8054,2746,74.574074,25.425926,92.862419,104.931274,121.864863,11216,11216,0,1.3926,2507,20.0,290.203,20.119871068,291.063646561,PASS
INST_0497,100497,1,1,AOMDV,100,40,20,2,2,512,20.0,290.0,0.037,20.703,290.703,270.0,270.703,10800,8663,2137,80.212963,19.787037,40.211678,34.544727,131.079626,47357,46369,988,5.466582,2077,20.0,290.203,20.228901092,290.177739598,PASS
INST_0498,100498,1,1,AODV,100,40,20,2,3,512,20.0,290.0,0.037,20.703,290.703,270.0,270.703,10800,10346,454,95.796296,4.203704,185.874409,61.114421,156.545055,44930,44062,868,4.342741,391,20.0,290.203,20.079098824,293.638472392,PASS
INST_0498,100498,1,1,DSDV,100,40,20,2,3,512,20.0,290.0,0.037,20.703,290.703,270.0,270.703,10800,8155,2645,75.509259,24.490741,162.439334,165.65059,123.393091,12393,12393,0,1.519681,2418,20.0,290.203,20.009629859,294.457676839,PASS
INST_0498,100498,1,1,AOMDV,100,40,20,2,3,512,20.0,290.0,0.037,20.703,290.703,270.0,270.703,10800,8868,1932,82.111111,17.888889,54.885319,73.509041,134.181476,46111,45231,880,5.199707,1896,20.0,290.203,20.125405613,290.208737348,PASS
INST_0499,100499,1,1,AODV,100,40,20,2,4,512,20.0,290.0,0.037,20.703,290.703,270.0,270.703,10800,10019,781,92.768519,7.231481,233.071926,93.873923,151.597226,56655,55492,1163,5.654756,718,20.0,290.203,20.052108451,290.230115662,PASS
INST_0499,100499,1,1,DSDV,100,40,20,2,4,512,20.0,290.0,0.037,20.703,290.703,270.0,270.703,10800,7434,3366,68.833333,31.166667,415.016843,314.045483,112.483659,11723,11723,0,1.576944,2939,20.0,290.203,20.008811444,295.211781543,PASS
INST_0499,100499,1,1,AOMDV,100,40,20,2,4,512,20.0,290.0,0.037,20.703,290.703,270.0,270.703,10800,8604,2196,79.666667,20.333333,59.266875,72.808453,130.186899,52499,51505,994,6.101697,2135,20.0,290.203,20.020401173,290.208516184,PASS
INST_0500,100500,1,1,AODV,100,40,20,2,5,512,20.0,290.0,0.037,20.703,290.703,270.0,270.703,10800,10195,605,94.398148,5.601852,83.497841,42.313045,154.260278,44225,43261,964,4.337911,531,20.0,290.203,20.149161774,290.208856423,PASS
INST_0500,100500,1,1,DSDV,100,40,20,2,5,512,20.0,290.0,0.037,20.703,290.703,270.0,270.703,10800,7723,3077,71.509259,28.490741,44.554015,53.783764,116.856511,11261,11261,0,1.458112,2772,20.0,290.203,20.008548479,290.252408189,PASS
INST_0500,100500,1,1,AOMDV,100,40,20,2,5,512,20.0,290.0,0.037,20.703,290.703,270.0,270.703,10800,8728,2072,80.814815,19.185185,35.61892,22.958264,132.063139,53893,53011,882,6.174725,2031,20.0,290.203,20.074834196,290.208856423,PASS
INST_0501,100501,1,1,AODV,100,40,20,4,1,512,20.0,290.0,0.037,20.703,290.703,270.0,270.703,21600,13868,7732,64.203704,35.796296,1391.606956,295.924966,209.836345,106176,104083,2093,7.656187,7045,20.0,290.453,20.526690211,299.479371459,PASS
INST_0501,100501,1,1,DSDV,100,40,20,4,1,512,20.0,290.0,0.037,20.703,290.703,270.0,270.703,21600,13043,8557,60.384259,39.615741,811.41411,304.608924,197.353291,12186,12186,0,0.934294,6561,20.0,290.453,20.128385673,299.890591634,PASS
INST_0501,100501,1,1,AOMDV,100,40,20,4,1,512,20.0,290.0,0.037,20.703,290.703,270.0,270.703,21600,14124,7476,65.388889,34.611111,1518.770505,236.755049,213.709874,64731,63234,1497,4.58305,6852,20.0,290.453,20.379694252,291.817851416,PASS
INST_0502,100502,1,1,AODV,100,40,20,4,2,512,20.0,290.0,0.037,20.703,290.703,270.0,270.703,21600,15965,5635,73.912037,26.087963,907.020546,215.613852,241.565997,88120,86321,1799,5.519574,5236,20.0,290.453,20.22097376,299.638387372,PASS
INST_0502,100502,1,1,DSDV,100,40,20,4,2,512,20.0,290.0,0.037,20.703,290.703,270.0,270.703,21600,14308,7292,66.240741,33.759259,757.696362,198.947286,216.493973,13201,13201,0,0.922631,5739,20.0,290.453,20.119471068,299.980848926,PASS
INST_0502,100502,1,1,AOMDV,100,40,20,4,2,512,20.0,290.0,0.037,20.703,290.703,270.0,270.703,21600,16440,5160,76.111111,23.888889,460.141625,134.869241,248.753209,52719,51491,1228,3.206752,4862,20.0,290.453,20.231089599,290.693795971,PASS
INST_0503,100503,1,1,AODV,100,40,20,4,3,512,20.0,290.0,0.037,20.703,290.703,270.0,270.703,21600,15663,5937,72.513889,27.486111,1124.308776,239.97671,236.996443,101276,99250,2026,6.465939,5461,20.0,290.453,20.082080268,294.173550859,PASS
INST_0503,100503,1,1,DSDV,100,40,20,4,3,512,20.0,290.0,0.037,20.703,290.703,270.0,270.703,21600,14548,7052,67.351852,32.648148,896.343674,241.288188,220.125407,13806,13806,0,0.948996,5048,20.0,290.453,20.008469859,299.742417543,PASS
INST_0503,100503,1,1,AOMDV,100,40,20,4,3,512,20.0,290.0,0.037,20.703,290.703,270.0,270.703,21600,17037,4563,78.875,21.125,265.635181,101.194591,257.786401,49696,48603,1093,2.916945,4461,20.0,290.453,20.08447357,291.118516804,PASS
INST_0504,100504,1,1,AODV,100,40,20,4,4,512,20.0,290.0,0.037,20.703,290.703,270.0,270.703,21600,13082,8518,60.564815,39.435185,1832.667384,401.978729,197.943399,123657,120727,2930,9.452454,7689,20.0,290.453,20.172149949,291.445707669,PASS
INST_0504,100504,1,1,DSDV,100,40,20,4,4,512,20.0,290.0,0.037,20.703,290.703,270.0,270.703,21600,12720,8880,58.888889,41.111111,1410.277629,355.205608,192.465987,13453,13453,0,1.057626,6351,20.0,290.453,20.008371444,299.956746857,PASS
INST_0504,100504,1,1,AOMDV,100,40,20,4,4,512,20.0,290.0,0.037,20.703,290.703,270.0,270.703,21600,15220,6380,70.462963,29.537037,884.046875,222.616704,230.293421,59728,58494,1234,3.92431,5926,20.0,290.453,20.156129208,291.495648674,PASS
INST_0505,100505,1,1,AODV,100,40,20,4,5,512,20.0,290.0,0.037,20.703,290.703,270.0,270.703,21600,16050,5550,74.305556,25.694444,738.089349,200.33588,242.852129,92816,90808,2008,5.782928,5033,20.0,290.453,20.06573931,290.848379268,PASS
INST_0505,100505,1,1,DSDV,100,40,20,4,5,512,20.0,290.0,0.037,20.703,290.703,270.0,270.703,21600,14665,6935,67.893519,32.106481,522.636041,203.698811,221.895731,12460,12460,0,0.849642,5717,20.0,290.453,20.008868479,299.979434022,PASS
INST_0505,100505,1,1,AOMDV,100,40,20,4,5,512,20.0,290.0,0.037,20.703,290.703,270.0,270.703,21600,16439,5161,76.106481,23.893519,504.179626,116.870379,248.738078,55194,54140,1054,3.357503,4776,20.0,290.453,20.013850979,290.458676449,PASS
INST_0506,100506,1,1,AODV,100,40,20,8,1,512,20.0,290.0,0.037,20.703,290.703,270.0,270.703,43200,14298,28902,33.097222,66.902778,3983.89176,382.260675,216.342663,112010,109803,2207,7.833963,20356,20.0,290.578,20.084366973,299.062476964,PASS
INST_0506,100506,1,1,DSDV,100,40,20,8,1,512,20.0,290.0,0.037,20.703,290.703,270.0,270.703,43200,17035,26165,39.43287,60.56713,2728.313567,319.565821,257.756139,13288,13288,0,0.780041,10294,20.0,290.578,20.156831127,299.996152722,PASS
INST_0506,100506,1,1,AOMDV,100,40,20,8,1,512,20.0,290.0,0.037,20.703,290.703,270.0,270.703,43200,14713,28487,34.05787,65.94213,5452.049806,342.390312,222.622017,79849,78072,1777,5.427105,14792,20.0,290.578,20.74418772,296.77242418,PASS
INST_0507,100507,1,1,AODV,100,40,20,8,2,512,20.0,290.0,0.037,20.703,290.703,270.0,270.703,43200,18017,25183,41.706019,58.293981,3264.559919,283.519118,272.614755,93412,91676,1736,5.184659,18545,20.0,290.578,20.280779646,295.33698318,PASS
INST_0507,100507,1,1,DSDV,100,40,20,8,2,512,20.0,290.0,0.037,20.703,290.703,270.0,270.703,43200,20173,23027,46.696759,53.303241,1906.0055,269.147556,305.237134,13878,13878,0,0.687949,9951,20.0,290.578,20.119451068,299.824604237,PASS
INST_0507,100507,1,1,AOMDV,100,40,20,8,2,512,20.0,290.0,0.037,20.703,290.703,270.0,270.703,43200,18785,24415,43.483796,56.516204,4284.747913,276.458927,284.235343,64832,63357,1475,3.451264,13111,20.0,290.578,20.196128402,294.988498039,PASS
INST_0508,100508,1,1,AODV,100,40,20,8,3,512,20.0,290.0,0.037,20.703,290.703,270.0,270.703,43200,18843,24357,43.618056,56.381944,3090.991572,319.189364,285.112939,103965,102032,1933,5.517434,16820,20.0,290.578,20.08519758,297.050415982,PASS
INST_0508,100508,1,1,DSDV,100,40,20,8,3,512,20.0,290.0,0.037,20.703,290.703,270.0,270.703,43200,20107,23093,46.543981,53.456019,2539.331105,282.002885,304.23849,14654,14654,0,0.728801,9270,20.0,290.578,20.008809859,299.959555311,PASS
INST_0508,100508,1,1,AOMDV,100,40,20,8,3,512,20.0,290.0,0.037,20.703,290.703,270.0,270.703,43200,18953,24247,43.872685,56.127315,4292.505548,300.916212,286.777346,66386,64838,1548,3.502664,13152,20.0,290.578,20.110698674,296.486008912,PASS
INST_0509,100509,1,1,AODV,100,40,20,8,4,512,20.0,290.0,0.037,20.703,290.703,270.0,270.703,43200,14685,28515,33.993056,66.006944,3513.257684,378.303299,222.19835,125118,122709,2409,8.520123,20773,20.0,290.578,20.042631383,295.13376771,PASS
INST_0509,100509,1,1,DSDV,100,40,20,8,4,512,20.0,290.0,0.037,20.703,290.703,270.0,270.703,43200,17829,25371,41.270833,58.729167,2921.801328,310.809089,269.770132,12672,12672,0,0.710752,10661,20.0,290.578,20.008671444,299.701273687,PASS
INST_0509,100509,1,1,AOMDV,100,40,20,8,4,512,20.0,290.0,0.037,20.703,290.703,270.0,270.703,43200,14885,28315,34.456019,65.543981,5441.252408,396.659764,225.224545,74388,72674,1714,4.997514,14874,20.0,290.578,20.09462796,296.170624989,PASS
INST_0510,100510,1,1,AODV,100,40,20,8,5,512,20.0,290.0,0.037,20.703,290.703,270.0,270.703,43200,19859,23341,45.969907,54.030093,2661.434102,252.932891,300.486009,101380,99583,1797,5.10499,18554,20.0,290.578,20.0694792,297.900105342,PASS
INST_0510,100510,1,1,DSDV,100,40,20,8,5,512,20.0,290.0,0.037,20.703,290.703,270.0,270.703,43200,19520,23680,45.185185,54.814815,2150.766243,317.016842,295.356609,13584,13584,0,0.695902,10565,20.0,290.578,20.008768479,299.922137607,PASS
INST_0510,100510,1,1,AOMDV,100,40,20,8,5,512,20.0,290.0,0.037,20.703,290.703,270.0,270.703,43200,19357,23843,44.80787,55.19213,3865.405459,271.224128,292.89026,69781,68312,1469,3.604949,13669,20.0,290.578,20.068840292,293.896449618,PASS
INST_0511,100511,1,1,AODV,100,40,25,2,1,512,20.0,290.0,0.037,20.888,290.888,270.0,270.888,13500,11025,2475,81.666667,18.333333,732.614343,289.473579,166.705059,104666,102361,2305,9.493515,2140,20.0,290.388,20.494655174,294.147646888,PASS
INST_0511,100511,1,1,DSDV,100,40,25,2,1,512,20.0,290.0,0.037,20.888,290.888,270.0,270.888,13500,9207,4293,68.2,31.8,380.859214,458.445302,139.215735,11354,11354,0,1.233192,3819,20.0,290.388,20.128545403,299.089680386,PASS
INST_0511,100511,1,1,AOMDV,100,40,25,2,1,512,20.0,290.0,0.037,20.888,290.888,270.0,270.888,13500,10362,3138,76.755556,23.244444,114.83802,80.848739,156.680074,63548,62072,1476,6.132793,3058,20.0,290.388,20.225318166,290.761058043,PASS
INST_0512,100512,1,1,AODV,100,40,25,2,2,512,20.0,290.0,0.037,20.888,290.888,270.0,270.888,13500,12228,1272,90.577778,9.422222,317.535116,101.129759,184.895189,66537,65288,1249,5.441364,1109,20.0,290.388,20.295496132,290.393497398,PASS
INST_0512,100512,1,1,DSDV,100,40,25,2,2,512,20.0,290.0,0.037,20.888,290.888,270.0,270.888,13500,9908,3592,73.392593,26.607407,315.99203,268.978597,149.815304,11878,11878,0,1.198829,3313,20.0,290.388,20.120031068,296.954403212,PASS
INST_0512,100512,1,1,AOMDV,100,40,25,2,2,512,20.0,290.0,0.037,20.888,290.888,270.0,270.888,13500,10855,2645,80.407407,19.592593,65.527423,47.519799,164.13455,58285,57008,1277,5.369415,2576,20.0,290.388,20.242775945,290.393837398,PASS
INST_0513,100513,1,1,AODV,100,40,25,2,3,512,20.0,290.0,0.037,20.888,290.888,270.0,270.888,13500,12609,891,93.4,6.6,235.275896,110.449019,190.656153,64911,63475,1436,5.14799,773,20.0,290.388,20.077132685,290.565373857,PASS
INST_0513,100513,1,1,DSDV,100,40,25,2,3,512,20.0,290.0,0.037,20.888,290.888,270.0,270.888,13500,10134,3366,75.066667,24.933333,389.114922,254.901796,153.232568,13045,13045,0,1.287251,3008,20.0,290.388,20.008889859,298.443791986,PASS
INST_0513,100513,1,1,AOMDV,100,40,25,2,3,512,20.0,290.0,0.037,20.888,290.888,270.0,270.888,13500,11203,2297,82.985185,17.014815,57.479332,50.197348,169.396533,50337,49231,1106,4.493171,2238,20.0,290.388,20.129339285,290.465549334,PASS
INST_0514,100514,1,1,AODV,100,40,25,2,4,512,20.0,290.0,0.037,20.888,290.888,270.0,270.888,13500,11538,1962,85.466667,14.533333,386.787455,213.452814,174.461947,97056,94904,2152,8.411856,1771,20.0,290.388,20.030084672,299.773772441,PASS
INST_0514,100514,1,1,DSDV,100,40,25,2,4,512,20.0,290.0,0.037,20.888,290.888,270.0,270.888,13500,9484,4016,70.251852,29.748148,396.889348,323.44891,143.404152,11983,11983,0,1.263496,3523,20.0,290.388,20.008531444,299.312405223,PASS
INST_0514,100514,1,1,AOMDV,100,40,25,2,4,512,20.0,290.0,0.037,20.888,290.888,270.0,270.888,13500,10725,2775,79.444444,20.555556,78.778313,67.999187,162.168867,57374,56111,1263,5.349557,2692,20.0,290.388,20.485091505,290.357076481,PASS
INST_0515,100515,1,1,AODV,100,40,25,2,5,512,20.0,290.0,0.037,20.888,290.888,270.0,270.888,13500,12558,942,93.022222,6.977778,265.305998,83.929327,189.885,61293,59955,1338,4.880793,760,20.0,290.388,20.055616199,290.493186293,PASS
INST_0515,100515,1,1,DSDV,100,40,25,2,5,512,20.0,290.0,0.037,20.888,290.888,270.0,270.888,13500,9562,3938,70.82963,29.17037,145.547558,153.662688,144.583562,11540,11540,0,1.20686,3536,20.0,290.388,20.008768479,293.15896703,PASS
INST_0515,100515,1,1,AOMDV,100,40,25,2,5,512,20.0,290.0,0.037,20.888,290.888,270.0,270.888,13500,10783,2717,79.874074,20.125926,71.49626,43.117752,163.045864,60500,59282,1218,5.610683,2647,20.0,290.388,20.103679796,290.607085835,PASS
INST_0516,100516,1,1,AODV,100,40,25,4,1,512,20.0,290.0,0.037,20.888,290.888,270.0,270.888,27000,11731,15269,43.448148,56.551852,4048.182181,586.237914,177.380231,140374,137877,2497,11.966073,12791,20.0,290.638,20.746767158,298.330924349,PASS
INST_0516,100516,1,1,DSDV,100,40,25,4,1,512,20.0,290.0,0.037,20.888,290.888,270.0,270.888,27000,13773,13227,51.011111,48.988889,1475.723451,385.70233,208.256578,12869,12869,0,0.934364,7749,20.0,290.638,20.157531127,299.127383193,PASS
INST_0516,100516,1,1,AOMDV,100,40,25,4,1,512,20.0,290.0,0.037,20.888,290.888,270.0,270.888,27000,13140,13860,48.666667,51.333333,2997.517802,409.147779,198.685213,87497,85169,2328,6.658828,11559,20.0,290.638,20.43386812,295.341255106,PASS
INST_0517,100517,1,1,AODV,100,40,25,4,2,512,20.0,290.0,0.037,20.888,290.888,270.0,270.888,27000,15315,11685,56.722222,43.277778,2802.727671,404.630137,231.572606,107475,105265,2210,7.01763,10158,20.0,290.638,20.248049075,297.977894391,PASS
INST_0517,100517,1,1,DSDV,100,40,25,4,2,512,20.0,290.0,0.037,20.888,290.888,270.0,270.888,27000,16502,10498,61.118519,38.881481,1216.597526,219.240692,249.520806,13301,13301,0,0.806024,6687,20.0,290.638,20.119891068,299.920978378,PASS
INST_0517,100517,1,1,AOMDV,100,40,25,4,2,512,20.0,290.0,0.037,20.888,290.888,270.0,270.888,27000,17245,9755,63.87037,36.12963,1990.067603,300.500467,260.755441,69453,67903,1550,4.027428,8167,20.0,290.638,20.20333991,293.645130683,PASS
INST_0518,100518,1,1,AODV,100,40,25,4,3,512,20.0,290.0,0.037,20.888,290.888,270.0,270.888,27000,15955,11045,59.092593,40.907407,2088.406942,359.388463,241.249815,112393,110210,2183,7.044375,9407,20.0,290.638,20.089336592,292.870407785,PASS
INST_0518,100518,1,1,DSDV,100,40,25,4,3,512,20.0,290.0,0.037,20.888,290.888,270.0,270.888,27000,17035,9965,63.092593,36.907407,1292.730915,244.449295,257.580107,13879,13879,0,0.814734,6446,20.0,290.638,20.009089859,299.967275122,PASS
INST_0518,100518,1,1,AOMDV,100,40,25,4,3,512,20.0,290.0,0.037,20.888,290.888,270.0,270.888,27000,17972,9028,66.562963,33.437037,1606.662645,282.423845,271.748147,61872,60334,1538,3.442689,7865,20.0,290.638,20.096569479,291.698185503,PASS
INST_0519,100519,1,1,AODV,100,40,25,4,4,512,20.0,290.0,0.037,20.888,290.888,270.0,270.888,27000,11832,15168,43.822222,56.177778,2838.778512,550.8722,178.907416,150509,147606,2903,12.720504,12358,20.0,290.638,20.03114677,296.753914693,PASS
INST_0519,100519,1,1,DSDV,100,40,25,4,4,512,20.0,290.0,0.037,20.888,290.888,270.0,270.888,27000,14487,12513,53.655556,46.344444,1745.972416,419.316725,219.052716,12477,12477,0,0.861255,8323,20.0,290.638,20.009291444,299.958341479,PASS
INST_0519,100519,1,1,AOMDV,100,40,25,4,4,512,20.0,290.0,0.037,20.888,290.888,270.0,270.888,27000,15427,11573,57.137037,42.862963,2513.406899,473.519055,233.266117,76297,74373,1924,4.94568,9680,20.0,290.638,20.042548212,293.397330204,PASS
INST_0520,100520,1,1,AODV,100,40,25,4,5,512,20.0,290.0,0.037,20.888,290.888,270.0,270.888,27000,15263,11737,56.52963,43.47037,2420.004253,440.500629,230.786332,137756,134802,2954,9.025486,9784,20.0,290.638,20.051948443,296.86843923,PASS
INST_0520,100520,1,1,DSDV,100,40,25,4,5,512,20.0,290.0,0.037,20.888,290.888,270.0,270.888,27000,16246,10754,60.17037,39.82963,1135.398476,339.963486,245.649922,12850,12850,0,0.790964,7547,20.0,290.638,20.009028479,299.941736061,PASS
INST_0520,100520,1,1,AOMDV,100,40,25,4,5,512,20.0,290.0,0.037,20.888,290.888,270.0,270.888,27000,16160,10840,59.851852,40.148148,2320.213802,335.159652,244.349547,75718,74043,1675,4.68552,9014,20.0,290.638,20.123314462,291.458167765,PASS
INST_0521,100521,1,1,AODV,100,40,25,8,1,512,20.0,290.0,0.037,20.888,290.888,270.0,270.888,54000,12043,41957,22.301852,77.698148,4758.60731,564.074141,182.097871,131328,129102,2226,10.904924,27361,20.0,290.763,20.497522455,299.479064035,PASS
INST_0521,100521,1,1,DSDV,100,40,25,8,1,512,20.0,290.0,0.037,20.888,290.888,270.0,270.888,54000,16285,37715,30.157407,69.842593,3476.167332,456.481572,246.239627,13914,13914,0,0.854406,13407,20.0,290.763,20.129265673,299.866538166,PASS
INST_0521,100521,1,1,AOMDV,100,40,25,8,1,512,20.0,290.0,0.037,20.888,290.888,270.0,270.888,54000,12794,41206,23.692593,76.307407,6505.717368,482.25895,193.453472,92614,90390,2224,7.238862,18126,20.0,290.763,20.54162173,298.468347766,PASS
INST_0522,100522,1,1,AODV,100,40,25,8,2,512,20.0,290.0,0.037,20.888,290.888,270.0,270.888,54000,18528,35472,34.311111,65.688889,4181.80105,329.049369,280.155223,100878,99206,1672,5.444624,24890,20.0,290.763,20.170901155,296.733314636,PASS
INST_0522,100522,1,1,DSDV,100,40,25,8,2,512,20.0,290.0,0.037,20.888,290.888,270.0,270.888,54000,21297,32703,39.438889,60.561111,4026.394833,345.678923,322.024276,13969,13969,0,0.655914,11776,20.0,290.763,20.120311068,299.880694666,PASS
INST_0522,100522,1,1,AOMDV,100,40,25,8,2,512,20.0,290.0,0.037,20.888,290.888,270.0,270.888,54000,16649,37351,30.831481,69.168519,5860.160389,399.964885,251.74354,87959,85958,2001,5.28314,17529,20.0,290.763,20.231754415,294.920722512,PASS
INST_0523,100523,1,1,AODV,100,40,25,8,3,512,20.0,290.0,0.037,20.888,290.888,270.0,270.888,54000,18308,35692,33.903704,66.096296,3993.639419,355.021789,276.828682,115556,113346,2210,6.311776,22177,20.0,290.763,20.065004121,299.844767495,PASS
INST_0523,100523,1,1,DSDV,100,40,25,8,3,512,20.0,290.0,0.037,20.888,290.888,270.0,270.888,54000,22325,31675,41.342593,58.657407,4013.371961,370.931011,337.568294,14951,14951,0,0.669698,10898,20.0,290.763,20.008529859,299.967929087,PASS
INST_0523,100523,1,1,AOMDV,100,40,25,8,3,512,20.0,290.0,0.037,20.888,290.888,270.0,270.888,54000,20163,33837,37.338889,62.661111,5102.151119,347.272867,304.87747,74281,72494,1787,3.684025,15178,20.0,290.763,20.10831668,295.173536885,PASS
INST_0524,100524,1,1,AODV,100,40,25,8,4,512,20.0,290.0,0.037,20.888,290.888,270.0,270.888,54000,12853,41147,23.801852,76.198148,4510.794476,545.799848,194.345589,155774,153166,2608,12.119661,24236,20.0,290.763,20.037951209,299.984151249,PASS
INST_0524,100524,1,1,DSDV,100,40,25,8,4,512,20.0,290.0,0.037,20.888,290.888,270.0,270.888,54000,19044,34956,35.266667,64.733333,4438.589674,432.716169,287.957473,13629,13629,0,0.715658,13343,20.0,290.763,20.008931444,299.634936149,PASS
INST_0524,100524,1,1,AOMDV,100,40,25,8,4,512,20.0,290.0,0.037,20.888,290.888,270.0,270.888,54000,13488,40512,24.977778,75.022222,6623.484755,522.229658,203.947196,91512,89300,2212,6.784698,18565,20.0,290.763,20.013661008,298.009652312,PASS
INST_0525,100525,1,1,AODV,100,40,25,8,5,512,20.0,290.0,0.037,20.888,290.888,270.0,270.888,54000,16548,37452,30.644444,69.355556,3672.148549,369.629086,250.216355,141101,138729,2372,8.526771,25086,20.0,290.763,20.209225088,299.994297625,PASS
INST_0525,100525,1,1,DSDV,100,40,25,8,5,512,20.0,290.0,0.037,20.888,290.888,270.0,270.888,54000,21086,32914,39.048148,60.951852,2639.683986,325.638959,318.833821,12751,12751,0,0.604714,12701,20.0,290.763,20.008968479,299.699744443,PASS
INST_0525,100525,1,1,AOMDV,100,40,25,8,5,512,20.0,290.0,0.037,20.888,290.888,270.0,270.888,54000,15950,38050,29.537037,70.462963,5437.058866,405.829231,241.174212,92846,90714,2132,5.821066,18019,20.0,290.763,20.234625256,297.458383217,PASS
INST_0526,100526,1,1,AODV,100,50,5,2,1,512,20.0,290.0,0.037,20.148,290.148,270.0,270.148,2700,2521,179,93.37037,6.62963,332.596604,58.343352,38.223552,13409,13191,218,5.318921,173,20.0,289.648,20.077892644,289.659857517,PASS
INST_0526,100526,1,1,DSDV,100,50,5,2,1,512,20.0,290.0,0.037,20.148,290.148,270.0,270.148,2700,1775,925,65.740741,34.259259,311.685706,602.916378,26.912655,10058,10058,0,5.666479,778,20.0,289.648,20.129166638,289.659377463,PASS
INST_0526,100526,1,1,AOMDV,100,50,5,2,1,512,20.0,290.0,0.037,20.148,290.148,270.0,270.148,2700,2105,595,77.962963,22.037037,22.44095,12.635331,31.916135,34255,34002,253,16.273159,575,20.0,289.648,20.262822199,289.653577261,PASS
INST_0527,100527,1,1,AODV,100,50,5,2,2,512,20.0,290.0,0.037,20.148,290.148,270.0,270.148,2700,2580,120,95.555556,4.444444,100.172677,39.374262,39.118113,13158,12991,167,5.1,114,20.0,289.648,20.281279539,289.665321749,PASS
INST_0527,100527,1,1,DSDV,100,50,5,2,2,512,20.0,290.0,0.037,20.148,290.148,270.0,270.148,2700,1856,844,68.740741,31.259259,42.22871,64.012698,28.140782,9891,9891,0,5.329203,754,20.0,289.648,20.119771364,289.679064085,PASS
INST_0527,100527,1,1,AOMDV,100,50,5,2,2,512,20.0,290.0,0.037,20.148,290.148,270.0,270.148,2700,2072,628,76.740741,23.259259,51.342603,79.274953,31.415787,33319,33086,233,16.080598,616,20.0,289.648,20.338687907,289.623780849,PASS
INST_0528,100528,1,1,AODV,100,50,5,2,3,512,20.0,290.0,0.037,20.148,290.148,270.0,270.148,2700,2614,86,96.814815,3.185185,118.116384,53.259212,39.633623,14843,14563,280,5.678271,78,20.0,289.648,20.087253224,289.659520087,PASS
INST_0528,100528,1,1,DSDV,100,50,5,2,3,512,20.0,290.0,0.037,20.148,290.148,270.0,270.148,2700,1886,814,69.851852,30.148148,158.254316,219.494066,28.595644,11303,11303,0,5.993107,702,20.0,289.648,20.009450504,289.666497303,PASS
INST_0528,100528,1,1,AOMDV,100,50,5,2,3,512,20.0,290.0,0.037,20.148,290.148,270.0,270.148,2700,2108,592,78.074074,21.925926,17.346438,9.207259,31.961621,33354,33017,337,15.822581,582,20.0,289.648,20.079848868,289.542777743,PASS
INST_0529,100529,1,1,AODV,100,50,5,2,4,512,20.0,290.0,0.037,20.148,290.148,270.0,270.148,2700,2623,77,97.148148,2.851852,135.073393,50.283375,39.770082,12370,12209,161,4.715974,67,20.0,289.648,20.03223227,292.078433284,PASS
INST_0529,100529,1,1,DSDV,100,50,5,2,4,512,20.0,290.0,0.037,20.148,290.148,270.0,270.148,2700,1835,865,67.962963,32.037037,11.85742,3.503507,27.822379,9325,9325,0,5.081744,720,20.0,289.648,20.008211397,289.603806447,PASS
INST_0529,100529,1,1,AOMDV,100,50,5,2,4,512,20.0,290.0,0.037,20.148,290.148,270.0,270.148,2700,2210,490,81.851852,18.148148,41.655175,60.604888,33.508151,32978,32737,241,14.922172,470,20.0,289.648,20.0327012,289.671783004,PASS
INST_0530,100530,1,1,AODV,100,50,5,2,5,512,20.0,290.0,0.037,20.148,290.148,270.0,270.148,2700,2555,145,94.62963,5.37037,236.022474,65.280756,38.739062,18897,18467,430,7.396086,139,20.0,289.648,20.296806942,289.678040016,PASS
INST_0530,100530,1,1,DSDV,100,50,5,2,5,512,20.0,290.0,0.037,20.148,290.148,270.0,270.148,2700,1649,1051,61.074074,38.925926,36.746318,45.857867,25.002236,11303,11303,0,6.854457,912,20.0,289.648,20.092127421,289.752746276,PASS
INST_0530,100530,1,1,AOMDV,100,50,5,2,5,512,20.0,290.0,0.037,20.148,290.148,270.0,270.148,2700,2003,697,74.185185,25.814815,58.970479,86.419184,30.369605,34506,34189,317,17.227159,681,20.0,289.648,20.212470714,289.668048429,PASS
INST_0531,100531,1,1,AODV,100,50,5,4,1,512,20.0,290.0,0.037,20.148,290.148,270.0,270.148,5400,5133,267,95.055556,4.944444,432.647333,50.058241,77.82685,18611,18277,334,3.625755,259,20.0,289.898,20.302233526,289.903877295,PASS
INST_0531,100531,1,1,DSDV,100,50,5,4,1,512,20.0,290.0,0.037,20.148,290.148,270.0,270.148,5400,3295,2105,61.018519,38.981481,23.517591,25.974128,49.958985,10314,10314,0,3.130197,1802,20.0,289.898,20.128966638,289.920196295,PASS
INST_0531,100531,1,1,AOMDV,100,50,5,4,1,512,20.0,290.0,0.037,20.148,290.148,270.0,270.148,5400,3971,1429,73.537037,26.462963,23.441974,7.846133,60.208538,33505,33285,220,8.437421,1415,20.0,289.898,20.442543612,289.903937295,PASS
INST_0532,100532,1,1,AODV,100,50,5,4,2,512,20.0,290.0,0.037,20.148,290.148,270.0,270.148,5400,5173,227,95.796296,4.203704,165.81463,20.983795,78.433333,17045,16817,228,3.294993,225,20.0,289.898,20.221497213,289.915641787,PASS
INST_0532,100532,1,1,DSDV,100,50,5,4,2,512,20.0,290.0,0.037,20.148,290.148,270.0,270.148,5400,3724,1676,68.962963,31.037037,83.968012,80.097868,56.463509,10633,10633,0,2.855263,1570,20.0,289.898,20.120471364,289.859353901,PASS
INST_0532,100532,1,1,AOMDV,100,50,5,4,2,512,20.0,290.0,0.037,20.148,290.148,270.0,270.148,5400,4297,1103,79.574074,20.425926,14.309817,4.731795,65.151369,32718,32493,225,7.614149,1085,20.0,289.898,20.319480769,289.873040455,PASS
INST_0533,100533,1,1,AODV,100,50,5,4,3,512,20.0,290.0,0.037,20.148,290.148,270.0,270.148,5400,5213,187,96.537037,3.462963,201.595532,34.076489,79.039815,17000,16697,303,3.261078,181,20.0,289.898,20.084517229,290.620148788,PASS
INST_0533,100533,1,1,DSDV,100,50,5,4,3,512,20.0,290.0,0.037,20.148,290.148,270.0,270.148,5400,3733,1667,69.12963,30.87037,183.041832,241.400905,56.599967,11694,11694,0,3.132601,1396,20.0,289.898,20.008950504,289.924178711,PASS
INST_0533,100533,1,1,AOMDV,100,50,5,4,3,512,20.0,290.0,0.037,20.148,290.148,270.0,270.148,5400,4126,1274,76.407407,23.592593,16.061411,5.850358,62.558657,33483,33190,293,8.115124,1255,20.0,289.898,20.054676723,289.793057726,PASS
INST_0534,100534,1,1,AODV,100,50,5,4,4,512,20.0,290.0,0.037,20.148,290.148,270.0,270.148,5400,5243,157,97.092593,2.907407,178.031058,28.385998,79.494677,14128,13928,200,2.69464,147,20.0,289.898,20.028483709,293.464931625,PASS
INST_0534,100534,1,1,DSDV,100,50,5,4,4,512,20.0,290.0,0.037,20.148,290.148,270.0,270.148,5400,3663,1737,67.833333,32.166667,54.765138,51.973076,55.538623,9727,9727,0,2.655474,1514,20.0,289.898,20.008591397,289.885422986,PASS
INST_0534,100534,1,1,AOMDV,100,50,5,4,4,512,20.0,290.0,0.037,20.148,290.148,270.0,270.148,5400,4236,1164,78.444444,21.555556,31.284164,36.406013,64.226483,33334,33070,264,7.869216,1136,20.0,289.898,20.212924276,289.849049163,PASS
INST_0535,100535,1,1,AODV,100,50,5,4,5,512,20.0,290.0,0.037,20.148,290.148,270.0,270.148,5400,4975,425,92.12963,7.87037,274.272392,47.788444,75.431245,21177,20728,449,4.256683,417,20.0,289.898,20.237159913,289.921921291,PASS
INST_0535,100535,1,1,DSDV,100,50,5,4,5,512,20.0,290.0,0.037,20.148,290.148,270.0,270.148,5400,3356,2044,62.148148,37.851852,121.228074,143.404374,50.883871,11963,11963,0,3.56466,1847,20.0,289.898,20.091387421,290.029917964,PASS
INST_0535,100535,1,1,AOMDV,100,50,5,4,5,512,20.0,290.0,0.037,20.148,290.148,270.0,270.148,5400,3924,1476,72.666667,27.333333,34.821042,41.052731,59.495921,34654,34297,357,8.831295,1446,20.0,289.898,20.345605945,289.917733569,PASS
INST_0536,100536,1,1,AODV,100,50,5,8,1,512,20.0,290.0,0.037,20.148,290.148,270.0,270.148,10800,10036,764,92.925926,7.074074,158.882616,19.570968,152.166427,16975,16668,307,1.691411,725,20.0,290.023,20.26090345,290.028657307,PASS
INST_0536,100536,1,1,DSDV,100,50,5,8,1,512,20.0,290.0,0.037,20.148,290.148,270.0,270.148,10800,6749,4051,62.490741,37.509259,125.854897,136.824168,102.328738,11982,11982,0,1.775374,3162,20.0,290.023,20.128366528,294.465253634,PASS
INST_0536,100536,1,1,AOMDV,100,50,5,8,1,512,20.0,290.0,0.037,20.148,290.148,270.0,270.148,10800,8141,2659,75.37963,24.62037,23.801866,8.537803,123.434325,35032,34688,344,4.303157,2601,20.0,290.023,20.466803219,290.030827413,PASS
INST_0537,100537,1,1,AODV,100,50,5,8,2,512,20.0,290.0,0.037,20.148,290.148,270.0,270.148,10800,10312,488,95.481481,4.518519,122.486326,25.594523,156.351156,21214,20938,276,2.057215,473,20.0,290.023,20.333520897,290.040361678,PASS
INST_0537,100537,1,1,DSDV,100,50,5,8,2,512,20.0,290.0,0.037,20.148,290.148,270.0,270.148,10800,7477,3323,69.231481,30.768519,77.938892,21.284219,113.366718,11899,11899,0,1.591414,3050,20.0,290.023,20.119451364,296.383499461,PASS
INST_0537,100537,1,1,AOMDV,100,50,5,8,2,512,20.0,290.0,0.037,20.148,290.148,270.0,270.148,10800,8560,2240,79.259259,20.740741,27.59615,21.696567,129.787228,32755,32530,225,3.826519,2180,20.0,290.023,20.394495664,289.92492234,PASS
INST_0538,100538,1,1,AODV,100,50,5,8,3,512,20.0,290.0,0.037,20.148,290.148,270.0,270.148,10800,10562,238,97.796296,2.203704,98.408413,20.254843,160.14167,19320,18944,376,1.829199,219,20.0,290.023,20.092550592,290.034660105,PASS
INST_0538,100538,1,1,DSDV,100,50,5,8,3,512,20.0,290.0,0.037,20.148,290.148,270.0,270.148,10800,7083,3717,65.583333,34.416667,61.163077,45.404891,107.392866,11622,11622,0,1.64083,3096,20.0,290.023,20.008950504,295.368036142,PASS
INST_0538,100538,1,1,AOMDV,100,50,5,8,3,512,20.0,290.0,0.037,20.148,290.148,270.0,270.148,10800,8385,2415,77.638889,22.361111,18.240179,6.793369,127.133867,33542,33199,343,4.000239,2360,20.0,290.023,20.129641445,290.003521156,PASS
INST_0539,100539,1,1,AODV,100,50,5,8,4,512,20.0,290.0,0.037,20.148,290.148,270.0,270.148,10800,10244,556,94.851852,5.148148,318.686265,32.881765,155.320136,19383,19132,251,1.892132,530,20.0,290.023,20.132656489,290.443443294,PASS
INST_0539,100539,1,1,DSDV,100,50,5,8,4,512,20.0,290.0,0.037,20.148,290.148,270.0,270.148,10800,7349,3451,68.046296,31.953704,124.053058,56.663098,111.425974,11185,11185,0,1.521976,2883,20.0,290.023,20.008631397,296.035405623,PASS
INST_0539,100539,1,1,AOMDV,100,50,5,8,4,512,20.0,290.0,0.037,20.148,290.148,270.0,270.148,10800,8345,2455,77.268519,22.731481,30.06633,21.765928,126.527385,33381,33129,252,4.00012,2425,20.0,290.023,20.216560218,289.881077645,PASS
INST_0540,100540,1,1,AODV,100,50,5,8,5,512,20.0,290.0,0.037,20.148,290.148,270.0,270.148,10800,9534,1266,88.277778,11.722222,269.033198,50.765309,144.555074,40482,39386,1096,4.246067,1220,20.0,290.023,20.192815431,290.058242338,PASS
INST_0540,100540,1,1,DSDV,100,50,5,8,5,512,20.0,290.0,0.037,20.148,290.148,270.0,270.148,10800,6193,4607,57.342593,42.657407,449.099668,138.200786,93.898633,12298,12298,0,1.98579,3839,20.0,290.023,20.092667424,298.163316999,PASS
INST_0540,100540,1,1,AOMDV,100,50,5,8,5,512,20.0,290.0,0.037,20.148,290.148,270.0,270.148,10800,7579,3221,70.175926,29.824074,29.604594,11.409191,114.913248,35899,35478,421,4.736641,3182,20.0,290.023,20.227731017,290.042286158,PASS
INST_0541,100541,1,1,AODV,100,50,10,2,1,512,20.0,290.0,0.037,20.333,290.333,270.0,270.333,5400,5105,295,94.537037,5.462963,295.067864,55.002065,77.349343,25631,25121,510,5.020764,280,20.0,289.833,20.073364176,291.677842674,PASS
INST_0541,100541,1,1,DSDV,100,50,10,2,1,512,20.0,290.0,0.037,20.333,290.333,270.0,270.333,5400,3675,1725,68.055556,31.944444,160.509106,263.226544,55.682436,11190,11190,0,3.044898,1499,20.0,289.833,20.128126018,289.859228291,PASS
INST_0541,100541,1,1,AOMDV,100,50,10,2,1,512,20.0,290.0,0.037,20.333,290.333,270.0,270.333,5400,4180,1220,77.407407,22.592593,80.821774,91.749854,63.334036,39595,39051,544,9.472488,1189,20.0,289.833,20.501303242,289.864021796,PASS
INST_0542,100542,1,1,AODV,100,50,10,2,2,512,20.0,290.0,0.037,20.333,290.333,270.0,270.333,5400,5150,250,95.37037,4.62963,278.077188,58.755488,78.031169,24575,24177,398,4.771845,201,20.0,289.833,20.291000478,289.869186655,PASS
INST_0542,100542,1,1,DSDV,100,50,10,2,2,512,20.0,290.0,0.037,20.333,290.333,270.0,270.333,5400,3999,1401,74.055556,25.944444,36.456928,50.153079,60.591581,10460,10460,0,2.615654,1262,20.0,289.833,20.119811364,289.807939526,PASS
INST_0542,100542,1,1,AOMDV,100,50,10,2,2,512,20.0,290.0,0.037,20.333,290.333,270.0,270.333,5400,4421,979,81.87037,18.12963,17.087833,8.788909,66.985592,37390,36931,459,8.457363,970,20.0,289.833,20.329736448,289.862744871,PASS
INST_0543,100543,1,1,AODV,100,50,10,2,3,512,20.0,290.0,0.037,20.333,290.333,270.0,270.333,5400,5244,156,97.111111,2.888889,103.708695,40.065579,79.455427,23637,23092,545,4.507437,152,20.0,289.833,20.082775726,289.838516171,PASS
INST_0543,100543,1,1,DSDV,100,50,10,2,3,512,20.0,290.0,0.037,20.333,290.333,270.0,270.333,5400,3975,1425,73.611111,26.388889,96.315577,98.540718,60.227941,11227,11227,0,2.824403,1223,20.0,289.833,20.008610504,289.987171371,PASS
INST_0543,100543,1,1,AOMDV,100,50,10,2,3,512,20.0,290.0,0.037,20.333,290.333,270.0,270.333,5400,4261,1139,78.907407,21.092593,36.661901,48.977244,64.561323,38933,38337,596,9.137057,1103,20.0,289.833,20.065296537,289.838656171,PASS
INST_0544,100544,1,1,AODV,100,50,10,2,4,512,20.0,290.0,0.037,20.333,290.333,270.0,270.333,5400,5014,386,92.851852,7.148148,210.831486,56.28229,75.97054,26425,25995,430,5.270243,348,20.0,289.833,20.178970117,289.844480546,PASS
INST_0544,100544,1,1,DSDV,100,50,10,2,4,512,20.0,290.0,0.037,20.333,290.333,270.0,270.333,5400,3704,1696,68.592593,31.407407,121.534573,167.08985,56.121835,10679,10679,0,2.883099,1448,20.0,289.833,20.008671397,289.937551616,PASS
INST_0544,100544,1,1,AOMDV,100,50,10,2,4,512,20.0,290.0,0.037,20.333,290.333,270.0,270.333,5400,4182,1218,77.444444,22.555556,29.437658,23.595377,63.36434,46167,45621,546,11.039455,1192,20.0,289.833,20.161843129,289.845019394,PASS
INST_0545,100545,1,1,AODV,100,50,10,2,5,512,20.0,290.0,0.037,20.333,290.333,270.0,270.333,5400,5065,335,93.796296,6.203704,578.256324,96.409814,76.743276,40281,39353,928,7.952813,285,20.0,289.833,20.489203043,290.643441983,PASS
INST_0545,100545,1,1,DSDV,100,50,10,2,5,512,20.0,290.0,0.037,20.333,290.333,270.0,270.333,5400,3415,1985,63.240741,36.759259,296.907102,348.391951,51.742998,11744,11744,0,3.438946,1716,20.0,289.833,20.119691519,289.953499523,PASS
INST_0545,100545,1,1,AOMDV,100,50,10,2,5,512,20.0,290.0,0.037,20.333,290.333,270.0,270.333,5400,3891,1509,72.055556,27.944444,23.243972,15.120559,58.9552,41056,40404,652,10.551529,1474,20.0,289.833,20.370628812,289.850841353,PASS
INST_0546,100546,1,1,AODV,100,50,10,4,1,512,20.0,290.0,0.037,20.333,290.333,270.0,270.333,10800,10162,638,94.092593,5.907407,287.1403,45.507303,153.971406,30237,29678,559,2.975497,615,20.0,290.083,20.075900039,291.084756371,PASS
INST_0546,100546,1,1,DSDV,100,50,10,4,1,512,20.0,290.0,0.037,20.333,290.333,270.0,270.333,10800,7097,3703,65.712963,34.287037,323.97343,334.332135,107.531496,12118,12118,0,1.707482,3153,20.0,290.083,20.156970947,298.969061115,PASS
INST_0546,100546,1,1,AOMDV,100,50,10,4,1,512,20.0,290.0,0.037,20.333,290.333,270.0,270.333,10800,8269,2531,76.564815,23.435185,36.442957,28.122989,125.289269,39699,39143,556,4.800943,2491,20.0,290.083,20.486829497,290.05755914,PASS
INST_0547,100547,1,1,AODV,100,50,10,4,2,512,20.0,290.0,0.037,20.333,290.333,270.0,270.333,10800,10500,300,97.222222,2.777778,101.986923,34.059116,159.092675,31924,31382,542,3.040381,276,20.0,290.083,20.189465993,290.352668454,PASS
INST_0547,100547,1,1,DSDV,100,50,10,4,2,512,20.0,290.0,0.037,20.333,290.333,270.0,270.333,10800,8017,2783,74.231481,25.768519,165.841658,212.485492,121.471045,12310,12310,0,1.535487,2457,20.0,290.083,20.119991364,296.332043646,PASS
INST_0547,100547,1,1,AOMDV,100,50,10,4,2,512,20.0,290.0,0.037,20.333,290.333,270.0,270.333,10800,8442,2358,78.166667,21.833333,35.460277,35.480453,127.91051,37553,37063,490,4.448353,2316,20.0,290.083,20.222702251,289.984622893,PASS
INST_0548,100548,1,1,AODV,100,50,10,4,3,512,20.0,290.0,0.037,20.333,290.333,270.0,270.333,10800,10356,444,95.888889,4.111111,134.789023,37.724426,156.910832,32395,31683,712,3.128138,407,20.0,290.083,20.086339818,292.722347963,PASS
INST_0548,100548,1,1,DSDV,100,50,10,4,3,512,20.0,290.0,0.037,20.333,290.333,270.0,270.333,10800,7868,2932,72.851852,27.148148,118.804162,63.879806,119.213444,12406,12406,0,1.576767,2518,20.0,290.083,20.009190504,296.640046609,PASS
INST_0548,100548,1,1,AOMDV,100,50,10,4,3,512,20.0,290.0,0.037,20.333,290.333,270.0,270.333,10800,8576,2224,79.407407,20.592593,53.163332,68.256317,129.940836,38494,37902,592,4.488573,2162,20.0,290.083,20.012648416,290.088916175,PASS
INST_0549,100549,1,1,AODV,100,50,10,4,4,512,20.0,290.0,0.037,20.333,290.333,270.0,270.333,10800,9795,1005,90.694444,9.305556,185.550996,42.492033,148.410738,33029,32429,600,3.372027,973,20.0,290.083,20.017750258,290.083648693,PASS
INST_0549,100549,1,1,DSDV,100,50,10,4,4,512,20.0,290.0,0.037,20.333,290.333,270.0,270.333,10800,6980,3820,64.62963,35.37037,113.607039,120.77742,105.758749,10380,10380,0,1.487106,3322,20.0,290.083,20.008811397,293.793304019,PASS
INST_0549,100549,1,1,AOMDV,100,50,10,4,4,512,20.0,290.0,0.037,20.333,290.333,270.0,270.333,10800,8298,2502,76.833333,23.166667,42.272643,36.874855,125.728668,47296,46761,535,5.699687,2463,20.0,290.083,20.144779984,290.149032339,PASS
INST_0550,100550,1,1,AODV,100,50,10,4,5,512,20.0,290.0,0.037,20.333,290.333,270.0,270.333,10800,9286,1514,85.981481,14.018519,409.909711,121.019802,140.698531,71445,69373,2072,7.69384,1451,20.0,290.083,20.597960691,290.101301606,PASS
INST_0550,100550,1,1,DSDV,100,50,10,4,5,512,20.0,290.0,0.037,20.333,290.333,270.0,270.333,10800,6198,4602,57.388889,42.611111,576.2693,300.458954,93.910133,12477,12477,0,2.013069,3883,20.0,290.083,20.119451519,299.297160943,PASS
INST_0550,100550,1,1,AOMDV,100,50,10,4,5,512,20.0,290.0,0.037,20.333,290.333,270.0,270.333,10800,7470,3330,69.166667,30.833333,71.296405,51.354196,113.183074,43930,43161,769,5.880857,3255,20.0,290.083,20.515356764,290.102297498,PASS
INST_0551,100551,1,1,AODV,100,50,10,8,1,512,20.0,290.0,0.037,20.333,290.333,270.0,270.333,21600,14906,6694,69.009259,30.990741,974.39231,155.674261,225.850991,64488,63042,1446,4.326312,5738,20.0,290.208,20.507596314,294.72535503,PASS
INST_0551,100551,1,1,DSDV,100,50,10,8,1,512,20.0,290.0,0.037,20.333,290.333,270.0,270.333,21600,12491,9109,57.828704,42.171296,676.354752,194.121383,189.259676,12871,12871,0,1.030422,6108,20.0,290.208,20.156490947,299.981101406,PASS
INST_0551,100551,1,1,AOMDV,100,50,10,8,1,512,20.0,290.0,0.037,20.333,290.333,270.0,270.333,21600,14302,7298,66.212963,33.787037,769.019708,92.603056,216.699374,42947,42328,619,3.002867,6000,20.0,290.208,20.653758955,293.143922143,PASS
INST_0552,100552,1,1,AODV,100,50,10,8,2,512,20.0,290.0,0.037,20.333,290.333,270.0,270.333,21600,16525,5075,76.50463,23.49537,731.5347,115.76534,250.381566,69720,68275,1445,4.219062,4576,20.0,290.208,20.176898523,299.400425258,PASS
INST_0552,100552,1,1,DSDV,100,50,10,8,2,512,20.0,290.0,0.037,20.333,290.333,270.0,270.333,21600,13598,8002,62.953704,37.046296,753.613719,162.172815,206.032589,13008,13008,0,0.956611,5147,20.0,290.208,20.119971364,298.215331603,PASS
INST_0552,100552,1,1,AOMDV,100,50,10,8,2,512,20.0,290.0,0.037,20.333,290.333,270.0,270.333,21600,16288,5312,75.407407,24.592593,298.699735,53.486862,246.790617,40686,40117,569,2.497913,4619,20.0,290.208,20.230072506,290.311019756,PASS
INST_0553,100553,1,1,AODV,100,50,10,8,3,512,20.0,290.0,0.037,20.333,290.333,270.0,270.333,21600,16862,4738,78.064815,21.935185,337.509525,80.032367,255.487684,67157,65408,1749,3.982742,4484,20.0,290.208,20.059874897,290.305620459,PASS
INST_0553,100553,1,1,DSDV,100,50,10,8,3,512,20.0,290.0,0.037,20.333,290.333,270.0,270.333,21600,14808,6792,68.555556,31.444444,376.665399,124.100538,224.366126,14036,14036,0,0.947866,4877,20.0,290.208,20.008690504,299.341242269,PASS
INST_0553,100553,1,1,AOMDV,100,50,10,8,3,512,20.0,290.0,0.037,20.333,290.333,270.0,270.333,21600,16724,4876,77.425926,22.574074,231.709168,67.288632,253.396751,39909,39267,642,2.386331,4685,20.0,290.208,20.059714957,290.213996176,PASS
INST_0554,100554,1,1,AODV,100,50,10,8,4,512,20.0,290.0,0.037,20.333,290.333,270.0,270.333,21600,15927,5673,73.736111,26.263889,644.504987,104.187703,241.32086,54832,53751,1081,3.442707,5277,20.0,290.208,20.029909267,294.193944865,PASS
INST_0554,100554,1,1,DSDV,100,50,10,8,4,512,20.0,290.0,0.037,20.333,290.333,270.0,270.333,21600,13071,8529,60.513889,39.486111,477.390942,148.194258,198.047652,12107,12107,0,0.926249,5947,20.0,290.208,20.008651397,299.111696979,PASS
INST_0554,100554,1,1,AOMDV,100,50,10,8,4,512,20.0,290.0,0.037,20.333,290.333,270.0,270.333,21600,14858,6742,68.787037,31.212963,735.696938,93.932261,225.12371,49275,48665,610,3.316395,5954,20.0,290.208,20.624457351,291.175179043,PASS
INST_0555,100555,1,1,AODV,100,50,10,8,5,512,20.0,290.0,0.037,20.333,290.333,270.0,270.333,21600,13320,8280,61.666667,38.333333,764.866482,135.182091,201.820421,85681,83568,2113,6.432508,7800,20.0,290.208,20.530506642,293.680630367,PASS
INST_0555,100555,1,1,DSDV,100,50,10,8,5,512,20.0,290.0,0.037,20.333,290.333,270.0,270.333,21600,10401,11199,48.152778,51.847222,939.293882,256.785415,157.592658,12333,12333,0,1.185751,8016,20.0,290.208,20.091407421,299.250340683,PASS
INST_0555,100555,1,1,AOMDV,100,50,10,8,5,512,20.0,290.0,0.037,20.333,290.333,270.0,270.333,21600,12954,8646,59.972222,40.027778,795.186449,99.512116,196.274905,45917,45084,833,3.544619,7779,20.0,290.208,20.643170323,292.144033986,PASS
INST_0556,100556,1,1,AODV,100,50,15,2,1,512,20.0,290.0,0.037,20.518,290.518,270.0,270.518,8100,7493,607,92.506173,7.493827,204.499372,62.581472,113.453922,37723,37043,680,5.034432,568,20.0,290.018,20.596031678,290.029839383,PASS
INST_0556,100556,1,1,DSDV,100,50,15,2,1,512,20.0,290.0,0.037,20.518,290.518,270.0,270.518,8100,5549,2551,68.506173,31.493827,234.952759,350.755206,84.019193,10904,10904,0,1.965039,2265,20.0,290.018,20.128586638,290.337502224,PASS
INST_0556,100556,1,1,AOMDV,100,50,15,2,1,512,20.0,290.0,0.037,20.518,290.518,270.0,270.518,8100,6266,1834,77.358025,22.641975,27.760582,22.604228,94.87552,49643,48851,792,7.922598,1803,20.0,290.018,20.561826628,289.962941222,PASS
INST_0557,100557,1,1,AODV,100,50,15,2,2,512,20.0,290.0,0.037,20.518,290.518,270.0,270.518,8100,7583,517,93.617284,6.382716,213.378033,64.417255,114.816641,43566,42768,798,5.74522,501,20.0,290.018,20.214323107,290.053924685,PASS
INST_0557,100557,1,1,DSDV,100,50,15,2,2,512,20.0,290.0,0.037,20.518,290.518,270.0,270.518,8100,5733,2367,70.777778,29.222222,168.550753,246.113374,86.805196,11123,11123,0,1.940171,2153,20.0,290.018,20.120551364,290.056434413,PASS
INST_0557,100557,1,1,AOMDV,100,50,15,2,2,512,20.0,290.0,0.037,20.518,290.518,270.0,270.518,8100,6235,1865,76.975309,23.024691,35.461332,42.140668,94.406139,43422,42621,801,6.964234,1816,20.0,290.018,20.240051174,289.912896839,PASS
INST_0558,100558,1,1,AODV,100,50,15,2,3,512,20.0,290.0,0.037,20.518,290.518,270.0,270.518,8100,7697,403,95.024691,4.975309,315.589253,88.834492,116.542751,48889,47856,1033,6.351695,357,20.0,290.018,20.08264864,290.586392173,PASS
INST_0558,100558,1,1,DSDV,100,50,15,2,3,512,20.0,290.0,0.037,20.518,290.518,270.0,270.518,8100,5708,2392,70.469136,29.530864,99.78102,156.673369,86.426663,11740,11740,0,2.056762,2123,20.0,290.018,20.008310504,290.040403632,PASS
INST_0558,100558,1,1,AOMDV,100,50,15,2,3,512,20.0,290.0,0.037,20.518,290.518,270.0,270.518,8100,6282,1818,77.555556,22.444444,29.099741,18.081248,95.117781,45566,44552,1014,7.253422,1782,20.0,290.018,20.076352861,290.024718008,PASS
INST_0559,100559,1,1,AODV,100,50,15,2,4,512,20.0,290.0,0.037,20.518,290.518,270.0,270.518,8100,7527,573,92.925926,7.074074,173.803592,60.750461,113.968727,44741,43762,979,5.944068,493,20.0,290.018,20.042752845,299.544323235,PASS
INST_0559,100559,1,1,DSDV,100,50,15,2,4,512,20.0,290.0,0.037,20.518,290.518,270.0,270.518,8100,5361,2739,66.185185,33.814815,95.194716,109.416499,81.172624,10575,10575,0,1.97258,2500,20.0,290.018,20.008771397,290.944099142,PASS
INST_0559,100559,1,1,AOMDV,100,50,15,2,4,512,20.0,290.0,0.037,20.518,290.518,270.0,270.518,8100,6124,1976,75.604938,24.395062,28.701926,20.621897,92.725453,53072,52201,871,8.666231,1935,20.0,290.018,20.122291403,290.042402748,PASS
INST_0560,100560,1,1,AODV,100,50,15,2,5,512,20.0,290.0,0.037,20.518,290.518,270.0,270.518,8100,7415,685,91.54321,8.45679,351.386722,90.572834,112.272899,53007,51728,1279,7.148618,607,20.0,290.018,20.601223149,290.600983261,PASS
INST_0560,100560,1,1,DSDV,100,50,15,2,5,512,20.0,290.0,0.037,20.518,290.518,270.0,270.518,8100,5108,2992,63.061728,36.938272,148.366247,166.848706,77.34187,11372,11372,0,2.226312,2666,20.0,290.018,20.091947421,291.222345358,PASS
INST_0560,100560,1,1,AOMDV,100,50,15,2,5,512,20.0,290.0,0.037,20.518,290.518,270.0,270.518,8100,5760,2340,71.111111,28.888889,47.107659,55.328434,87.214012,46707,45781,926,8.108854,2298,20.0,290.018,20.262602403,290.024272195,PASS
INST_0561,100561,1,1,AODV,100,50,15,4,1,512,20.0,290.0,0.037,20.518,290.518,270.0,270.518,16200,13619,2581,84.067901,15.932099,524.12229,127.54546,206.209657,66665,65296,1369,4.895,2368,20.0,290.268,20.236779337,298.599674959,PASS
INST_0561,100561,1,1,DSDV,100,50,15,4,1,512,20.0,290.0,0.037,20.518,290.518,270.0,270.518,16200,10213,5987,63.04321,36.95679,515.908446,278.396039,154.638316,12262,12262,0,1.200627,5113,20.0,290.268,20.156710947,299.931322174,PASS
INST_0561,100561,1,1,AOMDV,100,50,15,4,1,512,20.0,290.0,0.037,20.518,290.518,270.0,270.518,16200,11888,4312,73.382716,26.617284,113.1611,49.919916,180.00003,50772,49989,783,4.270861,4261,20.0,290.268,20.51829735,290.311352703,PASS
INST_0562,100562,1,1,AODV,100,50,15,4,2,512,20.0,290.0,0.037,20.518,290.518,270.0,270.518,16200,13368,2832,82.518519,17.481481,528.433788,141.11269,202.409185,85410,83567,1843,6.389138,2577,20.0,290.268,20.272299451,296.840515372,PASS
INST_0562,100562,1,1,DSDV,100,50,15,4,2,512,20.0,290.0,0.037,20.518,290.518,270.0,270.518,16200,11169,5031,68.944444,31.055556,504.373585,199.898038,169.113419,12635,12635,0,1.131256,4259,20.0,290.268,20.119691364,298.882448486,PASS
INST_0562,100562,1,1,AOMDV,100,50,15,4,2,512,20.0,290.0,0.037,20.518,290.518,270.0,270.518,16200,12685,3515,78.302469,21.697531,80.400151,42.01021,192.067663,44067,43243,824,3.473946,3436,20.0,290.268,20.244655552,290.421483725,PASS
INST_0563,100563,1,1,AODV,100,50,15,4,3,512,20.0,290.0,0.037,20.518,290.518,270.0,270.518,16200,13104,3096,80.888889,19.111111,400.16573,116.554165,198.411876,82503,80570,1933,6.296016,2908,20.0,290.268,20.084724387,291.807997998,PASS
INST_0563,100563,1,1,DSDV,100,50,15,4,3,512,20.0,290.0,0.037,20.518,290.518,270.0,270.518,16200,10670,5530,65.864198,34.135802,603.21197,214.916697,161.5579,13060,13060,0,1.223993,4383,20.0,290.268,20.008170504,299.891803521,PASS
INST_0563,100563,1,1,AOMDV,100,50,15,4,3,512,20.0,290.0,0.037,20.518,290.518,270.0,270.518,16200,12520,3680,77.283951,22.716049,86.71646,60.183265,189.569345,46764,45770,994,3.735144,3599,20.0,290.268,20.106331759,290.275340975,PASS
INST_0564,100564,1,1,AODV,100,50,15,4,4,512,20.0,290.0,0.037,20.518,290.518,270.0,270.518,16200,12608,3592,77.82716,22.17284,811.016031,171.436709,190.901781,77740,75925,1815,6.165926,3420,20.0,290.268,20.03974422,298.09099099,PASS
INST_0564,100564,1,1,DSDV,100,50,15,4,4,512,20.0,290.0,0.037,20.518,290.518,270.0,270.518,16200,9996,6204,61.703704,38.296296,308.50899,138.659757,151.352649,11562,11562,0,1.156663,5339,20.0,290.268,20.009231397,299.127164325,PASS
INST_0564,100564,1,1,AOMDV,100,50,15,4,4,512,20.0,290.0,0.037,20.518,290.518,270.0,270.518,16200,11428,4772,70.54321,29.45679,136.024871,75.045056,173.035022,53881,52987,894,4.714823,4449,20.0,290.268,20.041993568,290.251986734,PASS
INST_0565,100565,1,1,AODV,100,50,15,4,5,512,20.0,290.0,0.037,20.518,290.518,270.0,270.518,16200,10822,5378,66.802469,33.197531,1099.273093,281.985992,163.859381,115995,112982,3013,10.718444,5114,20.0,290.268,20.645885944,298.097076688,PASS
INST_0565,100565,1,1,DSDV,100,50,15,4,5,512,20.0,290.0,0.037,20.518,290.518,270.0,270.518,16200,9100,7100,56.17284,43.82716,623.161895,299.450184,137.786025,12891,12891,0,1.416593,5937,20.0,290.268,20.091827421,299.876600862,PASS
INST_0565,100565,1,1,AOMDV,100,50,15,4,5,512,20.0,290.0,0.037,20.518,290.518,270.0,270.518,16200,11128,5072,68.691358,31.308642,209.081879,97.204372,168.492625,49117,48032,1085,4.413821,4944,20.0,290.268,20.149395671,290.388240013,PASS
INST_0566,100566,1,1,AODV,100,50,15,8,1,512,20.0,290.0,0.037,20.518,290.518,270.0,270.518,32400,15839,16561,48.885802,51.114198,2056.496514,252.228964,239.823391,96630,94558,2072,6.100764,13615,20.0,290.393,20.504588481,294.035352449,PASS
INST_0566,100566,1,1,DSDV,100,50,15,8,1,512,20.0,290.0,0.037,20.518,290.518,270.0,270.518,32400,16109,16291,49.719136,50.280864,960.73709,232.970543,243.911547,12958,12958,0,0.804395,8421,20.0,290.393,20.156570947,299.716801576,PASS
INST_0566,100566,1,1,AOMDV,100,50,15,8,1,512,20.0,290.0,0.037,20.518,290.518,270.0,270.518,32400,16930,15470,52.253086,47.746914,2937.002155,189.515528,256.342572,57874,56802,1072,3.418429,10098,20.0,290.393,20.197315658,295.074419944,PASS
INST_0567,100567,1,1,AODV,100,50,15,8,2,512,20.0,290.0,0.037,20.518,290.518,270.0,270.518,32400,17336,15064,53.506173,46.493827,1895.350171,192.203918,262.489949,82144,80756,1388,4.738348,12670,20.0,290.393,20.155658752,298.839066523,PASS
INST_0567,100567,1,1,DSDV,100,50,15,8,2,512,20.0,290.0,0.037,20.518,290.518,270.0,270.518,32400,17279,15121,53.330247,46.669753,1202.573129,179.920767,261.626894,13772,13772,0,0.797037,8589,20.0,290.393,20.119911364,299.983253264,PASS
INST_0567,100567,1,1,AOMDV,100,50,15,8,2,512,20.0,290.0,0.037,20.518,290.518,270.0,270.518,32400,18337,14063,56.595679,43.404321,1887.357967,206.70955,277.646412,52292,51197,1095,2.851721,10062,20.0,290.393,20.275353608,292.515704588,PASS
INST_0568,100568,1,1,AODV,100,50,15,8,3,512,20.0,290.0,0.037,20.518,290.518,270.0,270.518,32400,16245,16155,50.138889,49.861111,2088.22927,217.747804,245.970767,96777,94650,2127,5.957341,13438,20.0,290.393,20.080445738,294.740625737,PASS
INST_0568,100568,1,1,DSDV,100,50,15,8,3,512,20.0,290.0,0.037,20.518,290.518,270.0,270.518,32400,16164,16236,49.888889,50.111111,1372.013961,281.718887,244.74432,13712,13712,0,0.848305,8873,20.0,290.393,20.009410504,299.861793673,PASS
INST_0568,100568,1,1,AOMDV,100,50,15,8,3,512,20.0,290.0,0.037,20.518,290.518,270.0,270.518,32400,16887,15513,52.12037,47.87963,2254.678305,193.993033,255.691496,57286,55954,1332,3.392314,11095,20.0,290.393,20.091477903,292.460178104,PASS
INST_0569,100569,1,1,AODV,100,50,15,8,4,512,20.0,290.0,0.037,20.518,290.518,270.0,270.518,32400,13571,18829,41.885802,58.114198,3198.071018,342.727378,205.482874,87371,85626,1745,6.438066,15058,20.0,290.393,20.014268155,299.361696441,PASS
INST_0569,100569,1,1,DSDV,100,50,15,8,4,512,20.0,290.0,0.037,20.518,290.518,270.0,270.518,32400,14260,18140,44.012346,55.987654,1800.742355,322.583468,215.915244,12523,12523,0,0.878191,8744,20.0,290.393,20.008791397,299.351812725,PASS
INST_0569,100569,1,1,AOMDV,100,50,15,8,4,512,20.0,290.0,0.037,20.518,290.518,270.0,270.518,32400,13914,18486,42.944444,57.055556,3945.709545,269.820735,210.676347,67364,65995,1369,4.841455,11250,20.0,290.393,20.035285577,294.154558706,PASS
INST_0570,100570,1,1,AODV,100,50,15,8,5,512,20.0,290.0,0.037,20.518,290.518,270.0,270.518,32400,13518,18882,41.722222,58.277778,2214.558811,262.920784,204.680384,119687,117012,2675,8.853899,16174,20.0,290.393,20.623020357,297.723869936,PASS
INST_0570,100570,1,1,DSDV,100,50,15,8,5,512,20.0,290.0,0.037,20.518,290.518,270.0,270.518,32400,13196,19204,40.728395,59.271605,1405.64439,294.04907,199.804878,13332,13332,0,1.010306,11285,20.0,290.393,20.091767424,299.947958196,PASS
INST_0570,100570,1,1,AOMDV,100,50,15,8,5,512,20.0,290.0,0.037,20.518,290.518,270.0,270.518,32400,14381,18019,44.385802,55.614198,2202.84871,236.233266,217.747344,60089,58672,1417,4.17836,13455,20.0,290.393,21.003491793,294.542789863,PASS
INST_0571,100571,1,1,AODV,100,50,20,2,1,512,20.0,290.0,0.037,20.703,290.703,270.0,270.703,10800,9903,897,91.694444,8.305556,356.346262,103.824309,149.842034,62575,61320,1255,6.318792,823,20.0,290.203,20.075242397,290.587370313,PASS
INST_0571,100571,1,1,DSDV,100,50,20,2,1,512,20.0,290.0,0.037,20.703,290.703,270.0,270.703,10800,7200,3600,66.666667,33.333333,388.665472,531.435128,108.943011,11567,11567,0,1.606528,3235,20.0,290.203,20.128826018,294.714745741,PASS
INST_0571,100571,1,1,AOMDV,100,50,20,2,1,512,20.0,290.0,0.037,20.703,290.703,270.0,270.703,10800,8457,2343,78.305556,21.694444,52.670959,34.294479,127.962645,55863,54874,989,6.605534,2301,20.0,290.203,20.276410076,290.305677537,PASS
INST_0572,100572,1,1,AODV,100,50,20,2,2,512,20.0,290.0,0.037,20.703,290.703,270.0,270.703,10800,10028,772,92.851852,7.148148,148.476569,65.385047,151.733405,54329,53180,1149,5.41773,683,20.0,290.203,20.160611872,290.221159951,PASS
INST_0572,100572,1,1,DSDV,100,50,20,2,2,512,20.0,290.0,0.037,20.703,290.703,270.0,270.703,10800,7725,3075,71.527778,28.472222,104.498322,76.700793,116.886773,12002,12002,0,1.553657,2797,20.0,290.203,20.119831364,293.790512825,PASS
INST_0572,100572,1,1,AOMDV,100,50,20,2,2,512,20.0,290.0,0.037,20.703,290.703,270.0,270.703,10800,8446,2354,78.203704,21.796296,35.995663,25.693906,127.796205,48309,47312,997,5.719749,2292,20.0,290.203,20.210793914,290.223288301,PASS
INST_0573,100573,1,1,AODV,100,50,20,2,3,512,20.0,290.0,0.037,20.703,290.703,270.0,270.703,10800,10129,671,93.787037,6.212963,219.587764,91.037928,153.261634,64358,62909,1449,6.353836,613,20.0,290.203,20.087306245,291.688529888,PASS
INST_0573,100573,1,1,DSDV,100,50,20,2,3,512,20.0,290.0,0.037,20.703,290.703,270.0,270.703,10800,7554,3246,69.944444,30.055556,260.386068,225.567161,114.299376,12266,12266,0,1.623775,2877,20.0,290.203,20.009010504,294.484344409,PASS
INST_0573,100573,1,1,AOMDV,100,50,20,2,3,512,20.0,290.0,0.037,20.703,290.703,270.0,270.703,10800,8498,2302,78.685185,21.314815,48.592986,50.043956,128.583015,48358,47278,1080,5.690515,2264,20.0,290.203,20.079848129,290.208637373,PASS
INST_0574,100574,1,1,AODV,100,50,20,2,4,512,20.0,290.0,0.037,20.703,290.703,270.0,270.703,10800,9627,1173,89.138889,10.861111,669.145381,187.291919,145.665885,80327,78294,2033,8.343929,1040,20.0,290.203,20.041364636,290.209076661,PASS
INST_0574,100574,1,1,DSDV,100,50,20,2,4,512,20.0,290.0,0.037,20.703,290.703,270.0,270.703,10800,6587,4213,60.990741,39.009259,460.960539,473.662185,99.667724,11479,11479,0,1.742675,3790,20.0,290.203,20.009231397,299.614757836,PASS
INST_0574,100574,1,1,AOMDV,100,50,20,2,4,512,20.0,290.0,0.037,20.703,290.703,270.0,270.703,10800,7900,2900,73.148148,26.851852,104.978579,100.524106,119.534693,62176,60802,1374,7.87038,2840,20.0,290.203,20.048048483,290.208876661,PASS
INST_0575,100575,1,1,AODV,100,50,20,2,5,512,20.0,290.0,0.037,20.703,290.703,270.0,270.703,10800,9254,1546,85.685185,14.314815,603.581812,253.177758,140.022032,97542,95145,2397,10.540523,1401,20.0,290.203,20.866707868,291.079372693,PASS
INST_0575,100575,1,1,DSDV,100,50,20,2,5,512,20.0,290.0,0.037,20.703,290.703,270.0,270.703,10800,6519,4281,60.361111,39.638889,468.74991,330.407854,98.638818,12600,12600,0,1.932812,3916,20.0,290.203,20.092087421,298.217907878,PASS
INST_0575,100575,1,1,AOMDV,100,50,20,2,5,512,20.0,290.0,0.037,20.703,290.703,270.0,270.703,10800,7630,3170,70.648148,29.351852,77.880591,60.854089,115.44933,57107,55623,1484,7.484535,3113,20.0,290.203,20.235211277,290.233524405,PASS
INST_0576,100576,1,1,AODV,100,50,20,4,1,512,20.0,290.0,0.037,20.703,290.703,270.0,270.703,21600,12740,8860,58.981481,41.018519,1680.451053,342.856729,192.768606,123600,121055,2545,9.701727,7339,20.0,290.453,20.071021889,296.697060104,PASS
INST_0576,100576,1,1,DSDV,100,50,20,4,1,512,20.0,290.0,0.037,20.703,290.703,270.0,270.703,21600,12705,8895,58.819444,41.180556,987.055649,294.754767,192.239022,12984,12984,0,1.02196,6574,20.0,290.453,20.128846638,299.964473604,PASS
INST_0576,100576,1,1,AOMDV,100,50,20,4,1,512,20.0,290.0,0.037,20.703,290.703,270.0,270.703,21600,14084,7516,65.203704,34.796296,1036.827712,221.476361,213.104635,68164,66638,1526,4.839818,6882,20.0,290.453,20.341086332,291.767231694,PASS
INST_0577,100577,1,1,AODV,100,50,20,4,2,512,20.0,290.0,0.037,20.703,290.703,270.0,270.703,21600,15479,6121,71.662037,28.337963,1061.851475,199.263566,234.212343,106450,104251,2199,6.877059,5590,20.0,290.453,20.239154826,295.209617273,PASS
INST_0577,100577,1,1,DSDV,100,50,20,4,2,512,20.0,290.0,0.037,20.703,290.703,270.0,270.703,21600,14175,7425,65.625,34.375,634.525213,144.256906,214.481554,13256,13256,0,0.935168,5625,20.0,290.453,20.120131364,299.966325557,PASS
INST_0577,100577,1,1,AOMDV,100,50,20,4,2,512,20.0,290.0,0.037,20.703,290.703,270.0,270.703,21600,15797,5803,73.134259,26.865741,337.310134,122.241152,239.023993,53767,52534,1233,3.403621,5553,20.0,290.453,20.233778972,290.776379067,PASS
INST_0578,100578,1,1,AODV,100,50,20,4,3,512,20.0,290.0,0.037,20.703,290.703,270.0,270.703,21600,14446,7154,66.87963,33.12037,1095.14439,286.9914,218.582047,113522,111017,2505,7.858369,6579,20.0,290.453,20.04904666,296.008945351,PASS
INST_0578,100578,1,1,DSDV,100,50,20,4,3,512,20.0,290.0,0.037,20.703,290.703,270.0,270.703,21600,13221,8379,61.208333,38.791667,855.201054,257.951162,200.046605,13659,13659,0,1.033129,6179,20.0,290.453,20.008810504,299.970687861,PASS
INST_0578,100578,1,1,AOMDV,100,50,20,4,3,512,20.0,290.0,0.037,20.703,290.703,270.0,270.703,21600,15511,6089,71.810185,28.189815,574.379842,142.217134,234.696535,55263,53860,1403,3.562826,5675,20.0,290.453,20.062208921,291.258819905,PASS
INST_0579,100579,1,1,AODV,100,50,20,4,4,512,20.0,290.0,0.037,20.703,290.703,270.0,270.703,21600,10844,10756,50.203704,49.796296,1946.204986,441.884624,164.08028,132550,129624,2926,12.223349,9758,20.0,290.453,20.090418531,299.663317217,PASS
INST_0579,100579,1,1,DSDV,100,50,20,4,4,512,20.0,290.0,0.037,20.703,290.703,270.0,270.703,21600,10411,11189,48.199074,51.800926,1599.676515,566.87333,157.528568,13503,13503,0,1.296994,7657,20.0,290.453,20.008751397,299.937666462,PASS
INST_0579,100579,1,1,AOMDV,100,50,20,4,4,512,20.0,290.0,0.037,20.703,290.703,270.0,270.703,21600,12292,9308,56.907407,43.092593,2072.446672,332.553906,185.98993,72086,70298,1788,5.864465,8187,20.0,290.453,20.226514664,292.021454947,PASS
INST_0580,100580,1,1,AODV,100,50,20,4,5,512,20.0,290.0,0.037,20.703,290.703,270.0,270.703,21600,11843,9757,54.828704,45.171296,1570.328373,410.510281,179.196123,139498,136208,3290,11.778941,8915,20.0,290.453,20.385727485,294.265112788,PASS
INST_0580,100580,1,1,DSDV,100,50,20,4,5,512,20.0,290.0,0.037,20.703,290.703,270.0,270.703,21600,10943,10657,50.662037,49.337963,1048.799897,353.679815,165.578246,12956,12956,0,1.183953,8315,20.0,290.453,20.092007424,299.889854252,PASS
INST_0580,100580,1,1,AOMDV,100,50,20,4,5,512,20.0,290.0,0.037,20.703,290.703,270.0,270.703,21600,12512,9088,57.925926,42.074074,1121.753999,213.778496,189.318744,64415,62610,1805,5.148258,8371,20.0,290.453,20.158881371,292.200129994,PASS
INST_0581,100581,1,1,AODV,100,50,20,8,1,512,20.0,290.0,0.037,20.703,290.703,270.0,270.703,43200,13954,29246,32.300926,67.699074,3546.148191,361.325643,211.137608,123576,121190,2386,8.855955,20345,20.0,290.578,20.418631807,299.211432257,PASS
INST_0581,100581,1,1,DSDV,100,50,20,8,1,512,20.0,290.0,0.037,20.703,290.703,270.0,270.703,43200,18364,24836,42.509259,57.490741,2052.481734,271.421865,277.865203,13681,13681,0,0.74499,10931,20.0,290.578,20.128346638,299.988374459,PASS
INST_0581,100581,1,1,AOMDV,100,50,20,8,1,512,20.0,290.0,0.037,20.703,290.703,270.0,270.703,43200,15392,27808,35.62963,64.37037,4898.730791,329.640043,232.895949,80928,78998,1930,5.257796,15157,20.0,290.578,20.617106263,297.488218915,PASS
INST_0582,100582,1,1,AODV,100,50,20,8,2,512,20.0,290.0,0.037,20.703,290.703,270.0,270.703,43200,18206,24994,42.143519,57.856481,3001.098672,298.22131,275.474509,109933,107928,2005,6.038284,19134,20.0,290.578,20.158830238,298.346947378,PASS
INST_0582,100582,1,1,DSDV,100,50,20,8,2,512,20.0,290.0,0.037,20.703,290.703,270.0,270.703,43200,19661,23539,45.511574,54.488426,2115.442963,293.852285,297.490076,13864,13864,0,0.705152,10557,20.0,290.578,20.119531364,299.818387324,PASS
INST_0582,100582,1,1,AOMDV,100,50,20,8,2,512,20.0,290.0,0.037,20.703,290.703,270.0,270.703,43200,18430,24770,42.662037,57.337963,4188.66671,273.664775,278.863847,67398,65823,1575,3.656972,13881,20.0,290.578,20.293282233,294.409238965,PASS
INST_0583,100583,1,1,AODV,100,50,20,8,3,512,20.0,290.0,0.037,20.703,290.703,270.0,270.703,43200,17762,25438,41.115741,58.884259,2945.721709,257.497787,268.756357,108547,106597,1950,6.111192,20251,20.0,290.578,20.085798831,296.429280447,PASS
INST_0583,100583,1,1,DSDV,100,50,20,8,3,512,20.0,290.0,0.037,20.703,290.703,270.0,270.703,43200,18591,24609,43.034722,56.965278,2383.651094,248.531683,281.299934,13975,13975,0,0.751708,11127,20.0,290.578,20.008710504,299.962745082,PASS
INST_0583,100583,1,1,AOMDV,100,50,20,8,3,512,20.0,290.0,0.037,20.703,290.703,270.0,270.703,43200,16023,27177,37.090278,62.909722,4463.921864,316.217154,242.443593,72970,71280,1690,4.554079,14991,20.0,290.578,20.066110916,295.151547102,PASS
INST_0584,100584,1,1,AODV,100,50,20,8,4,512,20.0,290.0,0.037,20.703,290.703,270.0,270.703,43200,10295,32905,23.831019,76.168981,4824.517845,568.308529,155.773375,137857,134723,3134,13.390675,23639,20.0,290.578,20.013410926,296.603024187,PASS
INST_0584,100584,1,1,DSDV,100,50,20,8,4,512,20.0,290.0,0.037,20.703,290.703,270.0,270.703,43200,13205,29995,30.56713,69.43287,3761.354563,482.457228,199.804509,12945,12945,0,0.98031,12640,20.0,290.578,20.008811397,299.918098191,PASS
INST_0584,100584,1,1,AOMDV,100,50,20,8,4,512,20.0,290.0,0.037,20.703,290.703,270.0,270.703,43200,10229,32971,23.678241,76.321759,6637.620201,481.30489,154.774731,83732,81666,2066,8.185746,17563,20.0,290.578,20.075386247,296.814148321,PASS
INST_0585,100585,1,1,AODV,100,50,20,8,5,512,20.0,290.0,0.037,20.703,290.703,270.0,270.703,43200,13188,30012,30.527778,69.472222,2806.081648,357.790861,199.547282,142248,139358,2890,10.786169,23671,20.0,290.578,20.411207836,299.995136899,PASS
INST_0585,100585,1,1,DSDV,100,50,20,8,5,512,20.0,290.0,0.037,20.703,290.703,270.0,270.703,43200,14712,28488,34.055556,65.944444,2256.303454,327.05712,222.606887,13503,13503,0,0.917822,13616,20.0,290.578,20.091447421,299.966922132,PASS
INST_0585,100585,1,1,AOMDV,100,50,20,8,5,512,20.0,290.0,0.037,20.703,290.703,270.0,270.703,43200,13279,29921,30.738426,69.261574,4755.197683,387.382243,200.924201,73307,71355,1952,5.520521,17764,20.0,290.578,20.279263573,296.735762009,PASS
INST_0586,100586,1,1,AODV,100,50,25,2,1,512,20.0,290.0,0.037,20.888,290.888,270.0,270.888,13500,10715,2785,79.37037,20.62963,694.883834,281.022721,162.01766,113170,110578,2592,10.561829,2584,20.0,290.388,20.420452079,291.817525155,PASS
INST_0586,100586,1,1,DSDV,100,50,25,2,1,512,20.0,290.0,0.037,20.888,290.888,270.0,270.888,13500,8718,4782,64.577778,35.422222,607.804981,408.41281,131.821742,12243,12243,0,1.404336,4342,20.0,290.388,20.127946018,299.931757586,PASS
INST_0586,100586,1,1,AOMDV,100,50,25,2,1,512,20.0,290.0,0.037,20.888,290.888,270.0,270.888,13500,10256,3244,75.97037,24.02963,106.324443,94.74107,155.077287,66370,65004,1366,6.471334,3143,20.0,290.388,20.502963556,290.805956112,PASS
INST_0587,100587,1,1,AODV,100,50,25,2,2,512,20.0,290.0,0.037,20.888,290.888,270.0,270.888,13500,11857,1643,87.82963,12.17037,350.731788,145.814583,179.285432,84177,82337,1840,7.099351,1501,20.0,290.388,20.160854383,293.708883087,PASS
INST_0587,100587,1,1,DSDV,100,50,25,2,2,512,20.0,290.0,0.037,20.888,290.888,270.0,270.888,13500,9390,4110,69.555556,30.444444,346.664938,226.695816,141.982812,12267,12267,0,1.30639,3708,20.0,290.388,20.119591364,299.995132957,PASS
INST_0587,100587,1,1,AOMDV,100,50,25,2,2,512,20.0,290.0,0.037,20.888,290.888,270.0,270.888,13500,10528,2972,77.985185,22.014815,65.930468,52.539212,159.190101,61379,60057,1322,5.830072,2904,20.0,290.388,20.204985088,290.363358905,PASS
INST_0588,100588,1,1,AODV,100,50,25,2,3,512,20.0,290.0,0.037,20.888,290.888,270.0,270.888,13500,11989,1511,88.807407,11.192593,398.907229,171.157198,181.281356,98793,96573,2220,8.240304,1348,20.0,290.388,20.081394931,295.149539929,PASS
INST_0588,100588,1,1,DSDV,100,50,25,2,3,512,20.0,290.0,0.037,20.888,290.888,270.0,270.888,13500,9471,4029,70.155556,29.844444,182.286186,111.569727,143.207584,12167,12167,0,1.284658,3621,20.0,290.388,20.009050504,299.87064945,PASS
INST_0588,100588,1,1,AOMDV,100,50,25,2,3,512,20.0,290.0,0.037,20.888,290.888,270.0,270.888,13500,10800,2700,80.0,20.0,59.48659,41.787184,163.302915,53065,51763,1302,4.913426,2663,20.0,290.388,20.092121776,290.35707615,PASS
INST_0589,100589,1,1,AODV,100,50,25,2,4,512,20.0,290.0,0.037,20.888,290.888,270.0,270.888,13500,10638,2862,78.8,21.2,677.976004,322.638128,160.853371,116604,113847,2757,10.961083,2596,20.0,290.388,20.277221319,293.963513599,PASS
INST_0589,100589,1,1,DSDV,100,50,25,2,4,512,20.0,290.0,0.037,20.888,290.888,270.0,270.888,13500,8656,4844,64.118519,35.881481,526.031959,388.042421,130.884262,11530,11530,0,1.332024,4171,20.0,290.388,20.008691397,299.981967366,PASS
INST_0589,100589,1,1,AOMDV,100,50,25,2,4,512,20.0,290.0,0.037,20.888,290.888,270.0,270.888,13500,10018,3482,74.207407,25.792593,166.842763,108.904318,151.478574,65634,64120,1514,6.551607,3415,20.0,290.388,20.063019196,290.399859704,PASS
INST_0590,100590,1,1,AODV,100,50,25,2,5,512,20.0,290.0,0.037,20.888,290.888,270.0,270.888,13500,9674,3826,71.659259,28.340741,838.870491,381.491032,146.277074,140431,136840,3591,14.516332,3465,20.0,290.388,21.165953962,295.075361347,PASS
INST_0590,100590,1,1,DSDV,100,50,25,2,5,512,20.0,290.0,0.037,20.888,290.888,270.0,270.888,13500,8078,5422,59.837037,40.162963,624.025334,469.491169,122.144532,12618,12618,0,1.56202,4793,20.0,290.388,20.091267421,299.94416797,PASS
INST_0590,100590,1,1,AOMDV,100,50,25,2,5,512,20.0,290.0,0.037,20.888,290.888,270.0,270.888,13500,9225,4275,68.333333,31.666667,172.095177,113.043721,139.487906,64492,62537,1955,6.991003,4188,20.0,290.388,20.615415442,290.454922916,PASS
INST_0591,100591,1,1,AODV,100,50,25,4,1,512,20.0,290.0,0.037,20.888,290.888,270.0,270.888,27000,11401,15599,42.225926,57.774074,3083.201322,538.567799,172.39042,150841,148006,2835,13.230506,12197,20.0,290.638,20.426169593,299.174089064,PASS
INST_0591,100591,1,1,DSDV,100,50,25,4,1,512,20.0,290.0,0.037,20.888,290.888,270.0,270.888,27000,13643,13357,50.52963,49.47037,1307.804841,421.756365,206.290895,13284,13284,0,0.973686,8646,20.0,290.638,20.128346528,299.948502613,PASS
INST_0591,100591,1,1,AOMDV,100,50,25,4,1,512,20.0,290.0,0.037,20.888,290.888,270.0,270.888,27000,13533,13467,50.122222,49.877778,2568.742081,384.758799,204.627625,87101,84969,2132,6.436193,11039,20.0,290.638,20.225019791,293.123951569,PASS
INST_0592,100592,1,1,AODV,100,50,25,4,2,512,20.0,290.0,0.037,20.888,290.888,270.0,270.888,27000,15380,11620,56.962963,43.037037,1865.262667,353.589243,232.555447,117048,114738,2310,7.610403,10140,20.0,290.638,20.28419016,296.372031802,PASS
INST_0592,100592,1,1,DSDV,100,50,25,4,2,512,20.0,290.0,0.037,20.888,290.888,270.0,270.888,27000,15575,11425,57.685185,42.314815,1338.757401,337.19449,235.503972,13046,13046,0,0.837624,7277,20.0,290.638,20.119631364,299.907540454,PASS
INST_0592,100592,1,1,AOMDV,100,50,25,4,2,512,20.0,290.0,0.037,20.888,290.888,270.0,270.888,27000,16233,10767,60.122222,39.877778,1976.574351,286.871262,245.453353,75470,73750,1720,4.649171,8978,20.0,290.638,20.206039484,292.72445548,PASS
INST_0593,100593,1,1,AODV,100,50,25,4,3,512,20.0,290.0,0.037,20.888,290.888,270.0,270.888,27000,13953,13047,51.677778,48.322222,2391.124427,428.011609,210.978294,136859,134128,2731,9.808572,10929,20.0,290.638,20.083391067,299.086794607,PASS
INST_0593,100593,1,1,DSDV,100,50,25,4,3,512,20.0,290.0,0.037,20.888,290.888,270.0,270.888,27000,16011,10989,59.3,40.7,1246.152663,342.483916,242.096571,13255,13255,0,0.827868,7452,20.0,290.638,20.009110504,299.927784682,PASS
INST_0593,100593,1,1,AOMDV,100,50,25,4,3,512,20.0,290.0,0.037,20.888,290.888,270.0,270.888,27000,16197,10803,59.988889,40.011111,2087.468783,312.726149,244.90901,68812,66935,1877,4.248441,8845,20.0,290.638,20.01927198,292.915515136,PASS
INST_0594,100594,1,1,AODV,100,50,25,4,4,512,20.0,290.0,0.037,20.888,290.888,270.0,270.888,27000,11034,15966,40.866667,59.133333,3255.011859,562.587242,166.841145,144232,141085,3147,13.071597,13632,20.0,290.638,20.038911674,296.276627914,PASS
INST_0594,100594,1,1,DSDV,100,50,25,4,4,512,20.0,290.0,0.037,20.888,290.888,270.0,270.888,27000,13204,13796,48.903704,51.096296,1920.423551,425.405558,199.652934,12737,12737,0,0.964632,9027,20.0,290.638,20.008611397,299.997681743,PASS
INST_0594,100594,1,1,AOMDV,100,50,25,4,4,512,20.0,290.0,0.037,20.888,290.888,270.0,270.888,27000,12806,14194,47.42963,52.57037,3739.116475,456.32039,193.634919,84976,82767,2209,6.63564,11040,20.0,290.638,20.054574651,294.070584883,PASS
INST_0595,100595,1,1,AODV,100,50,25,4,5,512,20.0,290.0,0.037,20.888,290.888,270.0,270.888,27000,10374,16626,38.422222,61.577778,2783.47704,528.269733,156.861522,163170,159938,3232,15.728745,13880,20.0,290.638,20.866885435,298.174033769,PASS
INST_0595,100595,1,1,DSDV,100,50,25,4,5,512,20.0,290.0,0.037,20.888,290.888,270.0,270.888,27000,11994,15006,44.422222,55.577778,1494.887651,453.428634,181.356959,13138,13138,0,1.095381,10360,20.0,290.638,20.092827421,299.990790098,PASS
INST_0595,100595,1,1,AOMDV,100,50,25,4,5,512,20.0,290.0,0.037,20.888,290.888,270.0,270.888,27000,11709,15291,43.366667,56.633333,3336.969191,511.837732,177.047577,82342,79743,2599,7.032368,12427,20.0,290.638,20.427703646,295.431272909,PASS
INST_0596,100596,1,1,AODV,100,50,25,8,1,512,20.0,290.0,0.037,20.888,290.888,270.0,270.888,54000,13148,40852,24.348148,75.651852,4328.360081,517.690437,198.806178,142854,140310,2544,10.865075,27373,20.0,290.763,20.514602115,299.979434642,PASS
INST_0596,100596,1,1,DSDV,100,50,25,8,1,512,20.0,290.0,0.037,20.888,290.888,270.0,270.888,54000,17425,36575,32.268519,67.731481,3282.620026,423.852652,263.477157,13746,13746,0,0.788867,13958,20.0,290.763,20.128786528,299.975198057,PASS
INST_0596,100596,1,1,AOMDV,100,50,25,8,1,512,20.0,290.0,0.037,20.888,290.888,270.0,270.888,54000,13434,40566,24.877778,75.122222,6177.018172,505.706142,203.130681,91999,89881,2118,6.848221,19873,20.0,290.763,20.620476877,296.858097038,PASS
INST_0597,100597,1,1,AODV,100,50,25,8,2,512,20.0,290.0,0.037,20.888,290.888,270.0,270.888,54000,18379,35621,34.035185,65.964815,3808.945756,289.562498,277.902247,109006,107192,1814,5.931008,25732,20.0,290.763,20.236119295,297.193542622,PASS
INST_0597,100597,1,1,DSDV,100,50,25,8,2,512,20.0,290.0,0.037,20.888,290.888,270.0,270.888,54000,19839,34161,36.738889,63.261111,3650.244405,373.039856,299.978382,13957,13957,0,0.703513,13465,20.0,290.763,20.119811364,299.661242842,PASS
INST_0597,100597,1,1,AOMDV,100,50,25,8,2,512,20.0,290.0,0.037,20.888,290.888,270.0,270.888,54000,16199,37801,29.998148,70.001852,5719.177772,390.964656,244.939252,88810,86745,2065,5.482437,18073,20.0,290.763,20.225853051,297.617568129,PASS
INST_0598,100598,1,1,AODV,100,50,25,8,3,512,20.0,290.0,0.037,20.888,290.888,270.0,270.888,54000,15432,38568,28.577778,71.422222,4027.562713,415.448475,233.341721,145219,142656,2563,9.410251,23413,20.0,290.763,20.065516312,299.750567616,PASS
INST_0598,100598,1,1,DSDV,100,50,25,8,3,512,20.0,290.0,0.037,20.888,290.888,270.0,270.888,54000,19351,34649,35.835185,64.164815,3841.136093,403.04723,292.59951,14210,14210,0,0.734329,13737,20.0,290.763,20.009410504,299.895663637,PASS
INST_0598,100598,1,1,AOMDV,100,50,25,8,3,512,20.0,290.0,0.037,20.888,290.888,270.0,270.888,54000,15571,38429,28.835185,71.164815,5692.556226,422.44944,235.44349,82292,80293,1999,5.284953,18428,20.0,290.763,20.093512759,297.872089814,PASS
INST_0599,100599,1,1,AODV,100,50,25,8,4,512,20.0,290.0,0.037,20.888,290.888,270.0,270.888,54000,11370,42630,21.055556,78.944444,5473.803705,623.932452,171.92168,145859,143169,2690,12.828408,28301,20.0,290.763,20.810979246,299.990332501,PASS
INST_0599,100599,1,1,DSDV,100,50,25,8,4,512,20.0,290.0,0.037,20.888,290.888,270.0,270.888,54000,15556,38444,28.807407,71.192593,4462.378935,498.113329,235.21668,13599,13599,0,0.874196,15027,20.0,290.763,20.008731397,299.967984228,PASS
INST_0599,100599,1,1,AOMDV,100,50,25,8,4,512,20.0,290.0,0.037,20.888,290.888,270.0,270.888,54000,10516,43484,19.474074,80.525926,7939.697993,642.231439,159.008653,97690,95198,2492,9.289654,19688,20.0,290.763,20.04636803,297.867309726,PASS
INST_0600,100600,1,1,AODV,100,50,25,8,5,512,20.0,290.0,0.037,20.888,290.888,270.0,270.888,54000,12416,41584,22.992593,77.007407,3891.427094,426.048081,187.73787,154748,151724,3024,12.463595,29362,20.0,290.763,20.431232659,299.983141602,PASS
INST_0600,100600,1,1,DSDV,100,50,25,8,5,512,20.0,290.0,0.037,20.888,290.888,270.0,270.888,54000,15774,38226,29.211111,70.788889,3256.343174,385.986366,238.51298,13255,13255,0,0.840307,16020,20.0,290.763,20.092324202,299.996824588,PASS
INST_0600,100600,1,1,AOMDV,100,50,25,8,5,512,20.0,290.0,0.037,20.888,290.888,270.0,270.888,54000,11088,42912,20.533333,79.466667,6039.319469,545.292617,167.657659,93290,90668,2622,8.4136,21177,20.0,290.763,20.353602281,298.415564865,PASS
INST_0601,100601,1,1,AODV,150,20,5,2,1,512,20.0,290.0,0.037,20.148,290.148,270.0,270.148,2700,2541,159,94.111111,5.888889,690.158459,72.791858,38.526793,10871,10800,71,4.278237,157,20.0,289.648,20.452705804,289.659937041,PASS
INST_0601,100601,1,1,DSDV,150,20,5,2,1,512,20.0,290.0,0.037,20.148,290.148,270.0,270.148,2700,2174,526,80.518519,19.481481,109.221139,197.466747,32.962317,14920,14920,0,6.862925,446,20.0,289.648,20.156351317,289.654097039,PASS
INST_0601,100601,1,1,AOMDV,150,20,5,2,1,512,20.0,290.0,0.037,20.148,290.148,270.0,270.148,2700,2487,213,92.111111,7.888889,14.621171,6.875589,37.708042,45925,45796,129,18.466023,208,20.0,289.648,20.250209248,289.654097039,PASS
INST_0602,100602,1,1,AODV,150,20,5,2,2,512,20.0,290.0,0.037,20.148,290.148,270.0,270.148,2700,2666,34,98.740741,1.259259,45.540678,22.386005,40.42205,9971,9878,93,3.74006,34,20.0,289.648,20.414350143,289.665859947,PASS
INST_0602,100602,1,1,DSDV,150,20,5,2,2,512,20.0,290.0,0.037,20.148,290.148,270.0,270.148,2700,2144,556,79.407407,20.592593,14.221119,8.539849,32.507455,14440,14440,0,6.735075,460,20.0,289.648,20.119810819,289.660100721,PASS
INST_0602,100602,1,1,AOMDV,150,20,5,2,2,512,20.0,290.0,0.037,20.148,290.148,270.0,270.148,2700,2475,225,91.666667,8.333333,16.07488,6.003725,37.526097,46172,46035,137,18.655354,221,20.0,289.648,20.244006214,289.65949902,PASS
INST_0603,100603,1,1,AODV,150,20,5,2,3,512,20.0,290.0,0.037,20.148,290.148,270.0,270.148,2700,2677,23,99.148148,0.851852,278.635645,46.137155,40.588833,9226,9178,48,3.446395,22,20.0,289.648,20.281488972,292.682822694,PASS
INST_0603,100603,1,1,DSDV,150,20,5,2,3,512,20.0,290.0,0.037,20.148,290.148,270.0,270.148,2700,2305,395,85.37037,14.62963,14.976069,9.349879,34.948547,13805,13805,0,5.989154,360,20.0,289.648,20.017945846,289.685237867,PASS
INST_0603,100603,1,1,AOMDV,150,20,5,2,3,512,20.0,290.0,0.037,20.148,290.148,270.0,270.148,2700,2426,274,89.851852,10.148148,14.673821,6.836279,36.783156,46024,45883,141,18.971146,264,20.0,289.648,20.517653541,289.662000366,PASS
INST_0604,100604,1,1,AODV,150,20,5,2,4,512,20.0,290.0,0.037,20.148,290.148,270.0,270.148,2700,2647,53,98.037037,1.962963,130.823594,41.658193,40.133971,11687,11558,129,4.415187,39,20.0,289.648,20.36268332,289.659899562,PASS
INST_0604,100604,1,1,DSDV,150,20,5,2,4,512,20.0,290.0,0.037,20.148,290.148,270.0,270.148,2700,2220,480,82.222222,17.777778,16.850423,10.154406,33.659772,14249,14249,0,6.418468,419,20.0,289.648,23.227587547,289.688675812,PASS
INST_0604,100604,1,1,AOMDV,150,20,5,2,4,512,20.0,290.0,0.037,20.148,290.148,270.0,270.148,2700,2529,171,93.666667,6.333333,17.23639,6.073774,38.344848,45582,45452,130,18.023725,166,20.0,289.648,20.500300979,289.659739562,PASS
INST_0605,100605,1,1,AODV,150,20,5,2,5,512,20.0,290.0,0.037,20.148,290.148,270.0,270.148,2700,2663,37,98.62963,1.37037,601.421609,71.81599,40.376564,8909,8841,68,3.345475,22,20.0,289.648,20.289711566,290.221114226,PASS
INST_0605,100605,1,1,DSDV,150,20,5,2,5,512,20.0,290.0,0.037,20.148,290.148,270.0,270.148,2700,2317,383,85.814815,14.185185,177.30692,185.675624,35.130491,15119,15119,0,6.525248,300,20.0,289.648,20.156467638,295.936001848,PASS
INST_0605,100605,1,1,AOMDV,150,20,5,2,5,512,20.0,290.0,0.037,20.148,290.148,270.0,270.148,2700,2472,228,91.555556,8.444444,14.721029,6.385902,37.480611,46160,46023,137,18.673139,225,20.0,289.648,20.2062107,289.653916239,PASS
INST_0606,100606,1,1,AODV,150,20,5,4,1,512,20.0,290.0,0.037,20.148,290.148,270.0,270.148,5400,5050,350,93.518519,6.481481,396.442784,32.269837,76.5684,12319,12227,92,2.439406,350,20.0,289.898,20.413510848,289.903777038,PASS
INST_0606,100606,1,1,DSDV,150,20,5,4,1,512,20.0,290.0,0.037,20.148,290.148,270.0,270.148,5400,4424,976,81.925926,18.074074,110.585526,29.74999,67.07695,15803,15803,0,3.572107,752,20.0,289.898,20.091826752,299.450478617,PASS
INST_0606,100606,1,1,AOMDV,150,20,5,4,1,512,20.0,290.0,0.037,20.148,290.148,270.0,270.148,5400,4910,490,90.925926,9.074074,14.387415,4.652341,74.445711,46088,45930,158,9.386558,481,20.0,289.898,20.20639488,289.903557038,PASS
INST_0607,100607,1,1,AODV,150,20,5,4,2,512,20.0,290.0,0.037,20.148,290.148,270.0,270.148,5400,5277,123,97.722222,2.277778,216.278215,21.919779,80.010187,14745,14619,126,2.794201,114,20.0,289.898,20.376753399,289.909980737,PASS
INST_0607,100607,1,1,DSDV,150,20,5,4,2,512,20.0,290.0,0.037,20.148,290.148,270.0,270.148,5400,4294,1106,79.518519,20.481481,14.75732,8.778336,65.105883,14165,14165,0,3.298789,1017,20.0,289.898,20.055184778,289.929016295,PASS
INST_0607,100607,1,1,AOMDV,150,20,5,4,2,512,20.0,290.0,0.037,20.148,290.148,270.0,270.148,5400,4783,617,88.574074,11.425926,16.093413,4.921507,72.52013,47618,47445,173,9.955676,601,20.0,289.898,20.204660328,289.909739016,PASS
INST_0608,100608,1,1,AODV,150,20,5,4,3,512,20.0,290.0,0.037,20.148,290.148,270.0,270.148,5400,5275,125,97.685185,2.314815,250.229395,26.149874,79.979863,13971,13893,78,2.648531,89,20.0,289.898,20.342883657,289.909400014,PASS
INST_0608,100608,1,1,DSDV,150,20,5,4,3,512,20.0,290.0,0.037,20.148,290.148,270.0,270.148,5400,4397,1003,81.425926,18.574074,128.873205,27.015421,66.667575,16153,16153,0,3.673641,848,20.0,289.898,20.128889337,299.445433199,PASS
INST_0608,100608,1,1,AOMDV,150,20,5,4,3,512,20.0,290.0,0.037,20.148,290.148,270.0,270.148,5400,4845,555,89.722222,10.277778,14.062556,4.051707,73.460177,46012,45865,147,9.496801,548,20.0,289.898,20.439838326,289.909719595,PASS
INST_0609,100609,1,1,AODV,150,20,5,4,4,512,20.0,290.0,0.037,20.148,290.148,270.0,270.148,5400,4993,407,92.462963,7.537037,426.865659,36.895396,75.704162,14215,14069,146,2.846986,400,20.0,289.898,20.343108072,289.910199062,PASS
INST_0609,100609,1,1,DSDV,150,20,5,4,4,512,20.0,290.0,0.037,20.148,290.148,270.0,270.148,5400,4608,792,85.333333,14.666667,23.203658,15.807256,69.866769,13085,13085,0,2.839627,707,20.0,289.898,20.05486666,289.881439548,PASS
INST_0609,100609,1,1,AOMDV,150,20,5,4,4,512,20.0,290.0,0.037,20.148,290.148,270.0,270.148,5400,5047,353,93.462963,6.537037,18.47602,4.436684,76.522913,45550,45435,115,9.025163,347,20.0,289.898,20.35670242,289.910199543,PASS
INST_0610,100610,1,1,AODV,150,20,5,4,5,512,20.0,290.0,0.037,20.148,290.148,270.0,270.148,5400,5197,203,96.240741,3.759259,239.343624,22.210496,78.797222,9549,9475,74,1.837406,203,20.0,289.898,20.223657948,289.903596239,PASS
INST_0610,100610,1,1,DSDV,150,20,5,4,5,512,20.0,290.0,0.037,20.148,290.148,270.0,270.148,5400,4183,1217,77.462963,22.537037,80.803344,29.864685,63.422894,15881,15881,0,3.796557,732,20.0,289.898,20.157227638,297.122781897,PASS
INST_0610,100610,1,1,AOMDV,150,20,5,4,5,512,20.0,290.0,0.037,20.148,290.148,270.0,270.148,5400,4873,527,90.240741,9.759259,14.218358,4.537724,73.884715,46656,46482,174,9.574389,522,20.0,289.898,20.330917124,289.903676239,PASS
INST_0611,100611,1,1,AODV,150,20,5,8,1,512,20.0,290.0,0.037,20.148,290.148,270.0,270.148,10800,10340,460,95.740741,4.259259,118.792767,19.267253,156.775693,21551,21308,243,2.084236,420,20.0,290.023,20.36504138,290.028657034,PASS
INST_0611,100611,1,1,DSDV,150,20,5,8,1,512,20.0,290.0,0.037,20.148,290.148,270.0,270.148,10800,8905,1895,82.453704,17.546296,50.27575,20.745616,135.018138,15292,15292,0,1.717238,1585,20.0,290.023,20.156711317,298.246594809,PASS
INST_0611,100611,1,1,AOMDV,150,20,5,8,1,512,20.0,290.0,0.037,20.148,290.148,270.0,270.148,10800,9823,977,90.953704,9.046296,39.553314,8.543575,148.936909,46197,46073,124,4.702942,965,20.0,290.023,20.247924558,290.028745655,PASS
INST_0612,100612,1,1,AODV,150,20,5,8,2,512,20.0,290.0,0.037,20.148,290.148,270.0,270.148,10800,10202,598,94.462963,5.537037,244.218449,21.866847,154.683329,16906,16697,209,1.657126,569,20.0,290.023,20.36384555,290.584197428,PASS
INST_0612,100612,1,1,DSDV,150,20,5,8,2,512,20.0,290.0,0.037,20.148,290.148,270.0,270.148,10800,8941,1859,82.787037,17.212963,55.723309,30.789285,135.563972,16375,16375,0,1.831451,1391,20.0,290.023,20.055144778,299.953113657,PASS
INST_0612,100612,1,1,AOMDV,150,20,5,8,2,512,20.0,290.0,0.037,20.148,290.148,270.0,270.148,10800,9756,1044,90.333333,9.666667,22.690512,6.160567,147.921051,47105,46969,136,4.828311,989,20.0,290.023,20.29048172,290.034439012,PASS
INST_0613,100613,1,1,AODV,150,20,5,8,3,512,20.0,290.0,0.037,20.148,290.148,270.0,270.148,10800,10095,705,93.472222,6.527778,173.543693,16.712403,153.060989,19098,19010,88,1.891828,696,20.0,290.023,20.247780465,290.034820402,PASS
INST_0613,100613,1,1,DSDV,150,20,5,8,3,512,20.0,290.0,0.037,20.148,290.148,270.0,270.148,10800,8848,1952,81.925926,18.074074,80.525541,20.974177,134.153901,16517,16517,0,1.86675,1496,20.0,290.023,20.16596559,299.955905335,PASS
INST_0613,100613,1,1,AOMDV,150,20,5,8,3,512,20.0,290.0,0.037,20.148,290.148,270.0,270.148,10800,9532,1268,88.259259,11.740741,18.830737,4.992472,144.524749,46533,46351,182,4.881767,1255,20.0,290.023,20.421179435,290.03458001,PASS
INST_0614,100614,1,1,AODV,150,20,5,8,4,512,20.0,290.0,0.037,20.148,290.148,270.0,270.148,10800,9257,1543,85.712963,14.287037,267.527249,25.221684,140.355183,18390,18203,187,1.986605,1528,20.0,290.023,20.228452069,290.034799054,PASS
INST_0614,100614,1,1,DSDV,150,20,5,8,4,512,20.0,290.0,0.037,20.148,290.148,270.0,270.148,10800,8402,2398,77.796296,22.203704,91.933799,28.664768,127.391622,16806,16806,0,2.000238,1654,20.0,290.023,20.05422666,294.20196535,PASS
INST_0614,100614,1,1,AOMDV,150,20,5,8,4,512,20.0,290.0,0.037,20.148,290.148,270.0,270.148,10800,9919,881,91.842593,8.157407,38.58667,11.783704,150.392466,46625,46465,160,4.700575,856,20.0,290.023,20.432442341,290.034479534,PASS
INST_0615,100615,1,1,AODV,150,20,5,8,5,512,20.0,290.0,0.037,20.148,290.148,270.0,270.148,10800,9781,1019,90.564815,9.435185,212.769025,22.1484,148.300102,14491,14359,132,1.481546,1003,20.0,290.023,20.219370414,290.669159633,PASS
INST_0615,100615,1,1,DSDV,150,20,5,8,5,512,20.0,290.0,0.037,20.148,290.148,270.0,270.148,10800,8109,2691,75.083333,24.916667,73.620572,22.077726,122.949139,17671,17671,0,2.179184,1329,20.0,290.023,20.156567638,299.686192362,PASS
INST_0615,100615,1,1,AOMDV,150,20,5,8,5,512,20.0,290.0,0.037,20.148,290.148,270.0,270.148,10800,9794,1006,90.685185,9.314815,35.805554,7.074772,148.497209,46417,46239,178,4.73933,958,20.0,290.023,20.247256009,290.030096361,PASS
INST_0616,100616,1,1,AODV,150,20,10,2,1,512,20.0,290.0,0.037,20.333,290.333,270.0,270.333,5400,5137,263,95.12963,4.87037,447.84442,49.29927,77.834197,20768,20596,172,4.042827,257,20.0,289.833,20.537401978,289.850702045,PASS
INST_0616,100616,1,1,DSDV,150,20,10,2,1,512,20.0,290.0,0.037,20.333,290.333,270.0,270.333,5400,4478,922,82.925926,17.074074,24.306685,16.183021,67.849238,15520,15520,0,3.465833,808,20.0,289.833,20.156511317,293.311512117,PASS
INST_0616,100616,1,1,AOMDV,150,20,10,2,1,512,20.0,290.0,0.037,20.333,290.333,270.0,270.333,5400,4849,551,89.796296,10.203704,17.362621,9.523635,73.470512,50877,50571,306,10.492266,518,20.0,289.833,20.40234504,289.852955693,PASS
INST_0617,100617,1,1,AODV,150,20,10,2,2,512,20.0,290.0,0.037,20.333,290.333,270.0,270.333,5400,5235,165,96.944444,3.055556,269.574811,51.836032,79.319062,23102,22924,178,4.412989,141,20.0,289.833,20.714688814,289.844920311,PASS
INST_0617,100617,1,1,DSDV,150,20,10,2,2,512,20.0,290.0,0.037,20.333,290.333,270.0,270.333,5400,3944,1456,73.037037,26.962963,84.306065,47.506107,59.758239,17637,17637,0,4.471856,1155,20.0,289.833,20.119770819,298.843612061,PASS
INST_0617,100617,1,1,AOMDV,150,20,10,2,2,512,20.0,290.0,0.037,20.333,290.333,270.0,270.333,5400,4790,610,88.703704,11.296296,22.855636,11.030537,72.576563,52141,51796,345,10.885386,582,20.0,289.833,20.95003862,289.850920203,PASS
INST_0618,100618,1,1,AODV,150,20,10,2,3,512,20.0,290.0,0.037,20.333,290.333,270.0,270.333,5400,5235,165,96.944444,3.055556,290.348572,54.06964,79.319062,25349,25102,247,4.842216,123,20.0,289.833,20.574059063,289.826103192,PASS
INST_0618,100618,1,1,DSDV,150,20,10,2,3,512,20.0,290.0,0.037,20.333,290.333,270.0,270.333,5400,4309,1091,79.796296,20.203704,32.771009,35.788034,65.288603,14505,14505,0,3.36621,954,20.0,289.833,20.017985846,293.135456557,PASS
INST_0618,100618,1,1,AOMDV,150,20,10,2,3,512,20.0,290.0,0.037,20.333,290.333,270.0,270.333,5400,4688,712,86.814815,13.185185,18.986997,11.273645,71.031091,52026,51660,366,11.097696,691,20.0,289.833,20.651941028,289.873588502,PASS
INST_0619,100619,1,1,AODV,150,20,10,2,4,512,20.0,290.0,0.037,20.333,290.333,270.0,270.333,5400,5292,108,98.0,2.0,90.353714,33.09063,80.182708,23027,22782,245,4.351285,87,20.0,289.833,20.59079911,289.850662466,PASS
INST_0619,100619,1,1,DSDV,150,20,10,2,4,512,20.0,290.0,0.037,20.333,290.333,270.0,270.333,5400,4238,1162,78.481481,21.518519,144.98346,129.07329,64.212834,14909,14909,0,3.517933,879,20.0,289.833,20.26781114,298.222504985,PASS
INST_0619,100619,1,1,AOMDV,150,20,10,2,4,512,20.0,290.0,0.037,20.333,290.333,270.0,270.333,5400,4874,526,90.259259,9.740741,23.656412,10.789038,73.849304,51793,51422,371,10.626385,511,20.0,289.833,20.151542107,289.845240469,PASS
INST_0620,100620,1,1,AODV,150,20,10,2,5,512,20.0,290.0,0.037,20.333,290.333,270.0,270.333,5400,5214,186,96.555556,3.444444,179.628892,46.785436,79.000877,23218,23062,156,4.453011,173,20.0,289.833,20.27096793,289.839058101,PASS
INST_0620,100620,1,1,DSDV,150,20,10,2,5,512,20.0,290.0,0.037,20.333,290.333,270.0,270.333,5400,4211,1189,77.981481,22.018519,100.236243,97.46476,63.803738,15293,15293,0,3.631679,912,20.0,289.833,20.156507638,298.746538352,PASS
INST_0620,100620,1,1,AOMDV,150,20,10,2,5,512,20.0,290.0,0.037,20.333,290.333,270.0,270.333,5400,4870,530,90.185185,9.814815,17.754716,7.585354,73.788698,50742,50428,314,10.419302,510,20.0,289.833,20.27399877,289.838738101,PASS
INST_0621,100621,1,1,AODV,150,20,10,4,1,512,20.0,290.0,0.037,20.333,290.333,270.0,270.333,10800,10202,598,94.462963,5.537037,324.060674,49.516131,154.577473,37735,37278,457,3.698785,564,20.0,290.083,20.368780278,295.752750588,PASS
INST_0621,100621,1,1,DSDV,150,20,10,4,1,512,20.0,290.0,0.037,20.333,290.333,270.0,270.333,10800,8539,2261,79.064815,20.935185,137.463659,86.670161,129.380224,16136,16136,0,1.889683,1580,20.0,290.083,20.156291317,298.162983788,PASS
INST_0621,100621,1,1,AOMDV,150,20,10,4,1,512,20.0,290.0,0.037,20.333,290.333,270.0,270.333,10800,9625,1175,89.12037,10.87963,24.968348,12.030877,145.834952,51496,51162,334,5.350234,1130,20.0,290.083,20.236550654,290.10130248,PASS
INST_0622,100622,1,1,AODV,150,20,10,4,2,512,20.0,290.0,0.037,20.333,290.333,270.0,270.333,10800,10306,494,95.425926,4.574074,147.24877,45.220526,156.153248,41613,41029,584,4.037745,430,20.0,290.083,20.669009011,292.344469107,PASS
INST_0622,100622,1,1,DSDV,150,20,10,4,2,512,20.0,290.0,0.037,20.333,290.333,270.0,270.333,10800,7628,3172,70.62963,29.37037,69.867414,56.192964,115.57704,17612,17612,0,2.308862,2170,20.0,290.083,20.054684778,293.76162748,PASS
INST_0622,100622,1,1,AOMDV,150,20,10,4,2,512,20.0,290.0,0.037,20.333,290.333,270.0,270.333,10800,9495,1305,87.916667,12.083333,33.760866,16.074277,143.865233,52412,52090,322,5.519958,1256,20.0,290.083,20.3696708,290.171124651,PASS
INST_0623,100623,1,1,AODV,150,20,10,4,3,512,20.0,290.0,0.037,20.333,290.333,270.0,270.333,10800,10109,691,93.601852,6.398148,341.188649,55.235732,153.168366,42557,42092,465,4.209813,654,20.0,290.083,20.626401823,295.488255691,PASS
INST_0623,100623,1,1,DSDV,150,20,10,4,3,512,20.0,290.0,0.037,20.333,290.333,270.0,270.333,10800,8352,2448,77.333333,22.666667,83.328685,48.280268,126.546859,17303,17303,0,2.071719,1710,20.0,290.083,20.017685846,297.20341081,PASS
INST_0623,100623,1,1,AOMDV,150,20,10,4,3,512,20.0,290.0,0.037,20.333,290.333,270.0,270.333,10800,9298,1502,86.092593,13.907407,26.589867,14.774134,140.880351,52803,52419,384,5.678963,1472,20.0,290.083,20.640489827,290.137882308,PASS
INST_0624,100624,1,1,AODV,150,20,10,4,4,512,20.0,290.0,0.037,20.333,290.333,270.0,270.333,10800,9513,1287,88.083333,11.916667,497.887995,82.874553,144.137963,53330,52594,736,5.606013,1243,20.0,290.083,20.28244762,295.541240098,PASS
INST_0624,100624,1,1,DSDV,150,20,10,4,4,512,20.0,290.0,0.037,20.333,290.333,270.0,270.333,10800,8185,2615,75.787037,24.212963,85.745365,43.304242,124.016528,16892,16892,0,2.063775,1686,20.0,290.083,20.165548646,298.155128899,PASS
INST_0624,100624,1,1,AOMDV,150,20,10,4,4,512,20.0,290.0,0.037,20.333,290.333,270.0,270.333,10800,9699,1101,89.805556,10.194444,42.030348,35.898869,146.956176,52444,52047,397,5.407155,1033,20.0,290.083,20.873308128,290.096157914,PASS
INST_0625,100625,1,1,AODV,150,20,10,4,5,512,20.0,290.0,0.037,20.333,290.333,270.0,270.333,10800,10488,312,97.111111,2.888889,275.684079,42.885353,158.910854,30300,30045,255,2.889016,271,20.0,290.083,20.239623807,290.094458368,PASS
INST_0625,100625,1,1,DSDV,150,20,10,4,5,512,20.0,290.0,0.037,20.333,290.333,270.0,270.333,10800,7875,2925,72.916667,27.083333,101.683556,35.643026,119.319506,18060,18060,0,2.293333,1759,20.0,290.083,20.156247638,290.839524875,PASS
INST_0625,100625,1,1,AOMDV,150,20,10,4,5,512,20.0,290.0,0.037,20.333,290.333,270.0,270.333,10800,9686,1114,89.685185,10.314815,26.150071,13.235955,146.759204,52052,51666,386,5.373942,1069,20.0,290.083,20.593323725,290.088918097,PASS
INST_0626,100626,1,1,AODV,150,20,10,8,1,512,20.0,290.0,0.037,20.333,290.333,270.0,270.333,21600,16915,4685,78.310185,21.689815,652.281816,73.893711,256.290723,63043,62458,585,3.727047,4396,20.0,290.208,20.574712058,293.6130783,PASS
INST_0626,100626,1,1,DSDV,150,20,10,8,1,512,20.0,290.0,0.037,20.333,290.333,270.0,270.333,21600,12542,9058,58.064815,41.935185,804.709051,216.765128,190.032412,20538,20538,0,1.637538,4638,20.0,290.208,20.157111317,299.990721495,PASS
INST_0626,100626,1,1,AOMDV,150,20,10,8,1,512,20.0,290.0,0.037,20.333,290.333,270.0,270.333,21600,17032,4568,78.851852,21.148148,858.497823,76.095435,258.06347,54613,54145,468,3.206494,3545,20.0,290.208,20.197598422,290.273492748,PASS
INST_0627,100627,1,1,AODV,150,20,10,8,2,512,20.0,290.0,0.037,20.333,290.333,270.0,270.333,21600,15575,6025,72.106481,27.893519,919.562475,100.382621,235.987467,63637,62737,900,4.085843,5507,20.0,290.208,20.766864329,291.63562625,PASS
INST_0627,100627,1,1,DSDV,150,20,10,8,2,512,20.0,290.0,0.037,20.333,290.333,270.0,270.333,21600,12274,9326,56.824074,43.175926,699.676515,114.929808,185.971761,19482,19482,0,1.587258,5337,20.0,290.208,20.055544778,296.300376661,PASS
INST_0627,100627,1,1,AOMDV,150,20,10,8,2,512,20.0,290.0,0.037,20.333,290.333,270.0,270.333,21600,16201,5399,75.00463,24.99537,1220.873785,100.429194,245.472421,61294,60627,667,3.783347,4036,20.0,290.208,20.705056831,291.285664519,PASS
INST_0628,100628,1,1,AODV,150,20,10,8,3,512,20.0,290.0,0.037,20.333,290.333,270.0,270.333,21600,14792,6808,68.481481,31.518519,1403.375289,135.03009,224.123699,89642,88692,950,6.060168,5978,20.0,290.208,20.564182632,295.166447293,PASS
INST_0628,100628,1,1,DSDV,150,20,10,8,3,512,20.0,290.0,0.037,20.333,290.333,270.0,270.333,21600,12198,9402,56.472222,43.527778,354.88911,84.947292,184.820233,20357,20357,0,1.66888,4718,20.0,290.208,20.156612302,299.236551721,PASS
INST_0628,100628,1,1,AOMDV,150,20,10,8,3,512,20.0,290.0,0.037,20.333,290.333,270.0,270.333,21600,16719,4881,77.402778,22.597222,440.63468,66.483879,253.320993,56688,56133,555,3.390633,4195,20.0,290.208,20.197385718,292.165652666,PASS
INST_0629,100629,1,1,AODV,150,20,10,8,4,512,20.0,290.0,0.037,20.333,290.333,270.0,270.333,21600,15651,5949,72.458333,27.541667,950.551885,125.881672,237.138995,59645,58877,768,3.810939,5356,20.0,290.208,21.998525873,291.68251255,PASS
INST_0629,100629,1,1,DSDV,150,20,10,8,4,512,20.0,290.0,0.037,20.333,290.333,270.0,270.333,21600,12426,9174,57.527778,42.472222,668.822455,120.381149,188.274817,19105,19105,0,1.537502,4447,20.0,290.208,20.26765114,299.924587459,PASS
INST_0629,100629,1,1,AOMDV,150,20,10,8,4,512,20.0,290.0,0.037,20.333,290.333,270.0,270.333,21600,16456,5144,76.185185,23.814815,933.17799,94.295277,249.3361,63339,62498,841,3.848991,3730,20.0,290.208,20.75096849,291.807610836,PASS
INST_0630,100630,1,1,AODV,150,20,10,8,5,512,20.0,290.0,0.037,20.333,290.333,270.0,270.333,21600,17599,4001,81.476852,18.523148,478.20004,88.502365,266.654474,59890,59323,567,3.403034,3639,20.0,290.208,20.281394824,296.179858999,PASS
INST_0630,100630,1,1,DSDV,150,20,10,8,5,512,20.0,290.0,0.037,20.333,290.333,270.0,270.333,21600,14266,7334,66.046296,33.953704,364.183193,108.823072,216.153914,18833,18833,0,1.320132,3653,20.0,290.208,20.156647638,297.191711269,PASS
INST_0630,100630,1,1,AOMDV,150,20,10,8,5,512,20.0,290.0,0.037,20.333,290.333,270.0,270.333,21600,17925,3675,82.986111,17.013889,521.108029,61.017529,271.593923,57227,56755,472,3.19258,3186,20.0,290.208,20.291998496,291.852650345,PASS
INST_0631,100631,1,1,AODV,150,20,15,2,1,512,20.0,290.0,0.037,20.518,290.518,270.0,270.518,8100,7674,426,94.740741,5.259259,302.791152,75.576743,116.194501,41706,41203,503,5.434715,405,20.0,290.018,20.907621158,290.030559842,PASS
INST_0631,100631,1,1,DSDV,150,20,15,2,1,512,20.0,290.0,0.037,20.518,290.518,270.0,270.518,8100,6728,1372,83.061728,16.938272,122.833181,156.02758,101.870811,15257,15257,0,2.267687,1086,20.0,290.018,20.091626752,299.069508708,PASS
INST_0631,100631,1,1,AOMDV,150,20,15,2,1,512,20.0,290.0,0.037,20.518,290.518,270.0,270.518,8100,7145,955,88.209877,11.790123,44.358078,20.524608,108.184742,58987,58354,633,8.255703,906,20.0,290.018,20.308737325,290.029599994,PASS
INST_0632,100632,1,1,AODV,150,20,15,2,2,512,20.0,290.0,0.037,20.518,290.518,270.0,270.518,8100,7675,425,94.753086,5.246914,289.946271,68.460349,116.209642,46466,45925,541,6.054202,368,20.0,290.018,20.257562916,290.060448354,PASS
INST_0632,100632,1,1,DSDV,150,20,15,2,2,512,20.0,290.0,0.037,20.518,290.518,270.0,270.518,8100,5941,2159,73.345679,26.654321,72.536532,33.069241,89.954591,15547,15547,0,2.6169,1850,20.0,290.018,20.054184778,299.457950027,PASS
INST_0632,100632,1,1,AOMDV,150,20,15,2,2,512,20.0,290.0,0.037,20.518,290.518,270.0,270.518,8100,7042,1058,86.938272,13.061728,39.069552,20.485705,106.625186,58204,57573,631,8.265266,1034,20.0,290.018,20.409015497,290.055114157,PASS
INST_0633,100633,1,1,AODV,150,20,15,2,3,512,20.0,290.0,0.037,20.518,290.518,270.0,270.518,8100,7657,443,94.530864,5.469136,351.593255,81.821666,115.937098,47148,46587,561,6.157503,395,20.0,290.018,20.541609727,290.053505476,PASS
INST_0633,100633,1,1,DSDV,150,20,15,2,3,512,20.0,290.0,0.037,20.518,290.518,270.0,270.518,8100,5837,2263,72.061728,27.938272,167.79198,150.553694,88.379893,16961,16961,0,2.905774,1626,20.0,290.018,20.017385846,299.722654632,PASS
INST_0633,100633,1,1,AOMDV,150,20,15,2,3,512,20.0,290.0,0.037,20.518,290.518,270.0,270.518,8100,6809,1291,84.061728,15.938272,50.493096,30.97825,103.097258,63117,62313,804,9.269643,1261,20.0,290.018,20.95259969,289.999557052,PASS
INST_0634,100634,1,1,AODV,150,20,15,2,4,512,20.0,290.0,0.037,20.518,290.518,270.0,270.518,8100,7706,394,95.135802,4.864198,254.290377,64.54262,116.679023,42265,41769,496,5.484687,363,20.0,290.018,20.111250475,290.638507458,PASS
INST_0634,100634,1,1,DSDV,150,20,15,2,4,512,20.0,290.0,0.037,20.518,290.518,270.0,270.518,8100,6141,1959,75.814815,24.185185,123.746936,156.347211,92.982855,15177,15177,0,2.471422,1652,20.0,290.018,20.26773114,299.354041559,PASS
INST_0634,100634,1,1,AOMDV,150,20,15,2,4,512,20.0,290.0,0.037,20.518,290.518,270.0,270.518,8100,7086,1014,87.481481,12.518519,44.726069,26.876178,107.291404,61040,60306,734,8.614169,970,20.0,290.018,20.58813823,289.995457215,PASS
INST_0635,100635,1,1,AODV,150,20,15,2,5,512,20.0,290.0,0.037,20.518,290.518,270.0,270.518,8100,7928,172,97.876543,2.123457,416.614219,70.252066,120.040397,35787,35504,283,4.514001,163,20.0,290.018,20.277310505,299.106519617,PASS
INST_0635,100635,1,1,DSDV,150,20,15,2,5,512,20.0,290.0,0.037,20.518,290.518,270.0,270.518,8100,6359,1741,78.506173,21.493827,62.617504,41.369089,96.283663,15514,15514,0,2.439692,1323,20.0,290.018,20.156487638,299.797063457,PASS
INST_0635,100635,1,1,AOMDV,150,20,15,2,5,512,20.0,290.0,0.037,20.518,290.518,270.0,270.518,8100,7201,899,88.901235,11.098765,24.17742,13.880747,109.032656,56870,56326,544,7.897514,869,20.0,290.018,20.281534853,290.029940091,PASS
INST_0636,100636,1,1,AODV,150,20,15,4,1,512,20.0,290.0,0.037,20.518,290.518,270.0,270.518,16200,13863,2337,85.574074,14.425926,413.049367,87.894418,209.904139,73003,72069,934,5.266032,2217,20.0,290.268,20.217609632,290.33196641,PASS
INST_0636,100636,1,1,DSDV,150,20,15,4,1,512,20.0,290.0,0.037,20.518,290.518,270.0,270.518,16200,11394,4806,70.333333,29.666667,398.087009,206.851958,172.520217,18408,18408,0,1.615587,2757,20.0,290.268,20.092168868,299.857061368,PASS
INST_0636,100636,1,1,AOMDV,150,20,15,4,1,512,20.0,290.0,0.037,20.518,290.518,270.0,270.518,16200,13609,2591,84.006173,15.993827,177.060217,54.990417,206.058244,62210,61375,835,4.57124,2500,20.0,290.268,20.860935471,290.284330481,PASS
INST_0637,100637,1,1,AODV,150,20,15,4,2,512,20.0,290.0,0.037,20.518,290.518,270.0,270.518,16200,13341,2859,82.351852,17.648148,631.360845,137.152238,202.00037,92058,90556,1502,6.900382,2607,20.0,290.268,20.262539251,291.812600451,PASS
INST_0637,100637,1,1,DSDV,150,20,15,4,2,512,20.0,290.0,0.037,20.518,290.518,270.0,270.518,16200,10853,5347,66.993827,33.006173,167.64442,103.875577,164.328762,18228,18228,0,1.679536,3563,20.0,290.268,20.054884778,299.036447841,PASS
INST_0637,100637,1,1,AOMDV,150,20,15,4,2,512,20.0,290.0,0.037,20.518,290.518,270.0,270.518,16200,12920,3280,79.753086,20.246914,432.666944,109.00459,195.625873,65777,64817,960,5.091099,3123,20.0,290.268,20.806290395,290.618474376,PASS
INST_0638,100638,1,1,AODV,150,20,15,4,3,512,20.0,290.0,0.037,20.518,290.518,270.0,270.518,16200,11994,4206,74.037037,25.962963,836.482716,187.065611,181.60501,122851,121161,1690,10.242705,3956,20.0,290.268,20.821318891,299.976214176,PASS
INST_0638,100638,1,1,DSDV,150,20,15,4,3,512,20.0,290.0,0.037,20.518,290.518,270.0,270.518,16200,9836,6364,60.716049,39.283951,311.217893,158.725267,148.930038,21251,21251,0,2.160533,3560,20.0,290.268,20.017945846,298.05053541,PASS
INST_0638,100638,1,1,AOMDV,150,20,15,4,3,512,20.0,290.0,0.037,20.518,290.518,270.0,270.518,16200,12830,3370,79.197531,20.802469,268.572979,86.067386,194.263154,68082,66997,1085,5.306469,3281,20.0,290.268,20.971861913,290.798008307,PASS
INST_0639,100639,1,1,AODV,150,20,15,4,4,512,20.0,290.0,0.037,20.518,290.518,270.0,270.518,16200,12799,3401,79.006173,20.993827,807.211849,165.616277,193.793773,98151,96793,1358,7.668646,3120,20.0,290.268,20.862428613,293.563563107,PASS
INST_0639,100639,1,1,DSDV,150,20,15,4,4,512,20.0,290.0,0.037,20.518,290.518,270.0,270.518,16200,10868,5332,67.08642,32.91358,457.021641,153.428232,164.555882,17422,17422,0,1.603055,3595,20.0,290.268,20.05434666,298.542122532,PASS
INST_0639,100639,1,1,AOMDV,150,20,15,4,4,512,20.0,290.0,0.037,20.518,290.518,270.0,270.518,16200,13655,2545,84.290123,15.709877,278.216693,88.651699,206.754745,63214,62384,830,4.629367,2432,20.0,290.268,20.678636072,290.369330088,PASS
INST_0640,100640,1,1,AODV,150,20,15,4,5,512,20.0,290.0,0.037,20.518,290.518,270.0,270.518,16200,14453,1747,89.216049,10.783951,419.709564,89.618768,218.837519,67111,66399,712,4.643396,1626,20.0,290.268,20.265509692,297.848892411,PASS
INST_0640,100640,1,1,DSDV,150,20,15,4,5,512,20.0,290.0,0.037,20.518,290.518,270.0,270.518,16200,11439,4761,70.611111,29.388889,148.256277,104.908084,173.201576,17258,17258,0,1.508698,2768,20.0,290.268,20.157347638,294.196699295,PASS
INST_0640,100640,1,1,AOMDV,150,20,15,4,5,512,20.0,290.0,0.037,20.518,290.518,270.0,270.518,16200,14088,2112,86.962963,13.037037,115.151167,37.20634,213.310937,58909,58298,611,4.181502,2029,20.0,290.268,20.335723355,290.95353799,PASS
INST_0641,100641,1,1,AODV,150,20,15,8,1,512,20.0,290.0,0.037,20.518,290.518,270.0,270.518,32400,17447,14953,53.848765,46.151235,2070.85077,180.093447,264.170636,97535,96364,1171,5.590359,13146,20.0,290.393,20.18240113,295.66357893,PASS
INST_0641,100641,1,1,DSDV,150,20,15,8,1,512,20.0,290.0,0.037,20.518,290.518,270.0,270.518,32400,14452,17948,44.604938,55.395062,1753.617329,217.339604,218.822378,20747,20747,0,1.43558,7434,20.0,290.393,20.156891317,291.115008198,PASS
INST_0641,100641,1,1,AOMDV,150,20,15,8,1,512,20.0,290.0,0.037,20.518,290.518,270.0,270.518,32400,16046,16354,49.524691,50.475309,4415.691137,242.901084,242.957644,83219,81762,1457,5.186277,8689,20.0,290.393,20.420276835,291.095466838,PASS
INST_0642,100642,1,1,AODV,150,20,15,8,2,512,20.0,290.0,0.037,20.518,290.518,270.0,270.518,32400,15330,17070,47.314815,52.685185,2892.768516,283.520129,232.116458,127906,126052,1854,8.343509,13368,20.0,290.393,20.451912431,295.231626949,PASS
INST_0642,100642,1,1,DSDV,150,20,15,8,2,512,20.0,290.0,0.037,20.518,290.518,270.0,270.518,32400,13438,18962,41.475309,58.524691,1846.89612,216.331467,203.469078,20831,20831,0,1.550156,8462,20.0,290.393,20.055764778,299.804537807,PASS
INST_0642,100642,1,1,AOMDV,150,20,15,8,2,512,20.0,290.0,0.037,20.518,290.518,270.0,270.518,32400,15156,17244,46.777778,53.222222,4576.792523,281.057953,229.481868,82414,81013,1401,5.437714,8845,20.0,290.393,20.347632907,296.794199633,PASS
INST_0643,100643,1,1,AODV,150,20,15,8,3,512,20.0,290.0,0.037,20.518,290.518,270.0,270.518,32400,14258,18142,44.006173,55.993827,2204.756823,268.624973,215.884961,159407,157269,2138,11.18018,15648,20.0,290.393,20.146562263,298.912036162,PASS
INST_0643,100643,1,1,DSDV,150,20,15,8,3,512,20.0,290.0,0.037,20.518,290.518,270.0,270.518,32400,14007,18393,43.231481,56.768519,1807.729309,246.186161,212.08449,19901,19901,0,1.42079,8339,20.0,290.393,20.156912302,299.775409387,PASS
INST_0643,100643,1,1,AOMDV,150,20,15,8,3,512,20.0,290.0,0.037,20.518,290.518,270.0,270.518,32400,15391,17009,47.503086,52.496914,3818.125975,250.833966,233.040079,81439,79935,1504,5.291339,9930,20.0,290.393,21.305835994,296.054782615,PASS
INST_0644,100644,1,1,AODV,150,20,15,8,4,512,20.0,290.0,0.037,20.518,290.518,270.0,270.518,32400,14929,17471,46.07716,53.92284,2874.743094,246.895107,226.044788,108755,107103,1652,7.284815,14375,20.0,290.393,20.797690363,299.999486197,PASS
INST_0644,100644,1,1,DSDV,150,20,15,8,4,512,20.0,290.0,0.037,20.518,290.518,270.0,270.518,32400,11483,20917,35.441358,64.558642,2817.559687,352.090368,173.867794,20834,20834,0,1.814334,8353,20.0,290.393,20.26799114,295.573896055,PASS
INST_0644,100644,1,1,AOMDV,150,20,15,8,4,512,20.0,290.0,0.037,20.518,290.518,270.0,270.518,32400,13646,18754,42.117284,57.882716,5025.875554,322.892441,206.618473,90552,88914,1638,6.635791,9736,20.0,290.393,20.749331302,294.454300232,PASS
INST_0645,100645,1,1,AODV,150,20,15,8,5,512,20.0,290.0,0.037,20.518,290.518,270.0,270.518,32400,19601,12799,60.496914,39.503086,1733.933427,168.767889,296.785042,108532,107265,1267,5.537064,11001,20.0,290.393,20.263797862,297.145066799,PASS
INST_0645,100645,1,1,DSDV,150,20,15,8,5,512,20.0,290.0,0.037,20.518,290.518,270.0,270.518,32400,16226,16174,50.080247,49.919753,1517.303616,204.948494,245.683082,21259,21259,0,1.310181,6311,20.0,290.393,20.157127638,292.22598716,PASS
INST_0645,100645,1,1,AOMDV,150,20,15,8,5,512,20.0,290.0,0.037,20.518,290.518,270.0,270.518,32400,19412,12988,59.91358,40.08642,2739.589178,186.196096,293.923332,72444,71405,1039,3.731918,6921,20.0,290.393,20.260485005,295.310220266,PASS
INST_0646,100646,1,1,AODV,150,20,20,2,1,512,20.0,290.0,0.037,20.703,290.703,270.0,270.703,10800,10319,481,95.546296,4.453704,236.736671,70.440078,156.136519,54657,54042,615,5.296734,412,20.0,290.203,20.712792665,293.124570797,PASS
INST_0646,100646,1,1,DSDV,150,20,20,2,1,512,20.0,290.0,0.037,20.703,290.703,270.0,270.703,10800,8361,2439,77.416667,22.583333,261.895647,168.862371,126.510072,17408,17408,0,2.082048,1433,20.0,290.203,20.157431317,299.805699397,PASS
INST_0646,100646,1,1,AOMDV,150,20,20,2,1,512,20.0,290.0,0.037,20.703,290.703,270.0,270.703,10800,9813,987,90.861111,9.138889,46.833395,33.790732,148.480246,60021,59345,676,6.116478,937,20.0,290.203,20.603355119,290.142106519,PASS
INST_0647,100647,1,1,AODV,150,20,20,2,2,512,20.0,290.0,0.037,20.703,290.703,270.0,270.703,10800,9922,878,91.87037,8.12963,407.155079,149.753176,150.129522,79728,78407,1321,8.035477,768,20.0,290.203,20.701553036,293.208287631,PASS
INST_0647,100647,1,1,DSDV,150,20,20,2,2,512,20.0,290.0,0.037,20.703,290.703,270.0,270.703,10800,7989,2811,73.972222,26.027778,115.079747,102.058166,120.88135,16592,16592,0,2.076856,2247,20.0,290.203,20.119550819,298.535112286,PASS
INST_0647,100647,1,1,AOMDV,150,20,20,2,2,512,20.0,290.0,0.037,20.703,290.703,270.0,270.703,10800,9165,1635,84.861111,15.138889,77.002624,59.011345,138.675375,67792,66791,1001,7.396836,1571,20.0,290.203,20.346352021,290.180665123,PASS
INST_0648,100648,1,1,AODV,150,20,20,2,3,512,20.0,290.0,0.037,20.703,290.703,270.0,270.703,10800,9964,836,92.259259,7.740741,249.132904,90.590797,150.765023,77602,76332,1270,7.788238,767,20.0,290.203,20.662341482,291.248244214,PASS
INST_0648,100648,1,1,DSDV,150,20,20,2,3,512,20.0,290.0,0.037,20.703,290.703,270.0,270.703,10800,7589,3211,70.268519,29.731481,211.036258,140.516271,114.82896,17659,17659,0,2.326921,2089,20.0,290.203,20.129409337,294.366501936,PASS
INST_0648,100648,1,1,AOMDV,150,20,20,2,3,512,20.0,290.0,0.037,20.703,290.703,270.0,270.703,10800,9072,1728,84.0,16.0,126.752693,53.013159,137.268194,73582,72342,1240,8.110891,1668,20.0,290.203,20.781482806,290.208618143,PASS
INST_0649,100649,1,1,AODV,150,20,20,2,4,512,20.0,290.0,0.037,20.703,290.703,270.0,270.703,10800,10302,498,95.388889,4.611111,118.824719,59.099132,155.879292,57024,56205,819,5.535236,434,20.0,290.203,20.145020083,290.238125576,PASS
INST_0649,100649,1,1,DSDV,150,20,20,2,4,512,20.0,290.0,0.037,20.703,290.703,270.0,270.703,10800,7697,3103,71.268519,28.731481,128.623421,99.7428,116.463105,15833,15833,0,2.057035,2635,20.0,290.203,20.05436666,299.979493265,PASS
INST_0649,100649,1,1,AOMDV,150,20,20,2,4,512,20.0,290.0,0.037,20.703,290.703,270.0,270.703,10800,9360,1440,86.666667,13.333333,102.623007,52.312194,141.625915,68585,67514,1071,7.327457,1373,20.0,290.203,20.263451225,290.339343716,PASS
INST_0650,100650,1,1,AODV,150,20,20,2,5,512,20.0,290.0,0.037,20.703,290.703,270.0,270.703,10800,10404,396,96.333333,3.666667,259.311059,66.411386,157.422651,44098,43671,427,4.238562,359,20.0,290.203,20.207951528,290.209096719,PASS
INST_0650,100650,1,1,DSDV,150,20,20,2,5,512,20.0,290.0,0.037,20.703,290.703,270.0,270.703,10800,8200,2600,75.925926,24.074074,167.022816,96.993719,124.073985,16861,16861,0,2.05622,1720,20.0,290.203,20.156727638,299.915330554,PASS
INST_0650,100650,1,1,AOMDV,150,20,20,2,5,512,20.0,290.0,0.037,20.703,290.703,270.0,270.703,10800,9781,1019,90.564815,9.435185,56.080668,29.95073,147.996055,59496,58842,654,6.082814,990,20.0,290.203,20.294198101,290.208556719,PASS
INST_0651,100651,1,1,AODV,150,20,20,4,1,512,20.0,290.0,0.037,20.703,290.703,270.0,270.703,21600,16332,5268,75.611111,24.388889,636.335994,197.353219,247.119064,127514,125924,1590,7.807617,4889,20.0,290.453,20.166969583,294.844309761,PASS
INST_0651,100651,1,1,DSDV,150,20,20,4,1,512,20.0,290.0,0.037,20.703,290.703,270.0,270.703,21600,12436,9164,57.574074,42.425926,776.875416,221.185836,188.16879,21285,21285,0,1.711563,4480,20.0,290.453,20.156531317,298.048967386,PASS
INST_0651,100651,1,1,AOMDV,150,20,20,4,1,512,20.0,290.0,0.037,20.703,290.703,270.0,270.703,21600,17007,4593,78.736111,21.263889,743.384396,163.464829,257.332471,75152,73898,1254,4.418886,4017,20.0,290.453,20.26358528,290.390959527,PASS
INST_0652,100652,1,1,AODV,150,20,20,4,2,512,20.0,290.0,0.037,20.703,290.703,270.0,270.703,21600,13537,8063,62.671296,37.328704,1617.615685,303.005381,204.827992,148178,145845,2333,10.946148,7307,20.0,290.453,20.91074383,298.387120796,PASS
INST_0652,100652,1,1,DSDV,150,20,20,4,2,512,20.0,290.0,0.037,20.703,290.703,270.0,270.703,21600,12071,9529,55.884259,44.115741,626.284868,191.138798,182.645985,21132,21132,0,1.750642,5410,20.0,290.453,20.119850819,298.632233523,PASS
INST_0652,100652,1,1,AOMDV,150,20,20,4,2,512,20.0,290.0,0.037,20.703,290.703,270.0,270.703,21600,13989,7611,64.763889,35.236111,1494.017616,250.831145,211.667192,84547,82968,1579,6.04382,6377,20.0,290.453,20.688437225,293.846765941,PASS
INST_0653,100653,1,1,AODV,150,20,20,4,3,512,20.0,290.0,0.037,20.703,290.703,270.0,270.703,21600,11975,9625,55.439815,44.560185,2198.565338,384.219772,181.193411,174020,171720,2300,14.531942,8788,20.0,290.453,20.606171303,299.69127156,PASS
INST_0653,100653,1,1,DSDV,150,20,20,4,3,512,20.0,290.0,0.037,20.703,290.703,270.0,270.703,21600,11836,9764,54.796296,45.203704,605.723979,217.142793,179.090206,21383,21383,0,1.806607,5209,20.0,290.453,20.018105846,293.422022873,PASS
INST_0653,100653,1,1,AOMDV,150,20,20,4,3,512,20.0,290.0,0.037,20.703,290.703,270.0,270.703,21600,13789,7811,63.837963,36.162037,1664.344053,247.891777,208.640998,94477,92442,2035,6.851621,6755,20.0,290.453,22.491665221,294.202103519,PASS
INST_0654,100654,1,1,AODV,150,20,20,4,4,512,20.0,290.0,0.037,20.703,290.703,270.0,270.703,21600,10435,11165,48.310185,51.689815,2991.943382,530.957904,157.891712,171146,168582,2564,16.40115,9424,20.0,290.453,21.130044158,297.845067111,PASS
INST_0654,100654,1,1,DSDV,150,20,20,4,4,512,20.0,290.0,0.037,20.703,290.703,270.0,270.703,21600,10866,10734,50.305556,49.694444,1256.482106,297.939848,164.413161,21556,21556,0,1.983803,5476,20.0,290.453,20.05524666,298.567188724,PASS
INST_0654,100654,1,1,AOMDV,150,20,20,4,4,512,20.0,290.0,0.037,20.703,290.703,270.0,270.703,21600,12524,9076,57.981481,42.018519,3488.079649,382.85858,189.500316,92004,90265,1739,7.346215,6976,20.0,290.453,21.075395378,294.147951351,PASS
INST_0655,100655,1,1,AODV,150,20,20,4,5,512,20.0,290.0,0.037,20.703,290.703,270.0,270.703,21600,16603,4997,76.865741,23.134259,998.666059,191.772417,251.219558,109037,107701,1336,6.567307,4442,20.0,290.453,20.279236789,293.116550664,PASS
INST_0655,100655,1,1,DSDV,150,20,20,4,5,512,20.0,290.0,0.037,20.703,290.703,270.0,270.703,21600,14331,7269,66.347222,33.652778,677.671968,154.751086,216.841985,19292,19292,0,1.346173,3668,20.0,290.453,20.157127638,299.835926548,PASS
INST_0655,100655,1,1,AOMDV,150,20,20,4,5,512,20.0,290.0,0.037,20.703,290.703,270.0,270.703,21600,17677,3923,81.837963,18.162037,465.77849,111.87735,267.470224,70948,69869,1079,4.013577,3429,20.0,290.453,20.243866565,290.458956719,PASS
INST_0656,100656,1,1,AODV,150,20,20,8,1,512,20.0,290.0,0.037,20.703,290.703,270.0,270.703,43200,17880,25320,41.388889,58.611111,4161.433586,317.185882,270.541812,135713,133959,1754,7.590213,17835,20.0,290.578,20.348571735,297.116086076,PASS
INST_0656,100656,1,1,DSDV,150,20,20,8,1,512,20.0,290.0,0.037,20.703,290.703,270.0,270.703,43200,15447,27753,35.756944,64.243056,4267.793736,370.841472,233.728152,23784,23784,0,1.539716,9007,20.0,290.578,20.156471317,296.64798596,PASS
INST_0656,100656,1,1,AOMDV,150,20,20,8,1,512,20.0,290.0,0.037,20.703,290.703,270.0,270.703,43200,17320,25880,40.092593,59.907407,5963.231334,310.420066,262.068466,100517,98683,1834,5.803522,11573,20.0,290.578,20.386152637,294.530781699,PASS
INST_0657,100657,1,1,AODV,150,20,20,8,2,512,20.0,290.0,0.037,20.703,290.703,270.0,270.703,43200,12631,30569,29.238426,70.761574,4799.69081,432.080154,191.11933,176866,174641,2225,14.002533,21402,20.0,290.578,20.775358709,299.278746576,PASS
INST_0657,100657,1,1,DSDV,150,20,20,8,2,512,20.0,290.0,0.037,20.703,290.703,270.0,270.703,43200,13035,30165,30.173611,69.826389,3519.826437,337.584008,197.232243,21526,21526,0,1.6514,12026,20.0,290.578,20.119570819,295.159863797,PASS
INST_0657,100657,1,1,AOMDV,150,20,20,8,2,512,20.0,290.0,0.037,20.703,290.703,270.0,270.703,43200,13384,29816,30.981481,69.018519,5835.280447,430.407622,202.512953,102364,100268,2096,7.648237,14243,20.0,290.578,20.555116893,296.822543473,PASS
INST_0658,100658,1,1,AODV,150,20,20,8,3,512,20.0,290.0,0.037,20.703,290.703,270.0,270.703,43200,13059,30141,30.229167,69.770833,3644.113745,387.36033,197.595387,187793,185439,2354,14.380351,24101,20.0,290.578,20.925781136,298.098187203,PASS
INST_0658,100658,1,1,DSDV,150,20,20,8,3,512,20.0,290.0,0.037,20.703,290.703,270.0,270.703,43200,12127,31073,28.071759,71.928241,4053.664353,407.576803,183.493319,24366,24366,0,2.009236,12293,20.0,290.578,20.156512302,292.089760381,PASS
INST_0658,100658,1,1,AOMDV,150,20,20,8,3,512,20.0,290.0,0.037,20.703,290.703,270.0,270.703,43200,13323,29877,30.840278,69.159722,6217.132263,393.351366,201.589964,106359,104071,2288,7.983112,14701,20.0,290.578,21.046585461,296.534937981,PASS
INST_0659,100659,1,1,AODV,150,20,20,8,4,512,20.0,290.0,0.037,20.703,290.703,270.0,270.703,43200,10910,32290,25.25463,74.74537,5087.698355,502.260303,165.078924,173492,171165,2327,15.902108,22542,20.0,290.578,20.117567931,299.988459363,PASS
INST_0659,100659,1,1,DSDV,150,20,20,8,4,512,20.0,290.0,0.037,20.703,290.703,270.0,270.703,43200,12952,30248,29.981481,70.018519,3624.538902,402.532252,195.976373,20777,20777,0,1.604154,11540,20.0,290.578,20.26769114,299.710417385,PASS
INST_0659,100659,1,1,AOMDV,150,20,20,8,4,512,20.0,290.0,0.037,20.703,290.703,270.0,270.703,43200,11343,31857,26.256944,73.743056,7234.451599,551.728347,171.630636,110936,108536,2400,9.780129,13630,20.0,290.578,21.20349015,297.39208494,PASS
INST_0660,100660,1,1,AODV,150,20,20,8,5,512,20.0,290.0,0.037,20.703,290.703,270.0,270.703,43200,18950,24250,43.865741,56.134259,3894.819342,287.289892,286.731953,122860,121405,1455,6.483377,17463,20.0,290.578,20.314158907,295.390032499,PASS
INST_0660,100660,1,1,DSDV,150,20,20,8,5,512,20.0,290.0,0.037,20.703,290.703,270.0,270.703,43200,16012,27188,37.064815,62.935185,3252.641676,302.754247,242.277152,20384,20384,0,1.273045,9942,20.0,290.578,20.156607638,299.287377327,PASS
INST_0660,100660,1,1,AOMDV,150,20,20,8,5,512,20.0,290.0,0.037,20.703,290.703,270.0,270.703,43200,18293,24907,42.344907,57.655093,5432.186253,289.257108,276.790904,93997,92384,1613,5.138414,11022,20.0,290.578,20.313247785,297.578596407,PASS
INST_0661,100661,1,1,AODV,150,20,25,2,1,512,20.0,290.0,0.037,20.888,290.888,270.0,270.888,13500,12158,1342,90.059259,9.940741,429.344642,125.39747,183.836744,88645,87387,1258,7.291084,1179,20.0,290.388,20.189369167,290.405841711,PASS
INST_0661,100661,1,1,DSDV,150,20,25,2,1,512,20.0,290.0,0.037,20.888,290.888,270.0,270.888,13500,9941,3559,73.637037,26.362963,222.339835,146.712487,150.314285,18019,18019,0,1.812594,2152,20.0,290.388,20.156631317,296.085086089,PASS
INST_0661,100661,1,1,AOMDV,150,20,25,2,1,512,20.0,290.0,0.037,20.888,290.888,270.0,270.888,13500,11715,1785,86.777778,13.222222,90.345097,48.173044,177.138301,69836,68753,1083,5.961246,1698,20.0,290.388,20.16268357,290.407148435,PASS
INST_0662,100662,1,1,AODV,150,20,25,2,2,512,20.0,290.0,0.037,20.888,290.888,270.0,270.888,13500,11437,2063,84.718519,15.281481,586.490472,199.541731,172.934763,115925,113901,2024,10.135962,1877,20.0,290.388,21.184325623,298.934326092,PASS
INST_0662,100662,1,1,DSDV,150,20,25,2,2,512,20.0,290.0,0.037,20.888,290.888,270.0,270.888,13500,9681,3819,71.711111,28.288889,212.676531,139.609904,146.382918,18291,18291,0,1.889371,2526,20.0,290.388,20.054984778,299.683035808,PASS
INST_0662,100662,1,1,AOMDV,150,20,25,2,2,512,20.0,290.0,0.037,20.888,290.888,270.0,270.888,13500,11521,1979,85.340741,14.659259,106.941069,59.97806,174.204896,70099,68975,1124,6.084454,1903,20.0,290.388,20.520804312,290.39363733,PASS
INST_0663,100663,1,1,AODV,150,20,25,2,3,512,20.0,290.0,0.037,20.888,290.888,270.0,270.888,13500,10570,2930,78.296296,21.703704,891.907984,293.708405,159.825168,143509,141404,2105,13.57701,2597,20.0,290.388,20.965921723,291.614294282,PASS
INST_0663,100663,1,1,DSDV,150,20,25,2,3,512,20.0,290.0,0.037,20.888,290.888,270.0,270.888,13500,9437,4063,69.903704,30.096296,145.258465,99.988931,142.693482,17833,17833,0,1.88969,2874,20.0,290.388,20.018125846,299.95662432,PASS
INST_0663,100663,1,1,AOMDV,150,20,25,2,3,512,20.0,290.0,0.037,20.888,290.888,270.0,270.888,13500,10492,3008,77.718519,22.281481,291.892097,125.3456,158.645758,88995,87076,1919,8.482177,2842,20.0,290.388,21.246900411,290.452767249,PASS
INST_0664,100664,1,1,AODV,150,20,25,2,4,512,20.0,290.0,0.037,20.888,290.888,270.0,270.888,13500,11614,1886,86.02963,13.97037,502.836785,176.258156,175.611116,105248,103718,1530,9.062166,1667,20.0,290.388,21.27145772,292.168962896,PASS
INST_0664,100664,1,1,DSDV,150,20,25,2,4,512,20.0,290.0,0.037,20.888,290.888,270.0,270.888,13500,9429,4071,69.844444,30.155556,250.899544,192.166855,142.572517,17214,17214,0,1.825644,2842,20.0,290.388,20.05486666,299.685752194,PASS
INST_0664,100664,1,1,AOMDV,150,20,25,2,4,512,20.0,290.0,0.037,20.888,290.888,270.0,270.888,13500,11249,2251,83.325926,16.674074,236.497563,95.830237,170.092082,78458,77053,1405,6.974664,2117,20.0,290.388,20.161217455,290.540255158,PASS
INST_0665,100665,1,1,AODV,150,20,25,2,5,512,20.0,290.0,0.037,20.888,290.888,270.0,270.888,13500,12301,1199,91.118519,8.881481,493.048353,149.20037,185.998996,83947,82861,1086,6.824405,1044,20.0,290.388,20.223750166,297.660285654,PASS
INST_0665,100665,1,1,DSDV,150,20,25,2,5,512,20.0,290.0,0.037,20.888,290.888,270.0,270.888,13500,10448,3052,77.392593,22.607407,147.107123,123.328654,157.980449,16405,16405,0,1.570157,2240,20.0,290.388,20.156467638,299.728024264,PASS
INST_0665,100665,1,1,AOMDV,150,20,25,2,5,512,20.0,290.0,0.037,20.888,290.888,270.0,270.888,13500,11862,1638,87.866667,12.133333,85.944893,44.036342,179.361035,71858,70795,1063,6.057832,1564,20.0,290.388,20.419628805,290.432270785,PASS
INST_0666,100666,1,1,AODV,150,20,25,4,1,512,20.0,290.0,0.037,20.888,290.888,270.0,270.888,27000,15450,11550,57.222222,42.777778,2426.234442,399.867025,233.613892,158956,156958,1998,10.288414,9883,20.0,290.638,21.072289062,297.12606389,PASS
INST_0666,100666,1,1,DSDV,150,20,25,4,1,512,20.0,290.0,0.037,20.888,290.888,270.0,270.888,27000,14645,12355,54.240741,45.759259,1402.818986,334.868711,221.441777,22924,22924,0,1.565312,5142,20.0,290.638,20.157471317,296.244438052,PASS
INST_0666,100666,1,1,AOMDV,150,20,25,4,1,512,20.0,290.0,0.037,20.888,290.888,270.0,270.888,27000,16159,10841,59.848148,40.151852,3849.466287,407.643394,244.334426,97404,95485,1919,6.027848,8123,20.0,290.638,20.19206654,293.574225962,PASS
INST_0667,100667,1,1,AODV,150,20,25,4,2,512,20.0,290.0,0.037,20.888,290.888,270.0,270.888,27000,14149,12851,52.403704,47.596296,2571.605503,424.954502,213.941939,176901,174512,2389,12.502721,11112,20.0,290.638,20.562084261,299.320950844,PASS
INST_0667,100667,1,1,DSDV,150,20,25,4,2,512,20.0,290.0,0.037,20.888,290.888,270.0,270.888,27000,13347,13653,49.433333,50.566667,1674.275005,341.727042,201.815186,21938,21938,0,1.643665,6461,20.0,290.638,20.119910819,297.034201405,PASS
INST_0667,100667,1,1,AOMDV,150,20,25,4,2,512,20.0,290.0,0.037,20.888,290.888,270.0,270.888,27000,13521,13479,50.077778,49.922222,4048.475493,511.738423,204.446177,118405,115812,2593,8.757119,9951,20.0,290.638,20.221544998,296.00563529,PASS
INST_0668,100668,1,1,AODV,150,20,25,4,3,512,20.0,290.0,0.037,20.888,290.888,270.0,270.888,27000,11924,15076,44.162963,55.837037,2758.224696,461.648591,180.298515,193954,191329,2625,16.26585,13259,20.0,290.638,21.317991896,296.953353353,PASS
INST_0668,100668,1,1,DSDV,150,20,25,4,3,512,20.0,290.0,0.037,20.888,290.888,270.0,270.888,27000,12350,14650,45.740741,54.259259,1835.72676,371.302745,186.739907,22083,22083,0,1.788097,7263,20.0,290.638,20.01798582,299.95531683,PASS
INST_0668,100668,1,1,AOMDV,150,20,25,4,3,512,20.0,290.0,0.037,20.888,290.888,270.0,270.888,27000,11711,15289,43.374074,56.625926,5053.917219,522.059862,177.077818,121828,118760,3068,10.402869,11106,20.0,290.638,20.698586575,295.904292734,PASS
INST_0669,100669,1,1,AODV,150,20,25,4,4,512,20.0,290.0,0.037,20.888,290.888,270.0,270.888,27000,10326,16674,38.244444,61.755556,4597.177842,611.353136,156.135731,191852,189396,2456,18.579508,13101,20.0,290.638,21.202110693,297.48031198,PASS
INST_0669,100669,1,1,DSDV,150,20,25,4,4,512,20.0,290.0,0.037,20.888,290.888,270.0,270.888,27000,12475,14525,46.203704,53.796296,2013.494398,412.598582,188.629987,20583,20583,0,1.64994,6544,20.0,290.638,20.05478666,299.384908379,PASS
INST_0669,100669,1,1,AOMDV,150,20,25,4,4,512,20.0,290.0,0.037,20.888,290.888,270.0,270.888,27000,11786,15214,43.651852,56.348148,5696.687178,632.438241,178.211866,115911,113434,2477,9.834634,9972,20.0,290.638,20.193626402,295.616301683,PASS
INST_0670,100670,1,1,AODV,150,20,25,4,5,512,20.0,290.0,0.037,20.888,290.888,270.0,270.888,27000,14057,12943,52.062963,47.937037,2825.897691,431.687074,212.55084,178611,176240,2371,12.706196,11011,20.0,290.638,20.234814107,297.784223534,PASS
INST_0670,100670,1,1,DSDV,150,20,25,4,5,512,20.0,290.0,0.037,20.888,290.888,270.0,270.888,27000,15177,11823,56.211111,43.788889,1068.226529,252.750375,229.485957,20306,20306,0,1.337946,5675,20.0,290.638,20.156567638,298.803444646,PASS
INST_0670,100670,1,1,AOMDV,150,20,25,4,5,512,20.0,290.0,0.037,20.888,290.888,270.0,270.888,27000,16645,10355,61.648148,38.351852,2844.680231,362.673038,251.683057,101440,99325,2115,6.094323,8109,20.0,290.638,20.262632359,297.133595493,PASS
INST_0671,100671,1,1,AODV,150,20,25,8,1,512,20.0,290.0,0.037,20.888,290.888,270.0,270.888,54000,12217,41783,22.624074,77.375926,4882.952088,522.400553,184.728862,219563,217253,2310,17.971924,24735,20.0,290.763,20.290541409,299.746029956,PASS
INST_0671,100671,1,1,DSDV,150,20,25,8,1,512,20.0,290.0,0.037,20.888,290.888,270.0,270.888,54000,16456,37544,30.474074,69.525926,6496.524705,440.545294,248.825256,22393,22393,0,1.36078,12194,20.0,290.763,20.157031317,299.6147033,PASS
INST_0671,100671,1,1,AOMDV,150,20,25,8,1,512,20.0,290.0,0.037,20.888,290.888,270.0,270.888,54000,15145,38855,28.046296,71.953704,8058.474448,525.476879,229.002097,120334,118128,2206,7.945461,15147,20.0,290.763,20.343109576,298.97018164,PASS
INST_0672,100672,1,1,AODV,150,20,25,8,2,512,20.0,290.0,0.037,20.888,290.888,270.0,270.888,54000,14322,39678,26.522222,73.477778,4904.511785,432.797429,216.55781,191885,189633,2252,13.397919,26252,20.0,290.763,20.874335602,299.99672689,PASS
INST_0672,100672,1,1,DSDV,150,20,25,8,2,512,20.0,290.0,0.037,20.888,290.888,270.0,270.888,54000,15235,38765,28.212963,71.787037,6189.217649,410.870798,230.362954,22079,22079,0,1.449229,14192,20.0,290.763,20.120150819,299.939341609,PASS
INST_0672,100672,1,1,AOMDV,150,20,25,8,2,512,20.0,290.0,0.037,20.888,290.888,270.0,270.888,54000,13565,40435,25.12037,74.87963,8123.856943,526.508609,205.111485,120898,118345,2553,8.912495,16597,20.0,290.763,20.495378811,299.925840218,PASS
INST_0673,100673,1,1,AODV,150,20,25,8,3,512,20.0,290.0,0.037,20.888,290.888,270.0,270.888,54000,10177,43823,18.846296,81.153704,5149.534127,588.819691,153.882756,220326,217692,2634,21.649406,30462,20.0,290.763,20.358305995,298.402722094,PASS
INST_0673,100673,1,1,DSDV,150,20,25,8,3,512,20.0,290.0,0.037,20.888,290.888,270.0,270.888,54000,13488,40512,24.977778,75.022222,6646.076465,557.236098,203.947196,22171,22171,0,1.643757,13914,20.0,290.763,20.01792582,299.731539712,PASS
INST_0673,100673,1,1,AOMDV,150,20,25,8,3,512,20.0,290.0,0.037,20.888,290.888,270.0,270.888,54000,8624,45376,15.97037,84.02963,9178.623033,674.631496,130.400402,167192,163329,3863,19.386827,20529,20.0,290.763,20.90110511,299.424395696,PASS
INST_0674,100674,1,1,AODV,150,20,25,8,4,512,20.0,290.0,0.037,20.888,290.888,270.0,270.888,54000,10124,43876,18.748148,81.251852,5788.911546,659.624399,153.081362,209663,207439,2224,20.709502,26905,20.0,290.763,20.166775666,297.229721567,PASS
INST_0674,100674,1,1,DSDV,150,20,25,8,4,512,20.0,290.0,0.037,20.888,290.888,270.0,270.888,54000,12628,41372,23.385185,76.614815,5524.056753,499.233523,190.943445,21553,21553,0,1.706763,14534,20.0,290.763,20.26759114,298.830088097,PASS
INST_0674,100674,1,1,AOMDV,150,20,25,8,4,512,20.0,290.0,0.037,20.888,290.888,270.0,270.888,54000,11123,42877,20.598148,79.401852,8929.881749,631.552077,168.186882,125359,122745,2614,11.270251,16865,20.0,290.763,20.204381301,298.735113503,PASS
INST_0675,100675,1,1,AODV,150,20,25,8,5,512,20.0,290.0,0.037,20.888,290.888,270.0,270.888,54000,18059,35941,33.442593,66.557407,4302.190105,372.211285,273.063643,175036,173029,2007,9.692453,24806,20.0,290.763,20.327403764,299.933717988,PASS
INST_0675,100675,1,1,DSDV,150,20,25,8,5,512,20.0,290.0,0.037,20.888,290.888,270.0,270.888,54000,16042,37958,29.707407,70.292593,4879.678528,363.669674,242.565311,22112,22112,0,1.378382,13030,20.0,290.763,20.156787638,299.671233249,PASS
INST_0675,100675,1,1,AOMDV,150,20,25,8,5,512,20.0,290.0,0.037,20.888,290.888,270.0,270.888,54000,16665,37335,30.861111,69.138889,7206.588561,455.955879,251.98547,106283,104416,1867,6.377618,15192,20.0,290.763,20.28353109,298.518741617,PASS
INST_0676,100676,1,1,AODV,150,30,5,2,1,512,20.0,290.0,0.037,20.148,290.148,270.0,270.148,2700,2524,176,93.481481,6.518519,349.525383,71.163025,38.269038,16847,16734,113,6.674723,152,20.0,289.648,20.377303405,289.666001008,PASS
INST_0676,100676,1,1,DSDV,150,30,5,2,1,512,20.0,290.0,0.037,20.148,290.148,270.0,270.148,2700,2096,604,77.62963,22.37037,114.462023,107.649632,31.779676,18329,18329,0,8.744752,378,20.0,289.648,20.093085369,272.810398048,PASS
INST_0676,100676,1,1,AOMDV,150,30,5,2,1,512,20.0,290.0,0.037,20.148,290.148,270.0,270.148,2700,2230,470,82.592593,17.407407,15.242195,8.875424,33.811392,52855,52713,142,23.701794,459,20.0,289.648,20.238424329,289.666281305,PASS
INST_0677,100677,1,1,AODV,150,30,5,2,2,512,20.0,290.0,0.037,20.148,290.148,270.0,270.148,2700,2557,143,94.703704,5.296296,379.393994,64.015463,38.769386,17058,16833,225,6.671099,137,20.0,289.648,20.361620747,289.678406932,PASS
INST_0677,100677,1,1,DSDV,150,30,5,2,2,512,20.0,290.0,0.037,20.148,290.148,270.0,270.148,2700,1763,937,65.296296,34.703704,215.170548,244.165599,26.730711,19297,19297,0,10.945547,681,20.0,289.648,20.119511272,299.118138591,PASS
INST_0677,100677,1,1,AOMDV,150,30,5,2,2,512,20.0,290.0,0.037,20.148,290.148,270.0,270.148,2700,2327,373,86.185185,13.814815,16.082947,7.425444,35.282112,48302,48057,245,20.757198,356,20.0,289.648,20.291175585,289.676845929,PASS
INST_0678,100678,1,1,AODV,150,30,5,2,3,512,20.0,290.0,0.037,20.148,290.148,270.0,270.148,2700,2547,153,94.333333,5.666667,506.810193,85.194564,38.617765,16777,16647,130,6.586965,149,20.0,289.648,20.350669604,294.739684152,PASS
INST_0678,100678,1,1,DSDV,150,30,5,2,3,512,20.0,290.0,0.037,20.148,290.148,270.0,270.148,2700,1907,793,70.62963,29.37037,230.44624,205.771981,28.914047,16190,16190,0,8.489775,666,20.0,289.648,20.017926867,289.659299442,PASS
INST_0678,100678,1,1,AOMDV,150,30,5,2,3,512,20.0,290.0,0.037,20.148,290.148,270.0,270.148,2700,2349,351,87.0,13.0,16.278385,6.981938,35.615677,46940,46757,183,19.982971,334,20.0,289.648,20.504673962,289.654078442,PASS
INST_0679,100679,1,1,AODV,150,30,5,2,4,512,20.0,290.0,0.037,20.148,290.148,270.0,270.148,2700,2538,162,94.0,6.0,133.223274,42.092985,38.481307,15928,15781,147,6.275808,146,20.0,289.648,20.099147393,289.671722953,PASS
INST_0679,100679,1,1,DSDV,150,30,5,2,4,512,20.0,290.0,0.037,20.148,290.148,270.0,270.148,2700,2207,493,81.740741,18.259259,28.208639,35.08104,33.462665,14268,14268,0,6.464884,378,20.0,289.648,20.08330866,289.670165001,PASS
INST_0679,100679,1,1,AOMDV,150,30,5,2,4,512,20.0,290.0,0.037,20.148,290.148,270.0,270.148,2700,2418,282,89.555556,10.444444,17.634211,7.110828,36.661859,46757,46568,189,19.337055,269,20.0,289.648,20.163888178,289.672770145,PASS
INST_0680,100680,1,1,AODV,150,30,5,2,5,512,20.0,290.0,0.037,20.148,290.148,270.0,270.148,2700,2566,134,95.037037,4.962963,701.420067,93.231084,38.905844,14633,14499,134,5.70265,131,20.0,289.648,20.339518477,289.672200879,PASS
INST_0680,100680,1,1,DSDV,150,30,5,2,5,512,20.0,290.0,0.037,20.148,290.148,270.0,270.148,2700,1810,890,67.037037,32.962963,90.868942,120.771915,27.443327,17007,17007,0,9.396133,620,20.0,289.648,20.166028085,295.973322508,PASS
INST_0680,100680,1,1,AOMDV,150,30,5,2,5,512,20.0,290.0,0.037,20.148,290.148,270.0,270.148,2700,2312,388,85.62963,14.37037,22.442566,12.249982,35.054681,49534,49257,277,21.42474,386,20.0,289.648,20.54991978,289.665741621,PASS
INST_0681,100681,1,1,AODV,150,30,5,4,1,512,20.0,290.0,0.037,20.148,290.148,270.0,270.148,5400,4998,402,92.555556,7.444444,215.271398,23.608148,75.779972,14464,14382,82,2.893958,379,20.0,289.898,20.184454315,289.916121999,PASS
INST_0681,100681,1,1,DSDV,150,30,5,4,1,512,20.0,290.0,0.037,20.148,290.148,270.0,270.148,5400,4283,1117,79.314815,20.685185,15.360613,10.157827,64.9391,15818,15818,0,3.693206,1025,20.0,289.898,20.055087963,289.958891367,PASS
INST_0681,100681,1,1,AOMDV,150,30,5,4,1,512,20.0,290.0,0.037,20.148,290.148,270.0,270.148,5400,4466,934,82.703704,17.296296,12.830776,5.151339,67.713757,53904,53714,190,12.069861,902,20.0,289.898,20.514930346,289.943654346,PASS
INST_0682,100682,1,1,AODV,150,30,5,4,2,512,20.0,290.0,0.037,20.148,290.148,270.0,270.148,5400,5187,213,96.055556,3.944444,370.252185,41.120977,78.645602,18094,17933,161,3.488336,214,20.0,289.898,20.207650917,291.146295377,PASS
INST_0682,100682,1,1,DSDV,150,30,5,4,2,512,20.0,290.0,0.037,20.148,290.148,270.0,270.148,5400,3436,1964,63.62963,36.37037,215.712812,96.329294,52.096836,18774,18774,0,5.463912,1456,20.0,289.898,20.054685505,298.071724166,PASS
INST_0682,100682,1,1,AOMDV,150,30,5,4,2,512,20.0,290.0,0.037,20.148,290.148,270.0,270.148,5400,4583,817,84.87037,15.12963,52.690511,78.489037,69.487718,48601,48351,250,10.604626,795,20.0,289.898,20.407976828,289.929918072,PASS
INST_0683,100683,1,1,AODV,150,30,5,4,3,512,20.0,290.0,0.037,20.148,290.148,270.0,270.148,5400,5133,267,95.055556,4.944444,414.168313,53.879918,77.82685,23824,23644,180,4.64134,264,20.0,289.898,22.317190061,289.921999438,PASS
INST_0683,100683,1,1,DSDV,150,30,5,4,3,512,20.0,290.0,0.037,20.148,290.148,270.0,270.148,5400,3953,1447,73.203704,26.796296,68.428812,54.9969,59.93562,17645,17645,0,4.463698,1266,20.0,289.898,24.017585939,299.839158479,PASS
INST_0683,100683,1,1,AOMDV,150,30,5,4,3,512,20.0,290.0,0.037,20.148,290.148,270.0,270.148,5400,4577,823,84.759259,15.240741,15.140819,4.866322,69.396745,47484,47285,199,10.374481,784,20.0,289.898,20.503956286,289.903598423,PASS
INST_0684,100684,1,1,AODV,150,30,5,4,4,512,20.0,290.0,0.037,20.148,290.148,270.0,270.148,5400,5196,204,96.222222,3.777778,434.466693,37.552355,78.78206,15662,15516,146,3.014242,196,20.0,289.898,20.115485237,289.916259066,PASS
INST_0684,100684,1,1,DSDV,150,30,5,4,4,512,20.0,290.0,0.037,20.148,290.148,270.0,270.148,5400,3766,1634,69.740741,30.259259,97.765128,112.349625,57.100315,17941,17941,0,4.763941,1158,20.0,289.898,20.08246866,298.657016239,PASS
INST_0684,100684,1,1,AOMDV,150,30,5,4,4,512,20.0,290.0,0.037,20.148,290.148,270.0,270.148,5400,4765,635,88.240741,11.759259,14.746373,4.346707,72.247213,47278,47065,213,9.921931,611,20.0,289.898,20.431134688,289.916099319,PASS
INST_0685,100685,1,1,AODV,150,30,5,4,5,512,20.0,290.0,0.037,20.148,290.148,270.0,270.148,5400,4571,829,84.648148,15.351852,459.745297,52.765123,69.305773,22173,21979,194,4.850799,820,20.0,289.898,20.337589783,289.915601562,PASS
INST_0685,100685,1,1,DSDV,150,30,5,4,5,512,20.0,290.0,0.037,20.148,290.148,270.0,270.148,5400,3871,1529,71.685185,28.314815,23.712366,20.158685,58.692332,15227,15227,0,3.933609,1332,20.0,289.898,35.761823255,289.976088417,PASS
INST_0685,100685,1,1,AOMDV,150,30,5,4,5,512,20.0,290.0,0.037,20.148,290.148,270.0,270.148,5400,4603,797,85.240741,14.759259,21.613502,8.261319,69.790959,49486,49188,298,10.750815,786,20.0,289.898,20.512401981,289.916040494,PASS
INST_0686,100686,1,1,AODV,150,30,5,8,1,512,20.0,290.0,0.037,20.148,290.148,270.0,270.148,10800,9647,1153,89.324074,10.675926,160.486382,18.785407,146.268386,20979,20824,155,2.174666,1006,20.0,290.023,20.369639034,289.979479294,PASS
INST_0686,100686,1,1,DSDV,150,30,5,8,1,512,20.0,290.0,0.037,20.148,290.148,270.0,270.148,10800,7334,3466,67.907407,32.092593,111.757309,43.925777,111.198543,20213,20213,0,2.756068,1857,20.0,290.023,20.092308679,256.708370196,PASS
INST_0686,100686,1,1,AOMDV,150,30,5,8,1,512,20.0,290.0,0.037,20.148,290.148,270.0,270.148,10800,9207,1593,85.25,14.75,15.892522,5.868295,139.59708,53973,53829,144,5.86217,1579,20.0,290.023,20.1842906,290.041320709,PASS
INST_0687,100687,1,1,AODV,150,30,5,8,2,512,20.0,290.0,0.037,20.148,290.148,270.0,270.148,10800,9835,965,91.064815,8.935185,195.361294,29.784978,149.118853,31388,30964,424,3.191459,946,20.0,290.023,20.342415139,289.991756232,PASS
INST_0687,100687,1,1,DSDV,150,30,5,8,2,512,20.0,290.0,0.037,20.148,290.148,270.0,270.148,10800,6538,4262,60.537037,39.462963,176.740469,60.634595,99.129544,20064,20064,0,3.068828,2610,20.0,290.023,20.119451272,299.699793455,PASS
INST_0687,100687,1,1,AOMDV,150,30,5,8,2,512,20.0,290.0,0.037,20.148,290.148,270.0,270.148,10800,8912,1888,82.518519,17.481481,17.848043,5.703331,135.124273,48021,47818,203,5.388353,1819,20.0,290.023,20.544709048,290.058766685,PASS
INST_0688,100688,1,1,AODV,150,30,5,8,3,512,20.0,290.0,0.037,20.148,290.148,270.0,270.148,10800,9810,990,90.833333,9.166667,283.299522,38.057115,148.739802,40681,40280,401,4.146891,949,20.0,290.023,20.351840455,290.059760037,PASS
INST_0688,100688,1,1,DSDV,150,30,5,8,3,512,20.0,290.0,0.037,20.148,290.148,270.0,270.148,10800,7112,3688,65.851852,34.148148,136.853029,56.900312,107.832566,20167,20167,0,2.83563,2350,20.0,290.023,23.910246583,289.977789308,PASS
INST_0688,100688,1,1,AOMDV,150,30,5,8,3,512,20.0,290.0,0.037,20.148,290.148,270.0,270.148,10800,9044,1756,83.740741,16.259259,26.664839,10.060819,137.125664,48912,48667,245,5.408226,1737,20.0,290.023,20.442791476,290.028718422,PASS
INST_0689,100689,1,1,AODV,150,30,5,8,4,512,20.0,290.0,0.037,20.148,290.148,270.0,270.148,10800,10291,509,95.287037,4.712963,191.316731,29.240586,156.032752,23398,23131,267,2.273637,493,20.0,290.023,20.125060759,291.497046239,PASS
INST_0689,100689,1,1,DSDV,150,30,5,8,4,512,20.0,290.0,0.037,20.148,290.148,270.0,270.148,10800,7407,3393,68.583333,31.416667,70.64319,70.197631,112.305373,18182,18182,0,2.454705,2307,20.0,290.023,20.055366029,295.829930314,PASS
INST_0689,100689,1,1,AOMDV,150,30,5,8,4,512,20.0,290.0,0.037,20.148,290.148,270.0,270.148,10800,9597,1203,88.861111,11.138889,20.219481,7.207222,145.510283,46969,46793,176,4.894134,1185,20.0,290.023,20.160059926,290.041139055,PASS
INST_0690,100690,1,1,AODV,150,30,5,8,5,512,20.0,290.0,0.037,20.148,290.148,270.0,270.148,10800,9434,1366,87.351852,12.648148,329.485654,38.540722,143.038868,33069,32584,485,3.5053,1314,20.0,290.023,25.899886482,290.041080655,PASS
INST_0690,100690,1,1,DSDV,150,30,5,8,5,512,20.0,290.0,0.037,20.148,290.148,270.0,270.148,10800,5741,5059,53.157407,46.842593,229.081198,108.07134,87.045383,19924,19924,0,3.470476,3042,20.0,290.023,25.245777914,296.493056471,PASS
INST_0690,100690,1,1,AOMDV,150,30,5,8,5,512,20.0,290.0,0.037,20.148,290.148,270.0,270.148,10800,9031,1769,83.62037,16.37963,37.558299,11.802472,136.928558,49791,49498,293,5.513343,1721,20.0,290.023,20.426564125,290.040960306,PASS
INST_0691,100691,1,1,AODV,150,30,10,2,1,512,20.0,290.0,0.037,20.333,290.333,270.0,270.333,5400,5013,387,92.833333,7.166667,655.148516,89.085766,75.955388,30320,30095,225,6.048274,350,20.0,289.833,20.617343206,290.419924861,PASS
INST_0691,100691,1,1,DSDV,150,30,10,2,1,512,20.0,290.0,0.037,20.333,290.333,270.0,270.333,5400,4329,1071,80.166667,19.833333,70.60389,84.497391,65.591637,17405,17405,0,4.020559,771,20.0,289.833,20.092105393,291.934301805,PASS
INST_0691,100691,1,1,AOMDV,150,30,10,2,1,512,20.0,290.0,0.037,20.333,290.333,270.0,270.333,5400,4648,752,86.074074,13.925926,17.402287,10.290921,70.425024,57135,56793,342,12.292384,724,20.0,289.833,20.352286301,289.838817633,PASS
INST_0692,100692,1,1,AODV,150,30,10,2,2,512,20.0,290.0,0.037,20.333,290.333,270.0,270.333,5400,5145,255,95.277778,4.722222,426.12666,94.822944,77.955411,40662,40167,495,7.903207,210,20.0,289.833,20.5660833,293.139783514,PASS
INST_0692,100692,1,1,DSDV,150,30,10,2,2,512,20.0,290.0,0.037,20.333,290.333,270.0,270.333,5400,3069,2331,56.833333,43.166667,226.472793,200.490772,46.500516,19062,19062,0,6.211144,1733,20.0,289.833,20.054925505,299.873238399,PASS
INST_0692,100692,1,1,AOMDV,150,30,10,2,2,512,20.0,290.0,0.037,20.333,290.333,270.0,270.333,5400,4317,1083,79.944444,20.055556,35.861781,38.153896,65.409817,57945,57363,582,13.422516,1050,20.0,289.833,20.407926436,289.850580541,PASS
INST_0693,100693,1,1,AODV,150,30,10,2,3,512,20.0,290.0,0.037,20.333,290.333,270.0,270.333,5400,5281,119,97.796296,2.203704,249.667932,56.105608,80.016039,30417,30095,322,5.759705,111,20.0,289.833,20.672452115,289.844879491,PASS
INST_0693,100693,1,1,DSDV,150,30,10,2,3,512,20.0,290.0,0.037,20.333,290.333,270.0,270.333,5400,3792,1608,70.222222,29.777778,193.055669,177.615983,57.455183,18444,18444,0,4.863924,1112,20.0,289.833,20.267711597,298.684670854,PASS
INST_0693,100693,1,1,AOMDV,150,30,10,2,3,512,20.0,290.0,0.037,20.333,290.333,270.0,270.333,5400,4615,785,85.462963,14.537037,19.741118,11.715884,69.925018,53704,53299,405,11.636836,756,20.0,289.833,20.412387848,289.839983008,PASS
INST_0694,100694,1,1,AODV,150,30,10,2,4,512,20.0,290.0,0.037,20.333,290.333,270.0,270.333,5400,5168,232,95.703704,4.296296,222.213136,49.483572,78.303899,24889,24666,223,4.815983,217,20.0,289.833,20.202640996,289.845020335,PASS
INST_0694,100694,1,1,DSDV,150,30,10,2,4,512,20.0,290.0,0.037,20.333,290.333,270.0,270.333,5400,4348,1052,80.518519,19.481481,43.962202,65.208965,65.879519,14648,14648,0,3.368905,866,20.0,289.833,20.055567087,289.860689143,PASS
INST_0694,100694,1,1,AOMDV,150,30,10,2,4,512,20.0,290.0,0.037,20.333,290.333,270.0,270.333,5400,4840,560,89.62963,10.37037,24.473893,13.492814,73.334147,51358,51059,299,10.611157,535,20.0,289.833,20.141580138,289.83859763,PASS
INST_0695,100695,1,1,AODV,150,30,10,2,5,512,20.0,290.0,0.037,20.333,290.333,270.0,270.333,5400,4903,497,90.796296,9.203704,659.277463,106.201064,74.288703,32965,32710,255,6.723435,448,20.0,289.833,20.298825069,289.838916079,PASS
INST_0695,100695,1,1,DSDV,150,30,10,2,5,512,20.0,290.0,0.037,20.333,290.333,270.0,270.333,5400,4235,1165,78.425926,21.574074,52.877731,46.101444,64.167379,15747,15747,0,3.7183,972,20.0,289.833,20.165628085,298.29669903,PASS
INST_0695,100695,1,1,AOMDV,150,30,10,2,5,512,20.0,290.0,0.037,20.333,290.333,270.0,270.333,5400,4798,602,88.851852,11.148148,17.358015,8.595593,72.697776,51044,50680,364,10.638599,575,20.0,289.833,20.560440882,289.839174945,PASS
INST_0696,100696,1,1,AODV,150,30,10,4,1,512,20.0,290.0,0.037,20.333,290.333,270.0,270.333,10800,9727,1073,90.064815,9.935185,501.265132,56.396943,147.380423,42297,41968,329,4.348412,905,20.0,290.083,20.526616862,292.105274746,PASS
INST_0696,100696,1,1,DSDV,150,30,10,4,1,512,20.0,290.0,0.037,20.333,290.333,270.0,270.333,10800,7901,2899,73.157407,26.842593,59.585221,31.553808,119.71345,20065,20065,0,2.539552,1818,20.0,290.083,20.156850453,293.485759995,PASS
INST_0696,100696,1,1,AOMDV,150,30,10,4,1,512,20.0,290.0,0.037,20.333,290.333,270.0,270.333,10800,9568,1232,88.592593,11.407407,28.731867,12.130168,144.971306,58117,57719,398,6.074101,1199,20.0,290.083,20.301400438,290.088857632,PASS
INST_0697,100697,1,1,AODV,150,30,10,4,2,512,20.0,290.0,0.037,20.333,290.333,270.0,270.333,10800,9722,1078,90.018519,9.981481,635.627403,92.629312,147.304665,64485,63577,908,6.632894,954,20.0,290.083,20.652976611,290.100620542,PASS
INST_0697,100697,1,1,DSDV,150,30,10,4,2,512,20.0,290.0,0.037,20.333,290.333,270.0,270.333,10800,5773,5027,53.453704,46.546296,186.453176,145.001331,87.470668,20353,20353,0,3.52555,3465,20.0,290.083,20.056023833,298.351302123,PASS
INST_0697,100697,1,1,AOMDV,150,30,10,4,2,512,20.0,290.0,0.037,20.333,290.333,270.0,270.333,10800,8400,2400,77.777778,22.222222,52.5832,24.519308,127.27414,56716,56081,635,6.751905,2311,20.0,290.083,20.207907656,290.100881063,PASS
INST_0698,100698,1,1,AODV,150,30,10,4,3,512,20.0,290.0,0.037,20.333,290.333,270.0,270.333,10800,10047,753,93.027778,6.972222,271.089802,57.048062,152.228962,52821,52089,732,5.25739,698,20.0,290.083,20.570374542,290.089038121,PASS
INST_0698,100698,1,1,DSDV,150,30,10,4,3,512,20.0,290.0,0.037,20.333,290.333,270.0,270.333,10800,7243,3557,67.064815,32.935185,162.467073,102.926146,109.743642,19512,19512,0,2.693911,2194,20.0,290.083,20.267791597,298.325080149,PASS
INST_0698,100698,1,1,AOMDV,150,30,10,4,3,512,20.0,290.0,0.037,20.333,290.333,270.0,270.333,10800,9184,1616,85.037037,14.962963,32.042767,17.28111,139.153059,54511,54098,413,5.935431,1581,20.0,290.083,20.822753162,290.089022478,PASS
INST_0699,100699,1,1,AODV,150,30,10,4,4,512,20.0,290.0,0.037,20.333,290.333,270.0,270.333,10800,10307,493,95.435185,4.564815,418.730731,49.758722,156.1684,33042,32753,289,3.205782,470,20.0,290.083,20.104522408,290.08881763,PASS
INST_0699,100699,1,1,DSDV,150,30,10,4,4,512,20.0,290.0,0.037,20.333,290.333,270.0,270.333,10800,6847,3953,63.398148,36.601852,158.456573,104.589347,103.743576,19769,19769,0,2.88725,2290,20.0,290.083,20.08292866,297.992832549,PASS
INST_0699,100699,1,1,AOMDV,150,30,10,4,4,512,20.0,290.0,0.037,20.333,290.333,270.0,270.333,10800,9467,1333,87.657407,12.342593,32.763187,15.164121,143.440986,53782,53377,405,5.680997,1297,20.0,290.083,20.273072797,290.08855763,PASS
INST_0700,100700,1,1,AODV,150,30,10,4,5,512,20.0,290.0,0.037,20.333,290.333,270.0,270.333,10800,10310,490,95.462963,4.537037,219.426058,43.970427,156.213855,33043,32699,344,3.204947,436,20.0,290.083,20.524620517,290.094856474,PASS
INST_0700,100700,1,1,DSDV,150,30,10,4,5,512,20.0,290.0,0.037,20.333,290.333,270.0,270.333,10800,6987,3813,64.694444,35.305556,147.692884,62.054635,105.864811,19237,19237,0,2.753256,2393,20.0,290.083,20.193651821,299.161649688,PASS
INST_0700,100700,1,1,AOMDV,150,30,10,4,5,512,20.0,290.0,0.037,20.333,290.333,270.0,270.333,10800,9509,1291,88.046296,11.953704,40.788039,18.901329,144.077356,52347,51940,407,5.504995,1238,20.0,290.083,20.778383761,290.088536079,PASS
INST_0701,100701,1,1,AODV,150,30,10,8,1,512,20.0,290.0,0.037,20.333,290.333,270.0,270.333,21600,17691,3909,81.902778,18.097222,295.951465,46.718694,268.048429,69198,68464,734,3.91148,3637,20.0,290.208,20.584509006,295.441109079,PASS
INST_0701,100701,1,1,DSDV,150,30,10,8,1,512,20.0,290.0,0.037,20.333,290.333,270.0,270.333,21600,15015,6585,69.513889,30.486111,234.167844,57.400313,227.502525,21048,21048,0,1.401798,3807,20.0,290.208,20.054987963,298.572446219,PASS
INST_0701,100701,1,1,AOMDV,150,30,10,8,1,512,20.0,290.0,0.037,20.333,290.333,270.0,270.333,21600,17354,4246,80.342593,19.657407,362.446208,43.28925,262.942312,59876,59425,451,3.450271,3892,20.0,290.208,20.432001422,290.643195196,PASS
INST_0702,100702,1,1,AODV,150,30,10,8,2,512,20.0,290.0,0.037,20.333,290.333,270.0,270.333,21600,14056,7544,65.074074,34.925926,902.564305,151.341413,212.97206,94813,93476,1337,6.745376,6653,20.0,290.208,20.541668607,295.647547041,PASS
INST_0702,100702,1,1,DSDV,150,30,10,8,2,512,20.0,290.0,0.037,20.333,290.333,270.0,270.333,21600,10022,11578,46.398148,53.601852,493.989008,174.839655,151.85017,20748,20748,0,2.070245,6296,20.0,290.208,20.054543832,299.326925332,PASS
INST_0702,100702,1,1,AOMDV,150,30,10,8,2,512,20.0,290.0,0.037,20.333,290.333,270.0,270.333,21600,13919,7681,64.439815,35.560185,1047.768763,137.244223,210.89628,68644,67580,1064,4.931676,6061,20.0,290.208,20.768262659,292.12671801,PASS
INST_0703,100703,1,1,AODV,150,30,10,8,3,512,20.0,290.0,0.037,20.333,290.333,270.0,270.333,21600,16700,4900,77.314815,22.685185,511.511544,81.202548,253.033111,71201,70319,882,4.263533,4578,20.0,290.208,22.440691069,290.728865078,PASS
INST_0703,100703,1,1,DSDV,150,30,10,8,3,512,20.0,290.0,0.037,20.333,290.333,270.0,270.333,21600,13040,8560,60.37037,39.62963,334.556285,94.84433,197.57795,21362,21362,0,1.63819,4209,20.0,290.208,20.268191596,299.715185045,PASS
INST_0703,100703,1,1,AOMDV,150,30,10,8,3,512,20.0,290.0,0.037,20.333,290.333,270.0,270.333,21600,16490,5110,76.342593,23.657407,687.752103,77.154352,249.851258,59804,59193,611,3.626683,4229,20.0,290.208,20.85987165,290.217327232,PASS
INST_0704,100704,1,1,AODV,150,30,10,8,4,512,20.0,290.0,0.037,20.333,290.333,270.0,270.333,21600,16421,5179,76.023148,23.976852,686.717561,76.071205,248.805791,49670,49274,396,3.024785,4981,20.0,290.208,20.112604812,292.604533995,PASS
INST_0704,100704,1,1,DSDV,150,30,10,8,4,512,20.0,290.0,0.037,20.333,290.333,270.0,270.333,21600,12859,8741,59.532407,40.467593,1070.124769,162.960854,194.835495,20079,20079,0,1.561474,3771,20.0,290.208,20.08294866,296.443626021,PASS
INST_0704,100704,1,1,AOMDV,150,30,10,8,4,512,20.0,290.0,0.037,20.333,290.333,270.0,270.333,21600,17850,3750,82.638889,17.361111,544.56034,86.169605,270.457547,57529,57060,469,3.222913,3453,20.0,290.208,20.164607483,290.21391763,PASS
INST_0705,100705,1,1,AODV,150,30,10,8,5,512,20.0,290.0,0.037,20.333,290.333,270.0,270.333,21600,16599,5001,76.847222,23.152778,845.937134,129.115403,251.502791,84844,83810,1034,5.111392,4531,20.0,290.208,20.301932944,291.226046096,PASS
INST_0705,100705,1,1,DSDV,150,30,10,8,5,512,20.0,290.0,0.037,20.333,290.333,270.0,270.333,21600,12594,9006,58.305556,41.694444,387.23486,112.010093,190.820299,21528,21528,0,1.709385,4946,20.0,290.208,20.193811821,298.034848882,PASS
INST_0705,100705,1,1,AOMDV,150,30,10,8,5,512,20.0,290.0,0.037,20.333,290.333,270.0,270.333,21600,18231,3369,84.402778,15.597222,373.758125,57.961813,276.230338,55928,55391,537,3.067742,3113,20.0,290.208,20.636739822,290.446815182,PASS
INST_0706,100706,1,1,AODV,150,30,15,2,1,512,20.0,290.0,0.037,20.518,290.518,270.0,270.518,8100,7659,441,94.555556,5.444444,253.505797,67.860857,115.967381,48640,48134,506,6.350699,352,20.0,290.018,20.143144656,290.064222463,PASS
INST_0706,100706,1,1,DSDV,150,30,15,2,1,512,20.0,290.0,0.037,20.518,290.518,270.0,270.518,8100,5771,2329,71.246914,28.753086,159.55037,142.885264,87.380566,19689,19689,0,3.411714,1348,20.0,290.018,20.091605369,296.155218992,PASS
INST_0706,100706,1,1,AOMDV,150,30,15,2,1,512,20.0,290.0,0.037,20.518,290.518,270.0,270.518,8100,6945,1155,85.740741,14.259259,36.767238,22.110038,105.156478,63801,63193,608,9.186609,1119,20.0,290.018,20.533085933,290.035801745,PASS
INST_0707,100707,1,1,AODV,150,30,15,2,2,512,20.0,290.0,0.037,20.518,290.518,270.0,270.518,8100,7706,394,95.135802,4.864198,244.008524,65.180862,116.679023,53033,52274,759,6.88204,341,20.0,290.018,20.676853456,290.154080139,PASS
INST_0707,100707,1,1,DSDV,150,30,15,2,2,512,20.0,290.0,0.037,20.518,290.518,270.0,270.518,8100,4900,3200,60.493827,39.506173,186.092289,115.452236,74.192475,19840,19840,0,4.04898,2214,20.0,290.018,20.119551272,298.951546064,PASS
INST_0707,100707,1,1,AOMDV,150,30,15,2,2,512,20.0,290.0,0.037,20.518,290.518,270.0,270.518,8100,6654,1446,82.148148,17.851852,58.445914,39.61912,100.750353,65130,64183,947,9.788097,1400,20.0,290.018,20.263475892,290.042290435,PASS
INST_0708,100708,1,1,AODV,150,30,15,2,3,512,20.0,290.0,0.037,20.518,290.518,270.0,270.518,8100,7615,485,94.012346,5.987654,794.058813,143.026951,115.301163,68947,68063,884,9.054104,447,20.0,290.018,20.900334209,292.184458494,PASS
INST_0708,100708,1,1,DSDV,150,30,15,2,3,512,20.0,290.0,0.037,20.518,290.518,270.0,270.518,8100,5378,2722,66.395062,33.604938,306.205585,158.964562,81.430027,18720,18720,0,3.480848,1757,20.0,290.018,20.268051596,299.880202099,PASS
INST_0708,100708,1,1,AOMDV,150,30,15,2,3,512,20.0,290.0,0.037,20.518,290.518,270.0,270.518,8100,6741,1359,83.222222,16.777778,55.547261,60.504794,102.067648,63609,62764,845,9.436137,1301,20.0,290.018,20.999283807,290.03777189,PASS
INST_0709,100709,1,1,AODV,150,30,15,2,4,512,20.0,290.0,0.037,20.518,290.518,270.0,270.518,8100,7862,238,97.061728,2.938272,292.969477,53.01779,119.041069,35945,35569,376,4.571992,211,20.0,290.018,20.156622307,290.024056043,PASS
INST_0709,100709,1,1,DSDV,150,30,15,2,4,512,20.0,290.0,0.037,20.518,290.518,270.0,270.518,8100,5465,2635,67.469136,32.530864,209.297518,130.82528,82.747322,18795,18795,0,3.439158,1602,20.0,290.018,20.054786029,293.501946802,PASS
INST_0709,100709,1,1,AOMDV,150,30,15,2,4,512,20.0,290.0,0.037,20.518,290.518,270.0,270.518,8100,7165,935,88.45679,11.54321,54.724234,42.666676,108.487568,58972,58335,637,8.230565,912,20.0,290.018,20.306354363,290.024036043,PASS
INST_0710,100710,1,1,AODV,150,30,15,2,5,512,20.0,290.0,0.037,20.518,290.518,270.0,270.518,8100,7768,332,95.901235,4.098765,229.831341,58.253713,117.617785,40084,39529,555,5.160144,306,20.0,290.018,20.318399129,290.041820647,PASS
INST_0710,100710,1,1,DSDV,150,30,15,2,5,512,20.0,290.0,0.037,20.518,290.518,270.0,270.518,8100,5666,2434,69.950617,30.049383,281.068205,394.25519,85.790727,17939,17939,0,3.166078,1756,20.0,290.018,20.193211821,296.181793213,PASS
INST_0710,100710,1,1,AOMDV,150,30,15,2,5,512,20.0,290.0,0.037,20.518,290.518,270.0,270.518,8100,6962,1138,85.950617,14.049383,35.563712,20.339639,105.41388,57774,57199,575,8.298477,1100,20.0,290.018,20.391823586,290.023777812,PASS
INST_0711,100711,1,1,AODV,150,30,15,4,1,512,20.0,290.0,0.037,20.518,290.518,270.0,270.518,16200,14029,2171,86.598765,13.401235,647.84255,97.081004,212.417599,73152,72403,749,5.214342,1973,20.0,290.268,20.193603905,293.723885916,PASS
INST_0711,100711,1,1,DSDV,150,30,15,4,1,512,20.0,290.0,0.037,20.518,290.518,270.0,270.518,16200,10595,5605,65.401235,34.598765,161.644813,110.144106,160.422301,21824,21824,0,2.05984,2952,20.0,290.268,20.055267963,295.715306337,PASS
INST_0711,100711,1,1,AOMDV,150,30,15,4,1,512,20.0,290.0,0.037,20.518,290.518,270.0,270.518,16200,13609,2591,84.006173,15.993827,247.077087,53.479627,206.058244,65661,64961,700,4.824822,2495,20.0,290.268,20.168992895,290.371523253,PASS
INST_0712,100712,1,1,AODV,150,30,15,4,2,512,20.0,290.0,0.037,20.518,290.518,270.0,270.518,16200,12165,4035,75.092593,24.907407,697.231503,181.538418,184.194176,123055,121053,2002,10.115495,3580,20.0,290.268,20.442532109,291.138137373,PASS
INST_0712,100712,1,1,DSDV,150,30,15,4,2,512,20.0,290.0,0.037,20.518,290.518,270.0,270.518,16200,8205,7995,50.648148,49.351852,369.110438,154.696237,124.234543,21061,21061,0,2.566849,4942,20.0,290.268,20.119511272,299.814472485,PASS
INST_0712,100712,1,1,AOMDV,150,30,15,4,2,512,20.0,290.0,0.037,20.518,290.518,270.0,270.518,16200,11558,4642,71.345679,28.654321,472.884081,110.299271,175.003393,70083,68929,1154,6.063592,4295,20.0,290.268,20.866008285,290.354680828,PASS
INST_0713,100713,1,1,AODV,150,30,15,4,3,512,20.0,290.0,0.037,20.518,290.518,270.0,270.518,16200,12408,3792,76.592593,23.407407,708.696866,165.858014,187.873517,110810,109245,1565,8.930529,3528,20.0,290.268,20.498812343,290.29208138,PASS
INST_0713,100713,1,1,DSDV,150,30,15,4,3,512,20.0,290.0,0.037,20.518,290.518,270.0,270.518,16200,9635,6565,59.475309,40.524691,303.153715,197.927919,145.886632,21261,21261,0,2.206642,3509,20.0,290.268,20.267771597,293.61301926,PASS
INST_0713,100713,1,1,AOMDV,150,30,15,4,3,512,20.0,290.0,0.037,20.518,290.518,270.0,270.518,16200,12769,3431,78.820988,21.179012,244.202468,79.457915,193.339534,70099,69028,1071,5.48978,3276,20.0,290.268,21.090399982,290.281407587,PASS
INST_0714,100714,1,1,AODV,150,30,15,4,4,512,20.0,290.0,0.037,20.518,290.518,270.0,270.518,16200,13972,2228,86.246914,13.753086,418.689431,90.730139,211.554544,71713,70786,927,5.132622,2129,20.0,290.268,20.121165487,291.126488928,PASS
INST_0714,100714,1,1,DSDV,150,30,15,4,4,512,20.0,290.0,0.037,20.518,290.518,270.0,270.518,16200,9678,6522,59.740741,40.259259,401.759437,205.888172,146.537709,20490,20490,0,2.117173,3579,20.0,290.268,20.08292866,299.528728242,PASS
INST_0714,100714,1,1,AOMDV,150,30,15,4,4,512,20.0,290.0,0.037,20.518,290.518,270.0,270.518,16200,13396,2804,82.691358,17.308642,140.064508,49.585541,202.833142,64442,63621,821,4.81054,2628,20.0,290.268,20.154092447,290.273605518,PASS
INST_0715,100715,1,1,AODV,150,30,15,4,5,512,20.0,290.0,0.037,20.518,290.518,270.0,270.518,16200,13082,3118,80.753086,19.246914,705.170546,168.223965,198.078767,111909,110303,1606,8.554426,2856,20.0,290.268,20.879761729,291.605734396,PASS
INST_0715,100715,1,1,DSDV,150,30,15,4,5,512,20.0,290.0,0.037,20.518,290.518,270.0,270.518,16200,9737,6463,60.104938,39.895062,295.962015,191.186125,147.431047,19703,19703,0,2.023519,3964,20.0,290.268,20.194111821,299.75562805,PASS
INST_0715,100715,1,1,AOMDV,150,30,15,4,5,512,20.0,290.0,0.037,20.518,290.518,270.0,270.518,16200,13649,2551,84.253086,15.746914,138.821772,53.344767,206.663897,60951,60204,747,4.465602,2449,20.0,290.268,20.839046291,290.27389781,PASS
INST_0716,100716,1,1,AODV,150,30,15,8,1,512,20.0,290.0,0.037,20.518,290.518,270.0,270.518,32400,19160,13240,59.135802,40.864198,1087.02203,139.727645,290.107719,109800,108547,1253,5.730689,11958,20.0,290.393,20.827020501,295.080398139,PASS
INST_0716,100716,1,1,DSDV,150,30,15,8,1,512,20.0,290.0,0.037,20.518,290.518,270.0,270.518,32400,16174,16226,49.919753,50.080247,1080.615158,144.261653,244.895733,23379,23379,0,1.445468,7553,20.0,290.393,20.055707963,297.443124395,PASS
INST_0716,100716,1,1,AOMDV,150,30,15,8,1,512,20.0,290.0,0.037,20.518,290.518,270.0,270.518,32400,18547,13853,57.243827,42.756173,2858.51203,195.087356,280.826089,80575,79416,1159,4.344368,8780,20.0,290.393,20.207883883,296.625366548,PASS
INST_0717,100717,1,1,AODV,150,30,15,8,2,512,20.0,290.0,0.037,20.518,290.518,270.0,270.518,32400,14482,17918,44.697531,55.302469,2507.131107,278.727359,219.276617,138774,136860,1914,9.582516,14825,20.0,290.393,20.697141133,299.302944692,PASS
INST_0717,100717,1,1,DSDV,150,30,15,8,2,512,20.0,290.0,0.037,20.518,290.518,270.0,270.518,32400,11497,20903,35.484568,64.515432,2070.806911,341.309683,174.079773,22342,22342,0,1.94329,9578,20.0,290.393,20.054325505,299.865609462,PASS
INST_0717,100717,1,1,AOMDV,150,30,15,8,2,512,20.0,290.0,0.037,20.518,290.518,270.0,270.518,32400,14041,18359,43.33642,56.66358,4402.014376,307.098647,212.599295,92191,90261,1930,6.565843,10387,20.0,290.393,20.272274126,296.465663052,PASS
INST_0718,100718,1,1,AODV,150,30,15,8,3,512,20.0,290.0,0.037,20.518,290.518,270.0,270.518,32400,17965,14435,55.447531,44.552469,1768.240618,174.387678,272.01384,109100,107718,1382,6.07292,12333,20.0,290.393,20.949489598,298.239450877,PASS
INST_0718,100718,1,1,DSDV,150,30,15,8,3,512,20.0,290.0,0.037,20.518,290.518,270.0,270.518,32400,15095,17305,46.589506,53.410494,1307.508705,159.061077,228.558248,22254,22254,0,1.474263,7509,20.0,290.393,20.018386867,290.12302298,PASS
INST_0718,100718,1,1,AOMDV,150,30,15,8,3,512,20.0,290.0,0.037,20.518,290.518,270.0,270.518,32400,16948,15452,52.308642,47.691358,2894.238724,189.40015,256.615116,84332,82900,1432,4.975926,9439,20.0,290.393,24.45631974,294.037364766,PASS
INST_0719,100719,1,1,AODV,150,30,15,8,4,512,20.0,290.0,0.037,20.518,290.518,270.0,270.518,32400,19980,12420,61.666667,38.333333,1811.433019,161.831454,302.523603,86586,85773,813,4.333634,10666,20.0,290.393,20.872937372,298.530863233,PASS
INST_0719,100719,1,1,DSDV,150,30,15,8,4,512,20.0,290.0,0.037,20.518,290.518,270.0,270.518,32400,14857,17543,45.854938,54.145062,1848.681111,226.298642,224.954613,20997,20997,0,1.413273,7338,20.0,290.393,20.08290866,299.495554759,PASS
INST_0719,100719,1,1,AOMDV,150,30,15,8,4,512,20.0,290.0,0.037,20.518,290.518,270.0,270.518,32400,17476,14924,53.938272,46.061728,4364.589601,240.456937,264.609734,80049,78726,1323,4.58051,8118,20.0,290.393,20.136155611,294.205347926,PASS
INST_0720,100720,1,1,AODV,150,30,15,8,5,512,20.0,290.0,0.037,20.518,290.518,270.0,270.518,32400,17782,14618,54.882716,45.117284,1321.000907,178.280273,269.242978,142115,140249,1866,7.992071,12847,20.0,290.393,20.519552509,293.299466659,PASS
INST_0720,100720,1,1,DSDV,150,30,15,8,5,512,20.0,290.0,0.037,20.518,290.518,270.0,270.518,32400,13784,18616,42.54321,57.45679,2099.029521,281.606141,208.707975,21413,21413,0,1.553468,7832,20.0,290.393,20.193831821,290.643228978,PASS
INST_0720,100720,1,1,AOMDV,150,30,15,8,5,512,20.0,290.0,0.037,20.518,290.518,270.0,270.518,32400,18462,13938,56.981481,43.018519,3026.511879,210.201668,279.539077,75592,74397,1195,4.094464,8475,20.0,290.393,20.964910218,294.900535473,PASS
INST_0721,100721,1,1,AODV,150,30,20,2,1,512,20.0,290.0,0.037,20.703,290.703,270.0,270.703,10800,10043,757,92.990741,7.009259,371.131844,92.694542,151.96037,65469,64783,686,6.518869,697,20.0,290.203,20.734112888,290.215119387,PASS
INST_0721,100721,1,1,DSDV,150,30,20,2,1,512,20.0,290.0,0.037,20.703,290.703,270.0,270.703,10800,7572,3228,70.111111,29.888889,203.193909,281.525996,114.571734,19471,19471,0,2.571447,1954,20.0,290.203,20.054248017,291.840985054,PASS
INST_0721,100721,1,1,AOMDV,150,30,20,2,1,512,20.0,290.0,0.037,20.703,290.703,270.0,270.703,10800,9447,1353,87.472222,12.527778,61.241533,61.659697,142.942309,68497,67818,679,7.250662,1317,20.0,290.203,20.31884277,290.3204386,PASS
INST_0722,100722,1,1,AODV,150,30,20,2,2,512,20.0,290.0,0.037,20.703,290.703,270.0,270.703,10800,9606,1194,88.944444,11.055556,320.15889,147.90763,145.348134,106944,105133,1811,11.133042,1048,20.0,290.203,21.033571456,290.233644215,PASS
INST_0722,100722,1,1,DSDV,150,30,20,2,2,512,20.0,290.0,0.037,20.703,290.703,270.0,270.703,10800,6698,4102,62.018519,37.981481,268.475873,226.380914,101.347262,18918,18918,0,2.824425,2969,20.0,290.203,20.055003832,295.921377428,PASS
INST_0722,100722,1,1,AOMDV,150,30,20,2,2,512,20.0,290.0,0.037,20.703,290.703,270.0,270.703,10800,8760,2040,81.111111,18.888889,81.043716,76.830243,132.54733,72363,71158,1205,8.260616,1956,20.0,290.203,20.42698305,290.232806366,PASS
INST_0723,100723,1,1,AODV,150,30,20,2,3,512,20.0,290.0,0.037,20.703,290.703,270.0,270.703,10800,9597,1203,88.861111,11.138889,457.230081,133.612066,145.211956,92313,90942,1371,9.618943,1120,20.0,290.203,20.841082879,290.220818824,PASS
INST_0723,100723,1,1,DSDV,150,30,20,2,3,512,20.0,290.0,0.037,20.703,290.703,270.0,270.703,10800,6889,3911,63.787037,36.212963,258.641441,147.166881,104.237278,19934,19934,0,2.893598,2606,20.0,290.203,20.267451597,295.271465307,PASS
INST_0723,100723,1,1,AOMDV,150,30,20,2,3,512,20.0,290.0,0.037,20.703,290.703,270.0,270.703,10800,8955,1845,82.916667,17.083333,84.565415,62.355401,135.49787,71109,70001,1108,7.940704,1767,20.0,290.203,20.743483915,290.208757542,PASS
INST_0724,100724,1,1,AODV,150,30,20,2,4,512,20.0,290.0,0.037,20.703,290.703,270.0,270.703,10800,9841,959,91.12037,8.87963,257.507124,109.843488,148.903913,75551,74643,908,7.677167,802,20.0,290.203,21.035840025,290.226932147,PASS
INST_0724,100724,1,1,DSDV,150,30,20,2,4,512,20.0,290.0,0.037,20.703,290.703,270.0,270.703,10800,6850,3950,63.425926,36.574074,264.474955,281.855222,103.647171,19401,19401,0,2.832263,2439,20.0,290.203,20.055087087,299.685761601,PASS
INST_0724,100724,1,1,AOMDV,150,30,20,2,4,512,20.0,290.0,0.037,20.703,290.703,270.0,270.703,10800,9435,1365,87.361111,12.638889,132.441733,84.206543,142.760738,64676,63858,818,6.854902,1273,20.0,290.203,20.165813562,290.215764957,PASS
INST_0725,100725,1,1,AODV,150,30,20,2,5,512,20.0,290.0,0.037,20.703,290.703,270.0,270.703,10800,9988,812,92.481481,7.518519,370.823685,106.627587,151.128166,64263,63350,913,6.434021,705,20.0,290.203,20.752762019,290.209096453,PASS
INST_0725,100725,1,1,DSDV,150,30,20,2,5,512,20.0,290.0,0.037,20.703,290.703,270.0,270.703,10800,7171,3629,66.398148,33.601852,209.208208,180.747166,108.504213,18822,18822,0,2.624739,2308,20.0,290.203,20.193671821,299.758116216,PASS
INST_0725,100725,1,1,AOMDV,150,30,20,2,5,512,20.0,290.0,0.037,20.703,290.703,270.0,270.703,10800,9432,1368,87.333333,12.666667,66.068265,42.959161,142.715345,64368,63483,885,6.824427,1297,20.0,290.203,20.920905373,290.208796453,PASS
INST_0726,100726,1,1,AODV,150,30,20,4,1,512,20.0,290.0,0.037,20.703,290.703,270.0,270.703,21600,16245,5355,75.208333,24.791667,746.49,183.791918,245.802669,131826,130423,1403,8.114866,4713,20.0,290.453,20.195479318,292.128403242,PASS
INST_0726,100726,1,1,DSDV,150,30,20,4,1,512,20.0,290.0,0.037,20.703,290.703,270.0,270.703,21600,13930,7670,64.490741,35.509259,245.438224,133.752333,210.774465,21734,21734,0,1.56023,4179,20.0,290.453,20.091705369,298.275495437,PASS
INST_0726,100726,1,1,AOMDV,150,30,20,4,1,512,20.0,290.0,0.037,20.703,290.703,270.0,270.703,21600,16819,4781,77.865741,22.134259,802.244664,140.182983,254.487848,79004,77890,1114,4.697307,4277,20.0,290.453,20.22954842,292.774506018,PASS
INST_0727,100727,1,1,AODV,150,30,20,4,2,512,20.0,290.0,0.037,20.703,290.703,270.0,270.703,21600,12332,9268,57.092593,42.907407,1531.694525,333.567355,186.595169,179905,177312,2593,14.588469,8101,20.0,290.453,20.989277287,295.059271539,PASS
INST_0727,100727,1,1,DSDV,150,30,20,4,2,512,20.0,290.0,0.037,20.703,290.703,270.0,270.703,21600,10494,11106,48.583333,51.416667,876.569068,306.855213,158.784439,23022,23022,0,2.193825,6449,20.0,290.453,20.055003832,294.273354156,PASS
INST_0727,100727,1,1,AOMDV,150,30,20,4,2,512,20.0,290.0,0.037,20.703,290.703,270.0,270.703,21600,12630,8970,58.472222,41.527778,2366.089129,369.833336,191.104199,93971,91949,2022,7.440301,7704,20.0,290.453,20.480018097,293.169758746,PASS
INST_0728,100728,1,1,AODV,150,30,20,4,3,512,20.0,290.0,0.037,20.703,290.703,270.0,270.703,21600,14028,7572,64.944444,35.055556,1509.56246,245.119933,212.2573,152910,150923,1987,10.900342,6924,20.0,290.453,21.066167769,294.29064555,PASS
INST_0728,100728,1,1,DSDV,150,30,20,4,3,512,20.0,290.0,0.037,20.703,290.703,270.0,270.703,21600,11460,10140,53.055556,46.944444,558.945727,203.440197,173.40096,22529,22529,0,1.965881,5278,20.0,290.453,20.267811597,290.156565421,PASS
INST_0728,100728,1,1,AOMDV,150,30,20,4,3,512,20.0,290.0,0.037,20.703,290.703,270.0,270.703,21600,14303,7297,66.217593,33.782407,1353.402325,207.692535,216.418318,92033,90164,1869,6.434524,6338,20.0,290.453,21.661217382,291.493289278,PASS
INST_0729,100729,1,1,AODV,150,30,20,4,4,512,20.0,290.0,0.037,20.703,290.703,270.0,270.703,21600,13809,7791,63.930556,36.069444,1609.652242,346.259974,208.943617,150547,148519,2028,10.902093,6838,20.0,290.453,20.13035353,291.600810118,PASS
INST_0729,100729,1,1,DSDV,150,30,20,4,4,512,20.0,290.0,0.037,20.703,290.703,270.0,270.703,21600,11282,10318,52.231481,47.768519,1055.206176,242.280296,170.707646,21166,21166,0,1.876086,5761,20.0,290.453,20.08288866,291.995717958,PASS
INST_0729,100729,1,1,AOMDV,150,30,20,4,4,512,20.0,290.0,0.037,20.703,290.703,270.0,270.703,21600,14436,7164,66.833333,33.166667,2338.743341,311.662736,218.430738,87101,85567,1534,6.033597,5886,20.0,290.453,20.136638028,290.527359869,PASS
INST_0730,100730,1,1,AODV,150,30,20,4,5,512,20.0,290.0,0.037,20.703,290.703,270.0,270.703,21600,13176,8424,61.0,39.0,1894.967815,371.696692,199.365711,164203,161902,2301,12.46228,7494,20.0,290.453,20.344420837,290.791982624,PASS
INST_0730,100730,1,1,DSDV,150,30,20,4,5,512,20.0,290.0,0.037,20.703,290.703,270.0,270.703,21600,11969,9631,55.412037,44.587963,531.485968,208.436568,181.102625,21327,21327,0,1.781853,5252,20.0,290.453,20.194151821,299.62362891,PASS
INST_0730,100730,1,1,AOMDV,150,30,20,4,5,512,20.0,290.0,0.037,20.703,290.703,270.0,270.703,21600,15515,6085,71.828704,28.171296,1249.141701,220.26792,234.757058,82505,81044,1461,5.317757,5240,20.0,290.453,20.622177321,290.458516453,PASS
INST_0731,100731,1,1,AODV,150,30,20,8,1,512,20.0,290.0,0.037,20.703,290.703,270.0,270.703,43200,19548,23652,45.25,54.75,3203.270194,262.510295,295.780276,138212,136473,1739,7.070391,16573,20.0,290.578,20.138240467,299.859404087,PASS
INST_0731,100731,1,1,DSDV,150,30,20,8,1,512,20.0,290.0,0.037,20.703,290.703,270.0,270.703,43200,16562,26638,38.337963,61.662037,4240.454706,320.50061,250.599188,25566,25566,0,1.543654,9559,20.0,290.578,20.055147947,297.342960711,PASS
INST_0731,100731,1,1,AOMDV,150,30,20,8,1,512,20.0,290.0,0.037,20.703,290.703,270.0,270.703,43200,18523,24677,42.877315,57.122685,5312.531893,328.880513,280.271028,92567,91038,1529,4.997409,11994,20.0,290.578,20.156385725,297.46412408,PASS
INST_0732,100732,1,1,AODV,150,30,20,8,2,512,20.0,290.0,0.037,20.703,290.703,270.0,270.703,43200,12619,30581,29.210648,70.789352,3865.097897,434.177906,190.937758,195761,192986,2775,15.513194,21623,20.0,290.578,20.086374163,295.818875842,PASS
INST_0732,100732,1,1,DSDV,150,30,20,8,2,512,20.0,290.0,0.037,20.703,290.703,270.0,270.703,43200,12990,30210,30.069444,69.930556,2888.226375,339.484353,196.55135,23128,23128,0,1.780446,12687,20.0,290.578,20.054605505,299.390055285,PASS
INST_0732,100732,1,1,AOMDV,150,30,20,8,2,512,20.0,290.0,0.037,20.703,290.703,270.0,270.703,43200,12394,30806,28.689815,71.310185,5309.824361,464.725603,187.533289,111800,109531,2269,9.020494,16434,20.0,290.578,20.683838122,296.612133683,PASS
INST_0733,100733,1,1,AODV,150,30,20,8,3,512,20.0,290.0,0.037,20.703,290.703,270.0,270.703,43200,16892,26308,39.101852,60.898148,2897.540602,276.525288,255.592409,152194,150342,1852,9.009827,21201,20.0,290.578,21.22235743,294.995080421,PASS
INST_0733,100733,1,1,DSDV,150,30,20,8,3,512,20.0,290.0,0.037,20.703,290.703,270.0,270.703,43200,15494,27706,35.865741,64.134259,2384.433977,275.221023,234.439308,23009,23009,0,1.485026,11034,20.0,290.578,20.267511597,292.746763009,PASS
INST_0733,100733,1,1,AOMDV,150,30,20,8,3,512,20.0,290.0,0.037,20.703,290.703,270.0,270.703,43200,16343,26857,37.831019,62.168981,4535.962192,311.280414,247.285505,115609,113340,2269,7.073915,13231,20.0,290.578,21.069136,298.245722878,PASS
INST_0734,100734,1,1,AODV,150,30,20,8,4,512,20.0,290.0,0.037,20.703,290.703,270.0,270.703,43200,15589,27611,36.085648,63.914352,4360.689823,345.27925,235.876751,135042,133584,1458,8.662647,19442,20.0,290.578,21.014402497,295.679141557,PASS
INST_0734,100734,1,1,DSDV,150,30,20,8,4,512,20.0,290.0,0.037,20.703,290.703,270.0,270.703,43200,14762,28438,34.171296,65.828704,3952.705102,356.587903,223.363435,21280,21280,0,1.441539,10391,20.0,290.578,20.08304866,299.676406158,PASS
INST_0734,100734,1,1,AOMDV,150,30,20,8,4,512,20.0,290.0,0.037,20.703,290.703,270.0,270.703,43200,12741,30459,29.493056,70.506944,7468.117291,513.500104,192.783737,109360,107070,2290,8.583314,13988,20.0,290.578,20.711987636,296.948264445,PASS
INST_0735,100735,1,1,AODV,150,30,20,8,5,512,20.0,290.0,0.037,20.703,290.703,270.0,270.703,43200,14525,28675,33.622685,66.377315,3926.315944,415.035507,219.777394,176922,174722,2200,12.180516,19838,20.0,290.578,21.170368912,299.656537563,PASS
INST_0735,100735,1,1,DSDV,150,30,20,8,5,512,20.0,290.0,0.037,20.703,290.703,270.0,270.703,43200,14205,28995,32.881944,67.118056,2726.267306,325.366324,214.935483,22371,22371,0,1.574868,12235,20.0,290.578,20.193871821,299.863674204,PASS
INST_0735,100735,1,1,AOMDV,150,30,20,8,5,512,20.0,290.0,0.037,20.703,290.703,270.0,270.703,43200,16331,26869,37.803241,62.196759,5814.739831,367.819472,247.103933,93081,91455,1626,5.699651,12743,20.0,290.578,20.405886541,296.502686365,PASS
INST_0736,100736,1,1,AODV,150,30,25,2,1,512,20.0,290.0,0.037,20.888,290.888,270.0,270.888,13500,12451,1049,92.22963,7.77037,429.951774,115.658353,188.267092,76577,75725,852,6.150269,834,20.0,290.388,20.783672657,298.38648192,PASS
INST_0736,100736,1,1,DSDV,150,30,25,2,1,512,20.0,290.0,0.037,20.888,290.888,270.0,270.888,13500,9444,4056,69.955556,30.044444,216.523351,207.139222,142.799327,20484,20484,0,2.168996,2300,20.0,290.388,20.157150453,299.262316185,PASS
INST_0736,100736,1,1,AOMDV,150,30,25,2,1,512,20.0,290.0,0.037,20.888,290.888,270.0,270.888,13500,11670,1830,86.444444,13.555556,110.66286,74.003264,176.457872,70970,70036,934,6.081405,1749,20.0,290.388,20.199983328,290.394077104,PASS
INST_0737,100737,1,1,AODV,150,30,25,2,2,512,20.0,290.0,0.037,20.888,290.888,270.0,270.888,13500,11344,2156,84.02963,15.97037,473.258065,185.236255,171.528543,123381,121400,1981,10.876322,1869,20.0,290.388,20.156367294,291.654771943,PASS
INST_0737,100737,1,1,DSDV,150,30,25,2,2,512,20.0,290.0,0.037,20.888,290.888,270.0,270.888,13500,8068,5432,59.762963,40.237037,327.639668,188.803494,121.993326,20820,20820,0,2.580565,3388,20.0,290.388,20.054525505,296.655535205,PASS
INST_0737,100737,1,1,AOMDV,150,30,25,2,2,512,20.0,290.0,0.037,20.888,290.888,270.0,270.888,13500,10632,2868,78.755556,21.244444,223.72855,122.78838,160.762647,85154,83440,1714,8.009217,2760,20.0,290.388,20.247235704,290.393778124,PASS
INST_0738,100738,1,1,AODV,150,30,25,2,3,512,20.0,290.0,0.037,20.888,290.888,270.0,270.888,13500,11094,2406,82.177778,17.822222,970.145424,226.995349,167.748383,126261,124501,1760,11.381017,2163,20.0,290.388,20.679380244,290.393936979,PASS
INST_0738,100738,1,1,DSDV,150,30,25,2,3,512,20.0,290.0,0.037,20.888,290.888,270.0,270.888,13500,8525,4975,63.148148,36.851852,334.048601,214.442849,128.903458,20934,20934,0,2.455601,3002,20.0,290.388,20.267851597,299.830301447,PASS
INST_0738,100738,1,1,AOMDV,150,30,25,2,3,512,20.0,290.0,0.037,20.888,290.888,270.0,270.888,13500,10865,2635,80.481481,19.518519,258.938977,146.77365,164.285756,83709,82136,1573,7.704464,2455,20.0,290.388,20.56197027,290.393696979,PASS
INST_0739,100739,1,1,AODV,150,30,25,2,4,512,20.0,290.0,0.037,20.888,290.888,270.0,270.888,13500,12308,1192,91.17037,8.82963,303.992643,148.898282,186.10484,89726,88545,1181,7.290055,1014,20.0,290.388,20.124075856,290.356877051,PASS
INST_0739,100739,1,1,DSDV,150,30,25,2,4,512,20.0,290.0,0.037,20.888,290.888,270.0,270.888,13500,8938,4562,66.207407,33.792593,254.110809,201.923621,135.148283,19225,19225,0,2.150929,2989,20.0,290.388,20.08274866,299.368709676,PASS
INST_0739,100739,1,1,AOMDV,150,30,25,2,4,512,20.0,290.0,0.037,20.888,290.888,270.0,270.888,13500,11214,2286,83.066667,16.933333,184.88445,149.245094,169.56286,78040,76754,1286,6.959158,2137,20.0,290.388,20.146306678,290.415346578,PASS
INST_0740,100740,1,1,AODV,150,30,25,2,5,512,20.0,290.0,0.037,20.888,290.888,270.0,270.888,13500,12142,1358,89.940741,10.059259,457.888037,149.190323,183.594814,107221,105536,1685,8.830588,1206,20.0,290.388,20.746177071,290.394016294,PASS
INST_0740,100740,1,1,DSDV,150,30,25,2,5,512,20.0,290.0,0.037,20.888,290.888,270.0,270.888,13500,8545,4955,63.296296,36.703704,301.192784,279.567389,129.205871,19012,19012,0,2.224927,3192,20.0,290.388,20.165428085,299.983057414,PASS
INST_0740,100740,1,1,AOMDV,150,30,25,2,5,512,20.0,290.0,0.037,20.888,290.888,270.0,270.888,13500,11107,2393,82.274074,17.725926,169.778418,96.707903,167.944951,77937,76600,1337,7.016926,2303,20.0,290.388,20.71753637,290.393616294,PASS
INST_0741,100741,1,1,AODV,150,30,25,4,1,512,20.0,290.0,0.037,20.888,290.888,270.0,270.888,27000,13952,13048,51.674074,48.325926,2537.066529,464.705057,210.963173,189308,187240,2068,13.568521,10590,20.0,290.638,20.67822124,298.227427872,PASS
INST_0741,100741,1,1,DSDV,150,30,25,4,1,512,20.0,290.0,0.037,20.888,290.888,270.0,270.888,27000,14642,12358,54.22963,45.77037,915.231467,267.281606,221.396415,24547,24547,0,1.676479,5635,20.0,290.638,20.091607501,299.692924691,PASS
INST_0741,100741,1,1,AOMDV,150,30,25,4,1,512,20.0,290.0,0.037,20.888,290.888,270.0,270.888,27000,17766,9234,65.8,34.2,2153.203365,284.539961,268.633295,93464,92010,1454,5.260835,7140,20.0,290.638,20.165737146,296.507441871,PASS
INST_0742,100742,1,1,AODV,150,30,25,4,2,512,20.0,290.0,0.037,20.888,290.888,270.0,270.888,27000,10571,16429,39.151852,60.848148,3396.238005,570.1431,159.840288,232527,229196,3331,21.996689,13259,20.0,290.638,20.710450998,299.568051826,PASS
INST_0742,100742,1,1,DSDV,150,30,25,4,2,512,20.0,290.0,0.037,20.888,290.888,270.0,270.888,27000,12420,14580,46.0,54.0,990.66525,332.422618,187.798352,21086,21086,0,1.697746,8361,20.0,290.638,20.119791272,299.072580084,PASS
INST_0742,100742,1,1,AOMDV,150,30,25,4,2,512,20.0,290.0,0.037,20.888,290.888,270.0,270.888,27000,13340,13660,49.407407,50.592593,3658.659212,452.636562,201.709341,110204,107740,2464,8.261169,10247,20.0,290.638,20.771676985,295.277998753,PASS
INST_0743,100743,1,1,AODV,150,30,25,4,3,512,20.0,290.0,0.037,20.888,290.888,270.0,270.888,27000,14200,12800,52.592593,47.407407,2081.272892,376.062459,214.713092,184479,181887,2592,12.991479,11605,20.0,290.638,21.232943444,297.646866368,PASS
INST_0743,100743,1,1,DSDV,150,30,25,4,3,512,20.0,290.0,0.037,20.888,290.888,270.0,270.888,27000,13095,13905,48.5,51.5,1353.009138,317.338305,198.004784,22745,22745,0,1.736922,6823,20.0,290.638,20.267871596,299.240677039,PASS
INST_0743,100743,1,1,AOMDV,150,30,25,4,3,512,20.0,290.0,0.037,20.888,290.888,270.0,270.888,27000,13542,13458,50.155556,49.844444,3632.241269,420.961186,204.76371,124444,121689,2755,9.189485,10358,20.0,290.638,20.919232536,293.538791395,PASS
INST_0744,100744,1,1,AODV,150,30,25,4,4,512,20.0,290.0,0.037,20.888,290.888,270.0,270.888,27000,13706,13294,50.762963,49.237037,2696.281835,420.885785,207.243495,167217,165408,1809,12.200277,11492,20.0,290.638,21.246425221,295.699350159,PASS
INST_0744,100744,1,1,DSDV,150,30,25,4,4,512,20.0,290.0,0.037,20.888,290.888,270.0,270.888,27000,12371,14629,45.818519,54.181481,1643.815347,405.038707,187.057441,20706,20706,0,1.673753,7302,20.0,290.638,20.055325994,299.780666183,PASS
INST_0744,100744,1,1,AOMDV,150,30,25,4,4,512,20.0,290.0,0.037,20.888,290.888,270.0,270.888,27000,12624,14376,46.755556,53.244444,5699.475237,599.826142,190.882963,117985,115663,2322,9.346087,10374,20.0,290.638,20.152836324,295.453772108,PASS
INST_0745,100745,1,1,AODV,150,30,25,4,5,512,20.0,290.0,0.037,20.888,290.888,270.0,270.888,27000,13793,13207,51.085185,48.914815,2380.863598,405.209744,208.558991,185085,182738,2347,13.418763,11197,20.0,290.638,20.945235718,294.257602727,PASS
INST_0745,100745,1,1,DSDV,150,30,25,4,5,512,20.0,290.0,0.037,20.888,290.888,270.0,270.888,27000,13115,13885,48.574074,51.425926,1010.009659,297.724166,198.307197,22201,22201,0,1.692795,6689,20.0,290.638,20.165568085,299.743048898,PASS
INST_0745,100745,1,1,AOMDV,150,30,25,4,5,512,20.0,290.0,0.037,20.888,290.888,270.0,270.888,27000,15153,11847,56.122222,43.877778,3692.943242,381.165337,229.123062,103730,101687,2043,6.845509,9157,20.0,290.638,20.299753655,297.104180921,PASS
INST_0746,100746,1,1,AODV,150,30,25,8,1,512,20.0,290.0,0.037,20.888,290.888,270.0,270.888,54000,15310,38690,28.351852,71.648148,4066.449505,436.293683,231.497002,202327,200264,2063,13.215349,23781,20.0,290.763,20.822049543,298.599700676,PASS
INST_0746,100746,1,1,DSDV,150,30,25,8,1,512,20.0,290.0,0.037,20.888,290.888,270.0,270.888,54000,17654,36346,32.692593,67.307407,5922.096565,353.100572,266.939783,24563,24563,0,1.391356,11532,20.0,290.763,20.054387947,299.988595065,PASS
INST_0746,100746,1,1,AOMDV,150,30,25,8,1,512,20.0,290.0,0.037,20.888,290.888,270.0,270.888,54000,18244,35756,33.785185,66.214815,6808.446693,427.868306,275.860961,102355,100791,1564,5.610338,15255,20.0,290.763,20.878735438,297.938151268,PASS
INST_0747,100747,1,1,AODV,150,30,25,8,2,512,20.0,290.0,0.037,20.888,290.888,270.0,270.888,54000,10046,43954,18.603704,81.396296,4024.574743,468.943046,151.901952,254959,251936,3023,25.379156,29500,20.0,290.763,20.317572203,299.994640448,PASS
INST_0747,100747,1,1,DSDV,150,30,25,8,2,512,20.0,290.0,0.037,20.888,290.888,270.0,270.888,54000,13570,40430,25.12963,74.87037,4723.580054,489.161595,205.187088,23410,23410,0,1.725129,15318,20.0,290.763,20.119491272,299.629891259,PASS
INST_0747,100747,1,1,AOMDV,150,30,25,8,2,512,20.0,290.0,0.037,20.888,290.888,270.0,270.888,54000,11196,42804,20.733333,79.266667,7147.786242,580.055798,169.290688,137610,134585,3025,12.290997,18621,20.0,290.763,20.314012084,298.548542249,PASS
INST_0748,100748,1,1,AODV,150,30,25,8,3,512,20.0,290.0,0.037,20.888,290.888,270.0,270.888,54000,17275,36725,31.990741,68.009259,3453.443288,323.758659,261.209061,176555,174371,2184,10.22026,28197,20.0,290.763,20.63435367,298.904540905,PASS
INST_0748,100748,1,1,DSDV,150,30,25,8,3,512,20.0,290.0,0.037,20.888,290.888,270.0,270.888,54000,16729,37271,30.97963,69.02037,5159.019567,367.891989,252.953191,22320,22320,0,1.33421,13443,20.0,290.763,20.267691597,299.049348849,PASS
INST_0748,100748,1,1,AOMDV,150,30,25,8,3,512,20.0,290.0,0.037,20.888,290.888,270.0,270.888,54000,14517,39483,26.883333,73.116667,6208.370825,423.935084,219.506335,133761,131087,2674,9.214094,17261,20.0,290.763,20.855046621,299.988276417,PASS
INST_0749,100749,1,1,AODV,150,30,25,8,4,512,20.0,290.0,0.037,20.888,290.888,270.0,270.888,54000,12021,41979,22.261111,77.738889,5433.991756,602.97018,181.765217,193160,191023,2137,16.068547,25041,20.0,290.763,20.173169985,299.318630587,PASS
INST_0749,100749,1,1,DSDV,150,30,25,8,4,512,20.0,290.0,0.037,20.888,290.888,270.0,270.888,54000,14508,39492,26.866667,73.133333,5743.604041,527.405981,219.370249,21736,21736,0,1.498208,13042,20.0,290.763,20.08294866,299.920813134,PASS
INST_0749,100749,1,1,AOMDV,150,30,25,8,4,512,20.0,290.0,0.037,20.888,290.888,270.0,270.888,54000,11350,42650,21.018519,78.981481,9150.684246,695.639499,171.619267,128950,126714,2236,11.361233,17354,20.0,290.763,20.128695548,299.996121765,PASS
INST_0750,100750,1,1,AODV,150,30,25,8,5,512,20.0,290.0,0.037,20.888,290.888,270.0,270.888,54000,15262,38738,28.262963,71.737037,4582.646007,415.755374,230.771212,197286,195027,2259,12.926615,27213,20.0,290.763,20.426782509,299.988331746,PASS
INST_0750,100750,1,1,DSDV,150,30,25,8,5,512,20.0,290.0,0.037,20.888,290.888,270.0,270.888,54000,13718,40282,25.403704,74.596296,6528.446192,508.997312,207.424943,23377,23377,0,1.704111,12338,20.0,290.763,20.193611821,297.270150027,PASS
INST_0750,100750,1,1,AOMDV,150,30,25,8,5,512,20.0,290.0,0.037,20.888,290.888,270.0,270.888,54000,13649,40351,25.275926,74.724074,7857.320533,574.910268,206.381619,118195,115987,2208,8.659609,16529,20.0,290.763,20.998766144,299.988056777,PASS
INST_0751,100751,1,1,AODV,150,40,5,2,1,512,20.0,290.0,0.037,20.148,290.148,270.0,270.148,2700,2492,208,92.296296,7.703704,428.941138,58.759517,37.783852,11094,11052,42,4.451846,187,20.0,289.648,20.157991013,289.659736899,PASS
INST_0751,100751,1,1,DSDV,150,40,5,2,1,512,20.0,290.0,0.037,20.148,290.148,270.0,270.148,2700,2150,550,79.62963,20.37037,79.983318,47.855225,32.598428,17771,17771,0,8.265581,375,20.0,289.648,20.045850018,299.693538692,PASS
INST_0751,100751,1,1,AOMDV,150,40,5,2,1,512,20.0,290.0,0.037,20.148,290.148,270.0,270.148,2700,2451,249,90.777778,9.222222,53.766275,85.445113,37.162207,50224,50133,91,20.491228,226,20.0,289.648,20.27873308,289.653716315,PASS
INST_0752,100752,1,1,AODV,150,40,5,2,2,512,20.0,290.0,0.037,20.148,290.148,270.0,270.148,2700,2641,59,97.814815,2.185185,212.160851,64.467895,40.042999,19534,19348,186,7.396441,58,20.0,289.648,20.255366185,289.683122483,PASS
INST_0752,100752,1,1,DSDV,150,40,5,2,2,512,20.0,290.0,0.037,20.148,290.148,270.0,270.148,2700,1838,862,68.074074,31.925926,322.866478,287.213659,27.867865,16829,16829,0,9.156148,698,20.0,289.648,20.055103943,289.73885559,PASS
INST_0752,100752,1,1,AOMDV,150,40,5,2,2,512,20.0,290.0,0.037,20.148,290.148,270.0,270.148,2700,2277,423,84.333333,15.666667,50.155769,74.67577,34.524009,48698,48428,270,21.386913,401,20.0,289.648,20.372191562,289.672579542,PASS
INST_0753,100753,1,1,AODV,150,40,5,2,3,512,20.0,290.0,0.037,20.148,290.148,270.0,270.148,2700,2570,130,95.185185,4.814815,290.444784,76.386511,38.966492,16681,16508,173,6.490661,98,20.0,289.648,20.401705282,289.678040478,PASS
INST_0753,100753,1,1,DSDV,150,40,5,2,3,512,20.0,290.0,0.037,20.148,290.148,270.0,270.148,2700,1974,726,73.111111,26.888889,135.661703,148.414488,29.929905,15830,15830,0,8.01925,599,20.0,289.648,23.742182346,289.65359807,PASS
INST_0753,100753,1,1,AOMDV,150,40,5,2,3,512,20.0,290.0,0.037,20.148,290.148,270.0,270.148,2700,2301,399,85.222222,14.777778,32.458794,39.258773,34.887898,48329,48152,177,21.003477,374,20.0,289.648,20.61813739,289.654246242,PASS
INST_0754,100754,1,1,AODV,150,40,5,2,4,512,20.0,290.0,0.037,20.148,290.148,270.0,270.148,2700,2577,123,95.444444,4.555556,270.539578,57.13,39.072627,15525,15381,144,6.024447,120,20.0,289.648,20.434272095,289.65949867,PASS
INST_0754,100754,1,1,DSDV,150,40,5,2,4,512,20.0,290.0,0.037,20.148,290.148,270.0,270.148,2700,1879,821,69.592593,30.407407,222.42881,376.194329,28.489509,16024,16024,0,8.52794,618,20.0,289.648,20.092345812,291.974086578,PASS
INST_0754,100754,1,1,AOMDV,150,40,5,2,4,512,20.0,290.0,0.037,20.148,290.148,270.0,270.148,2700,2348,352,86.962963,13.037037,20.367961,10.775972,35.600515,48292,48083,209,20.567291,345,20.0,289.648,20.414862051,289.659938577,PASS
INST_0755,100755,1,1,AODV,150,40,5,2,5,512,20.0,290.0,0.037,20.148,290.148,270.0,270.148,2700,2554,146,94.592593,5.407407,327.380042,61.359381,38.723899,16824,16653,171,6.587314,136,20.0,289.648,20.272105619,289.672262548,PASS
INST_0755,100755,1,1,DSDV,150,40,5,2,5,512,20.0,290.0,0.037,20.148,290.148,270.0,270.148,2700,1967,733,72.851852,27.148148,39.511693,51.795407,29.823771,14735,14735,0,7.491103,562,20.0,289.648,24.98359034,289.64284377,PASS
INST_0755,100755,1,1,AOMDV,150,40,5,2,5,512,20.0,290.0,0.037,20.148,290.148,270.0,270.148,2700,2310,390,85.555556,14.444444,22.726267,12.46166,35.024357,49585,49264,321,21.465368,383,20.0,289.648,20.400568883,289.678611234,PASS
INST_0756,100756,1,1,AODV,150,40,5,4,1,512,20.0,290.0,0.037,20.148,290.148,270.0,270.148,5400,5091,309,94.277778,5.722222,477.551629,36.324341,77.190044,14293,14241,52,2.807503,305,20.0,289.898,20.325247442,289.909596888,PASS
INST_0756,100756,1,1,DSDV,150,40,5,4,1,512,20.0,290.0,0.037,20.148,290.148,270.0,270.148,5400,4170,1230,77.222222,22.777778,64.938723,24.820221,63.225787,18095,18095,0,4.339329,774,20.0,289.898,20.045590018,290.734818431,PASS
INST_0756,100756,1,1,AOMDV,150,40,5,4,1,512,20.0,290.0,0.037,20.148,290.148,270.0,270.148,5400,4792,608,88.740741,11.259259,10.818824,3.42068,72.656588,51595,51502,93,10.766903,588,20.0,289.898,20.189775069,289.903716315,PASS
INST_0757,100757,1,1,AODV,150,40,5,4,2,512,20.0,290.0,0.037,20.148,290.148,270.0,270.148,5400,5267,133,97.537037,2.462963,121.490282,25.497568,79.858566,20435,20170,265,3.879818,83,20.0,289.898,20.431388043,289.884823342,PASS
INST_0757,100757,1,1,DSDV,150,40,5,4,2,512,20.0,290.0,0.037,20.148,290.148,270.0,270.148,5400,3811,1589,70.574074,29.425926,86.062504,67.566658,57.782608,18503,18503,0,4.855156,1216,20.0,289.898,20.119651217,295.258183693,PASS
INST_0757,100757,1,1,AOMDV,150,40,5,4,2,512,20.0,290.0,0.037,20.148,290.148,270.0,270.148,5400,4420,980,81.851852,18.148148,24.319034,15.981152,67.016302,49693,49420,273,11.24276,949,20.0,289.898,20.254827644,289.929145021,PASS
INST_0758,100758,1,1,AODV,150,40,5,4,3,512,20.0,290.0,0.037,20.148,290.148,270.0,270.148,5400,4959,441,91.833333,8.166667,280.737517,33.286134,75.188652,15559,15433,126,3.137528,436,20.0,289.898,20.374328093,289.927620894,PASS
INST_0758,100758,1,1,DSDV,150,40,5,4,3,512,20.0,290.0,0.037,20.148,290.148,270.0,270.148,5400,4005,1395,74.166667,25.833333,21.333314,20.934385,60.724048,16365,16365,0,4.086142,1079,20.0,289.898,20.018005846,289.91071185,PASS
INST_0758,100758,1,1,AOMDV,150,40,5,4,3,512,20.0,290.0,0.037,20.148,290.148,270.0,270.148,5400,4529,871,83.87037,16.12963,22.072744,17.307067,68.668967,48699,48507,192,10.752705,846,20.0,289.898,20.392344292,289.903918045,PASS
INST_0759,100759,1,1,AODV,150,40,5,4,4,512,20.0,290.0,0.037,20.148,290.148,270.0,270.148,5400,4994,406,92.481481,7.518519,473.88034,37.019056,75.719324,14972,14833,139,2.997998,403,20.0,289.898,22.361837416,289.910278728,PASS
INST_0759,100759,1,1,DSDV,150,40,5,4,4,512,20.0,290.0,0.037,20.148,290.148,270.0,270.148,5400,3826,1574,70.851852,29.148148,72.383669,78.331223,58.010039,17370,17370,0,4.53999,1147,20.0,289.898,20.128247296,294.675512994,PASS
INST_0759,100759,1,1,AOMDV,150,40,5,4,4,512,20.0,290.0,0.037,20.148,290.148,270.0,270.148,5400,4730,670,87.592593,12.407407,34.886336,36.96371,71.716541,47119,46932,187,9.961734,660,20.0,289.898,20.67120849,289.909718879,PASS
INST_0760,100760,1,1,AODV,150,40,5,4,5,512,20.0,290.0,0.037,20.148,290.148,270.0,270.148,5400,5039,361,93.314815,6.685185,171.354975,32.568059,76.401617,15062,14892,170,2.989085,354,20.0,289.898,20.374277073,289.93480287,PASS
INST_0760,100760,1,1,DSDV,150,40,5,4,5,512,20.0,290.0,0.037,20.148,290.148,270.0,270.148,5400,3202,2198,59.296296,40.703704,109.948128,33.019519,48.548914,19410,19410,0,6.061836,1498,20.0,289.898,23.517767357,293.190113727,PASS
INST_0760,100760,1,1,AOMDV,150,40,5,4,5,512,20.0,290.0,0.037,20.148,290.148,270.0,270.148,5400,4642,758,85.962963,14.037037,20.438923,7.475748,70.382279,48447,48183,264,10.436665,741,20.0,289.898,20.406665599,289.930558128,PASS
INST_0761,100761,1,1,AODV,150,40,5,8,1,512,20.0,290.0,0.037,20.148,290.148,270.0,270.148,10800,9656,1144,89.407407,10.592593,214.38428,16.866409,146.404845,12823,12775,48,1.327983,1137,20.0,290.023,20.312412148,290.028516315,PASS
INST_0761,100761,1,1,DSDV,150,40,5,8,1,512,20.0,290.0,0.037,20.148,290.148,270.0,270.148,10800,7306,3494,67.648148,32.351852,73.719121,36.399214,110.774005,20859,20859,0,2.855051,1573,20.0,290.023,20.045610018,298.784116024,PASS
INST_0761,100761,1,1,AOMDV,150,40,5,8,1,512,20.0,290.0,0.037,20.148,290.148,270.0,270.148,10800,9487,1313,87.842593,12.157407,15.102,4.388625,143.842457,51885,51758,127,5.469063,1284,20.0,290.023,20.375506576,290.028756315,PASS
INST_0762,100762,1,1,AODV,150,40,5,8,2,512,20.0,290.0,0.037,20.148,290.148,270.0,270.148,10800,9678,1122,89.611111,10.388889,183.132186,31.05839,146.73841,31733,31255,478,3.27888,1084,20.0,290.023,20.345742711,290.046921808,PASS
INST_0762,100762,1,1,DSDV,150,40,5,8,2,512,20.0,290.0,0.037,20.148,290.148,270.0,270.148,10800,6064,4736,56.148148,43.851852,70.069129,27.150012,91.942728,20538,20538,0,3.386873,2992,20.0,290.023,20.054564115,288.772643482,PASS
INST_0762,100762,1,1,AOMDV,150,40,5,8,2,512,20.0,290.0,0.037,20.148,290.148,270.0,270.148,10800,8949,1851,82.861111,17.138889,28.22801,9.443456,135.685269,49673,49372,301,5.550676,1815,20.0,290.023,20.694014084,290.056079795,PASS
INST_0763,100763,1,1,AODV,150,40,5,8,3,512,20.0,290.0,0.037,20.148,290.148,270.0,270.148,10800,9106,1694,84.314815,15.685185,289.487452,39.464272,138.065712,32406,32150,256,3.558752,1640,20.0,290.023,20.338021967,290.034419556,PASS
INST_0763,100763,1,1,DSDV,150,40,5,8,3,512,20.0,290.0,0.037,20.148,290.148,270.0,270.148,10800,6541,4259,60.564815,39.435185,148.35442,76.20334,99.17503,20903,20903,0,3.195689,2375,20.0,290.023,20.017545846,291.040719017,PASS
INST_0763,100763,1,1,AOMDV,150,40,5,8,3,512,20.0,290.0,0.037,20.148,290.148,270.0,270.148,10800,8996,1804,83.296296,16.703704,21.942678,8.488642,136.397886,48766,48585,181,5.420854,1725,20.0,290.023,20.402037379,290.035570992,PASS
INST_0764,100764,1,1,AODV,150,40,5,8,4,512,20.0,290.0,0.037,20.148,290.148,270.0,270.148,10800,10025,775,92.824074,7.175926,132.055555,20.79754,151.999645,17933,17738,195,1.788828,741,20.0,290.023,20.351261787,290.03501929,PASS
INST_0764,100764,1,1,DSDV,150,40,5,8,4,512,20.0,290.0,0.037,20.148,290.148,270.0,270.148,10800,6526,4274,60.425926,39.574074,114.168786,83.161478,98.947599,19659,19659,0,3.012412,2622,20.0,290.023,20.092145873,298.673926011,PASS
INST_0764,100764,1,1,AOMDV,150,40,5,8,4,512,20.0,290.0,0.037,20.148,290.148,270.0,270.148,10800,9479,1321,87.768519,12.231481,36.267359,13.740928,143.72116,47373,47177,196,4.997679,1287,20.0,290.023,20.654184623,290.03523867,PASS
INST_0765,100765,1,1,AODV,150,40,5,8,5,512,20.0,290.0,0.037,20.148,290.148,270.0,270.148,10800,9873,927,91.416667,8.583333,212.07152,29.156665,149.695012,28389,28079,310,2.875418,901,20.0,290.023,20.250411766,290.05336341,PASS
INST_0765,100765,1,1,DSDV,150,40,5,8,5,512,20.0,290.0,0.037,20.148,290.148,270.0,270.148,10800,7614,3186,70.5,29.5,108.664042,94.196201,115.44392,15773,15773,0,2.071579,2641,20.0,290.023,23.980235092,291.062256383,PASS
INST_0765,100765,1,1,AOMDV,150,40,5,8,5,512,20.0,290.0,0.037,20.148,290.148,270.0,270.148,10800,9393,1407,86.972222,13.027778,56.464198,51.559653,142.417223,48746,48456,290,5.189609,1353,20.0,290.023,20.285750667,290.054001951,PASS
INST_0766,100766,1,1,AODV,150,40,10,2,1,512,20.0,290.0,0.037,20.333,290.333,270.0,270.333,5400,4933,467,91.351852,8.648148,487.261728,65.13353,74.743254,25330,25199,131,5.134806,392,20.0,289.833,20.337755558,289.801896154,PASS
INST_0766,100766,1,1,DSDV,150,40,10,2,1,512,20.0,290.0,0.037,20.333,290.333,270.0,270.333,5400,4308,1092,79.777778,20.222222,127.682895,212.108711,65.273452,16412,16412,0,3.809656,934,20.0,289.833,20.046230018,299.396664142,PASS
INST_0766,100766,1,1,AOMDV,150,40,10,2,1,512,20.0,290.0,0.037,20.333,290.333,270.0,270.333,5400,4714,686,87.296296,12.703704,32.420331,42.462329,71.425035,56015,55762,253,11.88269,664,20.0,289.833,20.223684447,289.801636154,PASS
INST_0767,100767,1,1,AODV,150,40,10,2,2,512,20.0,290.0,0.037,20.333,290.333,270.0,270.333,5400,4995,405,92.5,7.5,368.834821,78.520985,75.682658,39489,39050,439,7.905706,359,20.0,289.833,20.72343729,289.862223186,PASS
INST_0767,100767,1,1,DSDV,150,40,10,2,2,512,20.0,290.0,0.037,20.333,290.333,270.0,270.333,5400,3195,2205,59.166667,40.833333,195.409343,243.620858,48.409628,19100,19100,0,5.978091,1769,20.0,289.833,20.054384184,297.303326334,PASS
INST_0767,100767,1,1,AOMDV,150,40,10,2,2,512,20.0,290.0,0.037,20.333,290.333,270.0,270.333,5400,4242,1158,78.555556,21.444444,31.447363,20.388721,64.273441,58704,58130,574,13.838755,1132,20.0,289.833,20.467132821,289.858856027,PASS
INST_0768,100768,1,1,AODV,150,40,10,2,3,512,20.0,290.0,0.037,20.333,290.333,270.0,270.333,5400,5174,226,95.814815,4.185185,200.40767,64.816315,78.394809,37699,37256,443,7.286239,210,20.0,289.833,20.561141761,289.865381831,PASS
INST_0768,100768,1,1,DSDV,150,40,10,2,3,512,20.0,290.0,0.037,20.333,290.333,270.0,270.333,5400,3664,1736,67.851852,32.148148,211.546496,192.939314,55.515768,18985,18985,0,5.181496,1117,20.0,289.833,20.017705846,294.935416768,PASS
INST_0768,100768,1,1,AOMDV,150,40,10,2,3,512,20.0,290.0,0.037,20.333,290.333,270.0,270.333,5400,4565,835,84.537037,15.462963,37.995957,50.181747,69.167434,53837,53456,381,11.793428,778,20.0,289.833,20.532318647,289.851080783,PASS
INST_0769,100769,1,1,AODV,150,40,10,2,4,512,20.0,290.0,0.037,20.333,290.333,270.0,270.333,5400,5165,235,95.648148,4.351852,638.160191,104.966243,78.258444,39649,39218,431,7.676476,204,20.0,289.833,20.613694476,289.845439821,PASS
INST_0769,100769,1,1,DSDV,150,40,10,2,4,512,20.0,290.0,0.037,20.333,290.333,270.0,270.333,5400,4099,1301,75.907407,24.092593,71.378735,102.364959,62.10675,16280,16280,0,3.9717,1067,20.0,289.833,20.091945812,299.408198276,PASS
INST_0769,100769,1,1,AOMDV,150,40,10,2,4,512,20.0,290.0,0.037,20.333,290.333,270.0,270.333,5400,4572,828,84.666667,15.333333,23.848209,12.467147,69.273496,54654,54168,486,11.954068,799,20.0,289.833,20.934128812,289.846487811,PASS
INST_0770,100770,1,1,AODV,150,40,10,2,5,512,20.0,290.0,0.037,20.333,290.333,270.0,270.333,5400,5245,155,97.12963,2.87037,278.731858,58.315456,79.470579,28658,28387,271,5.46387,129,20.0,289.833,20.47706528,289.838678221,PASS
INST_0770,100770,1,1,DSDV,150,40,10,2,5,512,20.0,290.0,0.037,20.333,290.333,270.0,270.333,5400,3981,1419,73.722222,26.277778,74.956074,80.570146,60.318851,14374,14374,0,3.610651,1232,20.0,289.833,20.193852237,290.070172299,PASS
INST_0770,100770,1,1,AOMDV,150,40,10,2,5,512,20.0,290.0,0.037,20.333,290.333,270.0,270.333,5400,4705,695,87.12963,12.87037,70.432422,59.786708,71.28867,53329,52877,452,11.334538,665,20.0,289.833,20.886936502,289.838538221,PASS
INST_0771,100771,1,1,AODV,150,40,10,4,1,512,20.0,290.0,0.037,20.333,290.333,270.0,270.333,10800,9798,1002,90.722222,9.277778,452.97998,47.411201,148.456193,27729,27565,164,2.830067,898,20.0,290.083,20.414355036,290.057777215,PASS
INST_0771,100771,1,1,DSDV,150,40,10,4,1,512,20.0,290.0,0.037,20.333,290.333,270.0,270.333,10800,7733,3067,71.601852,28.398148,68.980719,38.500787,117.167967,18845,18845,0,2.436958,2018,20.0,290.083,20.045650018,290.07110848,PASS
INST_0771,100771,1,1,AOMDV,150,40,10,4,1,512,20.0,290.0,0.037,20.333,290.333,270.0,270.333,10800,9586,1214,88.759259,11.240741,30.790614,29.041497,145.244036,55090,54859,231,5.746923,1178,20.0,290.083,20.26390887,290.07527217,PASS
INST_0772,100772,1,1,AODV,150,40,10,4,2,512,20.0,290.0,0.037,20.333,290.333,270.0,270.333,10800,9821,979,90.935185,9.064815,441.10565,80.030205,148.804682,65323,64420,903,6.651359,881,20.0,290.083,20.57848453,290.100802821,PASS
INST_0772,100772,1,1,DSDV,150,40,10,4,2,512,20.0,290.0,0.037,20.333,290.333,270.0,270.333,10800,5507,5293,50.990741,49.009259,325.638067,173.452986,83.44032,21370,21370,0,3.880516,3670,20.0,290.083,20.054564184,299.816259836,PASS
INST_0772,100772,1,1,AOMDV,150,40,10,4,2,512,20.0,290.0,0.037,20.333,290.333,270.0,270.333,10800,8136,2664,75.333333,24.666667,77.199953,44.364755,123.274095,60856,60123,733,7.479843,2603,20.0,290.083,20.59292979,290.072306612,PASS
INST_0773,100773,1,1,AODV,150,40,10,4,3,512,20.0,290.0,0.037,20.333,290.333,270.0,270.333,10800,9891,909,91.583333,8.416667,570.876215,78.622087,149.865299,53839,53073,766,5.443231,845,20.0,290.083,20.649464178,296.230456385,PASS
INST_0773,100773,1,1,DSDV,150,40,10,4,3,512,20.0,290.0,0.037,20.333,290.333,270.0,270.333,10800,7158,3642,66.277778,33.722222,186.784731,139.482198,108.455749,19272,19272,0,2.692372,2323,20.0,290.083,20.017845869,289.869925359,PASS
INST_0773,100773,1,1,AOMDV,150,40,10,4,3,512,20.0,290.0,0.037,20.333,290.333,270.0,270.333,10800,9143,1657,84.657407,15.342593,59.038624,27.212091,138.53184,54312,53892,420,5.940282,1595,20.0,290.083,20.820277517,290.094800467,PASS
INST_0774,100774,1,1,AODV,150,40,10,4,4,512,20.0,290.0,0.037,20.333,290.333,270.0,270.333,10800,9842,958,91.12963,8.87037,533.274931,82.194209,149.122867,58242,57609,633,5.9177,901,20.0,290.083,20.587305808,291.277558265,PASS
INST_0774,100774,1,1,DSDV,150,40,10,4,4,512,20.0,290.0,0.037,20.333,290.333,270.0,270.333,10800,7181,3619,66.490741,33.509259,105.069983,107.546603,108.804238,18255,18255,0,2.542125,2467,20.0,290.083,20.241066756,298.124637293,PASS
INST_0774,100774,1,1,AOMDV,150,40,10,4,4,512,20.0,290.0,0.037,20.333,290.333,270.0,270.333,10800,9223,1577,85.398148,14.601852,73.846241,23.164582,139.743975,54795,54293,502,5.941125,1525,20.0,290.083,20.734339732,290.094819557,PASS
INST_0775,100775,1,1,AODV,150,40,10,4,5,512,20.0,290.0,0.037,20.333,290.333,270.0,270.333,10800,9913,887,91.787037,8.212963,387.306032,65.224803,150.198636,51451,50821,630,5.190255,788,20.0,290.083,20.646488298,290.088918221,PASS
INST_0775,100775,1,1,DSDV,150,40,10,4,5,512,20.0,290.0,0.037,20.333,290.333,270.0,270.333,10800,7116,3684,65.888889,34.111111,133.700403,76.334564,107.819378,18198,18198,0,2.557336,2392,20.0,290.083,20.194292238,290.90467614,PASS
INST_0775,100775,1,1,AOMDV,150,40,10,4,5,512,20.0,290.0,0.037,20.333,290.333,270.0,270.333,10800,9281,1519,85.935185,14.064815,40.030561,32.832844,140.622773,54396,53916,480,5.861006,1457,20.0,290.083,20.43869803,290.091765491,PASS
INST_0776,100776,1,1,AODV,150,40,10,8,1,512,20.0,290.0,0.037,20.333,290.333,270.0,270.333,21600,18297,3303,84.708333,15.291667,274.928637,40.082961,277.230349,39657,39377,280,2.167404,3092,20.0,290.208,20.184603849,290.340528272,PASS
INST_0776,100776,1,1,DSDV,150,40,10,8,1,512,20.0,290.0,0.037,20.333,290.333,270.0,270.333,21600,12637,8963,58.50463,41.49537,308.582091,91.866668,191.471822,21966,21966,0,1.738229,4105,20.0,290.208,20.046090018,294.773549771,PASS
INST_0776,100776,1,1,AOMDV,150,40,10,8,1,512,20.0,290.0,0.037,20.333,290.333,270.0,270.333,21600,18224,3376,84.37037,15.62963,225.273511,35.974648,276.124276,59589,59214,375,3.269809,3211,20.0,290.208,20.352824547,290.861710714,PASS
INST_0777,100777,1,1,AODV,150,40,10,8,2,512,20.0,290.0,0.037,20.333,290.333,270.0,270.333,21600,13693,7907,63.393519,36.606481,973.49534,165.288879,207.471999,124132,122246,1886,9.065362,7336,20.0,290.208,20.69115316,296.919928684,PASS
INST_0777,100777,1,1,DSDV,150,40,10,8,2,512,20.0,290.0,0.037,20.333,290.333,270.0,270.333,21600,9708,11892,44.944444,55.055556,475.983825,164.029527,147.092541,22079,22079,0,2.27431,6545,20.0,290.208,20.054544184,299.728000858,PASS
INST_0777,100777,1,1,AOMDV,150,40,10,8,2,512,20.0,290.0,0.037,20.333,290.333,270.0,270.333,21600,13984,7616,64.740741,35.259259,1038.530907,165.646785,211.881139,65090,64233,857,4.654605,6601,20.0,290.208,20.402929301,293.415398313,PASS
INST_0778,100778,1,1,AODV,150,40,10,8,3,512,20.0,290.0,0.037,20.333,290.333,270.0,270.333,21600,17275,4325,79.976852,20.023148,287.195345,64.871505,261.745329,71468,70456,1012,4.137077,4057,20.0,290.208,20.679783642,290.176836219,PASS
INST_0778,100778,1,1,DSDV,150,40,10,8,3,512,20.0,290.0,0.037,20.333,290.333,270.0,270.333,21600,11211,10389,51.902778,48.097222,659.352298,121.757411,169.865521,22986,22986,0,2.050308,5127,20.0,290.208,20.017545846,297.176888113,PASS
INST_0778,100778,1,1,AOMDV,150,40,10,8,3,512,20.0,290.0,0.037,20.333,290.333,270.0,270.333,21600,16853,4747,78.023148,21.976852,657.608705,71.99175,255.351319,57736,57227,509,3.425859,4173,20.0,290.208,20.409777926,290.226648726,PASS
INST_0779,100779,1,1,AODV,150,40,10,8,4,512,20.0,290.0,0.037,20.333,290.333,270.0,270.333,21600,14994,6606,69.416667,30.583333,789.838786,105.421133,227.184339,85257,84349,908,5.686074,6203,20.0,290.208,20.577289163,295.857411068,PASS
INST_0779,100779,1,1,DSDV,150,40,10,8,4,512,20.0,290.0,0.037,20.333,290.333,270.0,270.333,21600,12159,9441,56.291667,43.708333,499.633269,152.601601,184.229317,20792,20792,0,1.710009,5242,20.0,290.208,20.092005811,299.886323149,PASS
INST_0779,100779,1,1,AOMDV,150,40,10,8,4,512,20.0,290.0,0.037,20.333,290.333,270.0,270.333,21600,15478,6122,71.657407,28.342593,1493.684006,144.577688,234.517754,60248,59543,705,3.892493,4825,20.0,290.208,21.005104356,290.948146513,PASS
INST_0780,100780,1,1,AODV,150,40,10,8,5,512,20.0,290.0,0.037,20.333,290.333,270.0,270.333,21600,14988,6612,69.388889,30.611111,564.606644,108.35328,227.093429,107615,105957,1658,7.180077,6173,20.0,290.208,20.590483861,291.539589838,PASS
INST_0780,100780,1,1,DSDV,150,40,10,8,5,512,20.0,290.0,0.037,20.333,290.333,270.0,270.333,21600,11542,10058,53.435185,46.564815,500.0505,126.048398,174.880729,19957,19957,0,1.729076,5450,20.0,290.208,20.193732237,299.985595169,PASS
INST_0780,100780,1,1,AOMDV,150,40,10,8,5,512,20.0,290.0,0.037,20.333,290.333,270.0,270.333,21600,15695,5905,72.662037,27.337963,1022.533224,132.689837,237.805669,61924,61175,749,3.94546,4677,20.0,290.208,21.041379381,292.169436458,PASS
INST_0781,100781,1,1,AODV,150,40,15,2,1,512,20.0,290.0,0.037,20.518,290.518,270.0,270.518,8100,7604,496,93.876543,6.123457,409.204332,67.845227,115.134608,38988,38672,316,5.127301,427,20.0,290.018,20.309412007,290.676170025,PASS
INST_0781,100781,1,1,DSDV,150,40,15,2,1,512,20.0,290.0,0.037,20.518,290.518,270.0,270.518,8100,6024,2076,74.37037,25.62963,163.839573,80.672932,91.211321,18036,18036,0,2.994024,1540,20.0,290.018,20.045810018,299.471801257,PASS
INST_0781,100781,1,1,AOMDV,150,40,15,2,1,512,20.0,290.0,0.037,20.518,290.518,270.0,270.518,8100,7036,1064,86.864198,13.135802,62.209066,78.985771,106.534338,64327,63730,597,9.142553,1027,20.0,290.018,20.286372848,290.063196996,PASS
INST_0782,100782,1,1,AODV,150,40,15,2,2,512,20.0,290.0,0.037,20.518,290.518,270.0,270.518,8100,7579,521,93.567901,6.432099,158.852102,77.262672,114.756075,61433,60591,842,8.105687,453,20.0,290.018,20.769301957,290.646358202,PASS
INST_0782,100782,1,1,DSDV,150,40,15,2,2,512,20.0,290.0,0.037,20.518,290.518,270.0,270.518,8100,5132,2968,63.358025,36.641975,336.357792,96.114761,77.705262,20974,20974,0,4.086906,2128,20.0,290.018,20.054764115,299.8734306,PASS
INST_0782,100782,1,1,AOMDV,150,40,15,2,2,512,20.0,290.0,0.037,20.518,290.518,270.0,270.518,8100,6521,1579,80.506173,19.493827,83.48732,53.685856,98.736557,66660,65650,1010,10.222359,1497,20.0,290.018,22.504373957,290.029800302,PASS
INST_0783,100783,1,1,AODV,150,40,15,2,3,512,20.0,290.0,0.037,20.518,290.518,270.0,270.518,8100,7417,683,91.567901,8.432099,623.361666,115.201342,112.303181,57734,57060,674,7.78401,633,20.0,290.018,20.900293513,290.036040109,PASS
INST_0783,100783,1,1,DSDV,150,40,15,2,3,512,20.0,290.0,0.037,20.518,290.518,270.0,270.518,8100,5388,2712,66.518519,33.481481,266.42358,107.528351,81.58144,19049,19049,0,3.535449,1801,20.0,290.018,20.267051304,299.352630751,PASS
INST_0783,100783,1,1,AOMDV,150,40,15,2,3,512,20.0,290.0,0.037,20.518,290.518,270.0,270.518,8100,6676,1424,82.419753,17.580247,89.652664,49.111371,101.083462,66262,65345,917,9.925404,1368,20.0,290.018,20.938467623,290.029818735,PASS
INST_0784,100784,1,1,AODV,150,40,15,2,4,512,20.0,290.0,0.037,20.518,290.518,270.0,270.518,8100,7350,750,90.740741,9.259259,361.328279,91.62412,111.288713,60135,59464,671,8.181633,672,20.0,290.018,20.686195008,290.036200962,PASS
INST_0784,100784,1,1,DSDV,150,40,15,2,4,512,20.0,290.0,0.037,20.518,290.518,270.0,270.518,8100,5373,2727,66.333333,33.666667,198.906038,230.687996,81.35432,17599,17599,0,3.275451,1985,20.0,290.018,20.091705873,296.58795621,PASS
INST_0784,100784,1,1,AOMDV,150,40,15,2,4,512,20.0,290.0,0.037,20.518,290.518,270.0,270.518,8100,6675,1425,82.407407,17.592593,52.158035,43.781064,101.068321,65511,64586,925,9.814382,1382,20.0,290.018,22.029804315,290.03692735,PASS
INST_0785,100785,1,1,AODV,150,40,15,2,5,512,20.0,290.0,0.037,20.518,290.518,270.0,270.518,8100,7464,636,92.148148,7.851852,310.439577,73.340374,113.014823,47178,46612,566,6.32074,560,20.0,290.018,20.812680895,290.042101628,PASS
INST_0785,100785,1,1,DSDV,150,40,15,2,5,512,20.0,290.0,0.037,20.518,290.518,270.0,270.518,8100,5216,2884,64.395062,35.604938,243.508394,294.33125,78.977133,17019,17019,0,3.262845,2152,20.0,290.018,20.193792237,299.98108528,PASS
INST_0785,100785,1,1,AOMDV,150,40,15,2,5,512,20.0,290.0,0.037,20.518,290.518,270.0,270.518,8100,6750,1350,83.333333,16.666667,52.481285,44.627822,102.20392,61578,60761,817,9.122667,1308,20.0,290.018,20.592286817,290.023617908,PASS
INST_0786,100786,1,1,AODV,150,40,15,4,1,512,20.0,290.0,0.037,20.518,290.518,270.0,270.518,16200,13809,2391,85.240741,14.759259,795.271282,99.145355,209.086508,63231,62636,595,4.57897,2175,20.0,290.268,20.457570659,297.234416484,PASS
INST_0786,100786,1,1,DSDV,150,40,15,4,1,512,20.0,290.0,0.037,20.518,290.518,270.0,270.518,16200,9948,6252,61.407407,38.592593,266.080806,153.361094,150.625866,20974,20974,0,2.108363,3082,20.0,290.268,20.046430018,294.668293057,PASS
INST_0786,100786,1,1,AOMDV,150,40,15,4,1,512,20.0,290.0,0.037,20.518,290.518,270.0,270.518,16200,13787,2413,85.104938,14.895062,88.392674,39.082969,208.753399,65620,64962,658,4.759556,2334,20.0,290.268,20.489394493,290.273537933,PASS
INST_0787,100787,1,1,AODV,150,40,15,4,2,512,20.0,290.0,0.037,20.518,290.518,270.0,270.518,16200,12567,3633,77.574074,22.425926,613.871903,170.72091,190.280987,124323,122428,1895,9.892815,3329,20.0,290.268,20.712582065,291.085843181,PASS
INST_0787,100787,1,1,DSDV,150,40,15,4,2,512,20.0,290.0,0.037,20.518,290.518,270.0,270.518,16200,8961,7239,55.314815,44.685185,355.804606,130.227818,135.681382,21300,21300,0,2.376967,4660,20.0,290.268,20.055204184,299.782078825,PASS
INST_0787,100787,1,1,AOMDV,150,40,15,4,2,512,20.0,290.0,0.037,20.518,290.518,270.0,270.518,16200,12255,3945,75.648148,24.351852,228.760694,108.454588,185.556895,72219,70953,1266,5.893023,3749,20.0,290.268,21.466128736,290.280586221,PASS
INST_0788,100788,1,1,AODV,150,40,15,4,3,512,20.0,290.0,0.037,20.518,290.518,270.0,270.518,16200,13105,3095,80.895062,19.104938,709.930564,140.43028,198.427018,94399,92985,1414,7.203281,2869,20.0,290.268,20.788535772,293.838548147,PASS
INST_0788,100788,1,1,DSDV,150,40,15,4,3,512,20.0,290.0,0.037,20.518,290.518,270.0,270.518,16200,9115,7085,56.265432,43.734568,392.379145,152.298869,138.013145,20784,20784,0,2.280197,3948,20.0,290.268,20.268051304,298.981352371,PASS
INST_0788,100788,1,1,AOMDV,150,40,15,4,3,512,20.0,290.0,0.037,20.518,290.518,270.0,270.518,16200,12904,3296,79.654321,20.345679,195.05567,56.973773,195.383612,68298,67358,940,5.292777,3154,20.0,290.268,21.478870228,290.283556048,PASS
INST_0789,100789,1,1,AODV,150,40,15,4,4,512,20.0,290.0,0.037,20.518,290.518,270.0,270.518,16200,12806,3394,79.049383,20.950617,978.710885,163.323178,193.899763,112794,111345,1449,8.807903,3120,20.0,290.268,20.905568801,294.995125594,PASS
INST_0789,100789,1,1,DSDV,150,40,15,4,4,512,20.0,290.0,0.037,20.518,290.518,270.0,270.518,16200,8838,7362,54.555556,45.444444,548.667593,248.976275,133.818999,21716,21716,0,2.457117,4584,20.0,290.268,20.091945873,296.244921334,PASS
INST_0789,100789,1,1,AOMDV,150,40,15,4,4,512,20.0,290.0,0.037,20.518,290.518,270.0,270.518,16200,12312,3888,76.0,24.0,411.98619,142.426866,186.41995,72011,70854,1157,5.848847,3674,20.0,290.268,21.095107296,290.527998662,PASS
INST_0790,100790,1,1,AODV,150,40,15,4,5,512,20.0,290.0,0.037,20.518,290.518,270.0,270.518,16200,11706,4494,72.259259,27.740741,975.065852,228.999,177.244309,142113,139876,2237,12.140185,4070,20.0,290.268,20.654314515,291.843836207,PASS
INST_0790,100790,1,1,DSDV,150,40,15,4,5,512,20.0,290.0,0.037,20.518,290.518,270.0,270.518,16200,9151,7049,56.487654,43.512346,296.927221,214.612377,138.558233,18585,18585,0,2.030926,4530,20.0,290.268,20.193572237,299.443282012,PASS
INST_0790,100790,1,1,AOMDV,150,40,15,4,5,512,20.0,290.0,0.037,20.518,290.518,270.0,270.518,16200,12095,4105,74.660494,25.339506,335.439132,127.3973,183.134283,71255,70128,1127,5.891277,3962,20.0,290.268,20.663666354,290.273637904,PASS
INST_0791,100791,1,1,AODV,150,40,15,8,1,512,20.0,290.0,0.037,20.518,290.518,270.0,270.518,32400,18520,13880,57.160494,42.839506,2166.03565,203.441397,280.417274,109571,108314,1257,5.916361,11658,20.0,290.393,20.897622531,294.110033029,PASS
INST_0791,100791,1,1,DSDV,150,40,15,8,1,512,20.0,290.0,0.037,20.518,290.518,270.0,270.518,32400,14891,17509,45.959877,54.040123,1156.832913,203.160737,225.469418,23370,23370,0,1.569404,7308,20.0,290.393,20.045430018,296.460839884,PASS
INST_0791,100791,1,1,AOMDV,150,40,15,8,1,512,20.0,290.0,0.037,20.518,290.518,270.0,270.518,32400,17835,14565,55.046296,44.953704,3578.354317,225.294602,270.045468,85636,84451,1185,4.80157,8493,20.0,290.393,20.429698885,294.322663131,PASS
INST_0792,100792,1,1,AODV,150,40,15,8,2,512,20.0,290.0,0.037,20.518,290.518,270.0,270.518,32400,15851,16549,48.92284,51.07716,2252.052981,270.764563,240.005087,137923,135928,1995,8.701218,13300,20.0,290.393,20.910539267,299.99767669,PASS
INST_0792,100792,1,1,DSDV,150,40,15,8,2,512,20.0,290.0,0.037,20.518,290.518,270.0,270.518,32400,12408,19992,38.296296,61.703704,1085.47184,246.741016,187.873517,25225,25225,0,2.032963,8760,20.0,290.393,20.055444115,299.372071514,PASS
INST_0792,100792,1,1,AOMDV,150,40,15,8,2,512,20.0,290.0,0.037,20.518,290.518,270.0,270.518,32400,15356,17044,47.395062,52.604938,3087.277141,260.7233,232.510132,83472,81900,1572,5.435791,10861,20.0,290.393,21.140302102,293.634201523,PASS
INST_0793,100793,1,1,AODV,150,40,15,8,3,512,20.0,290.0,0.037,20.518,290.518,270.0,270.518,32400,19553,12847,60.348765,39.651235,1277.79281,135.78513,296.058259,104314,103258,1056,5.334936,11597,20.0,290.393,20.927220026,293.838865252,PASS
INST_0793,100793,1,1,DSDV,150,40,15,8,3,512,20.0,290.0,0.037,20.518,290.518,270.0,270.518,32400,13668,18732,42.185185,57.814815,1181.412127,201.837622,206.951582,22933,22933,0,1.677861,7639,20.0,290.393,20.017205846,296.872184989,PASS
INST_0793,100793,1,1,AOMDV,150,40,15,8,3,512,20.0,290.0,0.037,20.518,290.518,270.0,270.518,32400,17355,15045,53.564815,46.435185,2792.188379,201.54145,262.777634,84609,83141,1468,4.875194,9540,20.0,290.393,23.196193795,292.91978889,PASS
INST_0794,100794,1,1,AODV,150,40,15,8,4,512,20.0,290.0,0.037,20.518,290.518,270.0,270.518,32400,14092,18308,43.493827,56.506173,1925.140905,222.507285,213.371502,139982,138401,1581,9.933437,16117,20.0,290.393,20.975175072,294.319870215,PASS
INST_0794,100794,1,1,DSDV,150,40,15,8,4,512,20.0,290.0,0.037,20.518,290.518,270.0,270.518,32400,12767,19633,39.404321,60.595679,1663.989663,239.181177,193.309251,21549,21549,0,1.687867,8755,20.0,290.393,20.092525873,289.968270357,PASS
INST_0794,100794,1,1,AOMDV,150,40,15,8,4,512,20.0,290.0,0.037,20.518,290.518,270.0,270.518,32400,13778,18622,42.524691,57.475309,4404.34411,314.946601,208.617127,90665,88976,1689,6.580418,10867,20.0,290.393,23.974008776,296.216691583,PASS
INST_0795,100795,1,1,AODV,150,40,15,8,5,512,20.0,290.0,0.037,20.518,290.518,270.0,270.518,32400,13266,19134,40.944444,59.055556,2498.586751,338.226474,200.864771,172655,170245,2410,13.01485,16304,20.0,290.393,20.917305024,299.99777239,PASS
INST_0795,100795,1,1,DSDV,150,40,15,8,5,512,20.0,290.0,0.037,20.518,290.518,270.0,270.518,32400,13408,18992,41.382716,58.617284,1515.484448,270.984537,203.014838,21841,21841,0,1.628953,8278,20.0,290.393,20.194152237,298.977993874,PASS
INST_0795,100795,1,1,AOMDV,150,40,15,8,5,512,20.0,290.0,0.037,20.518,290.518,270.0,270.518,32400,14316,18084,44.185185,55.814815,4544.188513,305.752665,216.763158,81908,80451,1457,5.721431,10045,20.0,290.393,20.627713586,296.796716373,PASS
INST_0796,100796,1,1,AODV,150,40,20,2,1,512,20.0,290.0,0.037,20.703,290.703,270.0,270.703,10800,9901,899,91.675926,8.324074,409.131834,114.561588,149.811772,68996,68250,746,6.968589,701,20.0,290.203,20.170253707,290.3127879,PASS
INST_0796,100796,1,1,DSDV,150,40,20,2,1,512,20.0,290.0,0.037,20.703,290.703,270.0,270.703,10800,6707,4093,62.101852,37.898148,185.344226,146.832141,101.483441,19719,19719,0,2.940063,2497,20.0,290.203,20.045650018,297.966128,PASS
INST_0796,100796,1,1,AOMDV,150,40,20,2,1,512,20.0,290.0,0.037,20.703,290.703,270.0,270.703,10800,9053,1747,83.824074,16.175926,71.147288,42.810928,136.980706,72496,71694,802,8.007953,1683,20.0,290.203,20.44878537,290.258614569,PASS
INST_0797,100797,1,1,AODV,150,40,20,2,2,512,20.0,290.0,0.037,20.703,290.703,270.0,270.703,10800,9802,998,90.759259,9.240741,461.560803,115.670831,148.313805,87920,86725,1195,8.969598,879,20.0,290.203,20.677623923,290.220922743,PASS
INST_0797,100797,1,1,DSDV,150,40,20,2,2,512,20.0,290.0,0.037,20.703,290.703,270.0,270.703,10800,6574,4226,60.87037,39.12963,486.453528,209.523439,99.471022,20106,20106,0,3.058412,2981,20.0,290.203,20.120471217,299.925738929,PASS
INST_0797,100797,1,1,AOMDV,150,40,20,2,2,512,20.0,290.0,0.037,20.703,290.703,270.0,270.703,10800,8711,2089,80.657407,19.342593,95.419705,107.895045,131.805913,72717,71426,1291,8.347721,1978,20.0,290.203,20.331445281,290.223160318,PASS
INST_0798,100798,1,1,AODV,150,40,20,2,3,512,20.0,290.0,0.037,20.703,290.703,270.0,270.703,10800,9794,1006,90.685185,9.314815,518.463326,109.952457,148.192757,82818,81670,1148,8.455993,895,20.0,290.203,20.867463712,290.214879457,PASS
INST_0798,100798,1,1,DSDV,150,40,20,2,3,512,20.0,290.0,0.037,20.703,290.703,270.0,270.703,10800,6833,3967,63.268519,36.731481,255.68606,181.860157,103.389944,19718,19718,0,2.885702,2544,20.0,290.203,20.267751304,293.780228201,PASS
INST_0798,100798,1,1,AOMDV,150,40,20,2,3,512,20.0,290.0,0.037,20.703,290.703,270.0,270.703,10800,8909,1891,82.490741,17.509259,112.470636,128.645095,134.801846,74711,73459,1252,8.386014,1811,20.0,290.203,21.103743975,290.215528238,PASS
INST_0799,100799,1,1,AODV,150,40,20,2,4,512,20.0,290.0,0.037,20.703,290.703,270.0,270.703,10800,10001,799,92.601852,7.398148,245.846429,77.362125,151.324869,67089,66334,755,6.708229,651,20.0,290.203,20.998558897,290.214958771,PASS
INST_0799,100799,1,1,DSDV,150,40,20,2,4,512,20.0,290.0,0.037,20.703,290.703,270.0,270.703,10800,7251,3549,67.138889,32.861111,230.169274,261.218072,109.714691,18729,18729,0,2.582954,2487,20.0,290.203,20.563510167,299.462905841,PASS
INST_0799,100799,1,1,AOMDV,150,40,20,2,4,512,20.0,290.0,0.037,20.703,290.703,270.0,270.703,10800,8941,1859,82.787037,17.212963,137.979553,145.125351,135.286037,72305,71227,1078,8.086903,1726,20.0,290.203,23.759683572,290.209042193,PASS
INST_0800,100800,1,1,AODV,150,40,20,2,5,512,20.0,290.0,0.037,20.703,290.703,270.0,270.703,10800,9466,1334,87.648148,12.351852,493.501163,207.392563,143.229798,100511,99066,1445,10.618107,1155,20.0,290.203,20.320995667,290.226900562,PASS
INST_0800,100800,1,1,DSDV,150,40,20,2,5,512,20.0,290.0,0.037,20.703,290.703,270.0,270.703,10800,6999,3801,64.805556,35.194444,292.193833,266.99705,105.901686,18137,18137,0,2.59137,2525,20.0,290.203,20.193692237,299.319611033,PASS
INST_0800,100800,1,1,AOMDV,150,40,20,2,5,512,20.0,290.0,0.037,20.703,290.703,270.0,270.703,10800,8973,1827,83.083333,16.916667,91.775389,82.779112,135.770228,69017,67909,1108,7.69163,1727,20.0,290.203,20.425333074,290.229038143,PASS
INST_0801,100801,1,1,AODV,150,40,20,4,1,512,20.0,290.0,0.037,20.703,290.703,270.0,270.703,21600,14037,7563,64.986111,35.013889,1605.578899,304.35995,212.393479,137170,135667,1503,9.772031,6632,20.0,290.453,20.162841729,295.389522925,PASS
INST_0801,100801,1,1,DSDV,150,40,20,4,1,512,20.0,290.0,0.037,20.703,290.703,270.0,270.703,21600,11055,10545,51.180556,48.819444,757.362374,261.925577,167.272915,21465,21465,0,1.941655,5547,20.0,290.453,20.045630018,297.808906995,PASS
INST_0801,100801,1,1,AOMDV,150,40,20,4,1,512,20.0,290.0,0.037,20.703,290.703,270.0,270.703,21600,14799,6801,68.513889,31.486111,2079.392497,291.455533,223.923281,86612,85350,1262,5.852558,5865,20.0,290.453,20.157464383,294.840289893,PASS
INST_0802,100802,1,1,AODV,150,40,20,4,2,512,20.0,290.0,0.037,20.703,290.703,270.0,270.703,21600,13282,8318,61.490741,38.509259,1449.346938,309.485424,200.969594,159119,157054,2065,11.980048,7410,20.0,290.453,20.715431745,296.738500901,PASS
INST_0802,100802,1,1,DSDV,150,40,20,4,2,512,20.0,290.0,0.037,20.703,290.703,270.0,270.703,21600,10887,10713,50.402778,49.597222,693.71214,189.773102,164.730912,23612,23612,0,2.168825,5859,20.0,290.453,20.055064115,299.564261651,PASS
INST_0802,100802,1,1,AOMDV,150,40,20,4,2,512,20.0,290.0,0.037,20.703,290.703,270.0,270.703,21600,14202,7398,65.75,34.25,1229.407502,259.664229,214.89009,88216,86379,1837,6.21152,6627,20.0,290.453,20.504442707,292.540191101,PASS
INST_0803,100803,1,1,AODV,150,40,20,4,3,512,20.0,290.0,0.037,20.703,290.703,270.0,270.703,21600,14357,7243,66.467593,33.532407,1666.573038,254.082685,217.235391,146177,144361,1816,10.181584,6516,20.0,290.453,20.578694267,294.81336856,PASS
INST_0803,100803,1,1,DSDV,150,40,20,4,3,512,20.0,290.0,0.037,20.703,290.703,270.0,270.703,21600,10917,10683,50.541667,49.458333,640.571894,231.579891,165.184841,23188,23188,0,2.124027,5582,20.0,290.453,20.267631304,289.844009099,PASS
INST_0803,100803,1,1,AOMDV,150,40,20,4,3,512,20.0,290.0,0.037,20.703,290.703,270.0,270.703,21600,15319,6281,70.921296,29.078704,976.228252,174.98958,231.791388,90746,89041,1705,5.923755,5643,20.0,290.453,20.663589951,291.356750161,PASS
INST_0804,100804,1,1,AODV,150,40,20,4,4,512,20.0,290.0,0.037,20.703,290.703,270.0,270.703,21600,14215,7385,65.810185,34.189815,1309.511195,275.157301,215.086793,161113,159026,2087,11.334013,6681,20.0,290.453,21.103252135,297.732453479,PASS
INST_0804,100804,1,1,DSDV,150,40,20,4,4,512,20.0,290.0,0.037,20.703,290.703,270.0,270.703,21600,12061,9539,55.837963,44.162037,619.902765,278.275706,182.494675,21558,21558,0,1.787414,5385,20.0,290.453,20.092485811,299.343750042,PASS
INST_0804,100804,1,1,AOMDV,150,40,20,4,4,512,20.0,290.0,0.037,20.703,290.703,270.0,270.703,21600,14670,6930,67.916667,32.083333,1562.588724,248.035804,221.971386,87322,85635,1687,5.95242,6021,20.0,290.453,21.378515157,292.288223894,PASS
INST_0805,100805,1,1,AODV,150,40,20,4,5,512,20.0,290.0,0.037,20.703,290.703,270.0,270.703,21600,12804,8796,59.277778,40.722222,1741.677641,324.004299,193.736989,158795,156591,2204,12.401984,7542,20.0,290.453,20.361691687,297.236637494,PASS
INST_0805,100805,1,1,DSDV,150,40,20,4,5,512,20.0,290.0,0.037,20.703,290.703,270.0,270.703,21600,10446,11154,48.361111,51.638889,654.175897,240.036036,158.058152,21658,21658,0,2.07333,6022,20.0,290.453,20.194052238,298.485595808,PASS
INST_0805,100805,1,1,AOMDV,150,40,20,4,5,512,20.0,290.0,0.037,20.703,290.703,270.0,270.703,21600,13047,8553,60.402778,39.597222,2551.783864,317.49554,197.413815,89951,88100,1851,6.894382,7109,20.0,290.453,21.040961384,295.534821841,PASS
INST_0806,100806,1,1,AODV,150,40,20,8,1,512,20.0,290.0,0.037,20.703,290.703,270.0,270.703,43200,15849,27351,36.6875,63.3125,3812.42453,418.903688,239.810804,145736,144201,1535,9.19528,19907,20.0,290.578,20.355499079,297.226722093,PASS
INST_0806,100806,1,1,DSDV,150,40,20,8,1,512,20.0,290.0,0.037,20.703,290.703,270.0,270.703,43200,14477,28723,33.511574,66.488426,3192.168162,356.671388,219.051108,23687,23687,0,1.636182,10628,20.0,290.578,20.046230018,297.147948472,PASS
INST_0806,100806,1,1,AOMDV,150,40,20,8,1,512,20.0,290.0,0.037,20.703,290.703,270.0,270.703,43200,13893,29307,32.159722,67.840278,6620.974418,438.454452,210.214619,109274,107411,1863,7.8654,14323,20.0,290.578,20.346488235,297.101155726,PASS
INST_0807,100807,1,1,AODV,150,40,20,8,2,512,20.0,290.0,0.037,20.703,290.703,270.0,270.703,43200,14229,28971,32.9375,67.0625,2970.03362,350.753775,215.298626,182936,180508,2428,12.856561,21792,20.0,290.578,21.167361322,294.428515152,PASS
INST_0807,100807,1,1,DSDV,150,40,20,8,2,512,20.0,290.0,0.037,20.703,290.703,270.0,270.703,43200,14413,28787,33.363426,66.636574,2548.093512,287.286312,218.082725,24481,24481,0,1.698536,11951,20.0,290.578,20.054444184,298.583049172,PASS
INST_0807,100807,1,1,AOMDV,150,40,20,8,2,512,20.0,290.0,0.037,20.703,290.703,270.0,270.703,43200,14681,28519,33.983796,66.016204,4716.218903,356.980185,222.137826,106626,104414,2212,7.262857,15312,20.0,290.578,20.686557421,295.969768895,PASS
INST_0808,100808,1,1,AODV,150,40,20,8,3,512,20.0,290.0,0.037,20.703,290.703,270.0,270.703,43200,19711,23489,45.627315,54.372685,2035.124754,205.909905,298.246625,141125,139622,1503,7.159708,20204,20.0,290.578,20.628857117,298.602109847,PASS
INST_0808,100808,1,1,DSDV,150,40,20,8,3,512,20.0,290.0,0.037,20.703,290.703,270.0,270.703,43200,15578,27622,36.060185,63.939815,1919.527204,254.681108,235.71031,23636,23636,0,1.517268,10540,20.0,290.578,20.018145869,294.280852566,PASS
INST_0808,100808,1,1,AOMDV,150,40,20,8,3,512,20.0,290.0,0.037,20.703,290.703,270.0,270.703,43200,17309,25891,40.06713,59.93287,4303.515904,288.950111,261.902025,106295,104310,1985,6.141025,13031,20.0,290.578,21.301948964,296.951106151,PASS
INST_0809,100809,1,1,AODV,150,40,20,8,4,512,20.0,290.0,0.037,20.703,290.703,270.0,270.703,43200,15774,27426,36.513889,63.486111,3264.229994,308.301152,238.675981,159047,157247,1800,10.082858,21075,20.0,290.578,21.255297451,299.206891823,PASS
INST_0809,100809,1,1,DSDV,150,40,20,8,4,512,20.0,290.0,0.037,20.703,290.703,270.0,270.703,43200,13946,29254,32.282407,67.717593,3220.021029,351.008338,211.016561,21830,21830,0,1.565323,11776,20.0,290.578,20.091645873,299.868412195,PASS
INST_0809,100809,1,1,AOMDV,150,40,20,8,4,512,20.0,290.0,0.037,20.703,290.703,270.0,270.703,43200,15134,28066,35.032407,64.967593,5350.092228,366.444576,228.992157,95344,93594,1750,6.299987,13080,20.0,290.578,23.178691176,297.017408274,PASS
INST_0810,100810,1,1,AODV,150,40,20,8,5,512,20.0,290.0,0.037,20.703,290.703,270.0,270.703,43200,11415,31785,26.423611,73.576389,5169.898493,462.823474,172.720066,175801,173516,2285,15.400876,23160,20.0,290.578,20.805048272,297.851588958,PASS
INST_0810,100810,1,1,DSDV,150,40,20,8,5,512,20.0,290.0,0.037,20.703,290.703,270.0,270.703,43200,13251,29949,30.673611,69.326389,3574.354197,376.374625,200.500534,23002,23002,0,1.735869,10792,20.0,290.578,20.193652237,296.237154915,PASS
INST_0810,100810,1,1,AOMDV,150,40,20,8,5,512,20.0,290.0,0.037,20.703,290.703,270.0,270.703,43200,11446,31754,26.49537,73.50463,7837.898568,563.711086,173.189126,105391,103282,2109,9.207671,14219,20.0,290.578,20.334884877,297.250922227,PASS
INST_0811,100811,1,1,AODV,150,40,25,2,1,512,20.0,290.0,0.037,20.888,290.888,270.0,270.888,13500,11345,2155,84.037037,15.962963,577.158994,205.232723,171.543664,113356,111979,1377,9.991714,1717,20.0,290.388,20.275598538,290.39387764,PASS
INST_0811,100811,1,1,DSDV,150,40,25,2,1,512,20.0,290.0,0.037,20.888,290.888,270.0,270.888,13500,7352,6148,54.459259,45.540741,455.564002,301.544907,111.166947,21769,21769,0,2.960963,3542,20.0,290.388,20.045830018,295.915228008,PASS
INST_0811,100811,1,1,AOMDV,150,40,25,2,1,512,20.0,290.0,0.037,20.888,290.888,270.0,270.888,13500,10375,3125,76.851852,23.148148,166.931658,101.462863,156.876643,81816,80602,1214,7.88588,2996,20.0,290.388,20.971750355,290.394755201,PASS
INST_0812,100812,1,1,AODV,150,40,25,2,2,512,20.0,290.0,0.037,20.888,290.888,270.0,270.888,13500,10460,3040,77.481481,22.518519,1045.293745,285.472128,158.161897,163122,160522,2600,15.594837,2615,20.0,290.388,20.683806913,299.687516571,PASS
INST_0812,100812,1,1,DSDV,150,40,25,2,2,512,20.0,290.0,0.037,20.888,290.888,270.0,270.888,13500,7735,5765,57.296296,42.703704,674.33208,272.563627,116.958152,22394,22394,0,2.895152,3514,20.0,290.388,20.054544184,299.888765463,PASS
INST_0812,100812,1,1,AOMDV,150,40,25,2,2,512,20.0,290.0,0.037,20.888,290.888,270.0,270.888,13500,10648,2852,78.874074,21.125926,188.878115,107.762197,161.004578,82917,81324,1593,7.787096,2726,20.0,290.388,21.000837097,290.47227835,PASS
INST_0813,100813,1,1,AODV,150,40,25,2,3,512,20.0,290.0,0.037,20.888,290.888,270.0,270.888,13500,11299,2201,83.696296,16.303704,827.065055,217.855512,170.848114,130035,128221,1814,11.508541,1999,20.0,290.388,21.081612744,290.412279513,PASS
INST_0813,100813,1,1,DSDV,150,40,25,2,3,512,20.0,290.0,0.037,20.888,290.888,270.0,270.888,13500,8662,4838,64.162963,35.837037,299.41628,173.120066,130.974986,20130,20130,0,2.323944,3084,20.0,290.388,20.017345846,297.80266746,PASS
INST_0813,100813,1,1,AOMDV,150,40,25,2,3,512,20.0,290.0,0.037,20.888,290.888,270.0,270.888,13500,10803,2697,80.022222,19.977778,252.90356,108.946562,163.348277,87158,85482,1676,8.067944,2540,20.0,290.388,20.966218237,290.3945377,PASS
INST_0814,100814,1,1,AODV,150,40,25,2,4,512,20.0,290.0,0.037,20.888,290.888,270.0,270.888,13500,11273,2227,83.503704,16.496296,729.751546,252.669614,170.454978,134149,132311,1838,11.900027,1878,20.0,290.388,21.240136032,293.569621252,PASS
INST_0814,100814,1,1,DSDV,150,40,25,2,4,512,20.0,290.0,0.037,20.888,290.888,270.0,270.888,13500,8491,5009,62.896296,37.103704,279.541809,141.381345,128.389356,19044,19044,0,2.242845,3457,20.0,290.388,20.239626756,297.754084567,PASS
INST_0814,100814,1,1,AOMDV,150,40,25,2,4,512,20.0,290.0,0.037,20.888,290.888,270.0,270.888,13500,10262,3238,76.014815,23.985185,329.366231,157.187657,155.16801,88884,87254,1630,8.661469,2887,20.0,290.388,25.267550168,290.511703998,PASS
INST_0815,100815,1,1,AODV,150,40,25,2,5,512,20.0,290.0,0.037,20.888,290.888,270.0,270.888,13500,10584,2916,78.4,21.6,836.314736,302.037824,160.036857,148699,146485,2214,14.049414,2520,20.0,290.388,20.443609517,290.411601879,PASS
INST_0815,100815,1,1,DSDV,150,40,25,2,5,512,20.0,290.0,0.037,20.888,290.888,270.0,270.888,13500,8552,4948,63.348148,36.651852,324.559509,361.046313,129.311716,19108,19108,0,2.234331,3282,20.0,290.388,20.193912237,299.058216469,PASS
INST_0815,100815,1,1,AOMDV,150,40,25,2,5,512,20.0,290.0,0.037,20.888,290.888,270.0,270.888,13500,10492,3008,77.718519,22.281481,230.9737,110.15035,158.645758,79128,77674,1454,7.541746,2830,20.0,290.388,21.017770325,290.401007128,PASS
INST_0816,100816,1,1,AODV,150,40,25,4,1,512,20.0,290.0,0.037,20.888,290.888,270.0,270.888,27000,11376,15624,42.133333,57.866667,3202.858639,585.869915,172.012404,194711,192556,2155,17.115946,13057,20.0,290.638,20.17508903,299.639552208,PASS
INST_0816,100816,1,1,DSDV,150,40,25,4,1,512,20.0,290.0,0.037,20.888,290.888,270.0,270.888,27000,11020,15980,40.814815,59.185185,1769.091427,353.538162,166.629456,23691,23691,0,2.149819,7317,20.0,290.638,20.046190018,295.205515974,PASS
INST_0816,100816,1,1,AOMDV,150,40,25,4,1,512,20.0,290.0,0.037,20.888,290.888,270.0,270.888,27000,12151,14849,45.003704,54.996296,5054.372566,540.055125,183.7309,111585,109693,1892,9.183195,10655,20.0,290.638,20.209000857,296.469664831,PASS
INST_0817,100817,1,1,AODV,150,40,25,4,2,512,20.0,290.0,0.037,20.888,290.888,270.0,270.888,27000,12600,14400,46.666667,53.333333,2611.632383,458.667611,190.520067,210025,207219,2806,16.668651,11783,20.0,290.638,20.659184739,299.750569287,PASS
INST_0817,100817,1,1,DSDV,150,40,25,4,2,512,20.0,290.0,0.037,20.888,290.888,270.0,270.888,27000,11856,15144,43.911111,56.088889,1420.825483,332.16167,179.270311,24876,24876,0,2.098178,8003,20.0,290.638,20.054184184,299.738149094,PASS
INST_0817,100817,1,1,AOMDV,150,40,25,4,2,512,20.0,290.0,0.037,20.888,290.888,270.0,270.888,27000,13150,13850,48.703704,51.296296,3826.777037,475.221891,198.836419,114628,112023,2605,8.716958,10919,20.0,290.638,20.191801824,294.346008109,PASS
INST_0818,100818,1,1,AODV,150,40,25,4,3,512,20.0,290.0,0.037,20.888,290.888,270.0,270.888,27000,15582,11418,57.711111,42.288889,2007.251943,319.240767,235.609817,171307,168981,2326,10.993903,10420,20.0,290.638,20.699215873,298.010025911,PASS
INST_0818,100818,1,1,DSDV,150,40,25,4,3,512,20.0,290.0,0.037,20.888,290.888,270.0,270.888,27000,13230,13770,49.0,51.0,989.692453,319.586132,200.046071,22223,22223,0,1.679743,6649,20.0,290.638,20.018025869,299.969546686,PASS
INST_0818,100818,1,1,AOMDV,150,40,25,4,3,512,20.0,290.0,0.037,20.888,290.888,270.0,270.888,27000,13900,13100,51.481481,48.518519,4022.709108,444.262613,210.1769,116695,114347,2348,8.395324,10233,20.0,290.638,20.645956493,296.061760513,PASS
INST_0819,100819,1,1,AODV,150,40,25,4,4,512,20.0,290.0,0.037,20.888,290.888,270.0,270.888,27000,12500,14500,46.296296,53.703704,2678.680443,456.091529,189.008003,193554,191298,2256,15.48432,12333,20.0,290.638,21.338514566,294.45487779,PASS
INST_0819,100819,1,1,DSDV,150,40,25,4,4,512,20.0,290.0,0.037,20.888,290.888,270.0,270.888,27000,12398,14602,45.918519,54.081481,1713.566781,400.932445,187.465698,22581,22581,0,1.821342,7226,20.0,290.638,20.092385811,299.455727328,PASS
INST_0819,100819,1,1,AOMDV,150,40,25,4,4,512,20.0,290.0,0.037,20.888,290.888,270.0,270.888,27000,13137,13863,48.655556,51.344444,4550.391957,489.446899,198.639851,109689,107469,2220,8.349623,9936,20.0,290.638,22.693050326,295.73566011,PASS
INST_0820,100820,1,1,AODV,150,40,25,4,5,512,20.0,290.0,0.037,20.888,290.888,270.0,270.888,27000,12212,14788,45.22963,54.77037,2348.993289,432.30754,184.653259,198865,196386,2479,16.284392,12724,20.0,290.638,20.580316671,299.064878514,PASS
INST_0820,100820,1,1,DSDV,150,40,25,4,5,512,20.0,290.0,0.037,20.888,290.888,270.0,270.888,27000,12162,14838,45.044444,54.955556,1896.64067,517.902137,183.897227,21438,21438,0,1.762704,7221,20.0,290.638,20.194112237,298.54683329,PASS
INST_0820,100820,1,1,AOMDV,150,40,25,4,5,512,20.0,290.0,0.037,20.888,290.888,270.0,270.888,27000,13441,13559,49.781481,50.218519,4658.256411,479.697301,203.236526,101414,99331,2083,7.545123,9508,20.0,290.638,20.576480008,294.658205599,PASS
INST_0821,100821,1,1,AODV,150,40,25,8,1,512,20.0,290.0,0.037,20.888,290.888,270.0,270.888,54000,10604,43396,19.637037,80.362963,5374.11812,570.711357,160.339269,206117,203936,2181,19.437665,28726,20.0,290.763,20.185912054,298.196204571,PASS
INST_0821,100821,1,1,DSDV,150,40,25,8,1,512,20.0,290.0,0.037,20.888,290.888,270.0,270.888,54000,12240,41760,22.666667,77.333333,4878.429113,497.999099,185.076637,23707,23707,0,1.936846,14414,20.0,290.763,20.045410018,299.637980978,PASS
INST_0821,100821,1,1,AOMDV,150,40,25,8,1,512,20.0,290.0,0.037,20.888,290.888,270.0,270.888,54000,8897,45103,16.475926,83.524074,8934.802343,788.415234,134.528336,138475,135902,2573,15.564235,19762,20.0,290.763,20.192758661,298.421583257,PASS
INST_0822,100822,1,1,AODV,150,40,25,8,2,512,20.0,290.0,0.037,20.888,290.888,270.0,270.888,54000,13395,40605,24.805556,75.194444,3775.903266,440.91044,202.540976,226277,223764,2513,16.892647,28123,20.0,290.763,20.667917555,299.950498923,PASS
INST_0822,100822,1,1,DSDV,150,40,25,8,2,512,20.0,290.0,0.037,20.888,290.888,270.0,270.888,54000,15060,38940,27.888889,72.111111,3667.811965,342.797366,227.716842,26017,26017,0,1.727556,14158,20.0,290.763,20.119971217,299.207571256,PASS
INST_0822,100822,1,1,AOMDV,150,40,25,8,2,512,20.0,290.0,0.037,20.888,290.888,270.0,270.888,54000,14488,39512,26.82963,73.17037,6127.392829,484.135929,219.067836,122361,119602,2759,8.445679,18998,20.0,290.763,20.808203638,299.936895903,PASS
INST_0823,100823,1,1,AODV,150,40,25,8,3,512,20.0,290.0,0.037,20.888,290.888,270.0,270.888,54000,16617,37383,30.772222,69.227778,3800.695953,339.303305,251.259679,176777,174850,1927,10.638322,27464,20.0,290.763,20.540883637,296.031762948,PASS
INST_0823,100823,1,1,DSDV,150,40,25,8,3,512,20.0,290.0,0.037,20.888,290.888,270.0,270.888,54000,15880,38120,29.407407,70.592593,4602.368836,340.92685,240.115767,22518,22518,0,1.41801,12586,20.0,290.763,20.267571304,295.576364102,PASS
INST_0823,100823,1,1,AOMDV,150,40,25,8,3,512,20.0,290.0,0.037,20.888,290.888,270.0,270.888,54000,12832,41168,23.762963,76.237037,6412.060764,480.185323,194.028056,140102,137358,2744,10.918173,18779,20.0,290.763,20.584492414,297.795012077,PASS
INST_0824,100824,1,1,AODV,150,40,25,8,4,512,20.0,290.0,0.037,20.888,290.888,270.0,270.888,54000,12039,41961,22.294444,77.705556,4953.415745,528.300063,182.037388,207698,205216,2482,17.252097,26357,20.0,290.763,23.262804581,299.965402911,PASS
INST_0824,100824,1,1,DSDV,150,40,25,8,4,512,20.0,290.0,0.037,20.888,290.888,270.0,270.888,54000,13546,40454,25.085185,74.914815,4736.769381,450.357098,204.824193,22728,22728,0,1.677838,15204,20.0,290.763,20.092105818,298.528159214,PASS
INST_0824,100824,1,1,AOMDV,150,40,25,8,4,512,20.0,290.0,0.037,20.888,290.888,270.0,270.888,54000,11575,42425,21.435185,78.564815,7792.791413,651.719569,175.021411,129166,126539,2627,11.15905,18650,20.0,290.763,22.861048565,299.415875994,PASS
INST_0825,100825,1,1,AODV,150,40,25,8,5,512,20.0,290.0,0.037,20.888,290.888,270.0,270.888,54000,8905,45095,16.490741,83.509259,5588.905715,674.326671,134.649302,232730,229918,2812,26.134756,28433,20.0,290.763,21.060761978,299.972767938,PASS
INST_0825,100825,1,1,DSDV,150,40,25,8,5,512,20.0,290.0,0.037,20.888,290.888,270.0,270.888,54000,12880,41120,23.851852,76.148148,6438.959149,524.482721,194.753847,22639,22639,0,1.757686,14077,20.0,290.763,20.193592237,297.754105194,PASS
INST_0825,100825,1,1,AOMDV,150,40,25,8,5,512,20.0,290.0,0.037,20.888,290.888,270.0,270.888,54000,9541,44459,17.668519,82.331481,9797.097349,812.975931,144.266029,131212,128367,2845,13.752437,18261,20.0,290.763,20.905178897,299.866665041,PASS
INST_0826,100826,1,1,AODV,150,50,5,2,1,512,20.0,290.0,0.037,20.148,290.148,270.0,270.148,2700,2485,215,92.037037,7.962963,484.561858,84.256739,37.677717,16354,16277,77,6.581087,208,20.0,289.648,20.33755146,289.677447128,PASS
INST_0826,100826,1,1,DSDV,150,50,5,2,1,512,20.0,290.0,0.037,20.148,290.148,270.0,270.148,2700,1957,743,72.481481,27.518519,280.870576,393.305333,29.67215,16884,16884,0,8.627491,538,20.0,289.648,20.045967884,299.528561499,PASS
INST_0826,100826,1,1,AOMDV,150,50,5,2,1,512,20.0,290.0,0.037,20.148,290.148,270.0,270.148,2700,2273,427,84.185185,15.814815,108.020526,103.394486,34.463361,50169,49988,181,22.071711,406,20.0,289.648,20.18297538,289.653598281,PASS
INST_0827,100827,1,1,AODV,150,50,5,2,2,512,20.0,290.0,0.037,20.148,290.148,270.0,270.148,2700,2566,134,95.037037,4.962963,120.06242,42.248764,38.905844,15828,15675,153,6.168355,116,20.0,289.648,20.37697411,289.66643985,PASS
INST_0827,100827,1,1,DSDV,150,50,5,2,2,512,20.0,290.0,0.037,20.148,290.148,270.0,270.148,2700,1972,728,73.037037,26.962963,217.359726,141.873763,29.899581,18968,18968,0,9.618661,418,20.0,289.648,20.128926759,298.387171952,PASS
INST_0827,100827,1,1,AOMDV,150,50,5,2,2,512,20.0,290.0,0.037,20.148,290.148,270.0,270.148,2700,2369,331,87.740741,12.259259,14.771078,6.487067,35.918919,46613,46486,127,19.676235,314,20.0,289.648,20.490376738,289.653593216,PASS
INST_0828,100828,1,1,AODV,150,50,5,2,3,512,20.0,290.0,0.037,20.148,290.148,270.0,270.148,2700,2479,221,91.814815,8.185185,411.555601,85.730691,37.586745,17313,17201,112,6.983864,193,20.0,289.648,22.33019798,289.616657282,PASS
INST_0828,100828,1,1,DSDV,150,50,5,2,3,512,20.0,290.0,0.037,20.148,290.148,270.0,270.148,2700,1995,705,73.888889,26.111111,48.084681,69.232398,30.248308,17400,17400,0,8.721805,586,20.0,289.648,20.165928104,289.764220482,PASS
INST_0828,100828,1,1,AOMDV,150,50,5,2,3,512,20.0,290.0,0.037,20.148,290.148,270.0,270.148,2700,2266,434,83.925926,16.074074,17.483739,9.750212,34.357226,52571,52385,186,23.199912,422,20.0,289.648,20.486028606,289.616657282,PASS
INST_0829,100829,1,1,AODV,150,50,5,2,4,512,20.0,290.0,0.037,20.148,290.148,270.0,270.148,2700,2589,111,95.888889,4.111111,336.602929,61.074283,39.254572,12870,12773,97,4.971031,108,20.0,289.648,20.097699455,290.659605932,PASS
INST_0829,100829,1,1,DSDV,150,50,5,2,4,512,20.0,290.0,0.037,20.148,290.148,270.0,270.148,2700,2209,491,81.814815,18.185185,14.478368,9.97888,33.492989,13864,13864,0,6.276143,363,20.0,289.648,20.082910679,289.653677874,PASS
INST_0829,100829,1,1,AOMDV,150,50,5,2,4,512,20.0,290.0,0.037,20.148,290.148,270.0,270.148,2700,2492,208,92.296296,7.703704,15.150402,7.337596,37.783852,45697,45539,158,18.33748,205,20.0,289.648,20.091206424,289.653597874,PASS
INST_0830,100830,1,1,AODV,150,50,5,2,5,512,20.0,290.0,0.037,20.148,290.148,270.0,270.148,2700,2515,185,93.148148,6.851852,321.234147,68.178319,38.132579,17322,17190,132,6.887475,172,20.0,289.648,20.412156453,289.653717352,PASS
INST_0830,100830,1,1,DSDV,150,50,5,2,5,512,20.0,290.0,0.037,20.148,290.148,270.0,270.148,2700,1966,734,72.814815,27.185185,55.901768,40.350843,29.808609,17048,17048,0,8.671414,561,20.0,289.648,20.157232792,295.273053681,PASS
INST_0830,100830,1,1,AOMDV,150,50,5,2,5,512,20.0,290.0,0.037,20.148,290.148,270.0,270.148,2700,2370,330,87.777778,12.222222,14.72421,6.803839,35.934081,46639,46486,153,19.678903,314,20.0,289.648,20.477270739,289.653937352,PASS
INST_0831,100831,1,1,AODV,150,50,5,4,1,512,20.0,290.0,0.037,20.148,290.148,270.0,270.148,5400,4897,503,90.685185,9.314815,228.719657,29.054402,74.248604,21389,21269,120,4.367776,503,20.0,289.898,20.331248189,296.921922027,PASS
INST_0831,100831,1,1,DSDV,150,50,5,4,1,512,20.0,290.0,0.037,20.148,290.148,270.0,270.148,5400,4071,1329,75.388889,24.611111,46.82772,18.980728,61.724743,16489,16489,0,4.050356,1059,20.0,289.898,20.045947884,299.699018649,PASS
INST_0831,100831,1,1,AOMDV,150,50,5,4,1,512,20.0,290.0,0.037,20.148,290.148,270.0,270.148,5400,4684,716,86.740741,13.259259,47.616289,71.741576,71.019086,50125,49940,185,10.701324,711,20.0,289.898,20.141400924,289.905013834,PASS
INST_0832,100832,1,1,AODV,150,50,5,4,2,512,20.0,290.0,0.037,20.148,290.148,270.0,270.148,5400,5251,149,97.240741,2.759259,190.460921,26.605116,79.615973,16707,16509,198,3.18168,139,20.0,289.898,20.359560747,289.909978092,PASS
INST_0832,100832,1,1,DSDV,150,50,5,4,2,512,20.0,290.0,0.037,20.148,290.148,270.0,270.148,5400,3578,1822,66.259259,33.740741,80.755257,40.145327,54.249848,18523,18523,0,5.176914,1126,20.0,289.898,20.128506951,290.737787039,PASS
INST_0832,100832,1,1,AOMDV,150,50,5,4,2,512,20.0,290.0,0.037,20.148,290.148,270.0,270.148,5400,4700,700,87.037037,12.962963,13.518083,4.748972,71.261679,47428,47261,167,10.091064,683,20.0,289.898,20.439273665,289.905167475,PASS
INST_0833,100833,1,1,AODV,150,50,5,4,3,512,20.0,290.0,0.037,20.148,290.148,270.0,270.148,5400,4806,594,89.0,11.0,371.139006,30.778607,72.868857,14738,14672,66,3.066583,592,20.0,289.898,20.336385706,289.867097269,PASS
INST_0833,100833,1,1,DSDV,150,50,5,4,3,512,20.0,290.0,0.037,20.148,290.148,270.0,270.148,5400,3659,1741,67.759259,32.240741,36.535215,24.01338,55.477975,18313,18313,0,5.004919,1219,20.0,289.898,20.166428458,291.991364567,PASS
INST_0833,100833,1,1,AOMDV,150,50,5,4,3,512,20.0,290.0,0.037,20.148,290.148,270.0,270.148,5400,4741,659,87.796296,12.203704,14.335998,3.968248,71.883323,51213,51048,165,10.802151,640,20.0,289.898,20.436162058,289.866717269,PASS
INST_0834,100834,1,1,AODV,150,50,5,4,4,512,20.0,290.0,0.037,20.148,290.148,270.0,270.148,5400,4853,547,89.87037,10.12963,268.338826,28.799492,73.581474,9326,9253,73,1.921698,527,20.0,289.898,20.288279207,289.909477888,PASS
INST_0834,100834,1,1,DSDV,150,50,5,4,4,512,20.0,290.0,0.037,20.148,290.148,270.0,270.148,5400,4249,1151,78.685185,21.314815,129.89582,78.332356,64.42359,15975,15975,0,3.759708,691,20.0,289.898,20.082830679,299.489641197,PASS
INST_0834,100834,1,1,AOMDV,150,50,5,4,4,512,20.0,290.0,0.037,20.148,290.148,270.0,270.148,5400,5044,356,93.407407,6.592593,15.568312,4.93213,76.477427,46331,46149,182,9.185369,341,20.0,289.898,20.086484226,289.904097874,PASS
INST_0835,100835,1,1,AODV,150,50,5,4,5,512,20.0,290.0,0.037,20.148,290.148,270.0,270.148,5400,4884,516,90.444444,9.555556,480.091354,41.087595,74.051498,17400,17254,146,3.562654,497,20.0,289.898,22.955923492,289.920779108,PASS
INST_0835,100835,1,1,DSDV,150,50,5,4,5,512,20.0,290.0,0.037,20.148,290.148,270.0,270.148,5400,4034,1366,74.703704,25.296296,25.221648,25.007547,61.163747,15849,15849,0,3.928855,1101,20.0,289.898,20.156932792,292.062064301,PASS
INST_0835,100835,1,1,AOMDV,150,50,5,4,5,512,20.0,290.0,0.037,20.148,290.148,270.0,270.148,5400,4599,801,85.166667,14.833333,13.202608,4.584499,69.730311,47419,47237,182,10.31072,784,20.0,289.898,20.406840887,289.903797341,PASS
INST_0836,100836,1,1,AODV,150,50,5,8,1,512,20.0,290.0,0.037,20.148,290.148,270.0,270.148,10800,9315,1485,86.25,13.75,163.699552,21.085311,141.234583,21543,21422,121,2.312721,1405,20.0,290.023,20.340241349,290.02879828,PASS
INST_0836,100836,1,1,DSDV,150,50,5,8,1,512,20.0,290.0,0.037,20.148,290.148,270.0,270.148,10800,7077,3723,65.527778,34.472222,95.195207,116.037574,107.301894,20168,20168,0,2.849795,2190,20.0,290.023,20.045407884,276.234591114,PASS
INST_0836,100836,1,1,AOMDV,150,50,5,8,1,512,20.0,290.0,0.037,20.148,290.148,270.0,270.148,10800,9099,1701,84.25,15.75,19.476592,7.737432,137.959578,51920,51669,251,5.706122,1675,20.0,290.023,20.214859049,290.02877828,PASS
INST_0837,100837,1,1,AODV,150,50,5,8,2,512,20.0,290.0,0.037,20.148,290.148,270.0,270.148,10800,9969,831,92.305556,7.694444,364.865978,41.547633,151.150569,22170,21877,293,2.223894,790,20.0,290.023,20.42043921,290.041118238,PASS
INST_0837,100837,1,1,DSDV,150,50,5,8,2,512,20.0,290.0,0.037,20.148,290.148,270.0,270.148,10800,6935,3865,64.212963,35.787037,132.9969,36.607241,105.148881,20134,20134,0,2.903244,2250,20.0,290.023,24.152028932,296.510803823,PASS
INST_0837,100837,1,1,AOMDV,150,50,5,8,2,512,20.0,290.0,0.037,20.148,290.148,270.0,270.148,10800,9323,1477,86.324074,13.675926,20.236332,6.706014,141.355879,48261,48067,194,5.176553,1431,20.0,290.023,20.517572207,290.028538044,PASS
INST_0838,100838,1,1,AODV,150,50,5,8,3,512,20.0,290.0,0.037,20.148,290.148,270.0,270.148,10800,9342,1458,86.5,13.5,194.661638,22.298285,141.643958,24590,24358,232,2.632199,1369,20.0,290.023,20.371113454,289.997977264,PASS
INST_0838,100838,1,1,DSDV,150,50,5,8,3,512,20.0,290.0,0.037,20.148,290.148,270.0,270.148,10800,6807,3993,63.027778,36.972222,84.472578,22.33101,103.208138,20736,20736,0,3.046276,2164,20.0,290.023,24.231257509,265.053663031,PASS
INST_0838,100838,1,1,AOMDV,150,50,5,8,3,512,20.0,290.0,0.037,20.148,290.148,270.0,270.148,10800,9159,1641,84.805556,15.194444,22.403967,6.672895,138.869301,52739,52553,186,5.758161,1598,20.0,290.023,20.441884015,289.991657262,PASS
INST_0839,100839,1,1,AODV,150,50,5,8,4,512,20.0,290.0,0.037,20.148,290.148,270.0,270.148,10800,10067,733,93.212963,6.787037,225.769385,20.911743,152.636451,15230,15083,147,1.512864,709,20.0,290.023,20.379919666,290.028637874,PASS
INST_0839,100839,1,1,DSDV,150,50,5,8,4,512,20.0,290.0,0.037,20.148,290.148,270.0,270.148,10800,8303,2497,76.87963,23.12037,95.75636,38.700482,125.890578,17177,17177,0,2.06877,1318,20.0,290.023,20.129225557,299.743420138,PASS
INST_0839,100839,1,1,AOMDV,150,50,5,8,4,512,20.0,290.0,0.037,20.148,290.148,270.0,270.148,10800,9942,858,92.055556,7.944444,18.624416,4.215394,150.741194,45576,45427,149,4.584188,844,20.0,290.023,20.132365349,290.028617874,PASS
INST_0840,100840,1,1,AODV,150,50,5,8,5,512,20.0,290.0,0.037,20.148,290.148,270.0,270.148,10800,9444,1356,87.444444,12.555556,235.474673,22.123147,143.190488,17686,17582,104,1.872723,1343,20.0,290.023,20.359581667,290.028557336,PASS
INST_0840,100840,1,1,DSDV,150,50,5,8,5,512,20.0,290.0,0.037,20.148,290.148,270.0,270.148,10800,6970,3830,64.537037,35.462963,125.256211,43.48112,105.679553,18874,18874,0,2.707891,2331,20.0,290.023,20.156412792,291.270247771,PASS
INST_0840,100840,1,1,AOMDV,150,50,5,8,5,512,20.0,290.0,0.037,20.148,290.148,270.0,270.148,10800,9431,1369,87.324074,12.675926,19.442657,5.823786,142.993381,46855,46710,145,4.96819,1320,20.0,290.023,20.621576371,290.028997336,PASS
INST_0841,100841,1,1,AODV,150,50,10,2,1,512,20.0,290.0,0.037,20.333,290.333,270.0,270.333,5400,5035,365,93.240741,6.759259,384.222854,82.182682,76.288725,38685,38389,296,7.683217,320,20.0,289.833,20.301858598,289.836651477,PASS
INST_0841,100841,1,1,DSDV,150,50,10,2,1,512,20.0,290.0,0.037,20.333,290.333,270.0,270.333,5400,4266,1134,79.0,21.0,139.81218,219.313554,64.637081,17606,17606,0,4.127051,924,20.0,289.833,20.045867884,294.836591456,PASS
INST_0841,100841,1,1,AOMDV,150,50,10,2,1,512,20.0,290.0,0.037,20.333,290.333,270.0,270.333,5400,4593,807,85.055556,14.944444,21.110545,13.196739,69.591681,56832,56337,495,12.373612,786,20.0,289.833,20.54552061,289.802056672,PASS
INST_0842,100842,1,1,AODV,150,50,10,2,2,512,20.0,290.0,0.037,20.333,290.333,270.0,270.333,5400,5095,305,94.351852,5.648148,385.360552,72.141658,77.197826,39158,38772,386,7.685574,280,20.0,289.833,20.594954405,289.844599639,PASS
INST_0842,100842,1,1,DSDV,150,50,10,2,2,512,20.0,290.0,0.037,20.333,290.333,270.0,270.333,5400,3342,2058,61.888889,38.111111,285.663191,281.089456,50.636926,19807,19807,0,5.926691,1500,20.0,289.833,24.150884445,299.727170154,PASS
INST_0842,100842,1,1,AOMDV,150,50,10,2,2,512,20.0,290.0,0.037,20.333,290.333,270.0,270.333,5400,4382,1018,81.148148,18.851852,120.8323,154.868941,66.394676,57563,57024,539,13.136239,979,20.0,289.833,20.680586416,289.844979649,PASS
INST_0843,100843,1,1,AODV,150,50,10,2,3,512,20.0,290.0,0.037,20.333,290.333,270.0,270.333,5400,5079,321,94.055556,5.944444,314.955697,69.145448,76.955399,31230,30959,271,6.148848,280,20.0,289.833,20.675866347,289.85640341,PASS
INST_0843,100843,1,1,DSDV,150,50,10,2,3,512,20.0,290.0,0.037,20.333,290.333,270.0,270.333,5400,3787,1613,70.12963,29.87037,182.229902,176.16814,57.379425,18655,18655,0,4.926063,1029,20.0,289.833,20.313645924,299.850562731,PASS
INST_0843,100843,1,1,AOMDV,150,50,10,2,3,512,20.0,290.0,0.037,20.333,290.333,270.0,270.333,5400,4639,761,85.907407,14.092593,37.765907,42.408784,70.288659,56866,56518,348,12.258245,733,20.0,289.833,20.867187134,289.801797068,PASS
INST_0844,100844,1,1,AODV,150,50,10,2,4,512,20.0,290.0,0.037,20.333,290.333,270.0,270.333,5400,5227,173,96.796296,3.203704,401.079814,79.268628,79.197849,29384,29150,234,5.62158,147,20.0,289.833,20.144248121,289.838717566,PASS
INST_0844,100844,1,1,DSDV,150,50,10,2,4,512,20.0,290.0,0.037,20.333,290.333,270.0,270.333,5400,4418,982,81.814815,18.185185,58.306729,37.756342,66.940137,15687,15687,0,3.550702,753,20.0,289.833,20.082530679,299.342951053,PASS
INST_0844,100844,1,1,AOMDV,150,50,10,2,4,512,20.0,290.0,0.037,20.333,290.333,270.0,270.333,5400,4936,464,91.407407,8.592593,27.354595,11.857279,74.788709,50991,50566,425,10.330429,447,20.0,289.833,20.229931109,289.838497565,PASS
INST_0845,100845,1,1,AODV,150,50,10,2,5,512,20.0,290.0,0.037,20.333,290.333,270.0,270.333,5400,5219,181,96.648148,3.351852,158.528658,40.636308,79.076635,24992,24768,224,4.788657,160,20.0,289.833,20.293616536,289.838596795,PASS
INST_0845,100845,1,1,DSDV,150,50,10,2,5,512,20.0,290.0,0.037,20.333,290.333,270.0,270.333,5400,3853,1547,71.351852,28.648148,246.261076,187.192177,58.379436,17664,17664,0,4.58448,1092,20.0,289.833,20.156672792,299.607700745,PASS
INST_0845,100845,1,1,AOMDV,150,50,10,2,5,512,20.0,290.0,0.037,20.333,290.333,270.0,270.333,5400,4685,715,86.759259,13.240741,34.419843,43.728467,70.985636,52043,51700,343,11.108431,679,20.0,289.833,20.612926625,289.838816795,PASS
INST_0846,100846,1,1,AODV,150,50,10,4,1,512,20.0,290.0,0.037,20.333,290.333,270.0,270.333,10800,10171,629,94.175926,5.824074,344.255195,68.303287,154.107771,39597,39293,304,3.893128,600,20.0,290.083,20.396345589,294.865890653,PASS
INST_0846,100846,1,1,DSDV,150,50,10,4,1,512,20.0,290.0,0.037,20.333,290.333,270.0,270.333,10800,7629,3171,70.638889,29.361111,125.666924,127.133365,115.592192,19251,19251,0,2.523398,2051,20.0,290.083,20.045647884,297.865015292,PASS
INST_0846,100846,1,1,AOMDV,150,50,10,4,1,512,20.0,290.0,0.037,20.333,290.333,270.0,270.333,10800,9166,1634,84.87037,15.12963,25.091703,14.535335,138.880329,57314,56881,433,6.252891,1597,20.0,290.083,20.344434673,290.051956672,PASS
INST_0847,100847,1,1,AODV,150,50,10,4,2,512,20.0,290.0,0.037,20.333,290.333,270.0,270.333,10800,9574,1226,88.648148,11.351852,412.901415,111.480478,145.062216,65650,64874,776,6.857113,1056,20.0,290.083,20.647125513,290.575108205,PASS
INST_0847,100847,1,1,DSDV,150,50,10,4,2,512,20.0,290.0,0.037,20.333,290.333,270.0,270.333,10800,5983,4817,55.398148,44.601852,154.238964,83.89825,90.652521,20237,20237,0,3.382417,3318,20.0,290.083,20.128526759,289.17906791,PASS
INST_0847,100847,1,1,AOMDV,150,50,10,4,2,512,20.0,290.0,0.037,20.333,290.333,270.0,270.333,10800,8806,1994,81.537037,18.462963,50.937063,24.901548,133.425723,57569,57099,470,6.537474,1917,20.0,290.083,20.791296506,290.094459698,PASS
INST_0848,100848,1,1,AODV,150,50,10,4,3,512,20.0,290.0,0.037,20.333,290.333,270.0,270.333,10800,10144,656,93.925926,6.074074,494.353118,67.674855,153.698675,43986,43626,360,4.336159,568,20.0,290.083,20.676229978,290.107303578,PASS
INST_0848,100848,1,1,DSDV,150,50,10,4,3,512,20.0,290.0,0.037,20.333,290.333,270.0,270.333,10800,6782,4018,62.796296,37.203704,135.897581,111.121196,102.758716,20373,20373,0,3.003981,2243,20.0,290.083,20.314365428,290.418880912,PASS
INST_0848,100848,1,1,AOMDV,150,50,10,4,3,512,20.0,290.0,0.037,20.333,290.333,270.0,270.333,10800,9234,1566,85.5,14.5,58.025388,23.267142,139.910644,57662,57232,430,6.244531,1525,20.0,290.083,20.8350285,290.088044102,PASS
INST_0849,100849,1,1,AODV,150,50,10,4,4,512,20.0,290.0,0.037,20.333,290.333,270.0,270.333,10800,10195,605,94.398148,5.601852,290.9241,37.278179,154.471411,28566,28237,329,2.801962,583,20.0,290.083,20.130625272,290.088637597,PASS
INST_0849,100849,1,1,DSDV,150,50,10,4,4,512,20.0,290.0,0.037,20.333,290.333,270.0,270.333,10800,7440,3360,68.888889,31.111111,190.819106,79.150274,112.728524,19316,19316,0,2.596237,1617,20.0,290.083,20.082430679,299.848874374,PASS
INST_0849,100849,1,1,AOMDV,150,50,10,4,4,512,20.0,290.0,0.037,20.333,290.333,270.0,270.333,10800,9689,1111,89.712963,10.287037,35.232458,12.668249,146.804659,51809,51402,407,5.347198,1059,20.0,290.083,20.38311757,290.088997597,PASS
INST_0850,100850,1,1,AODV,150,50,10,4,5,512,20.0,290.0,0.037,20.333,290.333,270.0,270.333,10800,10110,690,93.611111,6.388889,324.080192,57.514253,153.183518,41128,40672,456,4.068051,615,20.0,290.083,20.665220952,290.088736784,PASS
INST_0850,100850,1,1,DSDV,150,50,10,4,5,512,20.0,290.0,0.037,20.333,290.333,270.0,270.333,10800,7267,3533,67.287037,32.712963,165.706143,73.700593,110.107282,18441,18441,0,2.537636,2322,20.0,290.083,20.157212792,297.76709943,PASS
INST_0850,100850,1,1,AOMDV,150,50,10,4,5,512,20.0,290.0,0.037,20.333,290.333,270.0,270.333,10800,9415,1385,87.175926,12.824074,21.827361,11.806922,142.653098,51165,50863,302,5.434413,1329,20.0,290.083,20.480435052,290.088776784,PASS
INST_0851,100851,1,1,AODV,150,50,10,8,1,512,20.0,290.0,0.037,20.333,290.333,270.0,270.333,21600,18165,3435,84.097222,15.902778,645.23191,73.576872,275.230327,55403,54974,429,3.049986,3144,20.0,290.208,20.186192007,298.628342157,PASS
INST_0851,100851,1,1,DSDV,150,50,10,8,1,512,20.0,290.0,0.037,20.333,290.333,270.0,270.333,21600,11877,9723,54.986111,45.013889,587.265875,148.715578,179.956542,23182,23182,0,1.95184,4412,20.0,290.208,20.045647884,299.962297206,PASS
INST_0851,100851,1,1,AOMDV,150,50,10,8,1,512,20.0,290.0,0.037,20.333,290.333,270.0,270.333,21600,17679,3921,81.847222,18.152778,423.987929,64.872383,267.866609,60825,60334,491,3.440523,3562,20.0,290.208,20.366150506,290.176836673,PASS
INST_0852,100852,1,1,AODV,150,50,10,8,2,512,20.0,290.0,0.037,20.333,290.333,270.0,270.333,21600,13586,8014,62.898148,37.101852,1114.189055,234.442616,205.850769,111009,109598,1411,8.170838,7057,20.0,290.208,20.583645335,294.338290703,PASS
INST_0852,100852,1,1,DSDV,150,50,10,8,2,512,20.0,290.0,0.037,20.333,290.333,270.0,270.333,21600,8669,12931,40.134259,59.865741,826.506164,195.129393,131.349942,23520,23520,0,2.713116,6264,20.0,290.208,24.140039803,296.446974563,PASS
INST_0852,100852,1,1,AOMDV,150,50,10,8,2,512,20.0,290.0,0.037,20.333,290.333,270.0,270.333,21600,14489,7111,67.078704,32.921296,575.355365,103.234578,219.532739,63308,62614,694,4.369384,5748,20.0,290.208,20.489097503,290.226351051,PASS
INST_0853,100853,1,1,AODV,150,50,10,8,3,512,20.0,290.0,0.037,20.333,290.333,270.0,270.333,21600,16616,4984,76.925926,23.074074,768.084436,102.343585,251.76037,67749,67152,597,4.077335,4507,20.0,290.208,20.577199649,290.577179024,PASS
INST_0853,100853,1,1,DSDV,150,50,10,8,3,512,20.0,290.0,0.037,20.333,290.333,270.0,270.333,21600,11042,10558,51.12037,48.87963,831.693411,133.206305,167.304887,21298,21298,0,1.928817,5178,20.0,290.208,20.165048284,298.038548335,PASS
INST_0853,100853,1,1,AOMDV,150,50,10,8,3,512,20.0,290.0,0.037,20.333,290.333,270.0,270.333,21600,16235,5365,75.162037,24.837963,656.353793,81.077053,245.987578,68141,67392,749,4.197167,4438,20.0,290.208,20.891556913,290.755418734,PASS
INST_0854,100854,1,1,AODV,150,50,10,8,4,512,20.0,290.0,0.037,20.333,290.333,270.0,270.333,21600,18282,3318,84.638889,15.361111,421.288117,54.881369,277.003074,48548,47886,662,2.655508,3087,20.0,290.208,20.562117319,290.219558269,PASS
INST_0854,100854,1,1,DSDV,150,50,10,8,4,512,20.0,290.0,0.037,20.333,290.333,270.0,270.333,21600,12158,9442,56.287037,43.712963,763.793286,134.295995,184.214165,21465,21465,0,1.765504,4097,20.0,290.208,20.091988569,299.073404077,PASS
INST_0854,100854,1,1,AOMDV,150,50,10,8,4,512,20.0,290.0,0.037,20.333,290.333,270.0,270.333,21600,18279,3321,84.625,15.375,363.758512,69.095938,276.957619,54732,54181,551,2.994256,2924,20.0,290.208,20.118773031,290.214017615,PASS
INST_0855,100855,1,1,AODV,150,50,10,8,5,512,20.0,290.0,0.037,20.333,290.333,270.0,270.333,21600,16362,5238,75.75,24.25,487.0365,91.134129,247.911842,85016,83925,1091,5.195942,4948,20.0,290.208,20.309082773,290.213736775,PASS
INST_0855,100855,1,1,DSDV,150,50,10,8,5,512,20.0,290.0,0.037,20.333,290.333,270.0,270.333,21600,12169,9431,56.337963,43.662037,429.819742,116.256472,184.380834,20611,20611,0,1.69373,5096,20.0,290.208,20.156172792,297.282511393,PASS
INST_0855,100855,1,1,AOMDV,150,50,10,8,5,512,20.0,290.0,0.037,20.333,290.333,270.0,270.333,21600,17032,4568,78.851852,21.148148,703.998341,64.599327,258.06347,55598,55090,508,3.264326,3805,20.0,290.208,20.805783545,290.213856775,PASS
INST_0856,100856,1,1,AODV,150,50,15,2,1,512,20.0,290.0,0.037,20.518,290.518,270.0,270.518,8100,7496,604,92.54321,7.45679,567.81768,88.351347,113.499346,46353,45906,447,6.183698,514,20.0,290.018,20.296701705,290.055345105,PASS
INST_0856,100856,1,1,DSDV,150,50,15,2,1,512,20.0,290.0,0.037,20.518,290.518,270.0,270.518,8100,5319,2781,65.666667,34.333333,269.70383,287.125388,80.536689,19606,19606,0,3.686031,1718,20.0,290.018,20.045867884,291.54644789,PASS
INST_0856,100856,1,1,AOMDV,150,50,15,2,1,512,20.0,290.0,0.037,20.518,290.518,270.0,270.518,8100,6839,1261,84.432099,15.567901,49.689785,43.048335,103.551497,64753,64051,702,9.468197,1211,20.0,290.018,20.170729449,290.041704824,PASS
INST_0857,100857,1,1,AODV,150,50,15,2,2,512,20.0,290.0,0.037,20.518,290.518,270.0,270.518,8100,7624,476,94.123457,5.876543,362.672172,99.225505,115.437435,58307,57594,713,7.647823,407,20.0,290.018,20.770217701,290.035420713,PASS
INST_0857,100857,1,1,DSDV,150,50,15,2,2,512,20.0,290.0,0.037,20.518,290.518,270.0,270.518,8100,4599,3501,56.777778,43.222222,211.667497,192.517322,69.634937,20302,20302,0,4.414438,2377,20.0,290.018,20.425088203,299.113418183,PASS
INST_0857,100857,1,1,AOMDV,150,50,15,2,2,512,20.0,290.0,0.037,20.518,290.518,270.0,270.518,8100,6599,1501,81.469136,18.530864,44.172785,30.66326,99.91758,62481,61756,725,9.468253,1403,20.0,290.018,20.803644907,289.98649647,PASS
INST_0858,100858,1,1,AODV,150,50,15,2,3,512,20.0,290.0,0.037,20.518,290.518,270.0,270.518,8100,7468,632,92.197531,7.802469,367.02513,83.293937,113.075389,49237,48730,507,6.593064,556,20.0,290.018,20.831602816,294.7173493,PASS
INST_0858,100858,1,1,DSDV,150,50,15,2,3,512,20.0,290.0,0.037,20.518,290.518,270.0,270.518,8100,5170,2930,63.82716,36.17284,153.280199,127.117336,78.280632,19370,19370,0,3.746615,1704,20.0,290.018,20.313566685,288.194399896,PASS
INST_0858,100858,1,1,AOMDV,150,50,15,2,3,512,20.0,290.0,0.037,20.518,290.518,270.0,270.518,8100,6553,1547,80.901235,19.098765,82.537428,30.014495,99.22108,68818,68006,812,10.501755,1518,20.0,290.018,22.494949498,290.035621165,PASS
INST_0859,100859,1,1,AODV,150,50,15,2,4,512,20.0,290.0,0.037,20.518,290.518,270.0,270.518,8100,7601,499,93.839506,6.160494,206.633157,62.473192,115.089184,43250,42811,439,5.690041,467,20.0,290.018,20.29420945,295.611720101,PASS
INST_0859,100859,1,1,DSDV,150,50,15,2,4,512,20.0,290.0,0.037,20.518,290.518,270.0,270.518,8100,5320,2780,65.679012,34.320988,310.824729,314.32517,80.55183,17918,17918,0,3.368045,1669,20.0,290.018,20.082910679,299.093972965,PASS
INST_0859,100859,1,1,AOMDV,150,50,15,2,4,512,20.0,290.0,0.037,20.518,290.518,270.0,270.518,8100,6971,1129,86.061728,13.938272,99.173122,73.724724,105.550152,61257,60545,712,8.787405,1080,20.0,290.018,20.163817568,289.999869186,PASS
INST_0860,100860,1,1,AODV,150,50,15,2,5,512,20.0,290.0,0.037,20.518,290.518,270.0,270.518,8100,7717,383,95.271605,4.728395,328.160857,61.313249,116.845578,39094,38651,443,5.065958,336,20.0,290.018,20.754702145,290.029939158,PASS
INST_0860,100860,1,1,DSDV,150,50,15,2,5,512,20.0,290.0,0.037,20.518,290.518,270.0,270.518,8100,5360,2740,66.17284,33.82716,353.881568,185.94214,81.157483,18549,18549,0,3.460634,1749,20.0,290.018,20.156532792,298.723181982,PASS
INST_0860,100860,1,1,AOMDV,150,50,15,2,5,512,20.0,290.0,0.037,20.518,290.518,270.0,270.518,8100,6959,1141,85.91358,14.08642,53.487721,45.446977,105.368456,59297,58673,624,8.520908,1063,20.0,290.018,20.902289804,290.029559131,PASS
INST_0861,100861,1,1,AODV,150,50,15,4,1,512,20.0,290.0,0.037,20.518,290.518,270.0,270.518,16200,13709,2491,84.623457,15.376543,514.782611,117.32748,207.572376,74280,73511,769,5.418338,2402,20.0,290.268,20.300102164,298.229093126,PASS
INST_0861,100861,1,1,DSDV,150,50,15,4,1,512,20.0,290.0,0.037,20.518,290.518,270.0,270.518,16200,9526,6674,58.802469,41.197531,355.628521,193.34974,144.236228,21654,21654,0,2.273147,3657,20.0,290.268,20.046167884,295.019678916,PASS
INST_0861,100861,1,1,AOMDV,150,50,15,4,1,512,20.0,290.0,0.037,20.518,290.518,270.0,270.518,16200,13313,2887,82.179012,17.820988,107.535158,69.87379,201.576413,67944,67114,830,5.103583,2759,20.0,290.268,20.343085724,290.237567432,PASS
INST_0862,100862,1,1,AODV,150,50,15,4,2,512,20.0,290.0,0.037,20.518,290.518,270.0,270.518,16200,12605,3595,77.808642,22.191358,860.324533,186.077766,190.856357,108415,106969,1446,8.600952,3281,20.0,290.268,20.930377558,290.27986063,PASS
INST_0862,100862,1,1,DSDV,150,50,15,4,2,512,20.0,290.0,0.037,20.518,290.518,270.0,270.518,16200,8188,8012,50.54321,49.45679,482.066497,226.879599,123.97714,21901,21901,0,2.674768,4565,20.0,290.268,20.128927125,298.512495366,PASS
INST_0862,100862,1,1,AOMDV,150,50,15,4,2,512,20.0,290.0,0.037,20.518,290.518,270.0,270.518,16200,12507,3693,77.203704,22.796296,321.426972,122.855007,189.372508,68372,67417,955,5.466699,3486,20.0,290.268,23.255365947,290.23689647,PASS
INST_0863,100863,1,1,AODV,150,50,15,4,3,512,20.0,290.0,0.037,20.518,290.518,270.0,270.518,16200,13466,2734,83.123457,16.876543,800.358801,129.314579,203.893035,95808,94743,1065,7.114808,2533,20.0,290.268,20.765780792,291.778072788,PASS
INST_0863,100863,1,1,DSDV,150,50,15,4,3,512,20.0,290.0,0.037,20.518,290.518,270.0,270.518,16200,8979,7221,55.425926,44.574074,364.499248,161.983752,135.953925,21077,21077,0,2.347366,4152,20.0,290.268,20.165828283,297.752119085,PASS
INST_0863,100863,1,1,AOMDV,150,50,15,4,3,512,20.0,290.0,0.037,20.518,290.518,270.0,270.518,16200,12643,3557,78.04321,21.95679,386.042911,98.527184,191.431727,71065,70157,908,5.620897,3280,20.0,290.268,23.037809024,290.351889341,PASS
INST_0864,100864,1,1,AODV,150,50,15,4,4,512,20.0,290.0,0.037,20.518,290.518,270.0,270.518,16200,13980,2220,86.296296,13.703704,474.373942,103.938097,211.675674,80828,79841,987,5.781688,2067,20.0,290.268,20.746748193,291.337653049,PASS
INST_0864,100864,1,1,DSDV,150,50,15,4,4,512,20.0,290.0,0.037,20.518,290.518,270.0,270.518,16200,10037,6163,61.95679,38.04321,294.249154,144.802482,151.973444,19926,19926,0,1.985255,3618,20.0,290.268,20.083090679,296.986929201,PASS
INST_0864,100864,1,1,AOMDV,150,50,15,4,4,512,20.0,290.0,0.037,20.518,290.518,270.0,270.518,16200,13927,2273,85.969136,14.030864,203.271031,59.614444,210.873184,61391,60627,764,4.408056,2131,20.0,290.268,20.087338246,290.292672972,PASS
INST_0865,100865,1,1,AODV,150,50,15,4,5,512,20.0,290.0,0.037,20.518,290.518,270.0,270.518,16200,14069,2131,86.845679,13.154321,526.452273,101.101607,213.023252,79885,79015,870,5.678087,1940,20.0,290.268,20.439026051,290.399109839,PASS
INST_0865,100865,1,1,DSDV,150,50,15,4,5,512,20.0,290.0,0.037,20.518,290.518,270.0,270.518,16200,9750,6450,60.185185,39.814815,277.613763,113.068134,147.627884,20314,20314,0,2.083487,3630,20.0,290.268,20.156472792,299.408276414,PASS
INST_0865,100865,1,1,AOMDV,150,50,15,4,5,512,20.0,290.0,0.037,20.518,290.518,270.0,270.518,16200,13435,2765,82.932099,17.067901,244.444855,120.527331,203.423654,60743,60016,727,4.52125,2624,20.0,290.268,20.593270268,290.279839229,PASS
INST_0866,100866,1,1,AODV,150,50,15,8,1,512,20.0,290.0,0.037,20.518,290.518,270.0,270.518,32400,18247,14153,56.317901,43.682099,2106.012459,193.931737,276.283693,105938,104895,1043,5.805776,12101,20.0,290.393,20.410093408,299.664088559,PASS
INST_0866,100866,1,1,DSDV,150,50,15,8,1,512,20.0,290.0,0.037,20.518,290.518,270.0,270.518,32400,13787,18613,42.552469,57.447531,1119.304733,185.548622,208.753399,22492,22492,0,1.631392,7081,20.0,290.393,20.045827884,299.62080723,PASS
INST_0866,100866,1,1,AOMDV,150,50,15,8,1,512,20.0,290.0,0.037,20.518,290.518,270.0,270.518,32400,16931,15469,52.256173,47.743827,3774.009288,230.445093,256.357714,80226,79054,1172,4.738409,8516,20.0,290.393,20.182366142,294.23275306,PASS
INST_0867,100867,1,1,AODV,150,50,15,8,2,512,20.0,290.0,0.037,20.518,290.518,270.0,270.518,32400,12986,19414,40.080247,59.919753,3252.98499,337.727903,196.625201,165143,162913,2230,12.717003,15055,20.0,290.393,20.949827079,295.394776105,PASS
INST_0867,100867,1,1,DSDV,150,50,15,8,2,512,20.0,290.0,0.037,20.518,290.518,270.0,270.518,32400,10354,22046,31.95679,68.04321,2629.202522,342.016686,156.773242,22877,22877,0,2.209484,9892,20.0,290.393,20.424827129,299.179939438,PASS
INST_0867,100867,1,1,AOMDV,150,50,15,8,2,512,20.0,290.0,0.037,20.518,290.518,270.0,270.518,32400,15514,16886,47.882716,52.117284,3351.137016,254.271118,234.902461,84480,83161,1319,5.445404,9697,20.0,290.393,21.057533557,293.909644412,PASS
INST_0868,100868,1,1,AODV,150,50,15,8,3,512,20.0,290.0,0.037,20.518,290.518,270.0,270.518,32400,16069,16331,49.595679,50.404321,2339.192713,215.746571,243.305895,119789,118184,1605,7.454664,14157,20.0,290.393,20.838544967,295.758596787,PASS
INST_0868,100868,1,1,DSDV,150,50,15,8,3,512,20.0,290.0,0.037,20.518,290.518,270.0,270.518,32400,11935,20465,36.83642,63.16358,2262.37532,271.930796,180.711672,22801,22801,0,1.910432,8640,20.0,290.393,20.165388284,299.432404763,PASS
INST_0868,100868,1,1,AOMDV,150,50,15,8,3,512,20.0,290.0,0.037,20.518,290.518,270.0,270.518,32400,15179,17221,46.848765,53.151235,4337.895868,268.270232,229.830119,87349,86094,1255,5.754595,9529,20.0,290.393,23.18289329,295.698434906,PASS
INST_0869,100869,1,1,AODV,150,50,15,8,4,512,20.0,290.0,0.037,20.518,290.518,270.0,270.518,32400,17194,15206,53.067901,46.932099,2041.658347,158.625039,260.339881,87846,86994,852,5.109108,13422,20.0,290.393,20.126118768,299.725943166,PASS
INST_0869,100869,1,1,DSDV,150,50,15,8,4,512,20.0,290.0,0.037,20.518,290.518,270.0,270.518,32400,13045,19355,40.262346,59.737654,1673.082165,208.322626,197.518539,23021,23021,0,1.764737,8305,20.0,290.393,20.083110679,292.6754244,PASS
INST_0869,100869,1,1,AOMDV,150,50,15,8,4,512,20.0,290.0,0.037,20.518,290.518,270.0,270.518,32400,17283,15117,53.342593,46.657407,3742.700443,218.357829,261.687459,78595,77342,1253,4.547532,9118,20.0,290.393,20.346158332,292.530312817,PASS
INST_0870,100870,1,1,AODV,150,50,15,8,5,512,20.0,290.0,0.037,20.518,290.518,270.0,270.518,32400,17570,14830,54.228395,45.771605,1677.286807,219.431103,266.033018,138824,137136,1688,7.901195,12361,20.0,290.393,20.259236898,293.59005836,PASS
INST_0870,100870,1,1,DSDV,150,50,15,8,5,512,20.0,290.0,0.037,20.518,290.518,270.0,270.518,32400,14266,18134,44.030864,55.969136,1169.667515,174.156502,216.006092,21312,21312,0,1.493902,7915,20.0,290.393,20.156992792,299.457360142,PASS
INST_0870,100870,1,1,AOMDV,150,50,15,8,5,512,20.0,290.0,0.037,20.518,290.518,270.0,270.518,32400,19521,12879,60.25,39.75,2325.147687,218.673961,295.573736,69863,68847,1016,3.578864,8169,20.0,290.393,20.320237023,292.510861163,PASS
INST_0871,100871,1,1,AODV,150,50,20,2,1,512,20.0,290.0,0.037,20.703,290.703,270.0,270.703,10800,9902,898,91.685185,8.314815,587.502767,114.373434,149.826903,74876,74045,831,7.561705,744,20.0,290.203,20.38812385,293.630974873,PASS
INST_0871,100871,1,1,DSDV,150,50,20,2,1,512,20.0,290.0,0.037,20.703,290.703,270.0,270.703,10800,6150,4650,56.944444,43.055556,390.263721,267.887604,93.055489,22033,22033,0,3.582602,2579,20.0,290.203,20.046247884,290.358983857,PASS
INST_0871,100871,1,1,AOMDV,150,50,20,2,1,512,20.0,290.0,0.037,20.703,290.703,270.0,270.703,10800,9043,1757,83.731481,16.268519,76.742893,53.351465,136.829396,71641,70710,931,7.92226,1699,20.0,290.203,20.671384131,290.365760811,PASS
INST_0872,100872,1,1,AODV,150,50,20,2,2,512,20.0,290.0,0.037,20.703,290.703,270.0,270.703,10800,9938,862,92.018519,7.981481,343.532135,107.242543,150.371618,77080,76074,1006,7.756088,766,20.0,290.203,21.066671068,290.208758274,PASS
INST_0872,100872,1,1,DSDV,150,50,20,2,2,512,20.0,290.0,0.037,20.703,290.703,270.0,270.703,10800,6185,4615,57.268519,42.731481,357.737637,309.241946,93.585073,21122,21122,0,3.415036,2834,20.0,290.203,20.425946997,299.133312204,PASS
INST_0872,100872,1,1,AOMDV,150,50,20,2,2,512,20.0,290.0,0.037,20.703,290.703,270.0,270.703,10800,8749,2051,81.009259,18.990741,106.298076,82.683624,132.38089,70753,69704,1049,8.086981,1983,20.0,290.203,21.099948463,290.296025231,PASS
INST_0873,100873,1,1,AODV,150,50,20,2,3,512,20.0,290.0,0.037,20.703,290.703,270.0,270.703,10800,9365,1435,86.712963,13.287037,613.627999,155.746212,141.70157,94815,93667,1148,10.124399,1283,20.0,290.203,21.126761075,291.851726141,PASS
INST_0873,100873,1,1,DSDV,150,50,20,2,3,512,20.0,290.0,0.037,20.703,290.703,270.0,270.703,10800,6725,4075,62.268519,37.731481,315.342122,303.196792,101.755799,20096,20096,0,2.988253,2601,20.0,290.203,20.313765278,299.937361511,PASS
INST_0873,100873,1,1,AOMDV,150,50,20,2,3,512,20.0,290.0,0.037,20.703,290.703,270.0,270.703,10800,8477,2323,78.490741,21.509259,180.189242,99.241134,128.265265,81690,80405,1285,9.636664,2178,20.0,290.203,23.356219162,290.365103792,PASS
INST_0874,100874,1,1,AODV,150,50,20,2,4,512,20.0,290.0,0.037,20.703,290.703,270.0,270.703,10800,10000,800,92.592593,7.407407,457.025048,128.424615,151.309738,71826,70901,925,7.1826,725,20.0,290.203,20.131056187,290.225696728,PASS
INST_0874,100874,1,1,DSDV,150,50,20,2,4,512,20.0,290.0,0.037,20.703,290.703,270.0,270.703,10800,7663,3137,70.953704,29.046296,217.142641,199.57705,115.948652,18107,18107,0,2.362913,2189,20.0,290.203,20.082750679,299.303819611,PASS
INST_0874,100874,1,1,AOMDV,150,50,20,2,4,512,20.0,290.0,0.037,20.703,290.703,270.0,270.703,10800,9202,1598,85.203704,14.796296,96.448015,63.593539,139.235221,67943,67063,880,7.383504,1504,20.0,290.203,20.378149856,290.208936292,PASS
INST_0875,100875,1,1,AODV,150,50,20,2,5,512,20.0,290.0,0.037,20.703,290.703,270.0,270.703,10800,10028,772,92.851852,7.148148,277.950741,105.797679,151.733405,81745,80692,1053,8.151675,653,20.0,290.203,20.605920773,290.227521059,PASS
INST_0875,100875,1,1,DSDV,150,50,20,2,5,512,20.0,290.0,0.037,20.703,290.703,270.0,270.703,10800,6882,3918,63.722222,36.277778,228.313316,169.362883,104.131362,18255,18255,0,2.652572,2717,20.0,290.203,20.156912792,299.977909814,PASS
INST_0875,100875,1,1,AOMDV,150,50,20,2,5,512,20.0,290.0,0.037,20.703,290.703,270.0,270.703,10800,9113,1687,84.37963,15.62037,65.515313,40.099166,137.888564,66676,65732,944,7.316581,1597,20.0,290.203,20.568893403,290.255934931,PASS
INST_0876,100876,1,1,AODV,150,50,20,4,1,512,20.0,290.0,0.037,20.703,290.703,270.0,270.703,21600,15077,6523,69.800926,30.199074,1260.523545,251.859001,228.129692,132079,130611,1468,8.760297,5931,20.0,290.453,20.280465887,299.106814587,PASS
INST_0876,100876,1,1,DSDV,150,50,20,4,1,512,20.0,290.0,0.037,20.703,290.703,270.0,270.703,21600,10698,10902,49.527778,50.472222,880.090714,239.416632,161.871158,24289,24289,0,2.270424,5059,20.0,290.453,20.045567884,298.005844341,PASS
INST_0876,100876,1,1,AOMDV,150,50,20,4,1,512,20.0,290.0,0.037,20.703,290.703,270.0,270.703,21600,15812,5788,73.203704,26.796296,1084.843656,210.57142,239.250958,84808,83359,1449,5.363521,5238,20.0,290.453,20.450325149,290.532235712,PASS
INST_0877,100877,1,1,AODV,150,50,20,4,2,512,20.0,290.0,0.037,20.703,290.703,270.0,270.703,21600,12693,8907,58.763889,41.236111,1458.823594,334.277623,192.05745,184451,182108,2343,14.53171,8037,20.0,290.453,21.089067355,292.195094521,PASS
INST_0877,100877,1,1,DSDV,150,50,20,4,2,512,20.0,290.0,0.037,20.703,290.703,270.0,270.703,21600,10221,11379,47.319444,52.680556,1083.132931,314.391844,154.653683,23013,23013,0,2.251541,6459,20.0,290.453,20.12986695,299.760775512,PASS
INST_0877,100877,1,1,AOMDV,150,50,20,4,2,512,20.0,290.0,0.037,20.703,290.703,270.0,270.703,21600,14615,6985,67.662037,32.337963,1195.606773,248.995915,221.139182,88310,86754,1556,6.042422,5986,20.0,290.453,20.955616678,290.470055767,PASS
INST_0878,100878,1,1,AODV,150,50,20,4,3,512,20.0,290.0,0.037,20.703,290.703,270.0,270.703,21600,12585,9015,58.263889,41.736111,1825.859097,306.681483,190.423305,167547,165423,2124,13.31323,8000,20.0,290.453,20.992940675,299.938293391,PASS
INST_0878,100878,1,1,DSDV,150,50,20,4,3,512,20.0,290.0,0.037,20.703,290.703,270.0,270.703,21600,10121,11479,46.856481,53.143519,1122.598565,325.354736,153.140586,22513,22513,0,2.224385,6101,20.0,290.453,20.313965428,298.940645086,PASS
INST_0878,100878,1,1,AOMDV,150,50,20,4,3,512,20.0,290.0,0.037,20.703,290.703,270.0,270.703,21600,13338,8262,61.75,38.25,1862.556721,287.206237,201.816929,95772,94121,1651,7.180387,6971,20.0,290.453,21.453188695,292.992465245,PASS
INST_0879,100879,1,1,AODV,150,50,20,4,4,512,20.0,290.0,0.037,20.703,290.703,270.0,270.703,21600,15085,6515,69.837963,30.162037,1322.39783,232.612812,228.25074,112937,111629,1308,7.486709,5751,20.0,290.453,20.125843981,295.126134882,PASS
INST_0879,100879,1,1,DSDV,150,50,20,4,4,512,20.0,290.0,0.037,20.703,290.703,270.0,270.703,21600,10855,10745,50.25463,49.74537,1233.609026,361.689419,164.246721,21990,21990,0,2.025795,5491,20.0,290.453,20.083070679,298.145681214,PASS
INST_0879,100879,1,1,AOMDV,150,50,20,4,4,512,20.0,290.0,0.037,20.703,290.703,270.0,270.703,21600,14191,7409,65.699074,34.300926,2069.849891,285.371873,214.723649,88016,86420,1596,6.202241,6166,20.0,290.453,20.412953668,290.461677526,PASS
INST_0880,100880,1,1,AODV,150,50,20,4,5,512,20.0,290.0,0.037,20.703,290.703,270.0,270.703,21600,14088,7512,65.222222,34.777778,1349.730168,294.051473,213.165159,160326,158106,2220,11.380324,6954,20.0,290.453,20.986790514,295.813454315,PASS
INST_0880,100880,1,1,DSDV,150,50,20,4,5,512,20.0,290.0,0.037,20.703,290.703,270.0,270.703,21600,11359,10241,52.587963,47.412037,691.409966,237.638969,171.872731,21409,21409,0,1.884761,5731,20.0,290.453,20.156752792,297.438906879,PASS
INST_0880,100880,1,1,AOMDV,150,50,20,4,5,512,20.0,290.0,0.037,20.703,290.703,270.0,270.703,21600,15009,6591,69.486111,30.513889,1366.929027,232.108383,227.100786,78416,77128,1288,5.224599,5640,20.0,290.453,20.511005293,291.249858578,PASS
INST_0881,100881,1,1,AODV,150,50,20,8,1,512,20.0,290.0,0.037,20.703,290.703,270.0,270.703,43200,17558,25642,40.643519,59.356481,3470.174139,270.649339,265.669638,120583,119470,1113,6.867696,19341,20.0,290.578,20.258024611,299.732676806,PASS
INST_0881,100881,1,1,DSDV,150,50,20,8,1,512,20.0,290.0,0.037,20.703,290.703,270.0,270.703,43200,15153,28047,35.076389,64.923611,2705.476602,291.88799,229.279646,23103,23103,0,1.524649,10070,20.0,290.578,20.045427884,293.210721068,PASS
INST_0881,100881,1,1,AOMDV,150,50,20,8,1,512,20.0,290.0,0.037,20.703,290.703,270.0,270.703,43200,15841,27359,36.668981,63.331019,6269.995364,368.439051,239.689756,100351,98747,1604,6.33489,11455,20.0,290.578,20.459173494,294.065165017,PASS
INST_0882,100882,1,1,AODV,150,50,20,8,2,512,20.0,290.0,0.037,20.703,290.703,270.0,270.703,43200,13318,29882,30.828704,69.171296,3324.433013,381.455774,201.514309,190847,188566,2281,14.330005,23746,20.0,290.578,20.870707624,298.929971251,PASS
INST_0882,100882,1,1,DSDV,150,50,20,8,2,512,20.0,290.0,0.037,20.703,290.703,270.0,270.703,43200,11637,31563,26.9375,73.0625,4012.57706,484.756589,176.079142,24125,24125,0,2.073129,12303,20.0,290.578,20.128466951,298.567641072,PASS
INST_0882,100882,1,1,AOMDV,150,50,20,8,2,512,20.0,290.0,0.037,20.703,290.703,270.0,270.703,43200,14289,28911,33.076389,66.923611,6034.133453,440.287043,216.206485,105390,103613,1777,7.375604,14187,20.0,290.578,20.656105921,296.944299448,PASS
INST_0883,100883,1,1,AODV,150,50,20,8,3,512,20.0,290.0,0.037,20.703,290.703,270.0,270.703,43200,16072,27128,37.203704,62.796296,2899.571809,257.679919,243.185011,163770,161908,1862,10.189771,22206,20.0,290.578,21.192117291,299.973760358,PASS
INST_0883,100883,1,1,DSDV,150,50,20,8,3,512,20.0,290.0,0.037,20.703,290.703,270.0,270.703,43200,12754,30446,29.523148,70.476852,3409.727708,356.887724,192.98044,23426,23426,0,1.836757,11799,20.0,290.578,20.165488458,297.065805162,PASS
INST_0883,100883,1,1,AOMDV,150,50,20,8,3,512,20.0,290.0,0.037,20.703,290.703,270.0,270.703,43200,13572,29628,31.416667,68.583333,5813.825258,400.304387,205.357576,111781,109635,2146,8.236148,14302,20.0,290.578,24.346745992,298.474141577,PASS
INST_0884,100884,1,1,AODV,150,50,20,8,4,512,20.0,290.0,0.037,20.703,290.703,270.0,270.703,43200,15316,27884,35.453704,64.546296,4174.037132,376.996228,231.745995,143126,141506,1620,9.344868,19883,20.0,290.578,20.170488391,297.400358744,PASS
INST_0884,100884,1,1,DSDV,150,50,20,8,4,512,20.0,290.0,0.037,20.703,290.703,270.0,270.703,43200,12971,30229,30.025463,69.974537,4017.73053,439.38668,196.263861,22203,22203,0,1.711742,11288,20.0,290.578,20.091488569,299.945003208,PASS
INST_0884,100884,1,1,AOMDV,150,50,20,8,4,512,20.0,290.0,0.037,20.703,290.703,270.0,270.703,43200,14144,29056,32.740741,67.259259,6756.016047,480.996311,214.012493,101328,99416,1912,7.164027,13679,20.0,290.578,20.511819904,296.288432058,PASS
INST_0885,100885,1,1,AODV,150,50,20,8,5,512,20.0,290.0,0.037,20.703,290.703,270.0,270.703,43200,13951,29249,32.293981,67.706019,3809.040485,440.822355,211.092215,187227,184601,2626,13.420328,20801,20.0,290.578,20.321598737,299.492692208,PASS
INST_0885,100885,1,1,DSDV,150,50,20,8,5,512,20.0,290.0,0.037,20.703,290.703,270.0,270.703,43200,14538,28662,33.652778,66.347222,2925.098941,358.605903,219.974097,22803,22803,0,1.56851,10245,20.0,290.578,20.157232792,294.985550532,PASS
INST_0885,100885,1,1,AOMDV,150,50,20,8,5,512,20.0,290.0,0.037,20.703,290.703,270.0,270.703,43200,15839,27361,36.664352,63.335648,6022.863252,393.110099,239.659494,93703,92076,1627,5.915967,13378,20.0,290.578,20.525707434,297.064165773,PASS
INST_0886,100886,1,1,AODV,150,50,25,2,1,512,20.0,290.0,0.037,20.888,290.888,270.0,270.888,13500,11807,1693,87.459259,12.540741,559.647448,197.939699,178.5294,116009,114472,1537,9.825443,1463,20.0,290.388,20.990944902,290.40571936,PASS
INST_0886,100886,1,1,DSDV,150,50,25,2,1,512,20.0,290.0,0.037,20.888,290.888,270.0,270.888,13500,7815,5685,57.888889,42.111111,420.775745,282.619863,118.167804,21021,21021,0,2.689827,3317,20.0,290.388,20.045727884,298.746118388,PASS
INST_0886,100886,1,1,AOMDV,150,50,25,2,1,512,20.0,290.0,0.037,20.888,290.888,270.0,270.888,13500,10793,2707,79.948148,20.051852,169.020912,119.911278,163.19707,82373,81021,1352,7.632076,2597,20.0,290.388,20.528257595,290.395116192,PASS
INST_0887,100887,1,1,AODV,150,50,25,2,2,512,20.0,290.0,0.037,20.888,290.888,270.0,270.888,13500,11839,1661,87.696296,12.303704,425.431482,192.946112,179.01326,114737,113174,1563,9.691444,1411,20.0,290.388,21.190276487,290.412463164,PASS
INST_0887,100887,1,1,DSDV,150,50,25,2,2,512,20.0,290.0,0.037,20.888,290.888,270.0,270.888,13500,7554,5946,55.955556,44.044444,427.589654,336.794662,114.221317,21860,21860,0,2.893831,3629,20.0,290.388,20.424687129,298.7829565,PASS
INST_0887,100887,1,1,AOMDV,150,50,25,2,2,512,20.0,290.0,0.037,20.888,290.888,270.0,270.888,13500,10798,2702,79.985185,20.014815,195.673747,124.11039,163.272674,77741,76455,1286,7.199574,2573,20.0,290.388,20.831541947,290.407004715,PASS
INST_0888,100888,1,1,AODV,150,50,25,2,3,512,20.0,290.0,0.037,20.888,290.888,270.0,270.888,13500,10938,2562,81.022222,18.977778,981.678373,273.656359,165.389563,153910,151673,2237,14.071128,2232,20.0,290.388,20.811899071,298.739213285,PASS
INST_0888,100888,1,1,DSDV,150,50,25,2,3,512,20.0,290.0,0.037,20.888,290.888,270.0,270.888,13500,8123,5377,60.17037,39.82963,381.14813,224.395529,122.824961,21176,21176,0,2.606919,3089,20.0,290.388,20.166248283,294.24664807,PASS
INST_0888,100888,1,1,AOMDV,150,50,25,2,3,512,20.0,290.0,0.037,20.888,290.888,270.0,270.888,13500,10575,2925,78.333333,21.666667,502.611643,148.860956,159.900771,94823,93159,1664,8.966714,2739,20.0,290.388,21.303852255,290.756959196,PASS
INST_0889,100889,1,1,AODV,150,50,25,2,4,512,20.0,290.0,0.037,20.888,290.888,270.0,270.888,13500,11656,1844,86.340741,13.659259,558.090201,206.262411,176.246183,111902,110471,1431,9.600377,1628,20.0,290.388,20.704615495,291.163920199,PASS
INST_0889,100889,1,1,DSDV,150,50,25,2,4,512,20.0,290.0,0.037,20.888,290.888,270.0,270.888,13500,8571,4929,63.488889,36.511111,329.590747,284.130655,129.599008,19009,19009,0,2.217828,2940,20.0,290.388,20.082410679,299.892098507,PASS
INST_0889,100889,1,1,AOMDV,150,50,25,2,4,512,20.0,290.0,0.037,20.888,290.888,270.0,270.888,13500,11294,2206,83.659259,16.340741,120.709991,81.993246,170.772511,76404,75290,1114,6.765008,2016,20.0,290.388,20.338780253,290.4075323,PASS
INST_0890,100890,1,1,AODV,150,50,25,2,5,512,20.0,290.0,0.037,20.888,290.888,270.0,270.888,13500,11223,2277,83.133333,16.866667,849.9551,261.885603,169.698946,144326,142272,2054,12.859841,2028,20.0,290.388,20.451682195,290.399718524,PASS
INST_0890,100890,1,1,DSDV,150,50,25,2,5,512,20.0,290.0,0.037,20.888,290.888,270.0,270.888,13500,8615,4885,63.814815,36.185185,236.080271,154.767272,130.264316,19032,19032,0,2.20917,3061,20.0,290.388,20.156852792,298.903064421,PASS
INST_0890,100890,1,1,AOMDV,150,50,25,2,5,512,20.0,290.0,0.037,20.888,290.888,270.0,270.888,13500,11027,2473,81.681481,18.318519,173.18791,82.315538,166.7353,77434,76143,1291,7.022218,2345,20.0,290.388,20.362916046,290.401456836,PASS
INST_0891,100891,1,1,AODV,150,50,25,4,1,512,20.0,290.0,0.037,20.888,290.888,270.0,270.888,27000,12265,14735,45.425926,54.574074,3328.95654,510.970179,185.454653,174298,172381,1917,14.211007,12308,20.0,290.638,20.324953439,299.604285124,PASS
INST_0891,100891,1,1,DSDV,150,50,25,4,1,512,20.0,290.0,0.037,20.888,290.888,270.0,270.888,27000,11261,15739,41.707407,58.292593,1538.800704,366.336833,170.27353,23396,23396,0,2.077613,7222,20.0,290.638,20.045747884,294.943742346,PASS
INST_0891,100891,1,1,AOMDV,150,50,25,4,1,512,20.0,290.0,0.037,20.888,290.888,270.0,270.888,27000,12639,14361,46.811111,53.188889,5405.914494,581.968701,191.109772,114722,112598,2124,9.076826,10240,20.0,290.638,20.378240387,293.834409239,PASS
INST_0892,100892,1,1,AODV,150,50,25,4,2,512,20.0,290.0,0.037,20.888,290.888,270.0,270.888,27000,12924,14076,47.866667,52.133333,2287.84278,477.50519,195.419155,212285,209738,2547,16.425642,12229,20.0,290.638,21.144023199,296.162360989,PASS
INST_0892,100892,1,1,DSDV,150,50,25,4,2,512,20.0,290.0,0.037,20.888,290.888,270.0,270.888,27000,11418,15582,42.288889,57.711111,1567.048909,353.329513,172.647471,23451,23451,0,2.053862,7733,20.0,290.638,20.424247129,299.61873135,PASS
INST_0892,100892,1,1,AOMDV,150,50,25,4,2,512,20.0,290.0,0.037,20.888,290.888,270.0,270.888,27000,14584,12416,54.014815,45.985185,3491.162078,429.312443,220.519418,103358,101395,1963,7.087082,9473,20.0,290.638,21.052297039,293.975006343,PASS
INST_0893,100893,1,1,AODV,150,50,25,4,3,512,20.0,290.0,0.037,20.888,290.888,270.0,270.888,27000,14261,12739,52.818519,47.181481,2199.267788,340.581467,215.635451,172337,169973,2364,12.084496,11358,20.0,290.638,20.799467074,299.528186871,PASS
INST_0893,100893,1,1,DSDV,150,50,25,4,3,512,20.0,290.0,0.037,20.888,290.888,270.0,270.888,27000,11871,15129,43.966667,56.033333,2185.597116,413.403971,179.497121,24598,24598,0,2.072108,7217,20.0,290.638,20.498786659,295.58979769,PASS
INST_0893,100893,1,1,AOMDV,150,50,25,4,3,512,20.0,290.0,0.037,20.888,290.888,270.0,270.888,27000,13992,13008,51.822222,48.177778,3310.556817,373.490447,211.567999,121949,119619,2330,8.715623,9891,20.0,290.638,20.81020707,297.217943746,PASS
INST_0894,100894,1,1,AODV,150,50,25,4,4,512,20.0,290.0,0.037,20.888,290.888,270.0,270.888,27000,13267,13733,49.137037,50.862963,3007.599113,467.560468,200.605534,170437,168585,1852,12.846687,11466,20.0,290.638,20.328362803,298.323606137,PASS
INST_0894,100894,1,1,DSDV,150,50,25,4,4,512,20.0,290.0,0.037,20.888,290.888,270.0,270.888,27000,12595,14405,46.648148,53.351852,1665.532107,440.254994,190.444464,21313,21313,0,1.692179,6523,20.0,290.638,20.082990679,299.313960886,PASS
INST_0894,100894,1,1,AOMDV,150,50,25,4,4,512,20.0,290.0,0.037,20.888,290.888,270.0,270.888,27000,13516,13484,50.059259,49.940741,5727.910659,554.977584,204.370574,103910,101840,2070,7.687925,9318,20.0,290.638,20.119219283,293.57100751,PASS
INST_0895,100895,1,1,AODV,150,50,25,4,5,512,20.0,290.0,0.037,20.888,290.888,270.0,270.888,27000,13234,13766,49.014815,50.985185,2642.397366,482.634067,200.106553,200520,197975,2545,15.151882,11642,20.0,290.638,20.295476021,297.074438217,PASS
INST_0895,100895,1,1,DSDV,150,50,25,4,5,512,20.0,290.0,0.037,20.888,290.888,270.0,270.888,27000,12030,14970,44.555556,55.444444,1451.576601,408.006756,181.901302,22943,22943,0,1.907149,7490,20.0,290.638,20.156532792,299.787172068,PASS
INST_0895,100895,1,1,AOMDV,150,50,25,4,5,512,20.0,290.0,0.037,20.888,290.888,270.0,270.888,27000,12751,14249,47.225926,52.774074,4533.979042,525.329648,192.803284,120109,117689,2420,9.419575,10532,20.0,290.638,20.312074961,294.150226168,PASS
INST_0896,100896,1,1,AODV,150,50,25,8,1,512,20.0,290.0,0.037,20.888,290.888,270.0,270.888,54000,15937,38063,29.512963,70.487037,4151.975003,392.106423,240.977644,164123,162674,1449,10.298237,28380,20.0,290.763,20.405937627,298.971155353,PASS
INST_0896,100896,1,1,DSDV,150,50,25,8,1,512,20.0,290.0,0.037,20.888,290.888,270.0,270.888,54000,14025,39975,25.972222,74.027778,4220.584995,474.952286,212.06698,23847,23847,0,1.700321,13566,20.0,290.763,20.045707884,294.363014996,PASS
INST_0896,100896,1,1,AOMDV,150,50,25,8,1,512,20.0,290.0,0.037,20.888,290.888,270.0,270.888,54000,11852,42148,21.948148,78.051852,8247.292764,640.192101,179.209828,127331,125023,2308,10.743419,17450,20.0,290.763,20.536302627,297.750640485,PASS
INST_0897,100897,1,1,AODV,150,50,25,8,2,512,20.0,290.0,0.037,20.888,290.888,270.0,270.888,54000,13622,40378,25.225926,74.774074,4103.500291,430.610309,205.973362,206845,204300,2545,15.184628,28223,20.0,290.763,21.570305939,298.021199843,PASS
INST_0897,100897,1,1,DSDV,150,50,25,8,2,512,20.0,290.0,0.037,20.888,290.888,270.0,270.888,54000,12614,41386,23.359259,76.640741,6141.154287,586.765587,190.731756,24035,24035,0,1.905423,14818,20.0,290.763,20.425067129,299.523512226,PASS
INST_0897,100897,1,1,AOMDV,150,50,25,8,2,512,20.0,290.0,0.037,20.888,290.888,270.0,270.888,54000,12298,41702,22.774074,77.225926,7362.004466,636.527248,185.953634,121280,118863,2417,9.861766,18537,20.0,290.763,20.861175049,299.148483163,PASS
INST_0898,100898,1,1,AODV,150,50,25,8,3,512,20.0,290.0,0.037,20.888,290.888,270.0,270.888,54000,13303,40697,24.635185,75.364815,4869.9513,434.69385,201.149877,194011,191614,2397,14.584004,29370,20.0,290.763,20.819272807,299.987822137,PASS
INST_0898,100898,1,1,DSDV,150,50,25,8,3,512,20.0,290.0,0.037,20.888,290.888,270.0,270.888,54000,14410,39590,26.685185,73.314815,4842.321788,424.715637,217.888426,23208,23208,0,1.610548,13990,20.0,290.763,20.164648104,299.901726013,PASS
INST_0898,100898,1,1,AOMDV,150,50,25,8,3,512,20.0,290.0,0.037,20.888,290.888,270.0,270.888,54000,11808,42192,21.866667,78.133333,7622.305963,554.111732,178.54452,140538,137960,2578,11.901931,19039,20.0,290.763,21.321732046,298.728561096,PASS
INST_0899,100899,1,1,AODV,150,50,25,8,4,512,20.0,290.0,0.037,20.888,290.888,270.0,270.888,54000,12625,41375,23.37963,76.62037,6504.692228,572.291841,190.898083,173703,171921,1782,13.758653,25491,20.0,290.763,21.403242773,299.920204781,PASS
INST_0899,100899,1,1,DSDV,150,50,25,8,4,512,20.0,290.0,0.037,20.888,290.888,270.0,270.888,54000,13328,40672,24.681481,75.318519,5089.601522,428.835256,201.527893,22687,22687,0,1.702206,14209,20.0,290.763,20.082450679,299.747503004,PASS
INST_0899,100899,1,1,AOMDV,150,50,25,8,4,512,20.0,290.0,0.037,20.888,290.888,270.0,270.888,54000,11945,42055,22.12037,77.87963,9286.154659,771.112794,180.616048,118482,116185,2297,9.918962,16375,20.0,290.763,20.329875528,299.774136384,PASS
INST_0900,100900,1,1,AODV,150,50,25,8,5,512,20.0,290.0,0.037,20.888,290.888,270.0,270.888,54000,10808,43192,20.014815,79.985185,4438.879698,509.869566,163.42388,232737,230276,2461,21.533771,28049,20.0,290.763,20.484618772,297.728361533,PASS
INST_0900,100900,1,1,DSDV,150,50,25,8,5,512,20.0,290.0,0.037,20.888,290.888,270.0,270.888,54000,14390,39610,26.648148,73.351852,4961.673552,416.053491,217.586013,23982,23982,0,1.666574,14393,20.0,290.763,20.157672792,299.913959189,PASS
INST_0900,100900,1,1,AOMDV,150,50,25,8,5,512,20.0,290.0,0.037,20.888,290.888,270.0,270.888,54000,12376,41624,22.918519,77.081481,7563.431857,590.558784,187.133044,127215,124826,2389,10.279169,17989,20.0,290.763,20.40218993,298.074677416,PASS
