Instance_ID,Nodes,Speed_kmh,Flows,Packet_Rate_pps,Mobility_Seed,Simulation_Seed,Best_Protocol,Best_Score,Second_Best_Protocol,Second_Best_Score,Score_Margin
INST_0001,50,20,5,2,1,100001,AODV,0.6742598027235449,AOMDV,0.6240808832653006,0.050178919458244264
INST_0002,50,20,5,2,2,100002,DSDV,0.75,AOMDV,0.5054336575574853,0.24456634244251474
INST_0003,50,20,5,2,3,100003,DSDV,0.75,AOMDV,0.5587841880082418,0.1912158119917582
INST_0004,50,20,5,2,4,100004,DSDV,0.710848718635125,AOMDV,0.5350921814060041,0.17575653722912088
INST_0005,50,20,5,2,5,100005,AODV,0.7629364138447196,AOMDV,0.6259177670421834,0.13701864680253617
INST_0006,50,20,5,4,1,100006,DSDV,0.75,AOMDV,0.5246889786060581,0.22531102139394188
INST_0007,50,20,5,4,2,100007,DSDV,0.75,AOMDV,0.5508184324447605,0.19918156755523952
INST_0008,50,20,5,4,3,100008,DSDV,0.75,AOMDV,0.5685265234972119,0.1814734765027881
INST_0009,50,20,5,4,4,100009,DSDV,0.7134025795192609,AOMDV,0.5652186223111306,0.14818395720813027
INST_0010,50,20,5,4,5,100010,DSDV,0.75,AOMDV,0.564962774366666,0.18503722563333402
INST_0011,50,20,5,8,1,100011,DSDV,0.75,AOMDV,0.6201882485439275,0.1298117514560725
INST_0012,50,20,5,8,2,100012,AOMDV,0.6511404224387856,AODV,0.6184872446719156,0.032653177766869934
INST_0013,50,20,5,8,3,100013,DSDV,0.75,AOMDV,0.566985756634342,0.18301424336565797
INST_0014,50,20,5,8,4,100014,DSDV,0.7153381302622102,AODV,0.5511124814376682,0.16422564882454194
INST_0015,50,20,5,8,5,100015,DSDV,0.75,AOMDV,0.4672701697036779,0.2827298302963221
INST_0016,50,20,10,2,1,100016,DSDV,0.7197095880404705,AOMDV,0.6464171849643516,0.07329240307611884
INST_0017,50,20,10,2,2,100017,AODV,0.6959347988219603,AOMDV,0.6442424217134985,0.05169237710846175
INST_0018,50,20,10,2,3,100018,DSDV,0.6675874126151026,AOMDV,0.6179012416666666,0.04968617094843597
INST_0019,50,20,10,2,4,100019,AODV,0.8708241411009467,AOMDV,0.6468579117564719,0.22396622934447485
INST_0020,50,20,10,2,5,100020,AOMDV,0.6468663971203868,AODV,0.645632811903856,0.0012335852165308303
INST_0021,50,20,10,4,1,100021,AOMDV,0.638170596731464,AODV,0.510229813704263,0.12794078302720102
INST_0022,50,20,10,4,2,100022,DSDV,0.75,AOMDV,0.4573762095928804,0.2926237904071196
INST_0023,50,20,10,4,3,100023,AOMDV,0.6332431756840313,AODV,0.5815088308916634,0.05173434479236794
INST_0024,50,20,10,4,4,100024,AODV,0.7066469472973402,AOMDV,0.6234707098493293,0.08317623744801095
INST_0025,50,20,10,4,5,100025,AOMDV,0.6486119017235861,DSDV,0.48760599082293277,0.1610059109006533
INST_0026,50,20,10,8,1,100026,DSDV,0.75,AOMDV,0.35315675273067804,0.39684324726932196
INST_0027,50,20,10,8,2,100027,DSDV,0.75,AOMDV,0.5417168017533434,0.20828319824665664
INST_0028,50,20,10,8,3,100028,DSDV,0.75,AODV,0.43058421143735814,0.31941578856264186
INST_0029,50,20,10,8,4,100029,DSDV,0.75,AODV,0.7176385127530398,0.0323614872469602
INST_0030,50,20,10,8,5,100030,DSDV,0.75,AOMDV,0.4565568097749706,0.2934431902250294
INST_0031,50,20,15,2,1,100031,AOMDV,0.6075297948150609,DSDV,0.494181139048698,0.11334865576636288
INST_0032,50,20,15,2,2,100032,AODV,0.6491044092424714,AOMDV,0.6306507659871787,0.01845364325529264
INST_0033,50,20,15,2,3,100033,AODV,0.7033941088888673,AOMDV,0.6596045192569185,0.04378958963194879
INST_0034,50,20,15,2,4,100034,AODV,0.635717866612299,AOMDV,0.6065737180362218,0.029144148576077167
INST_0035,50,20,15,2,5,100035,AOMDV,0.6501677811018508,AODV,0.6004428828352176,0.04972489826663318
INST_0036,50,20,15,4,1,100036,DSDV,0.7326176644461555,AOMDV,0.6115115758184866,0.12110608862766892
INST_0037,50,20,15,4,2,100037,DSDV,0.7146105621146952,AOMDV,0.6382043262512032,0.07640623586349204
INST_0038,50,20,15,4,3,100038,DSDV,0.75,AOMDV,0.5104184415431526,0.23958155845684737
INST_0039,50,20,15,4,4,100039,AODV,0.6578966161554811,AOMDV,0.6173069715046174,0.04058964465086368
INST_0040,50,20,15,4,5,100040,DSDV,0.75,AOMDV,0.45357315761095046,0.29642684238904954
INST_0041,50,20,15,8,1,100041,DSDV,0.75,AOMDV,0.43124316241300276,0.31875683758699724
INST_0042,50,20,15,8,2,100042,DSDV,1.0,AOMDV,0.377770574506667,0.6222294254933329
INST_0043,50,20,15,8,3,100043,DSDV,0.7978592401785508,AODV,0.36599425594792057,0.43186498423063024
INST_0044,50,20,15,8,4,100044,DSDV,0.8222015168517449,AOMDV,0.675361089169982,0.14684042768176286
INST_0045,50,20,15,8,5,100045,DSDV,0.9754990884680874,AOMDV,0.5143820933752706,0.4611169950928168
INST_0046,50,20,20,2,1,100046,DSDV,0.75,AOMDV,0.5868108197621871,0.16318918023781293
INST_0047,50,20,20,2,2,100047,AOMDV,0.6295105790278244,AODV,0.5189063956145475,0.11060418341327682
INST_0048,50,20,20,2,3,100048,AOMDV,0.644490456039625,DSDV,0.44671317826355755,0.1977772777760674
INST_0049,50,20,20,2,4,100049,DSDV,0.6626626428942338,AOMDV,0.6185929678649529,0.04406967502928094
INST_0050,50,20,20,2,5,100050,AOMDV,0.6586424634433427,DSDV,0.589155905393479,0.0694865580498637
INST_0051,50,20,20,4,1,100051,DSDV,0.75,AOMDV,0.5735384172371192,0.17646158276288082
INST_0052,50,20,20,4,2,100052,DSDV,0.75,AOMDV,0.3898108203228331,0.3601891796771669
INST_0053,50,20,20,4,3,100053,DSDV,0.75,AOMDV,0.4114648102722875,0.3385351897277125
INST_0054,50,20,20,4,4,100054,DSDV,0.75,AOMDV,0.3607942619669046,0.3892057380330954
INST_0055,50,20,20,4,5,100055,DSDV,0.75,AODV,0.351625638339792,0.398374361660208
INST_0056,50,20,20,8,1,100056,DSDV,0.9934896258137971,AOMDV,0.4121987971617904,0.5812908286520067
INST_0057,50,20,20,8,2,100057,DSDV,1.0,AODV,0.27967624976440775,0.7203237502355923
INST_0058,50,20,20,8,3,100058,DSDV,0.7956779305605906,AODV,0.6398214918223277,0.15585643873826283
INST_0059,50,20,20,8,4,100059,DSDV,1.0,AODV,0.10331290862837907,0.896687091371621
INST_0060,50,20,20,8,5,100060,DSDV,1.0,AOMDV,0.2512037795160728,0.7487962204839271
INST_0061,50,20,25,2,1,100061,DSDV,0.75,AOMDV,0.5716588924273764,0.17834110757262356
INST_0062,50,20,25,2,2,100062,AOMDV,0.6443232226456506,DSDV,0.47825854794681166,0.1660646746988389
INST_0063,50,20,25,2,3,100063,AOMDV,0.6604618640400565,DSDV,0.4281627495811563,0.23229911445890017
INST_0064,50,20,25,2,4,100064,AOMDV,0.6423933285855412,AODV,0.5066666946230303,0.13572663396251095
INST_0065,50,20,25,2,5,100065,DSDV,0.75,AOMDV,0.5790289592707663,0.17097104072923375
INST_0066,50,20,25,4,1,100066,DSDV,0.75,AOMDV,0.5688146593848266,0.18118534061517344
INST_0067,50,20,25,4,2,100067,DSDV,0.75,AOMDV,0.4010238085009557,0.3489761914990443
INST_0068,50,20,25,4,3,100068,DSDV,0.75,AOMDV,0.569961614857284,0.18003838514271597
INST_0069,50,20,25,4,4,100069,DSDV,0.8681693755598868,AOMDV,0.6784065358341593,0.1897628397257275
INST_0070,50,20,25,4,5,100070,DSDV,0.75,AOMDV,0.4048078457988933,0.3451921542011067
INST_0071,50,20,25,8,1,100071,DSDV,1.0,AODV,0.1597921695851539,0.8402078304148461
INST_0072,50,20,25,8,2,100072,DSDV,1.0,AODV,0.3926440028707072,0.6073559971292928
INST_0073,50,20,25,8,3,100073,DSDV,1.0,AODV,0.34268528698405115,0.6573147130159489
INST_0074,50,20,25,8,4,100074,DSDV,1.0,AODV,0.09738702596124654,0.9026129740387534
INST_0075,50,20,25,8,5,100075,DSDV,1.0,AODV,0.2077085264755328,0.7922914735244672
INST_0076,50,30,5,2,1,100076,DSDV,0.75,AOMDV,0.5784532658191677,0.17154673418083233
INST_0077,50,30,5,2,2,100077,DSDV,0.75,AOMDV,0.4987572084112041,0.2512427915887959
INST_0078,50,30,5,2,3,100078,AODV,0.6965787094666084,AOMDV,0.6207679618224015,0.07581074764420692
INST_0079,50,30,5,2,4,100079,DSDV,0.7101553861396912,AOMDV,0.5734647589751928,0.13669062716449842
INST_0080,50,30,5,2,5,100080,DSDV,0.75,AOMDV,0.525848980934443,0.224151019065557
INST_0081,50,30,5,4,1,100081,AODV,0.6267431537087297,AOMDV,0.6094771253364091,0.017266028372320608
INST_0082,50,30,5,4,2,100082,AODV,0.8858128976000565,AOMDV,0.6315789487432785,0.2542339488567781
INST_0083,50,30,5,4,3,100083,AODV,0.6454079679325195,AOMDV,0.6109597651339471,0.034448202798572414
INST_0084,50,30,5,4,4,100084,DSDV,0.7150109191256627,AOMDV,0.6114766636753245,0.10353425545033823
INST_0085,50,30,5,4,5,100085,DSDV,0.75,AOMDV,0.5689758644173253,0.18102413558267472
INST_0086,50,30,5,8,1,100086,DSDV,0.75,AOMDV,0.5120002051346334,0.2379997948653666
INST_0087,50,30,5,8,2,100087,DSDV,0.75,AOMDV,0.5291461276173548,0.2208538723826452
INST_0088,50,30,5,8,3,100088,AOMDV,0.6204101363135304,AODV,0.5439191626133744,0.076490973700156
INST_0089,50,30,5,8,4,100089,DSDV,0.7116765126856145,AOMDV,0.6219340489293839,0.08974246375623063
INST_0090,50,30,5,8,5,100090,AOMDV,0.6009354432616766,DSDV,0.5116742285748274,0.08926121468684922
INST_0091,50,30,10,2,1,100091,DSDV,0.75,AODV,0.5517450967718895,0.19825490322811046
INST_0092,50,30,10,2,2,100092,AODV,0.6967999780123405,AOMDV,0.6261487968221059,0.07065118119023461
INST_0093,50,30,10,2,3,100093,AODV,0.781290717265126,AOMDV,0.6201117294127956,0.16117898785233042
INST_0094,50,30,10,2,4,100094,AOMDV,0.6054131153846154,DSDV,0.5644870731162606,0.040926042268354834
INST_0095,50,30,10,2,5,100095,AOMDV,0.6182881460614709,DSDV,0.5385354859533649,0.079752660108106
INST_0096,50,30,10,4,1,100096,DSDV,0.75,AOMDV,0.5672665374248645,0.18273346257513545
INST_0097,50,30,10,4,2,100097,DSDV,0.7357309506670144,AOMDV,0.634198091321301,0.10153285934571343
INST_0098,50,30,10,4,3,100098,DSDV,0.75,AOMDV,0.4362836165481106,0.3137163834518894
INST_0099,50,30,10,4,4,100099,DSDV,0.7267204408358741,AOMDV,0.5859681353509062,0.14075230548496787
INST_0100,50,30,10,4,5,100100,AOMDV,0.6234793211678832,DSDV,0.46256740381742545,0.16091191735045773
INST_0101,50,30,10,8,1,100101,DSDV,0.75,AOMDV,0.335748787653017,0.414251212346983
INST_0102,50,30,10,8,2,100102,DSDV,0.7197612214504326,AOMDV,0.7074460957273541,0.01231512572307858
INST_0103,50,30,10,8,3,100103,DSDV,0.75,AODV,0.489917909874647,0.260082090125353
INST_0104,50,30,10,8,4,100104,DSDV,0.6554319257067088,AOMDV,0.6294901036620825,0.02594182204462636
INST_0105,50,30,10,8,5,100105,DSDV,0.75,AOMDV,0.4100011275748939,0.3399988724251061
INST_0106,50,30,15,2,1,100106,DSDV,0.75,AOMDV,0.5759497035438833,0.1740502964561167
INST_0107,50,30,15,2,2,100107,AODV,0.6406356403079809,AOMDV,0.6146861771183849,0.02594946318959601
INST_0108,50,30,15,2,3,100108,AOMDV,0.6121908147665835,AODV,0.4712026448876777,0.14098816987890583
INST_0109,50,30,15,2,4,100109,DSDV,0.736656782532068,AOMDV,0.6219878092963909,0.11466897323567715
INST_0110,50,30,15,2,5,100110,AOMDV,0.6396229406931209,AODV,0.5724625270947794,0.06716041359834146
INST_0111,50,30,15,4,1,100111,DSDV,0.75,AOMDV,0.45675803846375623,0.29324196153624377
INST_0112,50,30,15,4,2,100112,DSDV,0.749254509231559,AOMDV,0.6178952034369387,0.1313593057946203
INST_0113,50,30,15,4,3,100113,AOMDV,0.7498426369292881,DSDV,0.5575121900015398,0.19233044692774826
INST_0114,50,30,15,4,4,100114,AOMDV,0.6493634326635561,DSDV,0.5353522270791182,0.11401120558443789
INST_0115,50,30,15,4,5,100115,DSDV,0.75,AOMDV,0.5754715307646018,0.17452846923539822
INST_0116,50,30,15,8,1,100116,DSDV,0.75,AOMDV,0.474217458434323,0.275782541565677
INST_0117,50,30,15,8,2,100117,DSDV,0.75,AODV,0.35221070487055295,0.39778929512944705
INST_0118,50,30,15,8,3,100118,DSDV,0.75,AOMDV,0.40499381089414316,0.34500618910585684
INST_0119,50,30,15,8,4,100119,DSDV,0.75,AODV,0.5645933666713134,0.18540663332868657
INST_0120,50,30,15,8,5,100120,DSDV,0.75,AOMDV,0.3321910232312362,0.4178089767687638
INST_0121,50,30,20,2,1,100121,DSDV,0.6418845152124362,AOMDV,0.6380341924681131,0.0038503227443230648
INST_0122,50,30,20,2,2,100122,AOMDV,0.613982170623291,DSDV,0.5,0.11398217062329097
INST_0123,50,30,20,2,3,100123,AOMDV,0.6277731417327598,AODV,0.4692370635860458,0.158536078146714
INST_0124,50,30,20,2,4,100124,AOMDV,0.6422052267416517,DSDV,0.5646874237680067,0.07751780297364497
INST_0125,50,30,20,2,5,100125,AOMDV,0.6472207314059181,DSDV,0.580209721457774,0.06701100994814402
INST_0126,50,30,20,4,1,100126,DSDV,0.75,AOMDV,0.3971447954862655,0.3528552045137345
INST_0127,50,30,20,4,2,100127,DSDV,0.75,AOMDV,0.6301893945980941,0.11981060540190591
INST_0128,50,30,20,4,3,100128,DSDV,0.75,AOMDV,0.6715671781196746,0.07843282188032541
INST_0129,50,30,20,4,4,100129,DSDV,0.75,AOMDV,0.5402721390738748,0.20972786092612516
INST_0130,50,30,20,4,5,100130,DSDV,0.75,AOMDV,0.41224673849721505,0.33775326150278495
INST_0131,50,30,20,8,1,100131,DSDV,0.75,AODV,0.3000842054662163,0.4499157945337837
INST_0132,50,30,20,8,2,100132,DSDV,1.0,AODV,0.16092585829504288,0.8390741417049571
INST_0133,50,30,20,8,3,100133,DSDV,0.75,AODV,0.2944345888163745,0.4555654111836255
INST_0134,50,30,20,8,4,100134,DSDV,0.75,AODV,0.46187118054223036,0.28812881945776964
INST_0135,50,30,20,8,5,100135,DSDV,0.8646251676747148,AODV,0.3198527073750826,0.5447724602996322
INST_0136,50,30,25,2,1,100136,AOMDV,0.6494180561460714,DSDV,0.5783246038933347,0.07109345225273667
INST_0137,50,30,25,2,2,100137,AOMDV,0.6706065784497429,DSDV,0.5675828431212439,0.10302373532849907
INST_0138,50,30,25,2,3,100138,AOMDV,0.720571025718791,DSDV,0.4460898065923247,0.2744812191264662
INST_0139,50,30,25,2,4,100139,DSDV,0.75,AOMDV,0.5012404816589142,0.24875951834108578
INST_0140,50,30,25,2,5,100140,AOMDV,0.7526873333934246,DSDV,0.7482347736445735,0.00445255974885117
INST_0141,50,30,25,4,1,100141,DSDV,0.75,AOMDV,0.41616260881618317,0.33383739118381683
INST_0142,50,30,25,4,2,100142,DSDV,0.75,AOMDV,0.32785533902114095,0.42214466097885905
INST_0143,50,30,25,4,3,100143,DSDV,0.75,AOMDV,0.5554831545758945,0.19451684542410552
INST_0144,50,30,25,4,4,100144,DSDV,0.75,AOMDV,0.3717758209622227,0.3782241790377773
INST_0145,50,30,25,4,5,100145,DSDV,0.75,AOMDV,0.48802565837048095,0.26197434162951905
INST_0146,50,30,25,8,1,100146,DSDV,0.6644693726407828,AODV,0.6501316533317516,0.01433771930903116
INST_0147,50,30,25,8,2,100147,DSDV,0.9479945754043392,AODV,0.6136719049999726,0.3343226704043666
INST_0148,50,30,25,8,3,100148,DSDV,1.0,AOMDV,0.1993509861856344,0.8006490138143656
INST_0149,50,30,25,8,4,100149,DSDV,1.0,AODV,0.2901775881510927,0.7098224118489074
INST_0150,50,30,25,8,5,100150,DSDV,0.924309169792698,AODV,0.5634300547545891,0.3608791150381089
INST_0151,50,40,5,2,1,100151,AODV,0.7327106653405829,AOMDV,0.38714603887134036,0.3455646264692426
INST_0152,50,40,5,2,2,100152,DSDV,0.75,AOMDV,0.5394164813806691,0.2105835186193309
INST_0153,50,40,5,2,3,100153,AODV,0.8169109304742769,DSDV,0.6371830936685007,0.1797278368057762
INST_0154,50,40,5,2,4,100154,AODV,0.9702067112446258,DSDV,0.7114454228364033,0.25876128840822243
INST_0155,50,40,5,2,5,100155,DSDV,0.75,AOMDV,0.5603242723650435,0.18967572763495655
INST_0156,50,40,5,4,1,100156,DSDV,0.75,AODV,0.4736073547669402,0.2763926452330598
INST_0157,50,40,5,4,2,100157,AOMDV,0.6254342410648425,AODV,0.5725428611803116,0.052891379884530854
INST_0158,50,40,5,4,3,100158,DSDV,0.7164840925380492,AOMDV,0.5769528734787993,0.13953121905924992
INST_0159,50,40,5,4,4,100159,DSDV,0.7087220586127314,AODV,0.5,0.2087220586127314
INST_0160,50,40,5,4,5,100160,AOMDV,0.6194550075623955,AODV,0.5665439306369051,0.05291107692549035
INST_0161,50,40,5,8,1,100161,DSDV,0.75,AOMDV,0.5559040466899652,0.19409595331003482
INST_0162,50,40,5,8,2,100162,DSDV,0.75,AOMDV,0.5151461128122419,0.23485388718775813
INST_0163,50,40,5,8,3,100163,DSDV,0.75,AODV,0.5856675494489417,0.16433245055105827
INST_0164,50,40,5,8,4,100164,AODV,0.75,DSDV,0.5684654616206586,0.18153453837934141
INST_0165,50,40,5,8,5,100165,AOMDV,0.5939657327819043,DSDV,0.5288640596529459,0.06510167312895843
INST_0166,50,40,10,2,1,100166,AOMDV,0.6142564862988076,AODV,0.5126764443745437,0.10158004192426384
INST_0167,50,40,10,2,2,100167,AOMDV,0.6189645945981805,AODV,0.5389978061624412,0.07996678843573934
INST_0168,50,40,10,2,3,100168,AOMDV,0.6184782640737241,AODV,0.5891678967789975,0.02931036729472658
INST_0169,50,40,10,2,4,100169,DSDV,0.6835975072413241,AOMDV,0.61340025126005,0.07019725598127402
INST_0170,50,40,10,2,5,100170,AODV,0.6402344061784764,AOMDV,0.6000288659931383,0.04020554018533806
INST_0171,50,40,10,4,1,100171,DSDV,0.75,AOMDV,0.53503723047107,0.21496276952893
INST_0172,50,40,10,4,2,100172,DSDV,0.75,AOMDV,0.3946059100824075,0.3553940899175925
INST_0173,50,40,10,4,3,100173,AOMDV,0.6072359054626002,AODV,0.5422326059444231,0.06500329951817707
INST_0174,50,40,10,4,4,100174,DSDV,0.75,AOMDV,0.5601026262043592,0.18989737379564076
INST_0175,50,40,10,4,5,100175,AOMDV,0.6249636993904886,AODV,0.587989976057045,0.03697372333344362
INST_0176,50,40,10,8,1,100176,DSDV,0.75,AODV,0.3718717795018866,0.3781282204981134
INST_0177,50,40,10,8,2,100177,DSDV,0.75,AOMDV,0.38196229879180915,0.36803770120819085
INST_0178,50,40,10,8,3,100178,DSDV,0.6020275946624138,AOMDV,0.5882574227098898,0.013770171952524057
INST_0179,50,40,10,8,4,100179,DSDV,0.75,AOMDV,0.535351765119825,0.21464823488017504
INST_0180,50,40,10,8,5,100180,AOMDV,0.7891367198756345,DSDV,0.6780489186326716,0.11108780124296291
INST_0181,50,40,15,2,1,100181,AOMDV,0.609934542207627,AODV,0.4991834766811014,0.11075106552652558
INST_0182,50,40,15,2,2,100182,AOMDV,0.6037520747854324,AODV,0.5078124778502973,0.0959395969351351
INST_0183,50,40,15,2,3,100183,AOMDV,0.6129409954325913,AODV,0.46798721538138754,0.14495378005120374
INST_0184,50,40,15,2,4,100184,DSDV,0.6258517497435623,AOMDV,0.6137681172350347,0.01208363250852762
INST_0185,50,40,15,2,5,100185,AOMDV,0.6105856685926733,AODV,0.5445084937848013,0.06607717480787201
INST_0186,50,40,15,4,1,100186,DSDV,0.75,AOMDV,0.5450828443533988,0.20491715564660118
INST_0187,50,40,15,4,2,100187,DSDV,0.7138957347809531,AOMDV,0.6995753118405084,0.014320422940444777
INST_0188,50,40,15,4,3,100188,DSDV,0.75,AOMDV,0.6436154775556293,0.10638452244437069
INST_0189,50,40,15,4,4,100189,DSDV,0.75,AOMDV,0.59311906447884,0.15688093552116
INST_0190,50,40,15,4,5,100190,AOMDV,0.7344726076614485,DSDV,0.57177041236421,0.1627021952972385
INST_0191,50,40,15,8,1,100191,DSDV,0.6298976906333642,AOMDV,0.5001830484248153,0.1297146422085489
INST_0192,50,40,15,8,2,100192,DSDV,0.75,AODV,0.3439703042239353,0.4060296957760647
INST_0193,50,40,15,8,3,100193,DSDV,0.75,AOMDV,0.495917742410122,0.254082257589878
INST_0194,50,40,15,8,4,100194,DSDV,0.75,AOMDV,0.3618099148131098,0.3881900851868902
INST_0195,50,40,15,8,5,100195,DSDV,0.75,AOMDV,0.5965523516517048,0.15344764834829516
INST_0196,50,40,20,2,1,100196,AOMDV,0.6268285509155228,DSDV,0.4800293869765769,0.14679916393894593
INST_0197,50,40,20,2,2,100197,AOMDV,0.6150202987749052,DSDV,0.4531065949613705,0.16191370381353465
INST_0198,50,40,20,2,3,100198,AOMDV,0.6083800938111337,AODV,0.4718948658049843,0.13648522800614937
INST_0199,50,40,20,2,4,100199,AOMDV,0.6250000054086539,AODV,0.4977240524908253,0.12727595291782856
INST_0200,50,40,20,2,5,100200,AOMDV,0.5987436431845841,AODV,0.5037717821539305,0.09497186103065358
INST_0201,50,40,20,4,1,100201,DSDV,0.75,AOMDV,0.6460265453576738,0.10397345464232621
INST_0202,50,40,20,4,2,100202,AOMDV,0.8204023634023302,DSDV,0.75,0.07040236340233019
INST_0203,50,40,20,4,3,100203,AOMDV,0.8155352557928288,DSDV,0.6412328563665357,0.1743023994262931
INST_0204,50,40,20,4,4,100204,AOMDV,0.6989860842344569,DSDV,0.6911952229557964,0.007790861278660466
INST_0205,50,40,20,4,5,100205,DSDV,0.75,AOMDV,0.6121802001061386,0.1378197998938614
INST_0206,50,40,20,8,1,100206,AOMDV,0.5522282039007239,DSDV,0.5,0.05222820390072391
INST_0207,50,40,20,8,2,100207,DSDV,1.0,AODV,0.24769127754966686,0.7523087224503331
INST_0208,50,40,20,8,3,100208,DSDV,1.0,AOMDV,0.38337882427093745,0.6166211757290625
INST_0209,50,40,20,8,4,100209,DSDV,1.0,AOMDV,0.10347469501360297,0.896525304986397
INST_0210,50,40,20,8,5,100210,DSDV,0.969758036420392,AODV,0.42675445281792856,0.5430035836024635
INST_0211,50,40,25,2,1,100211,DSDV,0.6550897338951217,AOMDV,0.639551647799939,0.015538086095182702
INST_0212,50,40,25,2,2,100212,AOMDV,0.6417344586297217,DSDV,0.4249852519013382,0.2167492067283835
INST_0213,50,40,25,2,3,100213,AOMDV,0.7002549253153528,DSDV,0.4396918372957102,0.2605630880196426
INST_0214,50,40,25,2,4,100214,DSDV,0.75,AOMDV,0.46143595192488673,0.28856404807511327
INST_0215,50,40,25,2,5,100215,DSDV,0.6808900237180928,AOMDV,0.6563068753268738,0.024583148391219
INST_0216,50,40,25,4,1,100216,DSDV,0.75,AODV,0.29159515055112095,0.45840484944887905
INST_0217,50,40,25,4,2,100217,DSDV,0.75,AOMDV,0.39611774908461045,0.35388225091538955
INST_0218,50,40,25,4,3,100218,DSDV,0.75,AOMDV,0.535640404219082,0.214359595780918
INST_0219,50,40,25,4,4,100219,DSDV,0.75,AOMDV,0.5694359802156177,0.1805640197843823
INST_0220,50,40,25,4,5,100220,DSDV,0.75,AOMDV,0.4632265442179959,0.2867734557820041
INST_0221,50,40,25,8,1,100221,DSDV,0.5525064578999592,AODV,0.411898999652652,0.14060745824730725
INST_0222,50,40,25,8,2,100222,DSDV,1.0,AODV,0.19982655568023583,0.8001734443197641
INST_0223,50,40,25,8,3,100223,DSDV,1.0,AODV,0.19884080227656808,0.8011591977234319
INST_0224,50,40,25,8,4,100224,DSDV,1.0,AODV,0.4299279762004098,0.5700720237995902
INST_0225,50,40,25,8,5,100225,DSDV,0.8284135292167891,AODV,0.6256936168223489,0.2027199123944402
INST_0226,50,50,5,2,1,100226,AODV,0.7983135015633299,DSDV,0.75,0.04831350156332992
INST_0227,50,50,5,2,2,100227,AOMDV,0.6127126651893396,DSDV,0.5367340957201567,0.07597856946918291
INST_0228,50,50,5,2,3,100228,AOMDV,0.6053719010108599,AODV,0.571410521477818,0.0339613795330419
INST_0229,50,50,5,2,4,100229,DSDV,0.7145188310467084,AOMDV,0.5842402790292897,0.13027855201741878
INST_0230,50,50,5,2,5,100230,DSDV,0.7364490880800147,AOMDV,0.5951008693183235,0.14134821876169124
INST_0231,50,50,5,4,1,100231,DSDV,0.75,AODV,0.6260670803415722,0.12393291965842779
INST_0232,50,50,5,4,2,100232,AODV,0.6626207180275895,AOMDV,0.5923749265271242,0.07024579150046528
INST_0233,50,50,5,4,3,100233,DSDV,0.7315955118790447,AOMDV,0.5966073232115945,0.13498818866745022
INST_0234,50,50,5,4,4,100234,DSDV,0.7161282585552287,AODV,0.5,0.21612825855522866
INST_0235,50,50,5,4,5,100235,DSDV,0.7373786630010083,AOMDV,0.6161649247790637,0.12121373822194459
INST_0236,50,50,5,8,1,100236,DSDV,0.75,AODV,0.592403930934808,0.15759606906519197
INST_0237,50,50,5,8,2,100237,AODV,0.6714998608133627,DSDV,0.5,0.17149986081336266
INST_0238,50,50,5,8,3,100238,AOMDV,0.6021168338860179,AODV,0.5892377470862883,0.0128790867997296
INST_0239,50,50,5,8,4,100239,AODV,0.6732118401567702,AOMDV,0.5865679277514211,0.08664391240534908
INST_0240,50,50,5,8,5,100240,DSDV,0.75,AOMDV,0.5857617449752381,0.16423825502476186
INST_0241,50,50,10,2,1,100241,AODV,0.6528855220015664,AOMDV,0.6045221820201749,0.04836333998139142
INST_0242,50,50,10,2,2,100242,AOMDV,0.6085544886363239,AODV,0.6081146982443617,0.0004397903919621804
INST_0243,50,50,10,2,3,100243,AODV,0.6273577420168286,AOMDV,0.537112763910259,0.09024497810656962
INST_0244,50,50,10,2,4,100244,DSDV,0.6692226844915323,AOMDV,0.6054687486816406,0.06375393580989175
INST_0245,50,50,10,2,5,100245,AOMDV,0.6261851689799427,AODV,0.5811948314024729,0.04499033757746984
INST_0246,50,50,10,4,1,100246,DSDV,0.75,AOMDV,0.47700497342913684,0.27299502657086316
INST_0247,50,50,10,4,2,100247,AOMDV,0.6306446607890135,DSDV,0.4649241796497693,0.1657204811392442
INST_0248,50,50,10,4,3,100248,AOMDV,0.6179674405210105,DSDV,0.4230049014562443,0.19496253906476618
INST_0249,50,50,10,4,4,100249,DSDV,0.749953644256176,AOMDV,0.600544908518233,0.1494087357379431
INST_0250,50,50,10,4,5,100250,DSDV,0.75,AOMDV,0.5757482219182921,0.1742517780817079
INST_0251,50,50,10,8,1,100251,DSDV,0.75,AOMDV,0.3422474890884425,0.4077525109115575
INST_0252,50,50,10,8,2,100252,DSDV,0.75,AOMDV,0.28564267266572124,0.46435732733427876
INST_0253,50,50,10,8,3,100253,DSDV,0.75,AOMDV,0.6054746434965927,0.14452535650340725
INST_0254,50,50,10,8,4,100254,DSDV,0.75,AOMDV,0.4965713668628205,0.2534286331371795
INST_0255,50,50,10,8,5,100255,DSDV,0.75,AOMDV,0.7064666117459307,0.04353338825406927
INST_0256,50,50,15,2,1,100256,AODV,0.6246597060099084,AOMDV,0.5569627500672771,0.06769695594263125
INST_0257,50,50,15,2,2,100257,AOMDV,0.6028481020769909,AODV,0.538918800676434,0.06392930140055686
INST_0258,50,50,15,2,3,100258,AOMDV,0.6188238881006728,AODV,0.45158905442412967,0.16723483367654313
INST_0259,50,50,15,2,4,100259,AOMDV,0.6206284121804174,DSDV,0.6195811080498468,0.0010473041305706365
INST_0260,50,50,15,2,5,100260,AOMDV,0.6120790965322105,AODV,0.46820910108415603,0.14386999544805446
INST_0261,50,50,15,4,1,100261,DSDV,0.75,AOMDV,0.5009393813765807,0.24906061862341933
INST_0262,50,50,15,4,2,100262,AOMDV,0.6515332302523126,DSDV,0.5,0.15153323025231258
INST_0263,50,50,15,4,3,100263,DSDV,0.75,AOMDV,0.638897786512167,0.111102213487833
INST_0264,50,50,15,4,4,100264,AOMDV,0.6079387151748513,DSDV,0.5474774201956911,0.060461294979160196
INST_0265,50,50,15,4,5,100265,AOMDV,0.7349453774505424,DSDV,0.5,0.23494537745054245
INST_0266,50,50,15,8,1,100266,AOMDV,0.7412663977286832,DSDV,0.7059082845478668,0.035358113180816386
INST_0267,50,50,15,8,2,100267,AODV,0.5920660604950336,DSDV,0.5,0.09206606049503363
INST_0268,50,50,15,8,3,100268,DSDV,0.75,AOMDV,0.539760546130192,0.21023945386980802
INST_0269,50,50,15,8,4,100269,DSDV,0.75,AOMDV,0.37816858436326906,0.37183141563673094
INST_0270,50,50,15,8,5,100270,DSDV,0.75,AOMDV,0.4243417467930459,0.3256582532069541
INST_0271,50,50,20,2,1,100271,AOMDV,0.6119198623203947,AODV,0.4327886262606262,0.17913123605976855
INST_0272,50,50,20,2,2,100272,AOMDV,0.6163848115882417,DSDV,0.5338700536087733,0.08251475797946839
INST_0273,50,50,20,2,3,100273,AODV,0.6537616923019214,AOMDV,0.633338409159091,0.020423283142830373
INST_0274,50,50,20,2,4,100274,DSDV,0.75,AODV,0.4384943362745294,0.3115056637254706
INST_0275,50,50,20,2,5,100275,AOMDV,0.6018950410650324,DSDV,0.4422531902298956,0.15964185083513682
INST_0276,50,50,20,4,1,100276,DSDV,0.75,AOMDV,0.7093480123404088,0.040651987659591216
INST_0277,50,50,20,4,2,100277,DSDV,0.75,AOMDV,0.5816319890895993,0.16836801091040066
INST_0278,50,50,20,4,3,100278,AOMDV,0.8310734936645697,DSDV,0.5774487927563596,0.2536247009082101
INST_0279,50,50,20,4,4,100279,AOMDV,0.6538529998273316,DSDV,0.5,0.15385299982733158
INST_0280,50,50,20,4,5,100280,DSDV,0.75,AOMDV,0.6891984407445608,0.060801559255439175
INST_0281,50,50,20,8,1,100281,DSDV,0.75,AOMDV,0.37434037718124324,0.37565962281875676
INST_0282,50,50,20,8,2,100282,DSDV,0.75,AODV,0.3446283152456753,0.4053716847543247
INST_0283,50,50,20,8,3,100283,DSDV,0.7887731249999996,AODV,0.3318533150554822,0.4569198099445174
INST_0284,50,50,20,8,4,100284,DSDV,1.0,AOMDV,0.13825349661799485,0.8617465033820051
INST_0285,50,50,20,8,5,100285,DSDV,0.8760907433641265,AOMDV,0.5702293438850536,0.30586139947907287
INST_0286,50,50,25,2,1,100286,AOMDV,0.636850958981932,DSDV,0.4281441910092755,0.20870676797265653
INST_0287,50,50,25,2,2,100287,DSDV,0.6567964061443806,AOMDV,0.6304357736486711,0.026360632495709524
INST_0288,50,50,25,2,3,100288,AOMDV,0.6975261390262362,DSDV,0.39421283394706735,0.3033133050791688
INST_0289,50,50,25,2,4,100289,DSDV,0.75,AOMDV,0.5212596202042066,0.22874037979579342
INST_0290,50,50,25,2,5,100290,AOMDV,0.7489720075982166,DSDV,0.6974827943506351,0.05148921324758149
INST_0291,50,50,25,4,1,100291,DSDV,0.75,AOMDV,0.3492721967822607,0.4007278032177393
INST_0292,50,50,25,4,2,100292,DSDV,0.75,AOMDV,0.44273549972744664,0.30726450027255336
INST_0293,50,50,25,4,3,100293,AOMDV,0.7788413739226242,DSDV,0.75,0.028841373922624203
INST_0294,50,50,25,4,4,100294,DSDV,0.75,AOMDV,0.7000363961146014,0.049963603885398555
INST_0295,50,50,25,4,5,100295,DSDV,0.75,AOMDV,0.4371661904277184,0.3128338095722816
INST_0296,50,50,25,8,1,100296,DSDV,1.0,AODV,0.49379503758338805,0.506204962416612
INST_0297,50,50,25,8,2,100297,DSDV,0.9328965512464966,AODV,0.57586149643465,0.3570350548118466
INST_0298,50,50,25,8,3,100298,DSDV,1.0,AODV,0.25184995407921956,0.7481500459207804
INST_0299,50,50,25,8,4,100299,DSDV,1.0,AODV,0.3578690163329898,0.6421309836670102
INST_0300,50,50,25,8,5,100300,DSDV,1.0,AODV,0.3697383265823033,0.6302616734176967
INST_0301,100,20,5,2,1,100301,AODV,0.6706208546309621,AOMDV,0.6202404855974476,0.050380369033514505
INST_0302,100,20,5,2,2,100302,DSDV,0.7464658991876261,AOMDV,0.623497033111557,0.12296886607606905
INST_0303,100,20,5,2,3,100303,AODV,0.6642944599223961,AOMDV,0.5597015079499885,0.10459295197240759
INST_0304,100,20,5,2,4,100304,AODV,0.7003668399477526,AOMDV,0.6779954011658773,0.022371438781875308
INST_0305,100,20,5,2,5,100305,AODV,0.8704653133316576,AOMDV,0.6051805327205875,0.2652847806110701
INST_0306,100,20,5,4,1,100306,AOMDV,0.6589200229007242,AODV,0.5523365501704487,0.10658347273027546
INST_0307,100,20,5,4,2,100307,AODV,0.7042142611706682,AOMDV,0.6455223878827985,0.058691873287869734
INST_0308,100,20,5,4,3,100308,AODV,0.6887016032881694,AOMDV,0.6396837307755114,0.04901787251265799
INST_0309,100,20,5,4,4,100309,DSDV,0.7353115732078169,AOMDV,0.6334132887462439,0.10189828446157301
INST_0310,100,20,5,4,5,100310,DSDV,0.75,AOMDV,0.5672839367744887,0.18271606322551126
INST_0311,100,20,5,8,1,100311,AOMDV,0.6358700846674707,AODV,0.5547327050087821,0.08113737965868861
INST_0312,100,20,5,8,2,100312,DSDV,0.74282510875548,AOMDV,0.6105732621054742,0.13225184665000578
INST_0313,100,20,5,8,3,100313,DSDV,0.6809709230212396,AOMDV,0.6548609511727148,0.026109971848524816
INST_0314,100,20,5,8,4,100314,AODV,0.7040719300601045,AOMDV,0.5881083214837006,0.11596360857640386
INST_0315,100,20,5,8,5,100315,AODV,0.6893590727180122,AOMDV,0.5946501975308642,0.09470887518714799
INST_0316,100,20,10,2,1,100316,DSDV,0.75,AOMDV,0.47760355152623724,0.27239644847376276
INST_0317,100,20,10,2,2,100317,AOMDV,0.6557177613973396,AODV,0.540203335446788,0.11551442595055161
INST_0318,100,20,10,2,3,100318,AOMDV,0.6586794590499715,DSDV,0.6024048656645318,0.05627459338543972
INST_0319,100,20,10,2,4,100319,DSDV,0.75,AOMDV,0.5755371779734023,0.17446282202659769
INST_0320,100,20,10,2,5,100320,AOMDV,0.596172025120515,AODV,0.5727877349413761,0.0233842901791389
INST_0321,100,20,10,4,1,100321,AOMDV,0.6503579937913317,AODV,0.5103277783917115,0.14003021539962024
INST_0322,100,20,10,4,2,100322,DSDV,0.75,AOMDV,0.5734327451925747,0.1765672548074253
INST_0323,100,20,10,4,3,100323,DSDV,0.75,AODV,0.5042158291232308,0.24578417087676918
INST_0324,100,20,10,4,4,100324,AOMDV,0.6317900127993584,DSDV,0.5094095347561167,0.1223804780432417
INST_0325,100,20,10,4,5,100325,DSDV,0.7379927937226964,AOMDV,0.6179749213275461,0.12001787239515038
INST_0326,100,20,10,8,1,100326,DSDV,0.75,AOMDV,0.46969476814397043,0.28030523185602957
INST_0327,100,20,10,8,2,100327,DSDV,0.75,AOMDV,0.383413113832054,0.366586886167946
INST_0328,100,20,10,8,3,100328,AOMDV,0.740592488883784,DSDV,0.5896274001153028,0.15096508876848125
INST_0329,100,20,10,8,4,100329,AOMDV,0.7157426546700256,DSDV,0.6988125559961859,0.016930098673839766
INST_0330,100,20,10,8,5,100330,AOMDV,0.7000485780530687,DSDV,0.6170527934556466,0.08299578459742218
INST_0331,100,20,15,2,1,100331,DSDV,0.75,AOMDV,0.5642807970470498,0.1857192029529502
INST_0332,100,20,15,2,2,100332,AOMDV,0.6179921730975335,AODV,0.5041240292014045,0.11386814389612898
INST_0333,100,20,15,2,3,100333,AOMDV,0.644259808503939,AODV,0.6159615070083119,0.028298301495627176
INST_0334,100,20,15,2,4,100334,AOMDV,0.5811032270425502,AODV,0.49973012747994994,0.0813730995626003
INST_0335,100,20,15,2,5,100335,AODV,0.5946494356156617,AOMDV,0.5904087978224756,0.004240637793186175
INST_0336,100,20,15,4,1,100336,AOMDV,0.7885743211763299,DSDV,0.75,0.03857432117632986
INST_0337,100,20,15,4,2,100337,DSDV,0.75,AOMDV,0.6212499742369777,0.1287500257630223
INST_0338,100,20,15,4,3,100338,AOMDV,0.7215401909478638,DSDV,0.6434649112897343,0.07807527965812955
INST_0339,100,20,15,4,4,100339,AOMDV,0.8433885629433548,DSDV,0.6967368386051058,0.14665172433824902
INST_0340,100,20,15,4,5,100340,DSDV,0.75,AOMDV,0.5861084228199749,0.16389157718002512
INST_0341,100,20,15,8,1,100341,DSDV,1.0,AODV,0.18140242684997404,0.8185975731500259
INST_0342,100,20,15,8,2,100342,DSDV,0.9290890402826516,AOMDV,0.49075794177723175,0.43833109850541985
INST_0343,100,20,15,8,3,100343,DSDV,0.9220336587777163,AOMDV,0.6168493573240583,0.30518430145365794
INST_0344,100,20,15,8,4,100344,DSDV,1.0,AOMDV,0.22085700637893813,0.7791429936210619
INST_0345,100,20,15,8,5,100345,AOMDV,0.8044850730689537,DSDV,0.6976330496282986,0.10685202344065503
INST_0346,100,20,20,2,1,100346,AOMDV,0.6648772099331655,DSDV,0.5,0.16487720993316546
INST_0347,100,20,20,2,2,100347,DSDV,0.75,AOMDV,0.37957950089479503,0.37042049910520497
INST_0348,100,20,20,2,3,100348,AOMDV,0.623669277471552,DSDV,0.56331942204129,0.060349855430261945
INST_0349,100,20,20,2,4,100349,DSDV,0.6249225431908193,AOMDV,0.5621640578775023,0.06275848531331696
INST_0350,100,20,20,2,5,100350,DSDV,0.75,AOMDV,0.44235049246348207,0.30764950753651793
INST_0351,100,20,20,4,1,100351,DSDV,1.0,AOMDV,0.1892763704312,0.8107236295688001
INST_0352,100,20,20,4,2,100352,DSDV,0.75,AOMDV,0.6809426087901164,0.06905739120988363
INST_0353,100,20,20,4,3,100353,AOMDV,0.8879877500612696,DSDV,0.722049477775627,0.16593827228564262
INST_0354,100,20,20,4,4,100354,DSDV,0.9104355160101798,AOMDV,0.5292073649173906,0.3812281510927892
INST_0355,100,20,20,4,5,100355,AOMDV,0.8443794955106197,DSDV,0.75,0.09437949551061975
INST_0356,100,20,20,8,1,100356,DSDV,0.815179928989892,AODV,0.6269547199101427,0.18822520907974927
INST_0357,100,20,20,8,2,100357,DSDV,1.0,AODV,0.2792417809973649,0.7207582190026351
INST_0358,100,20,20,8,3,100358,DSDV,1.0,AOMDV,0.31326593509469697,0.6867340649053031
INST_0359,100,20,20,8,4,100359,DSDV,0.75,AOMDV,0.36313571126948296,0.38686428873051704
INST_0360,100,20,20,8,5,100360,DSDV,0.9784954618310644,AODV,0.5789898052508358,0.39950565658022863
INST_0361,100,20,25,2,1,100361,DSDV,0.75,AOMDV,0.6543347114632325,0.09566528853676748
INST_0362,100,20,25,2,2,100362,AOMDV,0.5913693761716116,DSDV,0.5903653304205155,0.0010040457510960277
INST_0363,100,20,25,2,3,100363,AOMDV,0.6344611483539677,DSDV,0.458768417615754,0.17569273073821373
INST_0364,100,20,25,2,4,100364,AOMDV,0.7995830898005868,DSDV,0.75,0.04958308980058679
INST_0365,100,20,25,2,5,100365,AOMDV,0.5831709131491449,DSDV,0.5511098786289194,0.03206103452022557
INST_0366,100,20,25,4,1,100366,DSDV,1.0,AOMDV,0.1505113266099497,0.8494886733900503
INST_0367,100,20,25,4,2,100367,DSDV,0.9918467835547171,AOMDV,0.6591210224550457,0.33272576109967145
INST_0368,100,20,25,4,3,100368,DSDV,0.9469931093403481,AOMDV,0.6315683597473865,0.31542474959296163
INST_0369,100,20,25,4,4,100369,DSDV,1.0,AODV,0.1496203442398631,0.8503796557601369
INST_0370,100,20,25,4,5,100370,DSDV,1.0,AOMDV,0.31479206011338945,0.6852079398866106
INST_0371,100,20,25,8,1,100371,DSDV,1.0,AODV,0.5319095356597425,0.4680904643402575
INST_0372,100,20,25,8,2,100372,DSDV,0.9333080300488715,AODV,0.6345895804482246,0.298718449600647
INST_0373,100,20,25,8,3,100373,DSDV,1.0,AOMDV,0.23995622789025098,0.760043772109749
INST_0374,100,20,25,8,4,100374,DSDV,1.0,AOMDV,0.322168536299276,0.677831463700724
INST_0375,100,20,25,8,5,100375,DSDV,0.7294600754865689,AODV,0.673395510003124,0.05606456548344485
INST_0376,100,30,5,2,1,100376,AOMDV,0.5920000018143999,DSDV,0.5759536814844235,0.016046320329976438
INST_0377,100,30,5,2,2,100377,AODV,0.7103029140154238,AOMDV,0.6338345927242919,0.0764683212911319
INST_0378,100,30,5,2,3,100378,AODV,0.7303441847980897,AOMDV,0.6035856609418899,0.1267585238561998
INST_0379,100,30,5,2,4,100379,AOMDV,0.6163328179758596,AODV,0.5653317504314508,0.05100106754440881
INST_0380,100,30,5,2,5,100380,AODV,0.8146820552724765,AOMDV,0.5962732934228039,0.21840876184967262
INST_0381,100,30,5,4,1,100381,AOMDV,0.585516466543989,AODV,0.4790161578591208,0.10650030868486826
INST_0382,100,30,5,4,2,100382,DSDV,0.7410623753822642,AOMDV,0.5737167409148323,0.1673456344674319
INST_0383,100,30,5,4,3,100383,AOMDV,0.6042517028918506,AODV,0.5823054185431462,0.02194628434870438
INST_0384,100,30,5,4,4,100384,AODV,0.9166712357186768,AOMDV,0.5993657492412694,0.3173054864774074
INST_0385,100,30,5,4,5,100385,DSDV,0.7436672021438986,AOMDV,0.5790331764578455,0.16463402568605312
INST_0386,100,30,5,8,1,100386,AODV,0.6731708323389851,AOMDV,0.6337389442168533,0.03943188812213183
INST_0387,100,30,5,8,2,100387,AOMDV,0.6248007970141742,AODV,0.5655823127884445,0.05921848422572973
INST_0388,100,30,5,8,3,100388,AODV,0.6721089468475824,DSDV,0.6696583990414733,0.0024505478061090935
INST_0389,100,30,5,8,4,100389,DSDV,0.75,AODV,0.620044368215233,0.129955631784767
INST_0390,100,30,5,8,5,100390,DSDV,0.75,AOMDV,0.5410840998184885,0.20891590018151152
INST_0391,100,30,10,2,1,100391,AOMDV,0.6300140719210833,AODV,0.5436251138453725,0.08638895807571079
INST_0392,100,30,10,2,2,100392,AOMDV,0.6321966301225206,DSDV,0.4699648517796868,0.1622317783428338
INST_0393,100,30,10,2,3,100393,AODV,0.6250985732954564,AOMDV,0.5912311722826269,0.03386740101282948
INST_0394,100,30,10,2,4,100394,AODV,0.6815850298131542,AOMDV,0.6134726244124193,0.06811240540073482
INST_0395,100,30,10,2,5,100395,AODV,0.6230540242358207,AOMDV,0.5996063038663275,0.023447720369493164
INST_0396,100,30,10,4,1,100396,AODV,0.6384409171685043,AOMDV,0.624806800811736,0.013634116356768256
INST_0397,100,30,10,4,2,100397,AOMDV,0.591003217584805,AODV,0.5072227830962744,0.08378043448853056
INST_0398,100,30,10,4,3,100398,AODV,0.6069137494782182,AOMDV,0.5988589595959596,0.008054789882258606
INST_0399,100,30,10,4,4,100399,AODV,0.6880144298408993,AOMDV,0.602619232233145,0.08539519760775438
INST_0400,100,30,10,4,5,100400,AOMDV,0.6137905033573187,DSDV,0.45147019340451267,0.162320309952806
INST_0401,100,30,10,8,1,100401,DSDV,0.75,AOMDV,0.3082177418428724,0.4417822581571276
INST_0402,100,30,10,8,2,100402,AOMDV,0.7880846969449231,DSDV,0.44622797170229134,0.3418567252426318
INST_0403,100,30,10,8,3,100403,AOMDV,0.8203418014611212,DSDV,0.5996046124496511,0.2207371890114701
INST_0404,100,30,10,8,4,100404,AOMDV,0.8249607720589208,DSDV,0.5600549223654083,0.2649058496935125
INST_0405,100,30,10,8,5,100405,AODV,0.6037648231497057,AOMDV,0.5795213198673687,0.024243503282337042
INST_0406,100,30,15,2,1,100406,AOMDV,0.6147859925628133,AODV,0.5998421569873891,0.014943835575424225
INST_0407,100,30,15,2,2,100407,AOMDV,0.6025676396983921,AODV,0.45177988063954044,0.15078775905885167
INST_0408,100,30,15,2,3,100408,AODV,0.594608596527175,AOMDV,0.5892272461733334,0.005381350353841574
INST_0409,100,30,15,2,4,100409,AODV,0.6205092992130914,AOMDV,0.5246235547208316,0.09588574449225984
INST_0410,100,30,15,2,5,100410,DSDV,0.75,AOMDV,0.522433714582394,0.22756628541760604
INST_0411,100,30,15,4,1,100411,DSDV,0.6427997111227927,AOMDV,0.5851273544134161,0.05767235670937654
INST_0412,100,30,15,4,2,100412,AOMDV,0.6651844639107626,DSDV,0.3725932232111108,0.29259124069965176
INST_0413,100,30,15,4,3,100413,AOMDV,0.6357108445347558,DSDV,0.4027903063477354,0.2329205381870204
INST_0414,100,30,15,4,4,100414,AOMDV,0.8975326111949988,DSDV,0.40039569575033235,0.4971369154446665
INST_0415,100,30,15,4,5,100415,AOMDV,0.6765749420316389,AODV,0.5091265482454874,0.1674483937861515
INST_0416,100,30,15,8,1,100416,DSDV,0.7398755022127386,AODV,0.3888523893647641,0.3510231128479745
INST_0417,100,30,15,8,2,100417,AOMDV,0.6123199841926458,DSDV,0.6054595277387801,0.006860456453865682
INST_0418,100,30,15,8,3,100418,DSDV,0.9768806199692235,AOMDV,0.5532200470593515,0.423660572909872
INST_0419,100,30,15,8,4,100419,AODV,0.7312178516417812,AOMDV,0.5086221148323115,0.22259573680946976
INST_0420,100,30,15,8,5,100420,AODV,0.5684272970416832,DSDV,0.5,0.06842729704168315
INST_0421,100,30,20,2,1,100421,AOMDV,0.5913966792742325,AODV,0.41810801782725193,0.17328866144698052
INST_0422,100,30,20,2,2,100422,AOMDV,0.6130653280587497,AODV,0.5121000322383927,0.10096529582035696
INST_0423,100,30,20,2,3,100423,AOMDV,0.5947978243219194,AODV,0.5275139237820227,0.06728390053989675
INST_0424,100,30,20,2,4,100424,AODV,0.6580965572550942,AOMDV,0.6059855201768746,0.052111037078219624
INST_0425,100,30,20,2,5,100425,AODV,0.5985498890202693,AOMDV,0.59515707100847,0.003392818011799248
INST_0426,100,30,20,4,1,100426,AOMDV,0.7265697733846461,DSDV,0.5948251699053428,0.13174460347930328
INST_0427,100,30,20,4,2,100427,AOMDV,0.7355696124686671,DSDV,0.5,0.23556961246866714
INST_0428,100,30,20,4,3,100428,AOMDV,0.8982652827422871,DSDV,0.5133991045851903,0.3848661781570968
INST_0429,100,30,20,4,4,100429,AOMDV,0.8623515783220213,DSDV,0.7110540251168581,0.15129755320516314
INST_0430,100,30,20,4,5,100430,AOMDV,0.8666269274902896,DSDV,0.5102911143485191,0.35633581314177043
INST_0431,100,30,20,8,1,100431,DSDV,1.0,AODV,0.21516938384379036,0.7848306161562096
INST_0432,100,30,20,8,2,100432,DSDV,0.9032415042833828,AODV,0.4209163244871865,0.48232517979619627
INST_0433,100,30,20,8,3,100433,DSDV,0.75,AODV,0.45838013168864494,0.29161986831135506
INST_0434,100,30,20,8,4,100434,DSDV,0.75,AOMDV,0.37185936933936425,0.37814063066063575
INST_0435,100,30,20,8,5,100435,DSDV,1.0,AOMDV,0.1389379701304027,0.8610620298695972
INST_0436,100,30,25,2,1,100436,AOMDV,0.6385682402385808,AODV,0.4140249954968525,0.22454324474172832
INST_0437,100,30,25,2,2,100437,AOMDV,0.588201733496081,AODV,0.3892993384538037,0.19890239504227725
INST_0438,100,30,25,2,3,100438,AODV,0.6385825422970997,AOMDV,0.6178718312345025,0.020710711062597142
INST_0439,100,30,25,2,4,100439,AOMDV,0.7174010211778749,AODV,0.4587037529841521,0.25869726819372274
INST_0440,100,30,25,2,5,100440,AODV,0.5343784501665981,AOMDV,0.48487593310312965,0.049502517063468476
INST_0441,100,30,25,4,1,100441,DSDV,0.963929740636438,AOMDV,0.5347033792450355,0.42922636139140247
INST_0442,100,30,25,4,2,100442,DSDV,0.775496665769051,AOMDV,0.38405252551101127,0.3914441402580397
INST_0443,100,30,25,4,3,100443,DSDV,0.9652026979569932,AOMDV,0.6239329422014495,0.34126975575554375
INST_0444,100,30,25,4,4,100444,DSDV,0.9474865763467403,AOMDV,0.3819900943648371,0.5654964819819032
INST_0445,100,30,25,4,5,100445,DSDV,1.0,AOMDV,0.3898968001455972,0.6101031998544029
INST_0446,100,30,25,8,1,100446,DSDV,1.0,AODV,0.4309413127148015,0.5690586872851985
INST_0447,100,30,25,8,2,100447,DSDV,0.9076148843610313,AODV,0.6196792321714589,0.2879356521895724
INST_0448,100,30,25,8,3,100448,DSDV,1.0,AOMDV,0.2652335266260485,0.7347664733739515
INST_0449,100,30,25,8,4,100449,DSDV,0.75,AOMDV,0.4725389131882284,0.2774610868117716
INST_0450,100,30,25,8,5,100450,DSDV,0.7804871986064952,AODV,0.4888121578735011,0.2916750407329941
INST_0451,100,40,5,2,1,100451,AODV,0.7138005867516799,AOMDV,0.6469613229916669,0.06683926376001303
INST_0452,100,40,5,2,2,100452,AODV,0.7974144682010499,AOMDV,0.6441947497843288,0.1532197184167211
INST_0453,100,40,5,2,3,100453,DSDV,0.7441289316638834,AODV,0.5,0.2441289316638834
INST_0454,100,40,5,2,4,100454,AODV,0.6367045381405704,AOMDV,0.6113721745602845,0.0253323635802859
INST_0455,100,40,5,2,5,100455,AODV,0.6955475264503137,AOMDV,0.6125637750160252,0.08298375143428849
INST_0456,100,40,5,4,1,100456,AODV,0.7146240080195806,AOMDV,0.6205636717767313,0.09406033624284926
INST_0457,100,40,5,4,2,100457,DSDV,0.746147202349696,AOMDV,0.58199978514654,0.16414741720315595
INST_0458,100,40,5,4,3,100458,DSDV,0.7247396990130132,AODV,0.5,0.22473969901301316
INST_0459,100,40,5,4,4,100459,DSDV,0.7009921352989534,AOMDV,0.6069148897363058,0.09407724556264763
INST_0460,100,40,5,4,5,100460,AOMDV,0.6359922149228603,DSDV,0.48629401469197064,0.14969820023088964
INST_0461,100,40,5,8,1,100461,AODV,0.6913757139317994,AOMDV,0.6222327647268859,0.06914294920491348
INST_0462,100,40,5,8,2,100462,DSDV,0.6910413382435665,AOMDV,0.5843621358024691,0.10667920244109741
INST_0463,100,40,5,8,3,100463,AODV,0.9207772891940851,AOMDV,0.6283837546157424,0.2923935345783427
INST_0464,100,40,5,8,4,100464,DSDV,0.7132601298549497,AOMDV,0.621510380408166,0.09174974944678371
INST_0465,100,40,5,8,5,100465,AOMDV,0.6133789048327638,AODV,0.4809128026188926,0.13246610221387123
INST_0466,100,40,10,2,1,100466,AODV,0.769371280877797,AOMDV,0.6085814307081011,0.16078985016969594
INST_0467,100,40,10,2,2,100467,AODV,0.6607666584908503,DSDV,0.5840699128133349,0.07669674567751539
INST_0468,100,40,10,2,3,100468,AODV,0.7099240611079352,AOMDV,0.5924782001485707,0.11744586095936449
INST_0469,100,40,10,2,4,100469,AODV,0.6488722852779153,AOMDV,0.627396163653809,0.02147612162410628
INST_0470,100,40,10,2,5,100470,AODV,0.7737681226701525,AOMDV,0.5740154759742917,0.1997526466958608
INST_0471,100,40,10,4,1,100471,AOMDV,0.6221969194192097,AODV,0.4519193982969966,0.17027752112221312
INST_0472,100,40,10,4,2,100472,AOMDV,0.5961109047843557,AODV,0.4821893905560782,0.11392151422827751
INST_0473,100,40,10,4,3,100473,AOMDV,0.598571952376006,AODV,0.5831992250135078,0.015372727362498173
INST_0474,100,40,10,4,4,100474,AODV,0.6629132517283641,AOMDV,0.5907859246783937,0.07212732704997038
INST_0475,100,40,10,4,5,100475,AOMDV,0.5765931422559832,AODV,0.5120092156731836,0.06458392658279966
INST_0476,100,40,10,8,1,100476,AOMDV,0.7974271632143949,DSDV,0.5974263452166555,0.2000008179977394
INST_0477,100,40,10,8,2,100477,AOMDV,0.7337898646499939,AODV,0.4505339869473697,0.28325587770262417
INST_0478,100,40,10,8,3,100478,AOMDV,0.8846346041460763,AODV,0.469293563816814,0.41534104032926233
INST_0479,100,40,10,8,4,100479,AOMDV,0.7073472118605132,DSDV,0.3618617467010896,0.3454854651594236
INST_0480,100,40,10,8,5,100480,AOMDV,0.811107388126198,AODV,0.6499424925771844,0.1611648955490136
INST_0481,100,40,15,2,1,100481,AOMDV,0.5986811135619261,AODV,0.5755995177743436,0.02308159578758251
INST_0482,100,40,15,2,2,100482,AOMDV,0.6143258440643543,AODV,0.4933178436134974,0.12100800045085691
INST_0483,100,40,15,2,3,100483,AOMDV,0.5927444772947288,AODV,0.5770124531938313,0.015732024100897468
INST_0484,100,40,15,2,4,100484,AODV,0.7788710499369746,AOMDV,0.6227530785460538,0.15611797139092087
INST_0485,100,40,15,2,5,100485,AODV,0.6265517515084338,AOMDV,0.5934840410177116,0.03306771049072221
INST_0486,100,40,15,4,1,100486,AOMDV,0.7023288892147462,DSDV,0.3745000009140499,0.32782888830069634
INST_0487,100,40,15,4,2,100487,AOMDV,0.7366845234064214,DSDV,0.33454571391401355,0.4021388094924079
INST_0488,100,40,15,4,3,100488,AOMDV,0.6924394657113742,AODV,0.5207487885060822,0.17169067720529196
INST_0489,100,40,15,4,4,100489,AOMDV,0.8053506595979433,DSDV,0.40362558676330074,0.40172507283464254
INST_0490,100,40,15,4,5,100490,AOMDV,0.7082037486320816,DSDV,0.44612029729808544,0.26208345133399613
INST_0491,100,40,15,8,1,100491,DSDV,0.6822430430081253,AOMDV,0.5703269791821194,0.11191606382600594
INST_0492,100,40,15,8,2,100492,AODV,0.75,DSDV,0.4715435725643538,0.2784564274356462
INST_0493,100,40,15,8,3,100493,AOMDV,0.765333614139228,DSDV,0.7571214564265536,0.008212157712674362
INST_0494,100,40,15,8,4,100494,AOMDV,0.6059852400592846,DSDV,0.5421496224665521,0.06383561759273249
INST_0495,100,40,15,8,5,100495,AODV,0.5938863502543508,AOMDV,0.5887277240441308,0.0051586262102200076
INST_0496,100,40,20,2,1,100496,DSDV,0.6526283100478429,AODV,0.5585408123547912,0.09408749769305169
INST_0497,100,40,20,2,2,100497,AOMDV,0.574159768668521,DSDV,0.4192252539669553,0.15493451470156572
INST_0498,100,40,20,2,3,100498,AODV,0.5582173875945442,AOMDV,0.5517136059458907,0.006503781648653506
INST_0499,100,40,20,2,4,100499,AODV,0.6307236524104831,AOMDV,0.6131528077534054,0.0175708446570777
INST_0500,100,40,20,2,5,100500,AOMDV,0.6016383538755419,DSDV,0.45334536152140936,0.1482929923541325
INST_0501,100,40,20,4,1,100501,AOMDV,0.6142958166695007,DSDV,0.5,0.11429581666950073
INST_0502,100,40,20,4,2,100502,AOMDV,0.8757804371296316,DSDV,0.38513999140107,0.4906404457285616
INST_0503,100,40,20,4,3,100503,AOMDV,0.9108224881061848,DSDV,0.3163712915266714,0.5944511965795134
INST_0504,100,40,20,4,4,100504,AOMDV,0.9146294599484349,DSDV,0.42651057597208997,0.48811888397634495
INST_0505,100,40,20,4,5,100505,AOMDV,0.8729112299590983,DSDV,0.4802739976311288,0.3926372323279695
INST_0506,100,40,20,8,1,100506,DSDV,1.0,AOMDV,0.2821943695785692,0.7178056304214309
INST_0507,100,40,20,8,2,100507,DSDV,1.0,AOMDV,0.3082392607109281,0.6917607392890719
INST_0508,100,40,20,8,3,100508,DSDV,1.0,AOMDV,0.24978940317655346,0.7502105968234465
INST_0509,100,40,20,8,4,100509,DSDV,1.0,AODV,0.24476562237674823,0.7552343776232517
INST_0510,100,40,20,8,5,100510,AODV,0.6755429576329018,DSDV,0.5811753412326794,0.0943676164002224
INST_0511,100,40,25,2,1,100511,AOMDV,0.7605411773234245,DSDV,0.3923472848926261,0.3681938924307984
INST_0512,100,40,25,2,2,100512,AOMDV,0.6062871441374917,AODV,0.43948088709485367,0.16680625704263807
INST_0513,100,40,25,2,3,100513,AOMDV,0.6503822318872738,AODV,0.5423861965445356,0.10799603534273827
INST_0514,100,40,25,2,4,100514,AOMDV,0.7581446832306422,AODV,0.3655884248675534,0.39255625836308883
INST_0515,100,40,25,2,5,100515,AOMDV,0.6018858455109705,AODV,0.4491386745443151,0.15274717096665535
INST_0516,100,40,25,4,1,100516,DSDV,1.0,AOMDV,0.6156534466526579,0.38434655334734213
INST_0517,100,40,25,4,2,100517,DSDV,0.903756504482,AOMDV,0.6388560405165771,0.2649004639654229
INST_0518,100,40,25,4,3,100518,DSDV,0.8838621781785909,AOMDV,0.7133044093006413,0.1705577688779496
INST_0519,100,40,25,4,4,100519,DSDV,0.9346314424946948,AOMDV,0.6353299893254729,0.29930145316922185
INST_0520,100,40,25,4,5,100520,DSDV,0.9885993225599189,AOMDV,0.6293099742166448,0.3592893483432741
INST_0521,100,40,25,8,1,100521,DSDV,1.0,AOMDV,0.32555485246080845,0.6744451475391915
INST_0522,100,40,25,8,2,100522,DSDV,0.9413754741628053,AODV,0.5798782160628849,0.3614972580999204
INST_0523,100,40,25,8,3,100523,DSDV,0.7455497668630833,AOMDV,0.4818822679689374,0.26366749889414587
INST_0524,100,40,25,8,4,100524,DSDV,1.0,AODV,0.24173818429224608,0.7582618157077539
INST_0525,100,40,25,8,5,100525,DSDV,1.0,AODV,0.29969443518576117,0.7003055648142389
INST_0526,100,50,5,2,1,100526,AODV,0.730641415969434,AOMDV,0.610589812841859,0.12005160312757501
INST_0527,100,50,5,2,2,100527,AODV,0.75,DSDV,0.5904081447372149,0.15959185526278508
INST_0528,100,50,5,2,3,100528,AODV,0.7688417977377522,AOMDV,0.5762362615711041,0.1926055361666481
INST_0529,100,50,5,2,4,100529,DSDV,0.7410404932375405,AODV,0.5451894193242016,0.1958510739133389
INST_0530,100,50,5,2,5,100530,DSDV,0.75,AODV,0.6172326765070697,0.1327673234929303
INST_0531,100,50,5,4,1,100531,DSDV,0.6425912716238645,AOMDV,0.5919477656060368,0.050643506017827744
INST_0532,100,50,5,4,2,100532,AODV,0.6729893315993003,AOMDV,0.5988612838367862,0.07412804776251414
INST_0533,100,50,5,4,3,100533,AODV,0.713596001677431,AOMDV,0.5663851290273465,0.14721087265008448
INST_0534,100,50,5,4,4,100534,AODV,0.7481219822538208,AOMDV,0.5056602242281303,0.24246175802569048
INST_0535,100,50,5,4,5,100535,AODV,0.7006982282213604,AOMDV,0.5877084645115275,0.11298976370983294
INST_0536,100,50,5,8,1,100536,AODV,0.7284989523243566,AOMDV,0.6058716170116922,0.12262733531266434
INST_0537,100,50,5,8,2,100537,DSDV,0.6173657692446477,AOMDV,0.5715862370828069,0.04577953216184083
INST_0538,100,50,5,8,3,100538,AODV,0.6428809629950035,AOMDV,0.5935613715509499,0.04931959144405362
INST_0539,100,50,5,8,4,100539,AODV,0.6330251439099939,AOMDV,0.5860103685221079,0.04701477538788601
INST_0540,100,50,5,8,5,100540,AOMDV,0.6037114615606792,AODV,0.5742952589978548,0.0294162025628244
INST_0541,100,50,10,2,1,100541,AODV,0.6731490340858705,AOMDV,0.5441663071058056,0.12898272698006485
INST_0542,100,50,10,2,2,100542,AOMDV,0.5916594205325929,DSDV,0.5244872846387323,0.06717213589386062
INST_0543,100,50,10,2,3,100543,AODV,0.6833468141925726,AOMDV,0.5182433443856908,0.16510346980688184
INST_0544,100,50,10,2,4,100544,AODV,0.6198837512998141,AOMDV,0.5912213662420605,0.028662385057753648
INST_0545,100,50,10,2,5,100545,AOMDV,0.5721212149476584,AODV,0.5303639304897032,0.041757284457955235
INST_0546,100,50,10,4,1,100546,AODV,0.6653568128690724,AOMDV,0.5955954323576452,0.06976138051142722
INST_0547,100,50,10,4,2,100547,AODV,0.7432791500420981,AOMDV,0.5407994975568136,0.20247965248528454
INST_0548,100,50,10,4,3,100548,AODV,0.6168033687683864,DSDV,0.3347933832672548,0.2820099855011316
INST_0549,100,50,10,4,4,100549,AODV,0.6214001973448023,AOMDV,0.6170515066786971,0.004348690666105215
INST_0550,100,50,10,4,5,100550,AOMDV,0.6827652355596849,AODV,0.5124446798820439,0.17032055567764104
INST_0551,100,50,10,8,1,100551,AOMDV,0.7101308741116752,DSDV,0.5,0.2101308741116752
INST_0552,100,50,10,8,2,100552,AOMDV,0.8616482097271029,AODV,0.36888034070144565,0.4927678690256572
INST_0553,100,50,10,8,3,100553,AOMDV,0.8647089572239322,AODV,0.511451883889333,0.3532570733345991
INST_0554,100,50,10,8,4,100554,AODV,0.5410099625052263,DSDV,0.5,0.04100996250522626
INST_0555,100,50,10,8,5,100555,AOMDV,0.8128007339578807,AODV,0.693299378809368,0.11950135514851268
INST_0556,100,50,15,2,1,100556,AODV,0.6274864383473107,AOMDV,0.5922067916666667,0.03527964668064398
INST_0557,100,50,15,2,2,100557,AOMDV,0.5678378398376918,AODV,0.5333553815824088,0.034482458255282955
INST_0558,100,50,15,2,3,100558,AOMDV,0.5721468115870318,DSDV,0.4383212333790425,0.13382557820798935
INST_0559,100,50,15,2,4,100559,AOMDV,0.5880655569716635,AODV,0.48868816082724,0.09937739614442354
INST_0560,100,50,15,2,5,100560,AOMDV,0.570654530898357,AODV,0.46179976477109186,0.10885476612726519
INST_0561,100,50,15,4,1,100561,AOMDV,0.6651805900217801,AODV,0.4150616451943208,0.2501189448274593
INST_0562,100,50,15,4,2,100562,AOMDV,0.8109616285989988,AODV,0.34308087384671604,0.46788075475228275
INST_0563,100,50,15,4,3,100563,AOMDV,0.8162418109216913,AODV,0.5072032973536306,0.3090385135680608
INST_0564,100,50,15,4,4,100564,AOMDV,0.7094807112728786,DSDV,0.5211259859586448,0.1883547253142338
INST_0565,100,50,15,4,5,100565,AOMDV,0.9194453878050723,DSDV,0.383710373263693,0.5357350145413793
INST_0566,100,50,15,8,1,100566,DSDV,0.638641403900178,AOMDV,0.6266119769978262,0.012029426902351759
INST_0567,100,50,15,8,2,100567,DSDV,0.75,AOMDV,0.3725541342705445,0.3774458657294555
INST_0568,100,50,15,8,3,100568,AOMDV,0.6255142359537103,DSDV,0.5,0.12551423595371025
INST_0569,100,50,15,8,4,100569,DSDV,0.8190743297562062,AOMDV,0.44624736657832953,0.37282696317787667
INST_0570,100,50,15,8,5,100570,AOMDV,0.6526432252738528,DSDV,0.5,0.15264322527385277
INST_0571,100,50,20,2,1,100571,AOMDV,0.6162597161545749,AODV,0.5034225060708764,0.11283721008369851
INST_0572,100,50,20,2,2,100572,AOMDV,0.5782674783439601,DSDV,0.34774602766802043,0.23052145067593965
INST_0573,100,50,20,2,3,100573,AOMDV,0.6267092839282505,AODV,0.48976996003875584,0.1369393238894947
INST_0574,100,50,20,2,4,100574,AOMDV,0.6259110252849178,AODV,0.4418661496351864,0.18404487564973143
INST_0575,100,50,20,2,5,100575,AOMDV,0.6903112086741074,AODV,0.32162772888740765,0.3686834797866998
INST_0576,100,50,20,4,1,100576,AOMDV,0.8720906494660116,DSDV,0.5990727800396848,0.2730178694263268
INST_0577,100,50,20,4,2,100577,AOMDV,0.8961419437010878,DSDV,0.5759882436675435,0.32015370003354426
INST_0578,100,50,20,4,3,100578,AOMDV,0.9073403645879119,DSDV,0.41533545862449944,0.49200490596341245
INST_0579,100,50,20,4,4,100579,AOMDV,0.6454941744067441,DSDV,0.5,0.14549417440674406
INST_0580,100,50,20,4,5,100580,AOMDV,0.8714867174034038,DSDV,0.5722182056143088,0.29926851178909497
INST_0581,100,50,20,8,1,100581,DSDV,1.0,AOMDV,0.2805331996808682,0.7194668003191318
INST_0582,100,50,20,8,2,100582,DSDV,0.794479249617261,AOMDV,0.40011615433422193,0.3943630952830391
INST_0583,100,50,20,8,3,100583,DSDV,1.0,AODV,0.568630617521523,0.431369382478477
INST_0584,100,50,20,8,4,100584,DSDV,0.9966888224066123,AOMDV,0.3548504415462398,0.6418383808603725
INST_0585,100,50,20,8,5,100585,DSDV,1.0,AODV,0.317630764684112,0.682369235315888
INST_0586,100,50,25,2,1,100586,AOMDV,0.8042095164422197,AODV,0.35153137241499666,0.45267814402722306
INST_0587,100,50,25,2,2,100587,AOMDV,0.6700990255608592,AODV,0.36610417167987497,0.30399485388098424
INST_0588,100,50,25,2,3,100588,AOMDV,0.7515246914441012,DSDV,0.5247013651007411,0.2268233263433601
INST_0589,100,50,25,2,4,100589,AOMDV,0.7862797207883485,DSDV,0.3243172390347432,0.4619624817536053
INST_0590,100,50,25,2,5,100590,AOMDV,0.8248961814456707,DSDV,0.33055380594069206,0.4943423755049786
INST_0591,100,50,25,4,1,100591,DSDV,0.9398644325104513,AOMDV,0.6987593104232157,0.24110512208723556
INST_0592,100,50,25,4,2,100592,DSDV,0.6185842558739081,AOMDV,0.6093063866398121,0.009277869234096014
INST_0593,100,50,25,4,3,100593,DSDV,0.9147474552439394,AOMDV,0.7210819254829917,0.19366552976094775
INST_0594,100,50,25,4,4,100594,DSDV,1.0,AOMDV,0.5307060749267267,0.4692939250732733
INST_0595,100,50,25,4,5,100595,DSDV,1.0,AOMDV,0.40947922158675554,0.5905207784132445
INST_0596,100,50,25,8,1,100596,DSDV,1.0,AODV,0.15967551782352477,0.8403244821764753
INST_0597,100,50,25,8,2,100597,DSDV,0.7941923533816706,AODV,0.6305485563548014,0.16364379702686915
INST_0598,100,50,25,8,3,100598,DSDV,1.0,AODV,0.31503488247911415,0.6849651175208858
INST_0599,100,50,25,8,4,100599,DSDV,1.0,AODV,0.25138832058776606,0.7486116794122339
INST_0600,100,50,25,8,5,100600,DSDV,1.0,AODV,0.45092954833544974,0.5490704516645503
INST_0601,150,20,5,2,1,100601,AOMDV,0.7132152572518913,AODV,0.6635370841809985,0.04967817307089273
INST_0602,150,20,5,2,2,100602,DSDV,0.6610973541862691,AOMDV,0.6437277571280148,0.01736959705825436
INST_0603,150,20,5,2,3,100603,DSDV,0.6927774170212673,AOMDV,0.5813172123981094,0.11146020462315787
INST_0604,150,20,5,2,4,100604,DSDV,0.6845294146721447,AOMDV,0.6800667375053777,0.00446267716676696
INST_0605,150,20,5,2,5,100605,AODV,0.6587648649485887,AOMDV,0.611994223092569,0.046770641856019646
INST_0606,150,20,5,4,1,100606,AOMDV,0.6940894500479747,AODV,0.5,0.19408945004797473
INST_0607,150,20,5,4,2,100607,DSDV,0.6756614932896526,AOMDV,0.6227066766857492,0.05295481660390344
INST_0608,150,20,5,4,3,100608,AOMDV,0.6275626398472403,AODV,0.5094229857591851,0.11813965408805516
INST_0609,150,20,5,4,4,100609,AOMDV,0.75,DSDV,0.659528730290974,0.09047126970902597
INST_0610,150,20,5,4,5,100610,AOMDV,0.6701183441406113,AODV,0.5755537646226091,0.09456457951800223
INST_0611,150,20,5,8,1,100611,AOMDV,0.659930314034649,AODV,0.49955965305643407,0.1603706609782149
INST_0612,150,20,5,8,2,100612,AOMDV,0.6615781052397899,AODV,0.590569452295487,0.07100865294430292
INST_0613,150,20,5,8,3,100613,AOMDV,0.6371291061653017,AODV,0.564587023238464,0.07254208292683773
INST_0614,150,20,5,8,4,100614,AOMDV,0.75,AODV,0.4418934256655524,0.3081065743344476
INST_0615,150,20,5,8,5,100615,AOMDV,0.75,AODV,0.49807122257024344,0.25192877742975656
INST_0616,150,20,10,2,1,100616,DSDV,0.7041113343235541,AOMDV,0.6407435398302023,0.06336779449335184
INST_0617,150,20,10,2,2,100617,AOMDV,0.6638264973696227,AODV,0.5,0.16382649736962274
INST_0618,150,20,10,2,3,100618,AOMDV,0.6023218221582878,DSDV,0.5940961401088289,0.008225682049458838
INST_0619,150,20,10,2,4,100619,AODV,0.7861230403140913,AOMDV,0.6508538890681204,0.13526915124597094
INST_0620,150,20,10,2,5,100620,AOMDV,0.6642572241147945,AODV,0.6107136925663261,0.05354353154846836
INST_0621,150,20,10,4,1,100621,AOMDV,0.6632591627252835,AODV,0.493750642612821,0.16950852011246254
INST_0622,150,20,10,4,2,100622,AOMDV,0.6742905170191548,AODV,0.43377260626327707,0.2405179107558777
INST_0623,150,20,10,4,3,100623,AOMDV,0.6346044467846151,DSDV,0.49788747524532384,0.1367169715392913
INST_0624,150,20,10,4,4,100624,AOMDV,0.7640347712378445,DSDV,0.6866152780130002,0.07741949322484432
INST_0625,150,20,10,4,5,100625,AOMDV,0.6732682718396009,DSDV,0.4853918517138361,0.18787642012576483
INST_0626,150,20,10,8,1,100626,AODV,0.743485519364785,AOMDV,0.5584291049525137,0.18505641441227128
INST_0627,150,20,10,8,2,100627,AODV,0.6046761230419433,AOMDV,0.529466352862264,0.07520977017967934
INST_0628,150,20,10,8,3,100628,AOMDV,0.8815339552166188,DSDV,0.6826607089923613,0.1988732462242575
INST_0629,150,20,10,8,4,100629,DSDV,0.5435355395891175,AOMDV,0.5154171814779875,0.02811835811112995
INST_0630,150,20,10,8,5,100630,AOMDV,0.5252597097703109,DSDV,0.5,0.02525970977031089
INST_0631,150,20,15,2,1,100631,AOMDV,0.6102008577265905,AODV,0.5162064284031671,0.09399442932342339
INST_0632,150,20,15,2,2,100632,AOMDV,0.6587370320001857,DSDV,0.6510760849972814,0.007660947002904317
INST_0633,150,20,15,2,3,100633,AOMDV,0.6335164823427123,AODV,0.5159583047220753,0.11755817762063703
INST_0634,150,20,15,2,4,100634,AOMDV,0.6509584629398074,AODV,0.5546335154130217,0.09632494752678566
INST_0635,150,20,15,2,5,100635,AOMDV,0.6341618926225983,DSDV,0.603604445952509,0.030557446670089305
INST_0636,150,20,15,4,1,100636,AOMDV,0.7718637817180851,AODV,0.4458322351015785,0.32603154661650663
INST_0637,150,20,15,4,2,100637,DSDV,0.75,AOMDV,0.6129216405323528,0.13707835946764724
INST_0638,150,20,15,4,3,100638,AOMDV,0.9026890296321336,DSDV,0.5513778474473614,0.3513111821847722
INST_0639,150,20,15,4,4,100639,AOMDV,0.8752672245787756,DSDV,0.4550876200330697,0.4201796045457059
INST_0640,150,20,15,4,5,100640,AOMDV,0.7565618245498169,DSDV,0.47282531829191365,0.28373650625790325
INST_0641,150,20,15,8,1,100641,AODV,0.7202080535815105,DSDV,0.6017451110284566,0.1184629425530539
INST_0642,150,20,15,8,2,100642,DSDV,0.75,AODV,0.4042205049566491,0.3457794950433509
INST_0643,150,20,15,8,3,100643,DSDV,0.75,AOMDV,0.5990675421118399,0.15093245788816012
INST_0644,150,20,15,8,4,100644,AODV,0.7435263555528309,DSDV,0.5,0.24352635555283086
INST_0645,150,20,15,8,5,100645,AODV,0.7056916530525131,DSDV,0.5,0.20569165305251313
INST_0646,150,20,20,2,1,100646,AOMDV,0.6853932587368444,AODV,0.512209759067878,0.1731834996689664
INST_0647,150,20,20,2,2,100647,AOMDV,0.6788900238637081,DSDV,0.6025700556659447,0.07631996819776343
INST_0648,150,20,20,2,3,100648,AOMDV,0.656105262942493,AODV,0.40658513912299576,0.24952012381949729
INST_0649,150,20,20,2,4,100649,AOMDV,0.6595969298978416,AODV,0.6434569642562636,0.016139965641577936
INST_0650,150,20,20,2,5,100650,AOMDV,0.6793330357943074,AODV,0.478544478751365,0.20078855704294235
INST_0651,150,20,20,4,1,100651,AOMDV,0.6985481634447352,AODV,0.5663058011596234,0.13224236228511188
INST_0652,150,20,20,4,2,100652,DSDV,0.75,AOMDV,0.5310495167418212,0.21895048325817879
INST_0653,150,20,20,4,3,100653,DSDV,0.75,AOMDV,0.6887234368753942,0.06127656312460583
INST_0654,150,20,20,4,4,100654,DSDV,0.8015797210632372,AOMDV,0.5659071255116634,0.23567259555157372
INST_0655,150,20,20,4,5,100655,AOMDV,0.8722785126755989,DSDV,0.516435453135018,0.3558430595405808
INST_0656,150,20,20,8,1,100656,AODV,0.7220057159874764,AOMDV,0.5162820318196937,0.20572368416778275
INST_0657,150,20,20,8,2,100657,DSDV,0.8841301622725619,AOMDV,0.3830425424746182,0.5010876197979437
INST_0658,150,20,20,8,3,100658,AODV,0.6948160731423552,AOMDV,0.5551916685629631,0.13962440457939207
INST_0659,150,20,20,8,4,100659,DSDV,1.0,AODV,0.2315617007344115,0.7684382992655885
INST_0660,150,20,20,8,5,100660,AODV,0.6763403840443682,DSDV,0.5,0.17634038404436825
INST_0661,150,20,25,2,1,100661,AOMDV,0.7607296260862892,DSDV,0.402658617137672,0.35807100894861726
INST_0662,150,20,25,2,2,100662,AOMDV,0.8728237219476509,DSDV,0.5522334094388865,0.32059031250876435
INST_0663,150,20,25,2,3,100663,AOMDV,0.7599504930595722,DSDV,0.75,0.009950493059572185
INST_0664,150,20,25,2,4,100664,AOMDV,0.7803548791773101,DSDV,0.48648154326289955,0.2938733359144105
INST_0665,150,20,25,2,5,100665,AOMDV,0.7272456826973607,DSDV,0.5239438555029055,0.20330182719445522
INST_0666,150,20,25,4,1,100666,DSDV,0.75,AOMDV,0.37210581740302934,0.37789418259697066
INST_0667,150,20,25,4,2,100667,DSDV,0.75,AODV,0.5331272198961745,0.2168727801038255
INST_0668,150,20,25,4,3,100668,DSDV,1.0,AODV,0.3618503499654233,0.6381496500345767
INST_0669,150,20,25,4,4,100669,DSDV,1.0,AOMDV,0.2989825497327172,0.7010174502672828
INST_0670,150,20,25,4,5,100670,DSDV,0.8581916520129763,AOMDV,0.4918245896755069,0.3663670623374694
INST_0671,150,20,25,8,1,100671,DSDV,0.8729679377064755,AOMDV,0.323581875344211,0.5493860623622645
INST_0672,150,20,25,8,2,100672,DSDV,0.900235467078799,AODV,0.5659196706739571,0.3343157964048419
INST_0673,150,20,25,8,3,100673,DSDV,0.9071413926997619,AODV,0.5125621216562217,0.3945792710435402
INST_0674,150,20,25,8,4,100674,DSDV,1.0,AOMDV,0.26767929330512763,0.7323207066948724
INST_0675,150,20,25,8,5,100675,AODV,0.7268610839507379,DSDV,0.7002919079674651,0.026569175983272797
INST_0676,150,30,5,2,1,100676,AODV,0.5923485182488124,AOMDV,0.5782710328276488,0.014077485421163605
INST_0677,150,30,5,2,2,100677,AODV,0.6902403671231861,AOMDV,0.6775818613459574,0.012658505777228712
INST_0678,150,30,5,2,3,100678,AOMDV,0.6726562512194825,AODV,0.6516391555385901,0.021017095680892384
INST_0679,150,30,5,2,4,100679,AOMDV,0.6593655660590905,DSDV,0.5236211048923607,0.13574446116672978
INST_0680,150,30,5,2,5,100680,AOMDV,0.6660052946428572,AODV,0.5634453106359615,0.1025599840068957
INST_0681,150,30,5,4,1,100681,DSDV,0.6572865327709627,AOMDV,0.5639860148310432,0.09330051793991956
INST_0682,150,30,5,4,2,100682,AODV,0.75,AOMDV,0.4945496509272249,0.2554503490727751
INST_0683,150,30,5,4,3,100683,AOMDV,0.6322033825782822,AODV,0.4980568910982397,0.13414649148004254
INST_0684,150,30,5,4,4,100684,AOMDV,0.6746503528258105,AODV,0.6731371507943887,0.0015132020314218009
INST_0685,150,30,5,4,5,100685,AOMDV,0.75,DSDV,0.6819689569309862,0.06803104306901375
INST_0686,150,30,5,8,1,100686,AOMDV,0.7024427166934986,AODV,0.6651473552559257,0.03729536143757284
INST_0687,150,30,5,8,2,100687,AOMDV,0.6800121351773457,AODV,0.6271837437938921,0.05282839138345363
INST_0688,150,30,5,8,3,100688,AOMDV,0.6790215019677976,AODV,0.4731473761532486,0.20587412581454906
INST_0689,150,30,5,8,4,100689,AOMDV,0.6898404992805492,AODV,0.6625527030630964,0.02728779621745281
INST_0690,150,30,5,8,5,100690,AOMDV,0.7227186535707774,AODV,0.676301953937924,0.04641669963285333
INST_0691,150,30,10,2,1,100691,AOMDV,0.6165935653470297,DSDV,0.49370266111501193,0.12289090423201776
INST_0692,150,30,10,2,2,100692,AOMDV,0.6502890144466906,AODV,0.6040697053358552,0.04621930911083538
INST_0693,150,30,10,2,3,100693,AODV,0.6500429096194642,AOMDV,0.6381799892899396,0.011862920329524629
INST_0694,150,30,10,2,4,100694,AOMDV,0.6500000000000001,AODV,0.5260651791467664,0.12393482085323371
INST_0695,150,30,10,2,5,100695,AOMDV,0.7107036006198681,DSDV,0.6401016690982447,0.07060193152162342
INST_0696,150,30,10,4,1,100696,AOMDV,0.7282311102920093,DSDV,0.6239801296851889,0.10425098060682036
INST_0697,150,30,10,4,2,100697,AOMDV,0.6663079247084936,DSDV,0.4425987020747379,0.22370922263375576
INST_0698,150,30,10,4,3,100698,AOMDV,0.6730563456875088,AODV,0.43621271916744897,0.23684362652005986
INST_0699,150,30,10,4,4,100699,AOMDV,0.6893063565772328,AODV,0.6247822227632964,0.0645241338139364
INST_0700,150,30,10,4,5,100700,AOMDV,0.6897381866186019,AODV,0.5637303542790804,0.1260078323395215
INST_0701,150,30,10,8,1,100701,AODV,0.568832648256621,AOMDV,0.514459418528519,0.0543732297281021
INST_0702,150,30,10,8,2,100702,AOMDV,0.5884962584414917,DSDV,0.5,0.08849625844149167
INST_0703,150,30,10,8,3,100703,AODV,0.5675367566574773,AOMDV,0.5463001981972766,0.021236558460200672
INST_0704,150,30,10,8,4,100704,AOMDV,0.7209447554564296,AODV,0.6406126524332107,0.0803321030232188
INST_0705,150,30,10,8,5,100705,AOMDV,0.9001797321404689,DSDV,0.5529645591763326,0.3472151729641363
INST_0706,150,30,15,2,1,100706,AOMDV,0.6554555065885006,AODV,0.5280664906541249,0.12738901593437568
INST_0707,150,30,15,2,2,100707,AOMDV,0.6562722751806155,AODV,0.5423201798697734,0.11395209531084205
INST_0708,150,30,15,2,3,100708,AOMDV,0.6523245370544041,DSDV,0.4151474600088585,0.23717707704554558
INST_0709,150,30,15,2,4,100709,AOMDV,0.6773049653778216,AODV,0.6615387450622244,0.015766220315597157
INST_0710,150,30,15,2,5,100710,AODV,0.6796944384331667,AOMDV,0.6541389110656247,0.025555527367541964
INST_0711,150,30,15,4,1,100711,AOMDV,0.7063648146790803,DSDV,0.5,0.2063648146790803
INST_0712,150,30,15,4,2,100712,AOMDV,0.7668057479362858,DSDV,0.5941974396464911,0.17260830828979468
INST_0713,150,30,15,4,3,100713,AOMDV,0.8779300574206557,DSDV,0.46827128203599994,0.4096587753846557
INST_0714,150,30,15,4,4,100714,AOMDV,0.7431674875487592,AODV,0.4341908102621766,0.30897667728658257
INST_0715,150,30,15,4,5,100715,AOMDV,0.90651822939754,DSDV,0.4306345090631378,0.4758837203344022
INST_0716,150,30,15,8,1,100716,AODV,0.7490990939771449,DSDV,0.7295247847301805,0.01957430924696446
INST_0717,150,30,15,8,2,100717,AODV,0.7032083477606743,DSDV,0.5,0.2032083477606743
INST_0718,150,30,15,8,3,100718,DSDV,0.75,AODV,0.5511143416616271,0.1988856583383729
INST_0719,150,30,15,8,4,100719,AODV,0.7694867008689278,DSDV,0.5413708906490071,0.22811581021992067
INST_0720,150,30,15,8,5,100720,AODV,0.7136596895847155,AOMDV,0.574102687222335,0.13955700236238044
INST_0721,150,30,20,2,1,100721,AOMDV,0.6897005218178791,AODV,0.503809749375672,0.1858907724422071
INST_0722,150,30,20,2,2,100722,AOMDV,0.7636987270228374,AODV,0.38118176514233093,0.38251696188050643
INST_0723,150,30,20,2,3,100723,AOMDV,0.7531160376703454,DSDV,0.38322207477539605,0.36989396289494936
INST_0724,150,30,20,2,4,100724,AOMDV,0.7584942383237876,AODV,0.48076591151038345,0.27772832681340415
INST_0725,150,30,20,2,5,100725,AOMDV,0.7006567278039197,AODV,0.4077213678498418,0.29293535995407793
INST_0726,150,30,20,4,1,100726,DSDV,0.75,AOMDV,0.598221109619401,0.151778890380599
INST_0727,150,30,20,4,2,100727,DSDV,0.75,AODV,0.49912855756982344,0.25087144243017656
INST_0728,150,30,20,4,3,100728,DSDV,0.75,AOMDV,0.6405225596471162,0.10947744035288376
INST_0729,150,30,20,4,4,100729,DSDV,0.75,AOMDV,0.468029030746881,0.281970969253119
INST_0730,150,30,20,4,5,100730,AOMDV,0.767531559979534,DSDV,0.75,0.01753155997953404
INST_0731,150,30,20,8,1,100731,AODV,0.75,DSDV,0.4086328224136157,0.3413671775863843
INST_0732,150,30,20,8,2,100732,DSDV,1.0,AODV,0.30450699846059764,0.6954930015394023
INST_0733,150,30,20,8,3,100733,DSDV,0.75,AODV,0.681336339546075,0.06866366045392502
INST_0734,150,30,20,8,4,100734,DSDV,0.9105989254354802,AODV,0.7209859968713899,0.1896129285640903
INST_0735,150,30,20,8,5,100735,DSDV,0.75,AOMDV,0.5344087156207973,0.21559128437920272
INST_0736,150,30,25,2,1,100736,AOMDV,0.6893924099329856,AODV,0.4217809192464743,0.26761149068651124
INST_0737,150,30,25,2,2,100737,AOMDV,0.7820682010164371,DSDV,0.39589295879487446,0.3861752422215627
INST_0738,150,30,25,2,3,100738,AOMDV,0.8306949333289049,DSDV,0.5127159692476047,0.3179789640813002
INST_0739,150,30,25,2,4,100739,AOMDV,0.6833045623912833,AODV,0.5,0.18330456239128334
INST_0740,150,30,25,2,5,100740,AOMDV,0.7467054959856322,AODV,0.4282476108458491,0.31845788513978307
INST_0741,150,30,25,4,1,100741,DSDV,0.7952281146028941,AOMDV,0.7119646392000147,0.08326347540287937
INST_0742,150,30,25,4,2,100742,DSDV,0.9169375280031165,AOMDV,0.5427418296095683,0.37419569839354816
INST_0743,150,30,25,4,3,100743,DSDV,0.75,AODV,0.528442040662387,0.22155795933761302
INST_0744,150,30,25,4,4,100744,DSDV,0.75,AODV,0.664784660178527,0.085215339821473
INST_0745,150,30,25,4,5,100745,DSDV,0.75,AOMDV,0.44606782782544463,0.30393217217455537
INST_0746,150,30,25,8,1,100746,DSDV,0.7805398166633086,AOMDV,0.43611490076687465,0.344424915896434
INST_0747,150,30,25,8,2,100747,DSDV,0.8985564889593081,AODV,0.5,0.39855648895930806
INST_0748,150,30,25,8,3,100748,AODV,0.75,DSDV,0.6855935549924079,0.06440644500759207
INST_0749,150,30,25,8,4,100749,DSDV,0.9791742062443267,AODV,0.44082839666432916,0.5383458095799976
INST_0750,150,30,25,8,5,100750,AODV,0.75,DSDV,0.4656811098953184,0.2843188901046816
INST_0751,150,40,5,2,1,100751,AODV,0.677478554870927,DSDV,0.6730868204332792,0.004391734437647843
INST_0752,150,40,5,2,2,100752,AODV,0.8514863217197679,AOMDV,0.6252180977909714,0.22626822392879653
INST_0753,150,40,5,2,3,100753,AODV,0.6649661151502695,AOMDV,0.6371644287320954,0.027801686418174043
INST_0754,150,40,5,2,4,100754,AODV,0.7182870146559167,AOMDV,0.6679799446469037,0.05030707000901302
INST_0755,150,40,5,2,5,100755,AOMDV,0.6460817733857369,DSDV,0.5199370565260364,0.12614471685970052
INST_0756,150,40,5,4,1,100756,AOMDV,0.6688382219846718,DSDV,0.5103051644658304,0.1585330575188414
INST_0757,150,40,5,4,2,100757,AODV,0.7038803787249852,AOMDV,0.6045673096091109,0.09931306911587434
INST_0758,150,40,5,4,3,100758,DSDV,0.6621066903815507,AOMDV,0.636603933688272,0.025502756693278728
INST_0759,150,40,5,4,4,100759,AODV,0.7496655225563112,AOMDV,0.6934931593140131,0.05617236324229813
INST_0760,150,40,5,4,5,100760,AOMDV,0.6959716926536397,AODV,0.5044184940430292,0.1915531986106105
INST_0761,150,40,5,8,1,100761,AOMDV,0.7320212857432322,AODV,0.65254955945984,0.07947172628339227
INST_0762,150,40,5,8,2,100762,AOMDV,0.6995711123967115,AODV,0.5,0.19957111239671155
INST_0763,150,40,5,8,3,100763,AOMDV,0.739278747368421,AODV,0.5948486225466199,0.14443012482180118
INST_0764,150,40,5,8,4,100764,AODV,0.7245874528507769,AOMDV,0.7109888580668253,0.013598594783951534
INST_0765,150,40,5,8,5,100765,AODV,0.6855491287768238,AOMDV,0.6107661836883757,0.07478294508844818
INST_0766,150,40,10,2,1,100766,AODV,0.6755541964424912,AOMDV,0.66239998983936,0.013154206603131158
INST_0767,150,40,10,2,2,100767,AOMDV,0.6454166689541667,AODV,0.6235913401851102,0.021825328769056518
INST_0768,150,40,10,2,3,100768,AODV,0.6608359094833963,AOMDV,0.6491721835772555,0.011663725906140843
INST_0769,150,40,10,2,4,100769,AOMDV,0.6109287133649137,DSDV,0.4876875744192092,0.12324113894570454
INST_0770,150,40,10,2,5,100770,AODV,0.6900166328171295,AOMDV,0.6266687676482261,0.06334786516890345
INST_0771,150,40,10,4,1,100771,AOMDV,0.7243341394544143,DSDV,0.5986507512298207,0.12568338822459357
INST_0772,150,40,10,4,2,100772,AOMDV,0.6523528028078197,AODV,0.4884725220297906,0.16388028077802913
INST_0773,150,40,10,4,3,100773,AOMDV,0.681577019354051,DSDV,0.43760417892010595,0.24397284043394507
INST_0774,150,40,10,4,4,100774,AOMDV,0.6918451659894242,DSDV,0.483009473134993,0.20883569285443127
INST_0775,150,40,10,4,5,100775,AOMDV,0.6935109027873345,DSDV,0.43256805488574224,0.2609428479015923
INST_0776,150,40,10,8,1,100776,AODV,0.76255995371055,AOMDV,0.7467756179346102,0.01578433577593974
INST_0777,150,40,10,8,2,100777,DSDV,0.75,AOMDV,0.41237384870562027,0.33762615129437973
INST_0778,150,40,10,8,3,100778,AODV,0.75,AOMDV,0.5376873811332985,0.2123126188667015
INST_0779,150,40,10,8,4,100779,AODV,0.6405576564903284,DSDV,0.5,0.14055765649032836
INST_0780,150,40,10,8,5,100780,AODV,0.6765512782823746,DSDV,0.5682249239282287,0.10832635435414595
INST_0781,150,40,15,2,1,100781,AODV,0.6632606758462064,AOMDV,0.4430077851997476,0.2202528906464588
INST_0782,150,40,15,2,2,100782,AOMDV,0.6419084606636585,AODV,0.6228187686577505,0.019089692005907932
INST_0783,150,40,15,2,3,100783,AOMDV,0.6586988653053396,DSDV,0.4462217511665012,0.2124771141388384
INST_0784,150,40,15,2,4,100784,AOMDV,0.6646433943333926,AODV,0.4984310026257196,0.166212391707673
INST_0785,150,40,15,2,5,100785,AOMDV,0.6705960825401542,AODV,0.5907931120732182,0.07980297046693607
INST_0786,150,40,15,4,1,100786,AOMDV,0.7485754930468393,DSDV,0.43715748008602917,0.3114180129608102
INST_0787,150,40,15,4,2,100787,AOMDV,0.8614146497577556,DSDV,0.5801080064942656,0.28130664326349
INST_0788,150,40,15,4,3,100788,AOMDV,0.8344236543825382,DSDV,0.4041886304326192,0.43023502394991897
INST_0789,150,40,15,4,4,100789,AOMDV,0.8353598543630815,AODV,0.4509703709384253,0.3843894834246562
INST_0790,150,40,15,4,5,100790,AOMDV,0.8903366198240378,DSDV,0.5353995627041673,0.35493705711987045
INST_0791,150,40,15,8,1,100791,DSDV,0.75,AODV,0.6426389923462138,0.1073610076537862
INST_0792,150,40,15,8,2,100792,DSDV,0.75,AOMDV,0.4409758182705482,0.3090241817294518
INST_0793,150,40,15,8,3,100793,AODV,0.7350412676992956,DSDV,0.5,0.23504126769929556
INST_0794,150,40,15,8,4,100794,AODV,0.7261754138879831,DSDV,0.704905843310221,0.02126957057776213
INST_0795,150,40,15,8,5,100795,DSDV,0.7838095515809506,AOMDV,0.530876466210269,0.2529330853706816
INST_0796,150,40,20,2,1,100796,AOMDV,0.6836255464837208,DSDV,0.415530947086557,0.26809459939716374
INST_0797,150,40,20,2,2,100797,AOMDV,0.6918058114041279,AODV,0.4967867018731721,0.1950191095309558
INST_0798,150,40,20,2,3,100798,AOMDV,0.6134310444763561,AODV,0.5,0.1134310444763561
INST_0799,150,40,20,2,4,100799,AODV,0.5626220373771632,AOMDV,0.5614946239486431,0.0011274134285200743
INST_0800,150,40,20,2,5,100800,AOMDV,0.7911883107191848,DSDV,0.3752765835731516,0.41591172714603325
INST_0801,150,40,20,4,1,100801,DSDV,0.75,AOMDV,0.45116253851365473,0.29883746148634527
INST_0802,150,40,20,4,2,100802,DSDV,0.75,AOMDV,0.5737980233055897,0.1762019766944103
INST_0803,150,40,20,4,3,100803,AOMDV,0.8003191776926443,DSDV,0.5711275464530062,0.22919163123963804
INST_0804,150,40,20,4,4,100804,AOMDV,0.6409295865469996,DSDV,0.5,0.1409295865469996
INST_0805,150,40,20,4,5,100805,DSDV,0.75,AOMDV,0.4026874310787639,0.3473125689212361
INST_0806,150,40,20,8,1,100806,DSDV,0.8246421313059078,AODV,0.5145401679825079,0.3101019633233999
INST_0807,150,40,20,8,2,100807,DSDV,0.8517699580233504,AOMDV,0.3753291689165421,0.4764407891068083
INST_0808,150,40,20,8,3,100808,AODV,0.737877716240853,DSDV,0.603169912054409,0.134707804186444
INST_0809,150,40,20,8,4,100809,AODV,0.7448113277832269,DSDV,0.566371383632309,0.1784399441509179
INST_0810,150,40,20,8,5,100810,DSDV,1.0,AODV,0.29107685729380195,0.708923142706198
INST_0811,150,40,25,2,1,100811,AOMDV,0.764148134168418,AODV,0.37034086377086395,0.39380727039755403
INST_0812,150,40,25,2,2,100812,AOMDV,0.9036995012081008,DSDV,0.37644853802484296,0.5272509631832578
INST_0813,150,40,25,2,3,100813,AOMDV,0.7966281461286882,DSDV,0.5824375578014495,0.2141905883272387
INST_0814,150,40,25,2,4,100814,DSDV,0.75,AOMDV,0.6798112389610401,0.07018876103895988
INST_0815,150,40,25,2,5,100815,AOMDV,0.8763794237199177,DSDV,0.4613499649642123,0.4150294587557054
INST_0816,150,40,25,4,1,100816,DSDV,0.75,AOMDV,0.43181064456199736,0.31818935543800264
INST_0817,150,40,25,4,2,100817,DSDV,0.75,AOMDV,0.3864350525888899,0.3635649474111101
INST_0818,150,40,25,4,3,100818,DSDV,0.7493093906964068,AODV,0.6661264505156501,0.08318294018075667
INST_0819,150,40,25,4,4,100819,DSDV,0.75,AOMDV,0.3805479852196205,0.3694520147803795
INST_0820,150,40,25,4,5,100820,AOMDV,0.5120386046547722,DSDV,0.5,0.012038604654772245
INST_0821,150,40,25,8,1,100821,DSDV,1.0,AODV,0.5345116159397167,0.46548838406028326
INST_0822,150,40,25,8,2,100822,DSDV,1.0,AODV,0.31547059166922864,0.6845294083307714
INST_0823,150,40,25,8,3,100823,DSDV,0.8716915016361364,AODV,0.7573643736428523,0.11432712799328415
INST_0824,150,40,25,8,4,100824,DSDV,1.0,AODV,0.44436097202087965,0.5556390279791203
INST_0825,150,40,25,8,5,100825,DSDV,0.9495000758085723,AODV,0.3701495002256725,0.5793505755828998
INST_0826,150,50,5,2,1,100826,AODV,0.75,AOMDV,0.6341400330342897,0.11585996696571033
INST_0827,150,50,5,2,2,100827,AODV,0.8040313594190642,AOMDV,0.6670875454545455,0.1369438139645187
INST_0828,150,50,5,2,3,100828,AOMDV,0.6399793377480193,DSDV,0.5080778083708835,0.13190152937713584
INST_0829,150,50,5,2,4,100829,DSDV,0.7133016916412745,AOMDV,0.6856626391849816,0.027639052456292945
INST_0830,150,50,5,2,5,100830,AOMDV,0.6839708595732927,DSDV,0.5448994339620247,0.13907142561126806
INST_0831,150,50,5,4,1,100831,DSDV,0.75,AODV,0.6903359394597345,0.05966406054026552
INST_0832,150,50,5,4,2,100832,AOMDV,0.667662880039115,AODV,0.5956328059767736,0.07203007406234141
INST_0833,150,50,5,4,3,100833,AOMDV,0.7358326034859142,AODV,0.5,0.23583260348591417
INST_0834,150,50,5,4,4,100834,AOMDV,0.75,AODV,0.6086452520350987,0.14135474796490133
INST_0835,150,50,5,4,5,100835,AOMDV,0.6661764789965402,DSDV,0.5901253778622421,0.07605110113429814
INST_0836,150,50,5,8,1,100836,AOMDV,0.7258713134141695,AODV,0.7191877620068126,0.006683551407356991
INST_0837,150,50,5,8,2,100837,AOMDV,0.6967699368299679,AODV,0.5,0.1967699368299679
INST_0838,150,50,5,8,3,100838,AOMDV,0.7319526672847589,AODV,0.5005224926499774,0.23143017463478155
INST_0839,150,50,5,8,4,100839,AOMDV,0.7322845863731547,AODV,0.6289596462679753,0.10332494010517945
INST_0840,150,50,5,8,5,100840,AOMDV,0.7486863419329826,AODV,0.6417915896542224,0.10689475227876011
INST_0841,150,50,10,2,1,100841,AOMDV,0.6063068979345947,AODV,0.5585190979892726,0.04778779994532212
INST_0842,150,50,10,2,2,100842,AODV,0.6890085550439501,AOMDV,0.5493363657871932,0.13967218925675684
INST_0843,150,50,10,2,3,100843,AOMDV,0.6648606724772116,AODV,0.6583360247054806,0.006524647771731007
INST_0844,150,50,10,2,4,100844,AOMDV,0.6600741608923713,DSDV,0.6332462578035218,0.026827903088849414
INST_0845,150,50,10,2,5,100845,AODV,0.8457114465666201,AOMDV,0.646994687176227,0.19871675939039313
INST_0846,150,50,10,4,1,100846,AOMDV,0.6511604986642965,AODV,0.5388022475086651,0.11235825115563136
INST_0847,150,50,10,4,2,100847,AOMDV,0.7195306233892116,DSDV,0.5082966294177662,0.21123399397144538
INST_0848,150,50,10,4,3,100848,AOMDV,0.682331945480881,AODV,0.5208580800875685,0.16147386539331254
INST_0849,150,50,10,4,4,100849,AOMDV,0.7040834859217195,AODV,0.6387607121585395,0.06532277376318008
INST_0850,150,50,10,4,5,100850,AOMDV,0.6888849822409708,AODV,0.4333005074175498,0.25558447482342106
INST_0851,150,50,10,8,1,100851,AOMDV,0.7306774808422805,AODV,0.5396296442513454,0.19104783659093505
INST_0852,150,50,10,8,2,100852,AOMDV,0.9241318997193334,DSDV,0.4583810847938875,0.4657508149254459
INST_0853,150,50,10,8,3,100853,AOMDV,0.7329117322641682,AODV,0.5019114776571761,0.23100025460699203
INST_0854,150,50,10,8,4,100854,AODV,0.7829682717020539,AOMDV,0.7051295732908894,0.07783869841116442
INST_0855,150,50,10,8,5,100855,AOMDV,0.6378854278381777,AODV,0.5349673051686368,0.10291812266954092
INST_0856,150,50,15,2,1,100856,AOMDV,0.6745521364112936,AODV,0.5956075216391806,0.07894461477211301
INST_0857,150,50,15,2,2,100857,AOMDV,0.665289256087699,AODV,0.4841509323897104,0.18113832369798855
INST_0858,150,50,15,2,3,100858,AOMDV,0.6504569238801988,AODV,0.5074834636231896,0.1429734602570092
INST_0859,150,50,15,2,4,100859,AODV,0.7659538830859083,AOMDV,0.669782541031008,0.0961713420549003
INST_0860,150,50,15,2,5,100860,AOMDV,0.6696011841052361,AODV,0.6638629188675691,0.005738265237666962
INST_0861,150,50,15,4,1,100861,AOMDV,0.7513515213064101,AODV,0.40392118870111954,0.3474303326052906
INST_0862,150,50,15,4,2,100862,AOMDV,0.876673791514669,DSDV,0.4254777082763601,0.45119608323830884
INST_0863,150,50,15,4,3,100863,AOMDV,0.7701275428998109,DSDV,0.5,0.2701275428998109
INST_0864,150,50,15,4,4,100864,AOMDV,0.8370950549598983,DSDV,0.41610370148330866,0.42099135347658967
INST_0865,150,50,15,4,5,100865,DSDV,0.5665920966502913,AOMDV,0.5437582804185981,0.022833816231693227
INST_0866,150,50,15,8,1,100866,DSDV,0.75,AODV,0.6103990721092946,0.13960092789070544
INST_0867,150,50,15,8,2,100867,AOMDV,0.6730094183032169,DSDV,0.5,0.17300941830321692
INST_0868,150,50,15,8,3,100868,AODV,0.7407472136238278,DSDV,0.5,0.24074721362382778
INST_0869,150,50,15,8,4,100869,AODV,0.7002276279395441,DSDV,0.5420003945906428,0.15822723334890132
INST_0870,150,50,15,8,5,100870,DSDV,0.75,AOMDV,0.4228297060109576,0.3271702939890424
INST_0871,150,50,20,2,1,100871,AOMDV,0.6927638575699926,AODV,0.44966173852275376,0.24310211904723883
INST_0872,150,50,20,2,2,100872,AOMDV,0.670796690647482,AODV,0.5047305585296016,0.16606613211788046
INST_0873,150,50,20,2,3,100873,AOMDV,0.6829958707070207,AODV,0.4307385260182387,0.252257344688782
INST_0874,150,50,20,2,4,100874,AOMDV,0.664634145496102,DSDV,0.41631841815060916,0.24831572734549284
INST_0875,150,50,20,2,5,100875,AOMDV,0.7152536332319167,AODV,0.3729370574265631,0.34231657580535363
INST_0876,150,50,20,4,1,100876,AOMDV,0.7462964700955927,DSDV,0.5753396584314301,0.17095681166416266
INST_0877,150,50,20,4,2,100877,AOMDV,0.8479804312403846,DSDV,0.5582943853563533,0.28968604588403124
INST_0878,150,50,20,4,3,100878,AOMDV,0.6382660457423655,DSDV,0.5,0.13826604574236545
INST_0879,150,50,20,4,4,100879,AODV,0.723455971922635,DSDV,0.5,0.223455971922635
INST_0880,150,50,20,4,5,100880,DSDV,0.7276787612629593,AOMDV,0.6620684576575396,0.06561030360541964
INST_0881,150,50,20,8,1,100881,AODV,0.6963674069307648,DSDV,0.6957032581300577,0.0006641488007070873
INST_0882,150,50,20,8,2,100882,AODV,0.6584653183988177,AOMDV,0.4994684105447794,0.1589969078540383
INST_0883,150,50,20,8,3,100883,AODV,0.75,DSDV,0.5323392529968591,0.21766074700314086
INST_0884,150,50,20,8,4,100884,AODV,0.7357295193443482,DSDV,0.6000230716162024,0.13570644772814577
INST_0885,150,50,20,8,5,100885,DSDV,0.8277277832934548,AOMDV,0.5533767971895814,0.2743509861038733
INST_0886,150,50,25,2,1,100886,AOMDV,0.7633437442816371,AODV,0.3801101659755691,0.38323357830606797
INST_0887,150,50,25,2,2,100887,AOMDV,0.7809099146880882,AODV,0.42141342203787757,0.35949649265021066
INST_0888,150,50,25,2,3,100888,AOMDV,0.7785088310596349,DSDV,0.5986831822643339,0.17982564879530094
INST_0889,150,50,25,2,4,100889,AOMDV,0.8166804223330622,DSDV,0.3806068774808078,0.43607354485225436
INST_0890,150,50,25,2,5,100890,AOMDV,0.8682364245722666,DSDV,0.6258990222442978,0.24233740232796874
INST_0891,150,50,25,4,1,100891,DSDV,0.75,AODV,0.39873310694811603,0.35126689305188397
INST_0892,150,50,25,4,2,100892,DSDV,0.75,AOMDV,0.5094714627894741,0.24052853721052592
INST_0893,150,50,25,4,3,100893,AODV,0.7469619640623908,DSDV,0.5,0.2469619640623908
INST_0894,150,50,25,4,4,100894,DSDV,0.75,AODV,0.5403159661707014,0.20968403382929857
INST_0895,150,50,25,4,5,100895,DSDV,0.75,AODV,0.49439660000279345,0.25560339999720655
INST_0896,150,50,25,8,1,100896,DSDV,0.7953130785014821,AODV,0.7623072314377218,0.03300584706376031
INST_0897,150,50,25,8,2,100897,AODV,0.75,DSDV,0.4637488343567583,0.2862511656432417
INST_0898,150,50,25,8,3,100898,DSDV,1.0,AODV,0.6218763865297309,0.3781236134702691
INST_0899,150,50,25,8,4,100899,DSDV,1.0,AODV,0.43383959624428803,0.566160403755712
INST_0900,150,50,25,8,5,100900,DSDV,0.9581704971307538,AODV,0.3655970925191363,0.5925734046116174
INST_0901,50,20,5,3,1,100901,DSDV,0.75,AODV,0.48177851658444015,0.26822148341555985
INST_0902,50,20,5,3,2,100902,DSDV,0.74181413914053,AOMDV,0.5461338619323094,0.19568027720822057
INST_0903,50,20,5,3,3,100903,AODV,0.6756728569086856,AOMDV,0.6212871323994846,0.05438572450920098
INST_0904,50,20,5,3,4,100904,DSDV,0.711758789806854,AODV,0.5,0.21175878980685403
INST_0905,50,20,5,3,5,100905,DSDV,0.75,AOMDV,0.5863165038368476,0.16368349616315236
INST_0906,50,20,5,5,1,100906,DSDV,0.75,AOMDV,0.5343510404815764,0.21564895951842356
INST_0907,50,20,5,5,2,100907,DSDV,0.75,AOMDV,0.5276192297994302,0.2223807702005698
INST_0908,50,20,5,5,3,100908,DSDV,0.75,AOMDV,0.5585279924654278,0.19147200753457216
INST_0909,50,20,5,5,4,100909,DSDV,0.7146913120879569,AOMDV,0.5419159480928359,0.17277536399512095
INST_0910,50,20,5,5,5,100910,DSDV,0.75,AOMDV,0.5787299679004545,0.1712700320995455
INST_0911,50,20,5,6,1,100911,AOMDV,0.6181506801815537,AODV,0.5009307468176648,0.11721993336388892
INST_0912,50,20,5,6,2,100912,DSDV,0.75,AOMDV,0.5453536474562669,0.2046463525437331
INST_0913,50,20,5,6,3,100913,AODV,0.7809140349794856,DSDV,0.7080594753548499,0.07285455962463572
INST_0914,50,20,5,6,4,100914,DSDV,0.7109992178166888,AODV,0.5,0.21099921781668884
INST_0915,50,20,5,6,5,100915,DSDV,0.75,AOMDV,0.5638808606312538,0.18611913936874624
INST_0916,50,20,7,2,1,100916,DSDV,0.75,AOMDV,0.5736872178691969,0.17631278213080315
INST_0917,50,20,7,2,2,100917,AODV,0.6581533722300676,AOMDV,0.6317796620756966,0.026373710154371066
INST_0918,50,20,7,2,3,100918,AOMDV,0.6410830614380524,AODV,0.4882369315993389,0.15284612983871348
INST_0919,50,20,7,2,4,100919,AODV,0.9570337135460605,AOMDV,0.6183628176119902,0.3386708959340703
INST_0920,50,20,7,2,5,100920,AODV,0.747204739628879,AOMDV,0.6520031417056406,0.09520159792323846
INST_0921,50,20,7,3,1,100921,DSDV,0.75,AOMDV,0.5036198859831912,0.24638011401680882
INST_0922,50,20,7,3,2,100922,DSDV,0.75,AODV,0.4834479440338846,0.2665520559661154
INST_0923,50,20,7,3,3,100923,AOMDV,0.6232815248524437,DSDV,0.5741613937045938,0.049120131147849855
INST_0924,50,20,7,3,4,100924,DSDV,0.75,AODV,0.7280288524171269,0.021971147582873107
INST_0925,50,20,7,3,5,100925,DSDV,0.75,AOMDV,0.5483981980303583,0.20160180196964173
INST_0926,50,20,7,4,1,100926,AOMDV,0.6058958219035395,AODV,0.5483266823905772,0.057569139512962275
INST_0927,50,20,7,4,2,100927,AOMDV,0.65266755,AODV,0.4593163944343618,0.1933511555656382
INST_0928,50,20,7,4,3,100928,DSDV,0.75,AOMDV,0.5610419658639119,0.18895803413608814
INST_0929,50,20,7,4,4,100929,AODV,0.8887589142786141,AOMDV,0.5767126928969104,0.3120462213817037
INST_0930,50,20,7,4,5,100930,DSDV,0.75,AOMDV,0.5166559371175742,0.23334406288242582
INST_0931,50,20,7,5,1,100931,DSDV,0.75,AODV,0.4467068529427364,0.3032931470572636
INST_0932,50,20,7,5,2,100932,DSDV,0.75,AOMDV,0.43770563282332453,0.31229436717667547
INST_0933,50,20,7,5,3,100933,AODV,0.6638610937338206,AOMDV,0.6468705495188398,0.016990544214980807
INST_0934,50,20,7,5,4,100934,DSDV,0.75,AODV,0.7001919640228385,0.04980803597716155
INST_0935,50,20,7,5,5,100935,AOMDV,0.5886250420929271,AODV,0.55409191187218,0.03453313022074711
INST_0936,50,20,7,6,1,100936,DSDV,0.75,AOMDV,0.5041342195042195,0.24586578049578045
INST_0937,50,20,7,6,2,100937,AOMDV,0.6187301076947689,DSDV,0.6014945706149266,0.017235537079842267
INST_0938,50,20,7,6,3,100938,AOMDV,0.6433792478452726,AODV,0.5483692779119175,0.09500996993335509
INST_0939,50,20,7,6,4,100939,DSDV,0.7421526640784937,AODV,0.5,0.24215266407849367
INST_0940,50,20,7,6,5,100940,DSDV,0.75,AODV,0.4221863347999472,0.3278136652000528
INST_0941,50,20,7,8,1,100941,DSDV,0.75,AODV,0.3605321892759086,0.3894678107240914
INST_0942,50,20,7,8,2,100942,DSDV,0.75,AODV,0.35865788947699456,0.39134211052300544
INST_0943,50,20,7,8,3,100943,DSDV,0.75,AOMDV,0.4198019531459405,0.3301980468540595
INST_0944,50,20,7,8,4,100944,DSDV,0.75,AOMDV,0.5250395233276297,0.2249604766723703
INST_0945,50,20,7,8,5,100945,DSDV,0.75,AODV,0.30578020024420544,0.44421979975579456
INST_0946,50,20,10,3,1,100946,AOMDV,0.600882527767889,AODV,0.5752478861761017,0.0256346415917873
INST_0947,50,20,10,3,2,100947,AODV,0.8987343533921128,AOMDV,0.6375000004326923,0.26123435295942055
INST_0948,50,20,10,3,3,100948,AODV,0.6576807308165907,DSDV,0.46828633770844774,0.189394393108143
INST_0949,50,20,10,3,4,100949,DSDV,0.75,AODV,0.6847651769190328,0.06523482308096717
INST_0950,50,20,10,3,5,100950,AOMDV,0.6539749907893705,AODV,0.5276408502768972,0.12633414051247327
INST_0951,50,20,10,5,1,100951,AOMDV,0.6228544183362439,DSDV,0.5373159103637911,0.08553850797245277
INST_0952,50,20,10,5,2,100952,DSDV,0.75,AODV,0.2907785868595322,0.4592214131404678
INST_0953,50,20,10,5,3,100953,DSDV,0.5,AOMDV,0.487906527098247,0.012093472901753
INST_0954,50,20,10,5,4,100954,DSDV,0.75,AODV,0.489937847268876,0.260062152731124
INST_0955,50,20,10,5,5,100955,DSDV,0.75,AOMDV,0.34739579467114373,0.40260420532885627
INST_0956,50,20,10,6,1,100956,DSDV,0.75,AODV,0.37333481583942146,0.37666518416057854
INST_0957,50,20,10,6,2,100957,DSDV,0.75,AOMDV,0.5415145824785224,0.20848541752147765
INST_0958,50,20,10,6,3,100958,DSDV,0.7077357060983304,AODV,0.5,0.20773570609833036
INST_0959,50,20,10,6,4,100959,DSDV,0.75,AOMDV,0.4878149412715447,0.2621850587284553
INST_0960,50,20,10,6,5,100960,DSDV,0.75,AOMDV,0.5661330430810256,0.18386695691897437
INST_0961,50,20,12,2,1,100961,AOMDV,0.6391115634365591,AODV,0.6389460742695768,0.0001654891669822245
INST_0962,50,20,12,2,2,100962,AOMDV,0.6539256215339507,AODV,0.606712856110111,0.047212765423839675
INST_0963,50,20,12,2,3,100963,AOMDV,0.6382103651573694,AODV,0.43891678921490496,0.19929357594246444
INST_0964,50,20,12,2,4,100964,AODV,0.8850347798515033,AOMDV,0.6075342472441358,0.2775005326073674
INST_0965,50,20,12,2,5,100965,DSDV,0.75,AOMDV,0.5656541827804329,0.1843458172195671
INST_0966,50,20,12,3,1,100966,DSDV,0.75,AOMDV,0.5768855345896531,0.17311446541034692
INST_0967,50,20,12,3,2,100967,AODV,0.6708456241172321,DSDV,0.5368944144004866,0.13395120971674557
INST_0968,50,20,12,3,3,100968,AOMDV,0.6354788084165128,AODV,0.537739445011911,0.09773936340460188
INST_0969,50,20,12,3,4,100969,AODV,0.7174886947098222,DSDV,0.6137822088648075,0.10370648584501474
INST_0970,50,20,12,3,5,100970,AOMDV,0.6349782317492803,AODV,0.4982767770773295,0.13670145467195077
INST_0971,50,20,12,4,1,100971,DSDV,0.6107960974357031,AOMDV,0.5984710867019409,0.012325010733762132
INST_0972,50,20,12,4,2,100972,AOMDV,0.6465625981272454,DSDV,0.5624138858622655,0.08414871226497989
INST_0973,50,20,12,4,3,100973,DSDV,0.75,AOMDV,0.4680228526221148,0.2819771473778852
INST_0974,50,20,12,4,4,100974,AODV,0.7048876658804469,AOMDV,0.5398608703899737,0.16502679549047328
INST_0975,50,20,12,4,5,100975,AOMDV,0.5707019001641817,DSDV,0.5,0.07070190016418165
INST_0976,50,20,12,5,1,100976,DSDV,0.75,AOMDV,0.5249281165731625,0.22507188342683748
INST_0977,50,20,12,5,2,100977,DSDV,0.75,AOMDV,0.5291991290090674,0.2208008709909326
INST_0978,50,20,12,5,3,100978,DSDV,0.75,AOMDV,0.497135257692255,0.252864742307745
INST_0979,50,20,12,5,4,100979,AODV,0.7089193036014075,AOMDV,0.5861847365864865,0.12273456701492103
INST_0980,50,20,12,5,5,100980,DSDV,0.75,AOMDV,0.30742335416921707,0.44257664583078293
INST_0981,50,20,12,6,1,100981,DSDV,0.75,AODV,0.424300848380994,0.325699151619006
INST_0982,50,20,12,6,2,100982,DSDV,0.75,AODV,0.35715988523620695,0.39284011476379305
INST_0983,50,20,12,6,3,100983,DSDV,0.75,AOMDV,0.41062866800822223,0.33937133199177777
INST_0984,50,20,12,6,4,100984,DSDV,0.75,AOMDV,0.43860696650107256,0.31139303349892744
INST_0985,50,20,12,6,5,100985,DSDV,0.75,AOMDV,0.4057760206911473,0.3442239793088527
INST_0986,50,20,12,8,1,100986,DSDV,0.75,AOMDV,0.42904169445211016,0.32095830554788984
INST_0987,50,20,12,8,2,100987,DSDV,0.7602319174105554,AOMDV,0.71471481010768,0.04551710730287539
INST_0988,50,20,12,8,3,100988,DSDV,0.7298151569141638,AODV,0.6635817058158,0.06623345109836376
INST_0989,50,20,12,8,4,100989,DSDV,0.75,AOMDV,0.5489975928291888,0.2010024071708112
INST_0990,50,20,12,8,5,100990,DSDV,0.75,AOMDV,0.5893830523837582,0.1606169476162418
INST_0991,50,20,15,3,1,100991,DSDV,0.75,AOMDV,0.5515768712082516,0.1984231287917484
INST_0992,50,20,15,3,2,100992,AOMDV,0.6294137191955307,AODV,0.5845692663966802,0.04484445279885052
INST_0993,50,20,15,3,3,100993,AOMDV,0.6485661533699829,DSDV,0.5420070392081118,0.10655911416187114
INST_0994,50,20,15,3,4,100994,AOMDV,0.6303263855639937,AODV,0.5667004809240161,0.06362590463997753
INST_0995,50,20,15,3,5,100995,AOMDV,0.6753271435764039,DSDV,0.4673031065683535,0.2080240370080504
INST_0996,50,20,15,5,1,100996,DSDV,0.75,AOMDV,0.3128292372443337,0.4371707627556663
INST_0997,50,20,15,5,2,100997,DSDV,0.75,AOMDV,0.4277283808464299,0.3222716191535701
INST_0998,50,20,15,5,3,100998,DSDV,0.75,AOMDV,0.6607594457273083,0.08924055427269173
INST_0999,50,20,15,5,4,100999,DSDV,0.75,AOMDV,0.43714403026627424,0.31285596973372576
INST_1000,50,20,15,5,5,101000,DSDV,0.75,AODV,0.37154896543181903,0.37845103456818097
INST_1001,50,20,15,6,1,101001,DSDV,0.75,AOMDV,0.29190934366924004,0.45809065633075996
INST_1002,50,20,15,6,2,101002,DSDV,0.75,AODV,0.33155485776891086,0.41844514223108914
INST_1003,50,20,15,6,3,101003,DSDV,0.75,AODV,0.34356292561546137,0.40643707438453863
INST_1004,50,20,15,6,4,101004,DSDV,0.6287442241678617,AOMDV,0.35816435435070815,0.27057986981715354
INST_1005,50,20,15,6,5,101005,DSDV,0.75,AOMDV,0.404082251511133,0.345917748488867
INST_1006,50,20,18,2,1,101006,AOMDV,0.6361060689897906,DSDV,0.5621162032226088,0.0739898657671818
INST_1007,50,20,18,2,2,101007,AODV,0.6339030167531738,AOMDV,0.5972738456467865,0.036629171106387304
INST_1008,50,20,18,2,3,101008,AOMDV,0.64377792703979,AODV,0.5001852215672407,0.14359270547254932
INST_1009,50,20,18,2,4,101009,AOMDV,0.6355153208320234,AODV,0.6007643627402497,0.034750958091773754
INST_1010,50,20,18,2,5,101010,DSDV,0.75,AOMDV,0.532136122474061,0.21786387752593905
INST_1011,50,20,18,3,1,101011,DSDV,0.75,AOMDV,0.5565676991934725,0.1934323008065275
INST_1012,50,20,18,3,2,101012,AOMDV,0.6770159365318431,DSDV,0.4004148821761032,0.2766010543557399
INST_1013,50,20,18,3,3,101013,DSDV,0.75,AOMDV,0.5428971197009057,0.2071028802990943
INST_1014,50,20,18,3,4,101014,DSDV,0.653537546078196,AOMDV,0.635855296050511,0.017682250027684976
INST_1015,50,20,18,3,5,101015,DSDV,0.75,AOMDV,0.5710771571373641,0.17892284286263593
INST_1016,50,20,18,4,1,101016,DSDV,0.75,AOMDV,0.4557696940510357,0.2942303059489643
INST_1017,50,20,18,4,2,101017,DSDV,0.75,AOMDV,0.3608541505379124,0.3891458494620876
INST_1018,50,20,18,4,3,101018,DSDV,0.75,AOMDV,0.632673423360692,0.11732657663930801
INST_1019,50,20,18,4,4,101019,DSDV,0.7330941528859908,AOMDV,0.5984757491324707,0.13461840375352008
INST_1020,50,20,18,4,5,101020,DSDV,0.75,AODV,0.3553040377106489,0.3946959622893511
INST_1021,50,20,18,5,1,101021,DSDV,0.75,AOMDV,0.5738329753960796,0.17616702460392042
INST_1022,50,20,18,5,2,101022,DSDV,0.75,AOMDV,0.45594223561764974,0.29405776438235026
INST_1023,50,20,18,5,3,101023,DSDV,0.75,AOMDV,0.3743886350274377,0.3756113649725623
INST_1024,50,20,18,5,4,101024,DSDV,0.75,AOMDV,0.5321602201115896,0.2178397798884104
INST_1025,50,20,18,5,5,101025,DSDV,0.75,AOMDV,0.4444150304031606,0.3055849695968394
INST_1026,50,20,18,6,1,101026,DSDV,0.8476997065572406,AOMDV,0.616272788808849,0.23142691774839164
INST_1027,50,20,18,6,2,101027,DSDV,0.75,AODV,0.553207603531895,0.19679239646810498
INST_1028,50,20,18,6,3,101028,DSDV,0.75,AODV,0.3398203197036092,0.4101796802963908
INST_1029,50,20,18,6,4,101029,DSDV,0.75,AOMDV,0.5403640313328685,0.20963596866713152
INST_1030,50,20,18,6,5,101030,DSDV,0.75,AOMDV,0.4339925657661473,0.3160074342338527
INST_1031,50,20,18,8,1,101031,DSDV,0.75,AOMDV,0.27502434567531125,0.47497565432468875
INST_1032,50,20,18,8,2,101032,DSDV,1.0,AOMDV,0.20613226776412402,0.793867732235876
INST_1033,50,20,18,8,3,101033,DSDV,0.75,AODV,0.30990275416971375,0.44009724583028625
INST_1034,50,20,18,8,4,101034,DSDV,0.9047139406862369,AOMDV,0.32599523051062756,0.5787187101756093
INST_1035,50,20,18,8,5,101035,DSDV,0.75,AOMDV,0.33891281845359283,0.41108718154640717
INST_1036,50,20,20,3,1,101036,DSDV,0.75,AOMDV,0.5660026740809391,0.18399732591906093
INST_1037,50,20,20,3,2,101037,DSDV,0.75,AOMDV,0.48087303314841157,0.26912696685158843
INST_1038,50,20,20,3,3,101038,DSDV,0.75,AOMDV,0.6515218441148402,0.09847815588515985
INST_1039,50,20,20,3,4,101039,DSDV,0.75,AOMDV,0.5525249992203792,0.19747500077962077
INST_1040,50,20,20,3,5,101040,DSDV,0.75,AOMDV,0.43573549421629787,0.31426450578370213
INST_1041,50,20,20,5,1,101041,DSDV,0.75,AOMDV,0.5228448407102512,0.22715515928974883
INST_1042,50,20,20,5,2,101042,DSDV,0.75,AOMDV,0.4279884282678712,0.3220115717321288
INST_1043,50,20,20,5,3,101043,DSDV,0.75,AOMDV,0.45117121451847586,0.29882878548152414
INST_1044,50,20,20,5,4,101044,DSDV,0.75,AOMDV,0.5376583830216024,0.2123416169783976
INST_1045,50,20,20,5,5,101045,DSDV,0.75,AOMDV,0.5848090387712704,0.16519096122872956
INST_1046,50,20,20,6,1,101046,DSDV,0.75,AOMDV,0.5779042561897267,0.17209574381027326
INST_1047,50,20,20,6,2,101047,DSDV,0.8093023197403985,AODV,0.47017341448380706,0.3391289052565914
INST_1048,50,20,20,6,3,101048,DSDV,0.9156315550454432,AOMDV,0.3608188354646402,0.554812719580803
INST_1049,50,20,20,6,4,101049,DSDV,0.75,AOMDV,0.589901034565602,0.16009896543439806
INST_1050,50,20,20,6,5,101050,DSDV,1.0,AODV,0.24889306125667712,0.7511069387433229
INST_1051,50,20,22,2,1,101051,DSDV,0.75,AOMDV,0.5432035287435601,0.20679647125643985
INST_1052,50,20,22,2,2,101052,AOMDV,0.641673018663643,AODV,0.4764802961780559,0.16519272248558714
INST_1053,50,20,22,2,3,101053,DSDV,0.75,AOMDV,0.6266726669356457,0.12332733306435428
INST_1054,50,20,22,2,4,101054,DSDV,0.7158414939502817,AOMDV,0.613095134081054,0.10274635986922775
INST_1055,50,20,22,2,5,101055,AOMDV,0.6805832210093381,DSDV,0.4677869061889957,0.2127963148203424
INST_1056,50,20,22,3,1,101056,DSDV,0.75,AOMDV,0.5573195679278763,0.1926804320721237
INST_1057,50,20,22,3,2,101057,DSDV,0.75,AOMDV,0.3665625485902213,0.3834374514097787
INST_1058,50,20,22,3,3,101058,DSDV,0.75,AOMDV,0.7127939757801247,0.03720602421987529
INST_1059,50,20,22,3,4,101059,AOMDV,0.6507901913622848,DSDV,0.5240248453392709,0.12676534602301393
INST_1060,50,20,22,3,5,101060,DSDV,0.75,AOMDV,0.3669610512198763,0.3830389487801237
INST_1061,50,20,22,4,1,101061,DSDV,0.75,AOMDV,0.354359328341051,0.395640671658949
INST_1062,50,20,22,4,2,101062,DSDV,0.75,AOMDV,0.4369160438007921,0.3130839561992079
INST_1063,50,20,22,4,3,101063,DSDV,0.75,AOMDV,0.4522653697873732,0.2977346302126268
INST_1064,50,20,22,4,4,101064,DSDV,0.75,AOMDV,0.5756888407114212,0.17431115928857877
INST_1065,50,20,22,4,5,101065,DSDV,0.75,AOMDV,0.5037974605521005,0.2462025394478995
INST_1066,50,20,22,5,1,101066,DSDV,0.7574722383629139,AOMDV,0.5385321128931964,0.21894012546971753
INST_1067,50,20,22,5,2,101067,DSDV,1.0,AOMDV,0.3001884685072514,0.6998115314927487
INST_1068,50,20,22,5,3,101068,DSDV,0.75,AOMDV,0.44270855738965487,0.30729144261034513
INST_1069,50,20,22,5,4,101069,DSDV,0.75,AOMDV,0.35535422141507766,0.39464577858492234
INST_1070,50,20,22,5,5,101070,DSDV,0.75,AOMDV,0.41654193394397293,0.33345806605602707
INST_1071,50,20,22,6,1,101071,DSDV,1.0,AOMDV,0.437962740714653,0.562037259285347
INST_1072,50,20,22,6,2,101072,DSDV,0.7679961170434062,AODV,0.4037307945109497,0.3642653225324565
INST_1073,50,20,22,6,3,101073,DSDV,1.0,AODV,0.1779023615610311,0.8220976384389689
INST_1074,50,20,22,6,4,101074,DSDV,0.8573298539225954,AODV,0.27649773000105227,0.5808321239215432
INST_1075,50,20,22,6,5,101075,DSDV,1.0,AODV,0.35343188398693526,0.6465681160130647
INST_1076,50,20,22,8,1,101076,DSDV,0.8678723535908741,AOMDV,0.4029146958283414,0.46495765776253273
INST_1077,50,20,22,8,2,101077,DSDV,1.0,AOMDV,0.22202866813083433,0.7779713318691657
INST_1078,50,20,22,8,3,101078,DSDV,0.9923680978136864,AODV,0.49343618135211864,0.49893191646156776
INST_1079,50,20,22,8,4,101079,DSDV,1.0,AODV,0.1222885877225891,0.8777114122774109
INST_1080,50,20,22,8,5,101080,DSDV,1.0,AOMDV,0.17526026828016178,0.8247397317198382
INST_1081,50,20,25,3,1,101081,DSDV,0.75,AOMDV,0.6105613603113723,0.13943863968862769
INST_1082,50,20,25,3,2,101082,DSDV,0.75,AOMDV,0.36815458793452027,0.38184541206547973
INST_1083,50,20,25,3,3,101083,DSDV,0.75,AOMDV,0.6392413824901884,0.11075861750981164
INST_1084,50,20,25,3,4,101084,DSDV,0.75,AOMDV,0.4634069653581737,0.2865930346418263
INST_1085,50,20,25,3,5,101085,DSDV,0.75,AOMDV,0.4755583769746826,0.2744416230253174
INST_1086,50,20,25,5,1,101086,DSDV,0.75,AOMDV,0.5004251989681167,0.24957480103188334
INST_1087,50,20,25,5,2,101087,DSDV,0.75,AODV,0.43945108122283144,0.31054891877716856
INST_1088,50,20,25,5,3,101088,DSDV,1.0,AOMDV,0.15134922455482092,0.8486507754451791
INST_1089,50,20,25,5,4,101089,DSDV,1.0,AODV,0.22432990510216338,0.7756700948978366
INST_1090,50,20,25,5,5,101090,DSDV,0.75,AODV,0.5199086153112829,0.23009138468871715
INST_1091,50,20,25,6,1,101091,DSDV,0.75,AOMDV,0.35805233727210384,0.39194766272789616
INST_1092,50,20,25,6,2,101092,DSDV,1.0,AOMDV,0.19019745296872664,0.8098025470312733
INST_1093,50,20,25,6,3,101093,DSDV,1.0,AOMDV,0.17397977325552133,0.8260202267444787
INST_1094,50,20,25,6,4,101094,DSDV,1.0,AOMDV,0.09881950934454622,0.9011804906554538
INST_1095,50,20,25,6,5,101095,DSDV,1.0,AODV,0.30317495133704125,0.6968250486629588
INST_1096,50,30,5,3,1,101096,AODV,0.659764588995985,AOMDV,0.5998635124180225,0.05990107657796251
INST_1097,50,30,5,3,2,101097,AODV,0.6808701422130072,AOMDV,0.6210294127912197,0.05984072942178753
INST_1098,50,30,5,3,3,101098,AODV,0.8242520851727043,AOMDV,0.5968714133844268,0.22738067178827748
INST_1099,50,30,5,3,4,101099,DSDV,0.7056119280924862,AOMDV,0.6059321636383189,0.09967976445416726
INST_1100,50,30,5,3,5,101100,DSDV,0.75,AOMDV,0.57308266176423,0.17691733823577005
INST_1101,50,30,5,5,1,101101,AODV,0.6891270646291205,AOMDV,0.6278011200399277,0.06132594458919283
INST_1102,50,30,5,5,2,101102,AODV,0.787503199586844,AOMDV,0.6104771776242446,0.17702602196259942
INST_1103,50,30,5,5,3,101103,AODV,0.6740574920263515,AOMDV,0.6141443157327586,0.05991317629359283
INST_1104,50,30,5,5,4,101104,DSDV,0.710872573632968,AOMDV,0.6475580585516663,0.0633145150813017
INST_1105,50,30,5,5,5,101105,DSDV,0.7310068137533965,AOMDV,0.6193613002287472,0.11164551352464924
INST_1106,50,30,5,6,1,101106,AODV,0.6163432940494644,AOMDV,0.6153097005183559,0.0010335935311085453
INST_1107,50,30,5,6,2,101107,AOMDV,0.6106104677994861,AODV,0.6066280338553993,0.003982433944086816
INST_1108,50,30,5,6,3,101108,AODV,0.8288108739061257,AOMDV,0.6185223168510591,0.21028855705506666
INST_1109,50,30,5,6,4,101109,DSDV,0.7096149493075651,AOMDV,0.5713951949971784,0.1382197543103867
INST_1110,50,30,5,6,5,101110,AOMDV,0.6267131856467747,AODV,0.5717487031012157,0.05496448254555897
INST_1111,50,30,7,2,1,101111,DSDV,0.75,AOMDV,0.5633069646556143,0.18669303534438575
INST_1112,50,30,7,2,2,101112,AODV,0.7832431659626128,AOMDV,0.6056578019354217,0.17758536402719105
INST_1113,50,30,7,2,3,101113,DSDV,0.75,AOMDV,0.4695595413155236,0.2804404586844764
INST_1114,50,30,7,2,4,101114,DSDV,0.75,AOMDV,0.5765489569279347,0.17345104307206527
INST_1115,50,30,7,2,5,101115,AODV,0.6268669095408923,AOMDV,0.6174471267503377,0.009419782790554554
INST_1116,50,30,7,3,1,101116,AODV,0.666872355252718,AOMDV,0.6294167128381041,0.037455642414613965
INST_1117,50,30,7,3,2,101117,AODV,0.8457666304049751,AOMDV,0.6206237410774507,0.22514288932752446
INST_1118,50,30,7,3,3,101118,AODV,0.863580409354237,AOMDV,0.6187057867411756,0.24487462261306137
INST_1119,50,30,7,3,4,101119,DSDV,0.75,AOMDV,0.5702195411194504,0.1797804588805496
INST_1120,50,30,7,3,5,101120,DSDV,0.7402847565254681,AOMDV,0.6214106356587554,0.11887412086671267
INST_1121,50,30,7,4,1,101121,AODV,0.6437400264058164,AOMDV,0.6397411305179304,0.003998895887886045
INST_1122,50,30,7,4,2,101122,AODV,0.6366853603920972,AOMDV,0.6290660230010502,0.007619337391047032
INST_1123,50,30,7,4,3,101123,DSDV,0.6144791552600704,AOMDV,0.5895993192431102,0.0248798360169602
INST_1124,50,30,7,4,4,101124,DSDV,0.75,AOMDV,0.5549218850264781,0.1950781149735219
INST_1125,50,30,7,4,5,101125,AOMDV,0.627850722809411,AODV,0.49491490147155504,0.13293582133785597
INST_1126,50,30,7,5,1,101126,DSDV,0.75,AOMDV,0.539978721722428,0.210021278277572
INST_1127,50,30,7,5,2,101127,AODV,0.6593398859600846,AOMDV,0.5955682172187016,0.06377166874138307
INST_1128,50,30,7,5,3,101128,AODV,0.8384348843614429,AOMDV,0.6162345679458847,0.22220031641555815
INST_1129,50,30,7,5,4,101129,AODV,0.6533829474079413,AOMDV,0.6109976663902973,0.04238528101764405
INST_1130,50,30,7,5,5,101130,DSDV,0.75,AOMDV,0.5121567776108336,0.23784322238916644
INST_1131,50,30,7,6,1,101131,DSDV,0.75,AOMDV,0.5268604247968303,0.22313957520316974
INST_1132,50,30,7,6,2,101132,AOMDV,0.6286051435998916,DSDV,0.6158976943523943,0.012707449247497338
INST_1133,50,30,7,6,3,101133,DSDV,0.75,AOMDV,0.5279570050267648,0.2220429949732352
INST_1134,50,30,7,6,4,101134,DSDV,0.75,AOMDV,0.5229257256449866,0.22707427435501337
INST_1135,50,30,7,6,5,101135,DSDV,0.75,AOMDV,0.40568603191851915,0.34431396808148085
INST_1136,50,30,7,8,1,101136,DSDV,0.75,AOMDV,0.5674763531292744,0.18252364687072564
INST_1137,50,30,7,8,2,101137,DSDV,0.75,AOMDV,0.5599596043087937,0.19004039569120634
INST_1138,50,30,7,8,3,101138,DSDV,0.75,AOMDV,0.49799746315529037,0.25200253684470963
INST_1139,50,30,7,8,4,101139,AOMDV,0.6047925283759592,AODV,0.5807694806738163,0.02402304770214292
INST_1140,50,30,7,8,5,101140,DSDV,0.75,AOMDV,0.39099288040184205,0.35900711959815795
INST_1141,50,30,10,3,1,101141,DSDV,0.75,AOMDV,0.5812755845711481,0.16872441542885186
INST_1142,50,30,10,3,2,101142,DSDV,0.7103526371806524,AODV,0.6460171507972298,0.06433548638342268
INST_1143,50,30,10,3,3,101143,DSDV,0.75,AODV,0.3742321045611839,0.3757678954388161
INST_1144,50,30,10,3,4,101144,DSDV,0.75,AOMDV,0.5675007445999408,0.18249925540005918
INST_1145,50,30,10,3,5,101145,AOMDV,0.6338328103297126,DSDV,0.470830880939814,0.1630019293898986
INST_1146,50,30,10,5,1,101146,DSDV,0.75,AOMDV,0.5422823332596773,0.20771766674032266
INST_1147,50,30,10,5,2,101147,AOMDV,0.6743199350679685,DSDV,0.6084834382659539,0.06583649680201464
INST_1148,50,30,10,5,3,101148,AOMDV,0.732587721386667,DSDV,0.6312297000893718,0.1013580212972951
INST_1149,50,30,10,5,4,101149,DSDV,0.75,AOMDV,0.6243138855988848,0.1256861144011152
INST_1150,50,30,10,5,5,101150,AOMDV,0.6318661997272367,DSDV,0.49518834026103253,0.13667785946620414
INST_1151,50,30,10,6,1,101151,DSDV,0.75,AOMDV,0.3988419280803621,0.3511580719196379
INST_1152,50,30,10,6,2,101152,DSDV,0.75,AOMDV,0.47349004351980334,0.27650995648019666
INST_1153,50,30,10,6,3,101153,AOMDV,0.570202062641354,DSDV,0.5,0.07020206264135398
INST_1154,50,30,10,6,4,101154,DSDV,0.7238863149130275,AOMDV,0.6077574911365813,0.11612882377644618
INST_1155,50,30,10,6,5,101155,DSDV,0.75,AOMDV,0.5100872542123365,0.23991274578766353
INST_1156,50,30,12,2,1,101156,DSDV,0.75,AOMDV,0.555527905600802,0.194472094399198
INST_1157,50,30,12,2,2,101157,AOMDV,0.6345983129163484,AODV,0.5981794906380198,0.0364188222783286
INST_1158,50,30,12,2,3,101158,AODV,0.6687026063291053,AOMDV,0.6268026759322841,0.04189993039682116
INST_1159,50,30,12,2,4,101159,AOMDV,0.6367187507910156,DSDV,0.4705831657164584,0.16613558507455717
INST_1160,50,30,12,2,5,101160,AOMDV,0.6209550090335136,AODV,0.5599567304968138,0.06099827853669981
INST_1161,50,30,12,3,1,101161,DSDV,0.75,AOMDV,0.6128913908446402,0.13710860915535983
INST_1162,50,30,12,3,2,101162,DSDV,0.6721686729925758,AOMDV,0.6038904946514667,0.06827817834110905
INST_1163,50,30,12,3,3,101163,AOMDV,0.5980962408503946,AODV,0.5391758830365221,0.058920357813872504
INST_1164,50,30,12,3,4,101164,DSDV,0.7072103637438414,AOMDV,0.5992103526328849,0.10800001111095647
INST_1165,50,30,12,3,5,101165,AOMDV,0.6354888358056562,DSDV,0.4822838703786584,0.1532049654269978
INST_1166,50,30,12,4,1,101166,AOMDV,0.6217350359021485,DSDV,0.5,0.12173503590214851
INST_1167,50,30,12,4,2,101167,DSDV,0.6485552716249164,AOMDV,0.6318525804398196,0.01670269118509682
INST_1168,50,30,12,4,3,101168,AOMDV,0.6697368131384646,AODV,0.4310100182108736,0.23872679492759097
INST_1169,50,30,12,4,4,101169,DSDV,0.75,AOMDV,0.5339863587990672,0.2160136412009328
INST_1170,50,30,12,4,5,101170,DSDV,0.75,AOMDV,0.6503853485135642,0.09961465148643578
INST_1171,50,30,12,5,1,101171,DSDV,0.75,AOMDV,0.5544203647924973,0.19557963520750266
INST_1172,50,30,12,5,2,101172,DSDV,0.706194151235683,AOMDV,0.6639820147608066,0.042212136474876316
INST_1173,50,30,12,5,3,101173,DSDV,0.75,AOMDV,0.626216729136936,0.12378327086306395
INST_1174,50,30,12,5,4,101174,DSDV,0.75,AODV,0.4178537425014154,0.3321462574985846
INST_1175,50,30,12,5,5,101175,DSDV,0.6940801381781043,AOMDV,0.6726230225032396,0.021457115674864746
INST_1176,50,30,12,6,1,101176,DSDV,0.6872497694890384,AOMDV,0.3893906710432262,0.29785909844581215
INST_1177,50,30,12,6,2,101177,DSDV,0.7282132638749103,AOMDV,0.6082323852292953,0.11998087864561491
INST_1178,50,30,12,6,3,101178,AOMDV,0.7202188869426231,DSDV,0.5189574482547041,0.20126143868791901
INST_1179,50,30,12,6,4,101179,AOMDV,0.6307667163159294,DSDV,0.5,0.1307667163159294
INST_1180,50,30,12,6,5,101180,DSDV,0.75,AOMDV,0.440209677173331,0.309790322826669
INST_1181,50,30,12,8,1,101181,DSDV,0.75,AODV,0.2821406984172391,0.4678593015827609
INST_1182,50,30,12,8,2,101182,DSDV,0.75,AOMDV,0.42513847706405633,0.32486152293594367
INST_1183,50,30,12,8,3,101183,DSDV,0.75,AOMDV,0.42351478630465045,0.32648521369534955
INST_1184,50,30,12,8,4,101184,DSDV,0.75,AOMDV,0.40928505155158634,0.34071494844841366
INST_1185,50,30,12,8,5,101185,DSDV,0.75,AOMDV,0.39557732103820287,0.35442267896179713
INST_1186,50,30,15,3,1,101186,DSDV,0.7115790414548742,AOMDV,0.6366341710535242,0.07494487040135
INST_1187,50,30,15,3,2,101187,DSDV,0.6705680319396883,AOMDV,0.6233478499320994,0.04722018200758893
INST_1188,50,30,15,3,3,101188,DSDV,0.75,AOMDV,0.5467912064434701,0.20320879355652988
INST_1189,50,30,15,3,4,101189,DSDV,0.7251844472717206,AOMDV,0.6337984015249034,0.09138604574681719
INST_1190,50,30,15,3,5,101190,AOMDV,0.65815357823902,DSDV,0.5246348027883724,0.1335187754506476
INST_1191,50,30,15,5,1,101191,DSDV,0.75,AOMDV,0.32826758763737707,0.42173241236262293
INST_1192,50,30,15,5,2,101192,DSDV,0.75,AOMDV,0.4832900711101279,0.2667099288898721
INST_1193,50,30,15,5,3,101193,DSDV,0.75,AOMDV,0.6124605218628948,0.1375394781371052
INST_1194,50,30,15,5,4,101194,DSDV,0.75,AOMDV,0.4742005236455329,0.2757994763544671
INST_1195,50,30,15,5,5,101195,DSDV,0.75,AOMDV,0.594400071941826,0.15559992805817402
INST_1196,50,30,15,6,1,101196,DSDV,0.75,AOMDV,0.34036636297151074,0.40963363702848926
INST_1197,50,30,15,6,2,101197,DSDV,0.7393479457713626,AOMDV,0.7144045182862755,0.024943427485087155
INST_1198,50,30,15,6,3,101198,DSDV,0.75,AOMDV,0.5257087916590545,0.2242912083409455
INST_1199,50,30,15,6,4,101199,DSDV,0.75,AOMDV,0.5529971431371803,0.1970028568628197
INST_1200,50,30,15,6,5,101200,DSDV,0.75,AOMDV,0.42913198778673595,0.32086801221326405
INST_1201,50,30,18,2,1,101201,AOMDV,0.6226525876496067,DSDV,0.5550619768248439,0.06759061082476281
INST_1202,50,30,18,2,2,101202,AOMDV,0.6320713036756865,AODV,0.572359825317707,0.05971147835797952
INST_1203,50,30,18,2,3,101203,AODV,0.6912355044818066,AOMDV,0.6216942126022129,0.06954129187959368
INST_1204,50,30,18,2,4,101204,DSDV,0.7451871026433992,AOMDV,0.641890550495542,0.10329655214785716
INST_1205,50,30,18,2,5,101205,AOMDV,0.6406882569471015,DSDV,0.5822997069739517,0.058388549973149795
INST_1206,50,30,18,3,1,101206,DSDV,0.75,AOMDV,0.5023451014502953,0.24765489854970468
INST_1207,50,30,18,3,2,101207,DSDV,0.7128448064017066,AOMDV,0.6752639385290125,0.0375808678726941
INST_1208,50,30,18,3,3,101208,DSDV,0.75,AOMDV,0.6832659836291379,0.06673401637086207
INST_1209,50,30,18,3,4,101209,DSDV,0.7323797242542605,AOMDV,0.6478704964942084,0.0845092277600521
INST_1210,50,30,18,3,5,101210,DSDV,0.75,AOMDV,0.5852647013504295,0.16473529864957048
INST_1211,50,30,18,4,1,101211,DSDV,0.75,AOMDV,0.3915666987422989,0.3584333012577011
INST_1212,50,30,18,4,2,101212,AOMDV,0.6922020802315447,DSDV,0.6386870701816543,0.053515010049890455
INST_1213,50,30,18,4,3,101213,DSDV,0.75,AOMDV,0.6564040043998398,0.09359599560016019
INST_1214,50,30,18,4,4,101214,DSDV,0.75,AOMDV,0.5080798371253428,0.24192016287465723
INST_1215,50,30,18,4,5,101215,DSDV,0.75,AOMDV,0.5197671947577268,0.2302328052422732
INST_1216,50,30,18,5,1,101216,DSDV,0.75,AOMDV,0.3775129486575185,0.3724870513424815
INST_1217,50,30,18,5,2,101217,DSDV,0.75,AOMDV,0.3633068119860161,0.3866931880139839
INST_1218,50,30,18,5,3,101218,DSDV,0.75,AOMDV,0.5834448957908928,0.16655510420910724
INST_1219,50,30,18,5,4,101219,DSDV,0.6548473371802974,AOMDV,0.5989046804322529,0.05594265674804455
INST_1220,50,30,18,5,5,101220,DSDV,0.75,AOMDV,0.3239561804437226,0.4260438195562774
INST_1221,50,30,18,6,1,101221,DSDV,0.75,AOMDV,0.47576356959710475,0.27423643040289525
INST_1222,50,30,18,6,2,101222,DSDV,0.75,AODV,0.31508421819702465,0.43491578180297535
INST_1223,50,30,18,6,3,101223,DSDV,0.75,AOMDV,0.5331025289724791,0.21689747102752088
INST_1224,50,30,18,6,4,101224,DSDV,0.75,AOMDV,0.5255649710217534,0.22443502897824663
INST_1225,50,30,18,6,5,101225,DSDV,0.75,AODV,0.28229111794233835,0.46770888205766165
INST_1226,50,30,18,8,1,101226,DSDV,0.8683511050814929,AODV,0.25,0.6183511050814929
INST_1227,50,30,18,8,2,101227,DSDV,1.0,AODV,0.34702571077130995,0.65297428922869
INST_1228,50,30,18,8,3,101228,DSDV,0.848130852441266,AOMDV,0.47897964878516985,0.3691512036560961
INST_1229,50,30,18,8,4,101229,DSDV,0.75,AODV,0.42402755115180685,0.32597244884819315
INST_1230,50,30,18,8,5,101230,DSDV,0.75,AODV,0.39788460465269826,0.35211539534730174
INST_1231,50,30,20,3,1,101231,DSDV,0.7308190810436507,AOMDV,0.6047301712860648,0.1260889097575859
INST_1232,50,30,20,3,2,101232,DSDV,0.6388406046714981,AOMDV,0.6301885495549367,0.008652055116561308
INST_1233,50,30,20,3,3,101233,DSDV,0.75,AOMDV,0.7381070032338026,0.011892996766197372
INST_1234,50,30,20,3,4,101234,DSDV,0.75,AOMDV,0.5626865021133385,0.18731349788666152
INST_1235,50,30,20,3,5,101235,DSDV,0.75,AOMDV,0.5128487283311539,0.2371512716688461
INST_1236,50,30,20,5,1,101236,DSDV,0.75,AOMDV,0.49368806298573553,0.25631193701426447
INST_1237,50,30,20,5,2,101237,DSDV,0.75,AOMDV,0.28471865978095384,0.46528134021904616
INST_1238,50,30,20,5,3,101238,DSDV,0.75,AOMDV,0.44167154439879686,0.30832845560120314
INST_1239,50,30,20,5,4,101239,DSDV,0.75,AOMDV,0.5003905612572801,0.2496094387427199
INST_1240,50,30,20,5,5,101240,DSDV,0.75,AOMDV,0.36448746900366935,0.38551253099633065
INST_1241,50,30,20,6,1,101241,DSDV,0.75,AOMDV,0.5221451519003211,0.22785484809967893
INST_1242,50,30,20,6,2,101242,DSDV,0.75,AODV,0.3436894434088462,0.4063105565911538
INST_1243,50,30,20,6,3,101243,DSDV,0.75,AOMDV,0.6163758115162946,0.1336241884837054
INST_1244,50,30,20,6,4,101244,DSDV,0.75,AOMDV,0.42682008526157406,0.32317991473842594
INST_1245,50,30,20,6,5,101245,DSDV,0.75,AOMDV,0.36814903129794574,0.38185096870205426
INST_1246,50,30,22,2,1,101246,DSDV,0.6925526888271785,AOMDV,0.6250000047383536,0.06755268408882487
INST_1247,50,30,22,2,2,101247,DSDV,0.6826575201843438,AOMDV,0.6445850128165607,0.038072507367783115
INST_1248,50,30,22,2,3,101248,AOMDV,0.6266571988540187,DSDV,0.37501275830159986,0.25164444055241886
INST_1249,50,30,22,2,4,101249,AOMDV,0.6442091433077126,DSDV,0.4676852861738737,0.1765238571338389
INST_1250,50,30,22,2,5,101250,DSDV,0.7195793195438784,AOMDV,0.685289333348757,0.03428998619512147
INST_1251,50,30,22,3,1,101251,DSDV,0.75,AOMDV,0.5049046872181052,0.24509531278189478
INST_1252,50,30,22,3,2,101252,DSDV,0.75,AOMDV,0.6539199026896365,0.09608009731036349
INST_1253,50,30,22,3,3,101253,AOMDV,0.7850703672652799,DSDV,0.7314463957962195,0.053623971469060394
INST_1254,50,30,22,3,4,101254,DSDV,0.75,AOMDV,0.5721216521139608,0.17787834788603918
INST_1255,50,30,22,3,5,101255,DSDV,0.75,AOMDV,0.573673649593617,0.176326350406383
INST_1256,50,30,22,4,1,101256,DSDV,0.75,AOMDV,0.4128189439805152,0.3371810560194848
INST_1257,50,30,22,4,2,101257,DSDV,0.75,AOMDV,0.5454981876993421,0.2045018123006579
INST_1258,50,30,22,4,3,101258,AOMDV,0.7545653073951805,DSDV,0.7048161235808597,0.04974918381432081
INST_1259,50,30,22,4,4,101259,DSDV,0.75,AOMDV,0.44141856816662645,0.30858143183337355
INST_1260,50,30,22,4,5,101260,DSDV,0.75,AOMDV,0.2741494795061743,0.4758505204938257
INST_1261,50,30,22,5,1,101261,DSDV,0.75,AODV,0.25,0.5
INST_1262,50,30,22,5,2,101262,DSDV,0.75,AODV,0.318105340435047,0.431894659564953
INST_1263,50,30,22,5,3,101263,DSDV,0.75,AOMDV,0.595247209740299,0.154752790259701
INST_1264,50,30,22,5,4,101264,DSDV,0.75,AODV,0.33611414289044145,0.41388585710955855
INST_1265,50,30,22,5,5,101265,DSDV,0.75,AODV,0.25,0.5
INST_1266,50,30,22,6,1,101266,DSDV,0.7935168761386753,AODV,0.28508427792625773,0.5084325982124176
INST_1267,50,30,22,6,2,101267,DSDV,0.7795766430679334,AODV,0.25,0.5295766430679334
INST_1268,50,30,22,6,3,101268,DSDV,0.75,AOMDV,0.4544224827782273,0.2955775172217727
INST_1269,50,30,22,6,4,101269,DSDV,0.75,AOMDV,0.46555152810670236,0.28444847189329764
INST_1270,50,30,22,6,5,101270,DSDV,0.75,AODV,0.32763822850180235,0.42236177149819765
INST_1271,50,30,22,8,1,101271,DSDV,1.0,AOMDV,0.13431814976045628,0.8656818502395437
INST_1272,50,30,22,8,2,101272,DSDV,1.0,AODV,0.18242247066725514,0.8175775293327449
INST_1273,50,30,22,8,3,101273,DSDV,1.0,AOMDV,0.18841331163424324,0.8115866883657568
INST_1274,50,30,22,8,4,101274,DSDV,0.75,AODV,0.30046103785067413,0.44953896214932587
INST_1275,50,30,22,8,5,101275,DSDV,1.0,AOMDV,0.09431622177228048,0.9056837782277195
INST_1276,50,30,25,3,1,101276,DSDV,0.75,AOMDV,0.36041230351841863,0.38958769648158137
INST_1277,50,30,25,3,2,101277,DSDV,0.75,AOMDV,0.500564508691797,0.24943549130820297
INST_1278,50,30,25,3,3,101278,DSDV,0.75,AOMDV,0.7398462577780085,0.010153742221991502
INST_1279,50,30,25,3,4,101279,DSDV,0.75,AOMDV,0.5132101316452106,0.23678986835478943
INST_1280,50,30,25,3,5,101280,DSDV,0.75,AOMDV,0.5211536873998961,0.2288463126001039
INST_1281,50,30,25,5,1,101281,DSDV,0.75,AOMDV,0.6383417299703218,0.11165827002967821
INST_1282,50,30,25,5,2,101282,DSDV,0.75,AODV,0.3111422126457514,0.4388577873542486
INST_1283,50,30,25,5,3,101283,DSDV,0.75,AOMDV,0.5260893174158751,0.22391068258412494
INST_1284,50,30,25,5,4,101284,DSDV,0.75,AODV,0.3760640001816335,0.3739359998183665
INST_1285,50,30,25,5,5,101285,DSDV,0.75,AODV,0.3507019394088201,0.3992980605911799
INST_1286,50,30,25,6,1,101286,DSDV,0.75,AODV,0.3213938208137326,0.4286061791862674
INST_1287,50,30,25,6,2,101287,DSDV,1.0,AODV,0.31168045733791994,0.6883195426620801
INST_1288,50,30,25,6,3,101288,DSDV,0.75,AOMDV,0.44340876919674493,0.30659123080325507
INST_1289,50,30,25,6,4,101289,DSDV,0.9164145373534328,AODV,0.3072171845346006,0.6091973528188321
INST_1290,50,30,25,6,5,101290,DSDV,0.8231254994849553,AODV,0.3026971029560584,0.5204283965288969
INST_1291,50,40,5,3,1,101291,DSDV,0.6540109390168689,AOMDV,0.598453801880719,0.05555713713614996
INST_1292,50,40,5,3,2,101292,DSDV,0.75,AODV,0.6037831279243021,0.1462168720756979
INST_1293,50,40,5,3,3,101293,AOMDV,0.5915841557139006,AODV,0.513713504467458,0.07787065124644255
INST_1294,50,40,5,3,4,101294,AODV,0.9807857362450438,DSDV,0.7053754295149771,0.2754103067300667
INST_1295,50,40,5,3,5,101295,AODV,0.7332797702709767,DSDV,0.5373399869557338,0.19593978331524287
INST_1296,50,40,5,5,1,101296,DSDV,0.75,AOMDV,0.5636513628959685,0.1863486371040315
INST_1297,50,40,5,5,2,101297,AODV,0.6388147073946648,AOMDV,0.6261682245670522,0.012646482827612604
INST_1298,50,40,5,5,3,101298,AODV,0.8572388095382343,AOMDV,0.6121007391063427,0.24513807043189162
INST_1299,50,40,5,5,4,101299,DSDV,0.7112871131817425,AODV,0.5,0.21128711318174254
INST_1300,50,40,5,5,5,101300,DSDV,0.75,AOMDV,0.4976352566422265,0.2523647433577735
INST_1301,50,40,5,6,1,101301,DSDV,0.75,AODV,0.46325734057651136,0.28674265942348864
INST_1302,50,40,5,6,2,101302,AODV,0.6224019578939586,AOMDV,0.6154528123691055,0.00694914552485304
INST_1303,50,40,5,6,3,101303,AODV,0.6947268066049714,AOMDV,0.5851779216380728,0.10954888496689863
INST_1304,50,40,5,6,4,101304,AODV,0.9674822993608139,AOMDV,0.6108033192050779,0.35667898015573596
INST_1305,50,40,5,6,5,101305,AODV,0.595813549832611,AOMDV,0.5898622980769231,0.005951251755687892
INST_1306,50,40,7,2,1,101306,AODV,0.607063332385327,AOMDV,0.5908061548535217,0.016257177531805223
INST_1307,50,40,7,2,2,101307,AODV,0.6479655515012588,AOMDV,0.6253720234328497,0.022593528068409086
INST_1308,50,40,7,2,3,101308,DSDV,0.75,AOMDV,0.5273059951132691,0.22269400488673086
INST_1309,50,40,7,2,4,101309,AODV,0.9962652050150412,DSDV,0.4087845602285826,0.5874806447864587
INST_1310,50,40,7,2,5,101310,AOMDV,0.600047301854242,AODV,0.589307460589483,0.01073984126475902
INST_1311,50,40,7,3,1,101311,DSDV,0.75,AOMDV,0.5229654331936402,0.2270345668063598
INST_1312,50,40,7,3,2,101312,AOMDV,0.6140906855555351,DSDV,0.5217124303215102,0.09237825523402499
INST_1313,50,40,7,3,3,101313,DSDV,0.6566688078416454,AOMDV,0.5986271662486635,0.05804164159298186
INST_1314,50,40,7,3,4,101314,DSDV,0.7474360665010074,AODV,0.6592730984989965,0.08816296800201084
INST_1315,50,40,7,3,5,101315,DSDV,0.75,AOMDV,0.4739084596750917,0.2760915403249083
INST_1316,50,40,7,4,1,101316,DSDV,0.75,AOMDV,0.5318125982332819,0.21818740176671814
INST_1317,50,40,7,4,2,101317,AOMDV,0.6039059554938192,AODV,0.5828253155473426,0.021080639946476576
INST_1318,50,40,7,4,3,101318,DSDV,0.75,AODV,0.6545439581019383,0.09545604189806167
INST_1319,50,40,7,4,4,101319,DSDV,0.75,AOMDV,0.5666640897025462,0.18333591029745377
INST_1320,50,40,7,4,5,101320,DSDV,0.75,AODV,0.4472523744369731,0.3027476255630269
INST_1321,50,40,7,5,1,101321,DSDV,0.734416768748757,AOMDV,0.6057738416255811,0.12864292712317593
INST_1322,50,40,7,5,2,101322,AOMDV,0.6284071549969853,AODV,0.5927075286950704,0.03569962630191492
INST_1323,50,40,7,5,3,101323,AODV,0.6724689462646012,AOMDV,0.562650452096734,0.10981849416786715
INST_1324,50,40,7,5,4,101324,DSDV,0.7466326066814677,AODV,0.6578549007276175,0.08877770595385015
INST_1325,50,40,7,5,5,101325,DSDV,0.75,AOMDV,0.5017408244681302,0.24825917553186982
INST_1326,50,40,7,6,1,101326,AOMDV,0.6096093742109618,AODV,0.5429893172401041,0.06662005697085771
INST_1327,50,40,7,6,2,101327,AOMDV,0.6329709070847109,AODV,0.48149323014499806,0.15147767693971287
INST_1328,50,40,7,6,3,101328,AOMDV,0.6209172258656517,AODV,0.5475719000501909,0.07334532581546083
INST_1329,50,40,7,6,4,101329,DSDV,0.75,AOMDV,0.5186020025253681,0.23139799747463186
INST_1330,50,40,7,6,5,101330,DSDV,0.75,AOMDV,0.5055644220744433,0.2444355779255567
INST_1331,50,40,7,8,1,101331,DSDV,0.75,AOMDV,0.4801590635994014,0.2698409364005986
INST_1332,50,40,7,8,2,101332,DSDV,0.75,AOMDV,0.6172178236661526,0.13278217633384737
INST_1333,50,40,7,8,3,101333,AOMDV,0.5836677168369309,DSDV,0.5,0.08366771683693086
INST_1334,50,40,7,8,4,101334,DSDV,0.75,AODV,0.6407663185687413,0.10923368143125867
INST_1335,50,40,7,8,5,101335,DSDV,0.75,AOMDV,0.4524456200598409,0.2975543799401591
INST_1336,50,40,10,3,1,101336,DSDV,0.75,AODV,0.5493892480602691,0.20061075193973088
INST_1337,50,40,10,3,2,101337,AOMDV,0.6176630434623109,AODV,0.5322788601409201,0.08538418332139086
INST_1338,50,40,10,3,3,101338,AOMDV,0.598354231079441,AODV,0.5210961299581016,0.07725810112133935
INST_1339,50,40,10,3,4,101339,AODV,0.6567358497045552,AOMDV,0.6115288179000129,0.04520703180454233
INST_1340,50,40,10,3,5,101340,AODV,0.6657159793628619,AOMDV,0.6041998402829635,0.06151613907989839
INST_1341,50,40,10,5,1,101341,AOMDV,0.6061591688986789,DSDV,0.5818879935149162,0.024271175383762777
INST_1342,50,40,10,5,2,101342,AOMDV,0.7069893060119317,DSDV,0.47587713977552704,0.23111216623640463
INST_1343,50,40,10,5,3,101343,DSDV,0.75,AOMDV,0.6178090403921397,0.13219095960786031
INST_1344,50,40,10,5,4,101344,AODV,0.6650753321704506,AOMDV,0.596913566666667,0.06816176550378361
INST_1345,50,40,10,5,5,101345,AOMDV,0.6152952418293629,AODV,0.5320141631272737,0.08328107870208923
INST_1346,50,40,10,6,1,101346,DSDV,0.75,AOMDV,0.5155384338933944,0.23446156610660562
INST_1347,50,40,10,6,2,101347,DSDV,0.75,AOMDV,0.6109091894709697,0.13909081052903027
INST_1348,50,40,10,6,3,101348,AOMDV,0.6743791155502685,DSDV,0.5013531271807787,0.1730259883694898
INST_1349,50,40,10,6,4,101349,AODV,0.6904049817637665,AOMDV,0.616088412419332,0.07431656934443454
INST_1350,50,40,10,6,5,101350,DSDV,0.75,AOMDV,0.3893316936136002,0.3606683063863998
INST_1351,50,40,12,2,1,101351,DSDV,0.6209276283813051,AOMDV,0.6203109555626802,0.0006166728186248749
INST_1352,50,40,12,2,2,101352,DSDV,0.6583619785596386,AOMDV,0.6185606021556473,0.039801376403991284
INST_1353,50,40,12,2,3,101353,AODV,0.6854196800360796,AOMDV,0.6218969977720948,0.06352268226398472
INST_1354,50,40,12,2,4,101354,DSDV,0.75,AODV,0.6698459919924349,0.08015400800756511
INST_1355,50,40,12,2,5,101355,AODV,0.6170937023489644,AOMDV,0.6163063897396511,0.0007873126093133065
INST_1356,50,40,12,3,1,101356,AOMDV,0.610109580030715,AODV,0.5789423661449979,0.031167213885717082
INST_1357,50,40,12,3,2,101357,AOMDV,0.6217175458313696,DSDV,0.5,0.12171754583136962
INST_1358,50,40,12,3,3,101358,AOMDV,0.6132773939979672,AODV,0.4902645073951106,0.12301288660285659
INST_1359,50,40,12,3,4,101359,DSDV,0.75,AODV,0.6132759558171337,0.13672404418286632
INST_1360,50,40,12,3,5,101360,AOMDV,0.6335262816212498,DSDV,0.4547478792304821,0.1787784023907677
INST_1361,50,40,12,4,1,101361,DSDV,0.75,AOMDV,0.4602221547149641,0.2897778452850359
INST_1362,50,40,12,4,2,101362,AOMDV,0.6238901202007634,DSDV,0.4344685034298491,0.1894216167709143
INST_1363,50,40,12,4,3,101363,AOMDV,0.6089356200422512,DSDV,0.5,0.10893562004225121
INST_1364,50,40,12,4,4,101364,DSDV,0.75,AODV,0.6240194497661317,0.12598055023386834
INST_1365,50,40,12,4,5,101365,AOMDV,0.6200156803223278,AODV,0.5059455412331377,0.11407013908919006
INST_1366,50,40,12,5,1,101366,DSDV,0.75,AOMDV,0.5141425290744264,0.23585747092557363
INST_1367,50,40,12,5,2,101367,DSDV,0.6740952745971147,AOMDV,0.5888374287696851,0.08525784582742957
INST_1368,50,40,12,5,3,101368,AOMDV,0.7719462728941549,DSDV,0.6421518249574784,0.1297944479366765
INST_1369,50,40,12,5,4,101369,DSDV,0.75,AOMDV,0.546726470472698,0.20327352952730204
INST_1370,50,40,12,5,5,101370,AOMDV,0.7283956149645878,DSDV,0.5,0.22839561496458782
INST_1371,50,40,12,6,1,101371,DSDV,0.75,AOMDV,0.40507188915307335,0.34492811084692665
INST_1372,50,40,12,6,2,101372,DSDV,0.75,AOMDV,0.7272629163911278,0.022737083608872166
INST_1373,50,40,12,6,3,101373,DSDV,0.75,AOMDV,0.5253707940351249,0.22462920596487512
INST_1374,50,40,12,6,4,101374,DSDV,0.75,AOMDV,0.5969430079235668,0.1530569920764332
INST_1375,50,40,12,6,5,101375,AOMDV,0.6579649136572636,DSDV,0.5211528853886718,0.13681202826859185
INST_1376,50,40,12,8,1,101376,DSDV,0.75,AODV,0.5456342738147025,0.20436572618529747
INST_1377,50,40,12,8,2,101377,AOMDV,0.7966294407129288,DSDV,0.7130301604563986,0.0835992802565303
INST_1378,50,40,12,8,3,101378,DSDV,0.75,AOMDV,0.6684513630003288,0.08154863699967119
INST_1379,50,40,12,8,4,101379,AOMDV,0.6690138520875459,DSDV,0.6539711843754292,0.015042667712116709
INST_1380,50,40,12,8,5,101380,DSDV,0.75,AOMDV,0.6986996330005886,0.05130036699941143
INST_1381,50,40,15,3,1,101381,AOMDV,0.6009404412592892,DSDV,0.5193944403546447,0.08154600090464459
INST_1382,50,40,15,3,2,101382,AOMDV,0.6393058149131333,DSDV,0.4343960398810215,0.20490977503211183
INST_1383,50,40,15,3,3,101383,AOMDV,0.6548671320237898,AODV,0.49898921037376887,0.1558779216500209
INST_1384,50,40,15,3,4,101384,DSDV,0.75,AODV,0.6160419971428395,0.13395800285716053
INST_1385,50,40,15,3,5,101385,AOMDV,0.6212686600468246,AODV,0.45783978640322665,0.16342887364359793
INST_1386,50,40,15,5,1,101386,DSDV,0.6927447326515492,AOMDV,0.4647442974273112,0.22800043522423802
INST_1387,50,40,15,5,2,101387,DSDV,0.75,AOMDV,0.6614785432738449,0.08852145672615508
INST_1388,50,40,15,5,3,101388,AOMDV,0.7599156657203702,DSDV,0.7437388314932888,0.016176834227081383
INST_1389,50,40,15,5,4,101389,DSDV,0.75,AOMDV,0.5527550924076592,0.1972449075923408
INST_1390,50,40,15,5,5,101390,DSDV,0.75,AOMDV,0.5789610127525946,0.1710389872474054
INST_1391,50,40,15,6,1,101391,DSDV,0.75,AODV,0.3908073702536826,0.3591926297463174
INST_1392,50,40,15,6,2,101392,DSDV,0.75,AOMDV,0.46080622462007015,0.28919377537992985
INST_1393,50,40,15,6,3,101393,DSDV,0.6684993826111324,AOMDV,0.5863374218526072,0.08216196075852522
INST_1394,50,40,15,6,4,101394,DSDV,0.75,AOMDV,0.6922713312045397,0.05772866879546035
INST_1395,50,40,15,6,5,101395,DSDV,0.75,AOMDV,0.5743769840599572,0.17562301594004281
INST_1396,50,40,18,2,1,101396,AOMDV,0.6227404765021353,DSDV,0.622230090263378,0.00051038623875721
INST_1397,50,40,18,2,2,101397,AOMDV,0.6398601417275033,AODV,0.4513841542871259,0.18847598744037736
INST_1398,50,40,18,2,3,101398,AOMDV,0.6237154168420066,AODV,0.4693125671283429,0.1544028497136637
INST_1399,50,40,18,2,4,101399,DSDV,0.75,AOMDV,0.48032280140842143,0.26967719859157857
INST_1400,50,40,18,2,5,101400,AOMDV,0.6119575266217008,AODV,0.5342313641653563,0.07772616245634445
INST_1401,50,40,18,3,1,101401,AOMDV,0.6218294646696814,DSDV,0.4987718600110833,0.12305760465859805
INST_1402,50,40,18,3,2,101402,AOMDV,0.75001868833054,DSDV,0.6432225213946681,0.1067961669358719
INST_1403,50,40,18,3,3,101403,AOMDV,0.7217133153562544,DSDV,0.6633528539646336,0.058360461391620766
INST_1404,50,40,18,3,4,101404,AOMDV,0.622140527371924,DSDV,0.4793811412331115,0.14275938613881256
INST_1405,50,40,18,3,5,101405,DSDV,0.75,AOMDV,0.5278883132230003,0.22211168677699966
INST_1406,50,40,18,4,1,101406,DSDV,0.75,AOMDV,0.45493230389438916,0.29506769610561084
INST_1407,50,40,18,4,2,101407,DSDV,0.75,AOMDV,0.6398255759119371,0.11017442408806288
INST_1408,50,40,18,4,3,101408,AOMDV,0.7712246050004301,DSDV,0.7271928578082355,0.044031747192194604
INST_1409,50,40,18,4,4,101409,DSDV,0.7054285263454851,AOMDV,0.6261456595996189,0.07928286674586627
INST_1410,50,40,18,4,5,101410,DSDV,0.75,AOMDV,0.4924860118667319,0.2575139881332681
INST_1411,50,40,18,5,1,101411,DSDV,0.7108629311233503,AOMDV,0.5818265324116089,0.12903639871174144
INST_1412,50,40,18,5,2,101412,AOMDV,0.7553578562914682,DSDV,0.722115321813654,0.03324253447781422
INST_1413,50,40,18,5,3,101413,AOMDV,0.6190233491376237,DSDV,0.5151478430981685,0.10387550603945517
INST_1414,50,40,18,5,4,101414,DSDV,0.75,AOMDV,0.5998084218533835,0.15019157814661654
INST_1415,50,40,18,5,5,101415,DSDV,0.694906714371279,AOMDV,0.5287183142285484,0.16618840014273062
INST_1416,50,40,18,6,1,101416,DSDV,0.75,AOMDV,0.6110876212827591,0.13891237871724094
INST_1417,50,40,18,6,2,101417,DSDV,0.75,AOMDV,0.4972581921559526,0.2527418078440474
INST_1418,50,40,18,6,3,101418,DSDV,0.75,AOMDV,0.5805202335669715,0.16947976643302853
INST_1419,50,40,18,6,4,101419,DSDV,0.75,AOMDV,0.6619053974850246,0.08809460251497536
INST_1420,50,40,18,6,5,101420,AOMDV,0.6043679463154972,DSDV,0.6021176030820704,0.002250343233426766
INST_1421,50,40,18,8,1,101421,DSDV,0.75,AOMDV,0.5029901163608625,0.24700988363913745
INST_1422,50,40,18,8,2,101422,AODV,0.6484107050248413,DSDV,0.5,0.14841070502484133
INST_1423,50,40,18,8,3,101423,DSDV,0.5339129796195882,AOMDV,0.44904409781792615,0.08486888180166202
INST_1424,50,40,18,8,4,101424,DSDV,0.75,AOMDV,0.27732742379428327,0.47267257620571673
INST_1425,50,40,18,8,5,101425,DSDV,0.818760988385878,AODV,0.3385612540039249,0.48019973438195307
INST_1426,50,40,20,3,1,101426,DSDV,0.75,AOMDV,0.41050499099885895,0.33949500900114105
INST_1427,50,40,20,3,2,101427,AOMDV,0.6842122739571597,DSDV,0.6642600314309401,0.01995224252621952
INST_1428,50,40,20,3,3,101428,AOMDV,0.775080488690805,DSDV,0.6404650896990746,0.13461539899173047
INST_1429,50,40,20,3,4,101429,AOMDV,0.6259227778850776,DSDV,0.5527576547797257,0.07316512310535184
INST_1430,50,40,20,3,5,101430,AOMDV,0.7477948157855283,DSDV,0.6600590176591625,0.08773579812636578
INST_1431,50,40,20,5,1,101431,DSDV,0.75,AOMDV,0.48282756082937417,0.26717243917062583
INST_1432,50,40,20,5,2,101432,DSDV,0.75,AOMDV,0.5365982225222757,0.21340177747772426
INST_1433,50,40,20,5,3,101433,DSDV,0.75,AOMDV,0.6566610648332022,0.09333893516679781
INST_1434,50,40,20,5,4,101434,DSDV,0.75,AOMDV,0.6171561052516683,0.1328438947483317
INST_1435,50,40,20,5,5,101435,DSDV,0.75,AOMDV,0.534547242847035,0.21545275715296497
INST_1436,50,40,20,6,1,101436,DSDV,0.75,AOMDV,0.4696510395748175,0.2803489604251825
INST_1437,50,40,20,6,2,101437,DSDV,0.8729959805171466,AODV,0.34849774325124827,0.5244982372658983
INST_1438,50,40,20,6,3,101438,DSDV,0.75,AODV,0.42587968158423856,0.32412031841576144
INST_1439,50,40,20,6,4,101439,DSDV,0.75,AOMDV,0.6870712420493341,0.06292875795066588
INST_1440,50,40,20,6,5,101440,DSDV,0.75,AOMDV,0.4362440849024354,0.3137559150975646
INST_1441,50,40,22,2,1,101441,AOMDV,0.6168574525336697,AODV,0.4145856469358312,0.20227180559783853
INST_1442,50,40,22,2,2,101442,AOMDV,0.6055896110544889,DSDV,0.4670791270848923,0.13851048396959664
INST_1443,50,40,22,2,3,101443,AOMDV,0.6201152054069967,AODV,0.5789714044343344,0.04114380097266235
INST_1444,50,40,22,2,4,101444,AOMDV,0.6196227667506233,DSDV,0.4422327834635385,0.17738998328708483
INST_1445,50,40,22,2,5,101445,AOMDV,0.6236224872994104,DSDV,0.41784630468560413,0.20577618261380626
INST_1446,50,40,22,3,1,101446,DSDV,0.6881190061459292,AOMDV,0.667080430559417,0.02103857558651223
INST_1447,50,40,22,3,2,101447,DSDV,0.75,AOMDV,0.6497005434122965,0.10029945658770345
INST_1448,50,40,22,3,3,101448,AOMDV,0.7380089974964721,DSDV,0.6224256743400001,0.11558332315647202
INST_1449,50,40,22,3,4,101449,DSDV,0.75,AOMDV,0.6977651085926189,0.052234891407381134
INST_1450,50,40,22,3,5,101450,AOMDV,0.7622537759937216,DSDV,0.7263379217479011,0.035915854245820444
INST_1451,50,40,22,4,1,101451,DSDV,0.75,AOMDV,0.5062503873005955,0.24374961269940454
INST_1452,50,40,22,4,2,101452,DSDV,0.75,AOMDV,0.5893070682795563,0.16069293172044374
INST_1453,50,40,22,4,3,101453,AOMDV,0.8150118199111783,DSDV,0.6371183937359541,0.1778934261752242
INST_1454,50,40,22,4,4,101454,AOMDV,0.7644203816964456,DSDV,0.746562182806735,0.01785819888971052
INST_1455,50,40,22,4,5,101455,DSDV,0.75,AOMDV,0.5467690024987415,0.2032309975012585
INST_1456,50,40,22,5,1,101456,DSDV,0.75,AOMDV,0.43276985424948866,0.31723014575051134
INST_1457,50,40,22,5,2,101457,DSDV,0.75,AOMDV,0.5213136083625629,0.2286863916374371
INST_1458,50,40,22,5,3,101458,DSDV,0.75,AOMDV,0.5514356011689747,0.19856439883102528
INST_1459,50,40,22,5,4,101459,DSDV,0.75,AOMDV,0.45040597653991,0.29959402346009
INST_1460,50,40,22,5,5,101460,DSDV,0.75,AOMDV,0.6221467990650473,0.12785320093495267
INST_1461,50,40,22,6,1,101461,DSDV,0.5436415303849753,AOMDV,0.3803478366614191,0.16329369372355623
INST_1462,50,40,22,6,2,101462,DSDV,0.7699325103705166,AODV,0.32589262762301896,0.4440398827474976
INST_1463,50,40,22,6,3,101463,DSDV,0.75,AOMDV,0.5158430793614261,0.23415692063857385
INST_1464,50,40,22,6,4,101464,DSDV,0.75,AOMDV,0.314069047659711,0.435930952340289
INST_1465,50,40,22,6,5,101465,DSDV,0.8601804091159395,AODV,0.3798672440544039,0.4803131650615356
INST_1466,50,40,22,8,1,101466,DSDV,0.75,AODV,0.46966027052714265,0.28033972947285735
INST_1467,50,40,22,8,2,101467,DSDV,1.0,AODV,0.280927926667075,0.719072073332925
INST_1468,50,40,22,8,3,101468,DSDV,1.0,AOMDV,0.25569684698104944,0.7443031530189506
INST_1469,50,40,22,8,4,101469,DSDV,1.0,AODV,0.08362956024041932,0.9163704397595807
INST_1470,50,40,22,8,5,101470,DSDV,0.8240154971354325,AODV,0.3775000650647957,0.4465154320706368
INST_1471,50,40,25,3,1,101471,DSDV,0.75,AOMDV,0.5337396709752844,0.2162603290247156
INST_1472,50,40,25,3,2,101472,DSDV,0.75,AOMDV,0.7430422437340771,0.0069577562659228764
INST_1473,50,40,25,3,3,101473,AOMDV,0.8400163349346388,DSDV,0.7063810068661014,0.1336353280685374
INST_1474,50,40,25,3,4,101474,DSDV,0.6821256071871497,AOMDV,0.6772871511599226,0.0048384560272271004
INST_1475,50,40,25,3,5,101475,DSDV,0.75,AOMDV,0.5585090320545227,0.19149096794547726
INST_1476,50,40,25,5,1,101476,DSDV,0.75,AOMDV,0.5451296470994581,0.2048703529005419
INST_1477,50,40,25,5,2,101477,DSDV,0.8435628402158791,AODV,0.25706303408493947,0.5864998061309397
INST_1478,50,40,25,5,3,101478,DSDV,0.75,AOMDV,0.342916622482182,0.407083377517818
INST_1479,50,40,25,5,4,101479,DSDV,0.75,AOMDV,0.35198695809538016,0.39801304190461984
INST_1480,50,40,25,5,5,101480,DSDV,0.75,AODV,0.2837843499106027,0.4662156500893973
INST_1481,50,40,25,6,1,101481,DSDV,0.75,AODV,0.3501083341468092,0.3998916658531908
INST_1482,50,40,25,6,2,101482,DSDV,1.0,AODV,0.18787662827991541,0.8121233717200846
INST_1483,50,40,25,6,3,101483,DSDV,0.8642015033767674,AODV,0.3529481834515528,0.5112533199252145
INST_1484,50,40,25,6,4,101484,DSDV,0.8304597913606578,AODV,0.4275965177934341,0.40286327356722373
INST_1485,50,40,25,6,5,101485,DSDV,1.0,AOMDV,0.43378326984308374,0.5662167301569163
INST_1486,50,50,5,3,1,101486,AODV,0.6354052436024922,AOMDV,0.5965346507003865,0.038870592902105705
INST_1487,50,50,5,3,2,101487,AODV,0.6423406729611787,AOMDV,0.6220730033695331,0.02026766959164561
INST_1488,50,50,5,3,3,101488,DSDV,0.75,AOMDV,0.4887293023578042,0.2612706976421958
INST_1489,50,50,5,3,4,101489,DSDV,0.7162777045280968,AOMDV,0.5156596713911301,0.2006180331369667
INST_1490,50,50,5,3,5,101490,AODV,0.6262903533695856,AOMDV,0.6085585549920867,0.017731798377498942
INST_1491,50,50,5,5,1,101491,AODV,0.6500648828058317,AOMDV,0.5540449443212978,0.09601993848453394
INST_1492,50,50,5,5,2,101492,AOMDV,0.5774219077495248,AODV,0.5539858721188924,0.023436035630632457
INST_1493,50,50,5,5,3,101493,AODV,0.6431890934172739,AOMDV,0.5984007842424864,0.04478830917478749
INST_1494,50,50,5,5,4,101494,DSDV,0.7153253211442594,AODV,0.5,0.2153253211442594
INST_1495,50,50,5,5,5,101495,DSDV,0.75,AOMDV,0.5543021786892635,0.19569782131073654
INST_1496,50,50,5,6,1,101496,AODV,0.6868557682786582,AOMDV,0.5951396091254415,0.09171615915321674
INST_1497,50,50,5,6,2,101497,DSDV,0.75,AOMDV,0.5026209360557647,0.24737906394423526
INST_1498,50,50,5,6,3,101498,DSDV,0.75,AODV,0.4319856423318653,0.3180143576681347
INST_1499,50,50,5,6,4,101499,DSDV,0.7194247674319365,AOMDV,0.5007315182039812,0.2186932492279553
INST_1500,50,50,5,6,5,101500,DSDV,0.75,AOMDV,0.5766273805995694,0.17337261940043058
INST_1501,50,50,7,2,1,101501,AODV,0.6785436821255971,DSDV,0.5382578741812467,0.14028580794435042
INST_1502,50,50,7,2,2,101502,AODV,0.683098697586314,AOMDV,0.5364033806617687,0.1466953169245453
INST_1503,50,50,7,2,3,101503,AODV,0.7587125443693082,AOMDV,0.6275969568696239,0.13111558749968433
INST_1504,50,50,7,2,4,101504,DSDV,0.75,AOMDV,0.5604023887150512,0.18959761128494879
INST_1505,50,50,7,2,5,101505,AODV,0.6230961381953803,AOMDV,0.6068481840078996,0.016247954187480707
INST_1506,50,50,7,3,1,101506,DSDV,0.7195326153669894,AOMDV,0.589925273557931,0.12960734180905842
INST_1507,50,50,7,3,2,101507,AOMDV,0.6115639304347896,AODV,0.5956870000145594,0.015876930420230195
INST_1508,50,50,7,3,3,101508,AODV,0.8351602116459195,AOMDV,0.6037162214537528,0.23144399019216666
INST_1509,50,50,7,3,4,101509,AODV,0.739133883341816,DSDV,0.6296663987143392,0.1094674846274768
INST_1510,50,50,7,3,5,101510,DSDV,0.6748462314653512,AOMDV,0.6100498332090705,0.0647963982562807
INST_1511,50,50,7,4,1,101511,DSDV,0.75,AODV,0.577312894069494,0.17268710593050596
INST_1512,50,50,7,4,2,101512,AOMDV,0.6194756539831672,AODV,0.5990490633764889,0.020426590606678285
INST_1513,50,50,7,4,3,101513,AODV,0.6804604009180355,AOMDV,0.6073836805703798,0.07307672034765567
INST_1514,50,50,7,4,4,101514,DSDV,0.7353973849767693,AOMDV,0.6006005170941868,0.1347968678825825
INST_1515,50,50,7,4,5,101515,DSDV,0.7476442749932021,AOMDV,0.5675258984566475,0.1801183765365546
INST_1516,50,50,7,5,1,101516,DSDV,0.75,AODV,0.6754029213121262,0.0745970786878738
INST_1517,50,50,7,5,2,101517,AOMDV,0.6064064771329313,AODV,0.5990033832710804,0.007403093861850896
INST_1518,50,50,7,5,3,101518,AODV,0.6356180105014058,AOMDV,0.5966917731320898,0.038926237369316
INST_1519,50,50,7,5,4,101519,AODV,0.7180756880094279,AOMDV,0.5971430168716898,0.12093267113773809
INST_1520,50,50,7,5,5,101520,AODV,0.639107117639724,AOMDV,0.592625263684677,0.046481853955047
INST_1521,50,50,7,6,1,101521,DSDV,0.75,AODV,0.5535472870999609,0.19645271290003907
INST_1522,50,50,7,6,2,101522,AOMDV,0.6236575679085585,AODV,0.5434830846296679,0.08017448327889065
INST_1523,50,50,7,6,3,101523,AOMDV,0.593208904350707,AODV,0.5381266694592556,0.055082234891451365
INST_1524,50,50,7,6,4,101524,AODV,0.6946392178644594,AOMDV,0.586732240779108,0.10790697708535135
INST_1525,50,50,7,6,5,101525,DSDV,0.7256488343233193,AOMDV,0.485093526152083,0.24055530817123627
INST_1526,50,50,7,8,1,101526,AOMDV,0.6212149275339155,AODV,0.5226447871026418,0.09857014043127366
INST_1527,50,50,7,8,2,101527,DSDV,0.75,AOMDV,0.4237891237265847,0.3262108762734153
INST_1528,50,50,7,8,3,101528,AOMDV,0.6304368027428242,AODV,0.4840553342933011,0.1463814684495231
INST_1529,50,50,7,8,4,101529,AOMDV,0.575559786507013,DSDV,0.5234447747798283,0.05211501172718469
INST_1530,50,50,7,8,5,101530,DSDV,0.7466276245488535,AOMDV,0.5753265906210487,0.1713010339278047
INST_1531,50,50,10,3,1,101531,AODV,0.649087758923793,DSDV,0.5,0.149087758923793
INST_1532,50,50,10,3,2,101532,AOMDV,0.5927515916953002,AODV,0.5054106615216934,0.08734093017360678
INST_1533,50,50,10,3,3,101533,AOMDV,0.6167093899916339,AODV,0.5280901307692434,0.08861925922239056
INST_1534,50,50,10,3,4,101534,AODV,0.6216536157440877,AOMDV,0.6091117965031814,0.01254181924090636
INST_1535,50,50,10,3,5,101535,AOMDV,0.6205133158561738,DSDV,0.46278271384514724,0.1577306020110265
INST_1536,50,50,10,5,1,101536,DSDV,0.75,AODV,0.5516362744685368,0.1983637255314632
INST_1537,50,50,10,5,2,101537,AOMDV,0.6094615058215908,AODV,0.5041465643396178,0.10531494148197296
INST_1538,50,50,10,5,3,101538,AOMDV,0.655356787038434,DSDV,0.5378365644998737,0.11752022253856031
INST_1539,50,50,10,5,4,101539,AOMDV,0.602377564660403,AODV,0.5498117786678196,0.052565785992583436
INST_1540,50,50,10,5,5,101540,DSDV,0.7323781609828195,AOMDV,0.621490149621897,0.11088801136092252
INST_1541,50,50,10,6,1,101541,DSDV,0.75,AODV,0.4287074021843487,0.3212925978156513
INST_1542,50,50,10,6,2,101542,AOMDV,0.6704494450992557,DSDV,0.6245529706775061,0.0458964744217496
INST_1543,50,50,10,6,3,101543,DSDV,0.75,AOMDV,0.5069403309166949,0.24305966908330512
INST_1544,50,50,10,6,4,101544,AODV,0.6848148762768743,AOMDV,0.5669148809574973,0.117899995319377
INST_1545,50,50,10,6,5,101545,DSDV,0.6559397081206312,AOMDV,0.6116406122305114,0.04429909589011982
INST_1546,50,50,12,2,1,101546,AODV,0.6447295383066745,AOMDV,0.484040028675183,0.16068950963149148
INST_1547,50,50,12,2,2,101547,AOMDV,0.6075335640484052,AODV,0.4708196860076733,0.13671387804073187
INST_1548,50,50,12,2,3,101548,AOMDV,0.6049676015398495,DSDV,0.47854086624388387,0.12642673529596565
INST_1549,50,50,12,2,4,101549,AOMDV,0.5891787849783509,AODV,0.581517413377545,0.007661371600805822
INST_1550,50,50,12,2,5,101550,AODV,0.6061669403586792,AOMDV,0.5903761650981131,0.01579077526056616
INST_1551,50,50,12,3,1,101551,AOMDV,0.5821305835553903,AODV,0.5631779332127318,0.018952650342658472
INST_1552,50,50,12,3,2,101552,AOMDV,0.611620293094104,DSDV,0.4788827159988778,0.13273757709522627
INST_1553,50,50,12,3,3,101553,DSDV,0.6226544934561062,AODV,0.5673727779445303,0.0552817155115759
INST_1554,50,50,12,3,4,101554,DSDV,0.6840276811026326,AOMDV,0.6062299135522385,0.07779776755039403
INST_1555,50,50,12,3,5,101555,AOMDV,0.6041229412399047,AODV,0.5017956285399784,0.10232731269992634
INST_1556,50,50,12,4,1,101556,AOMDV,0.5937068719156731,DSDV,0.4966713210332838,0.09703555088238924
INST_1557,50,50,12,4,2,101557,AOMDV,0.6266561000858413,DSDV,0.5697899820139869,0.05686611807185438
INST_1558,50,50,12,4,3,101558,AOMDV,0.5728808936816255,AODV,0.5,0.07288089368162554
INST_1559,50,50,12,4,4,101559,AOMDV,0.602365252688333,AODV,0.5751201690235903,0.027245083664742653
INST_1560,50,50,12,4,5,101560,AOMDV,0.6194389514635815,DSDV,0.5559764436032463,0.06346250786033525
INST_1561,50,50,12,5,1,101561,DSDV,0.6661466121789312,AOMDV,0.5417492067911435,0.12439740538778776
INST_1562,50,50,12,5,2,101562,AOMDV,0.6673217206014805,DSDV,0.5,0.16732172060148054
INST_1563,50,50,12,5,3,101563,DSDV,0.7456754527999557,AOMDV,0.6345632746539595,0.11111217814599628
INST_1564,50,50,12,5,4,101564,AOMDV,0.6141603550219329,AODV,0.5578865666128353,0.05627378840909758
INST_1565,50,50,12,5,5,101565,AOMDV,0.6945682363070051,DSDV,0.4823150104776287,0.21225322582937645
INST_1566,50,50,12,6,1,101566,DSDV,0.6101031425027372,AOMDV,0.601042492652616,0.009060649850121227
INST_1567,50,50,12,6,2,101567,DSDV,0.75,AOMDV,0.5804308757811176,0.16956912421888237
INST_1568,50,50,12,6,3,101568,DSDV,0.75,AOMDV,0.6097064597140293,0.14029354028597074
INST_1569,50,50,12,6,4,101569,DSDV,0.75,AOMDV,0.6186237140809036,0.13137628591909645
INST_1570,50,50,12,6,5,101570,AOMDV,0.8420075816945548,DSDV,0.6574742958565816,0.18453328583797324
INST_1571,50,50,12,8,1,101571,AOMDV,0.725697605616365,DSDV,0.5687242138367645,0.15697339177960046
INST_1572,50,50,12,8,2,101572,DSDV,0.75,AOMDV,0.5226612667460478,0.22733873325395215
INST_1573,50,50,12,8,3,101573,DSDV,0.75,AOMDV,0.6806278443987185,0.06937215560128152
INST_1574,50,50,12,8,4,101574,AOMDV,0.6710610428587679,DSDV,0.630708261941311,0.040352780917456865
INST_1575,50,50,12,8,5,101575,DSDV,0.75,AOMDV,0.6514554735504785,0.0985445264495215
INST_1576,50,50,15,3,1,101576,AOMDV,0.6165514573343385,DSDV,0.4754826794850655,0.14106877784927296
INST_1577,50,50,15,3,2,101577,AOMDV,0.6247868137753787,DSDV,0.4890036627707688,0.13578315100460991
INST_1578,50,50,15,3,3,101578,DSDV,0.6584943023294689,AOMDV,0.6407566418841075,0.017737660445361403
INST_1579,50,50,15,3,4,101579,AOMDV,0.6011904723920818,AODV,0.5167738275797186,0.08441664481236322
INST_1580,50,50,15,3,5,101580,DSDV,0.6443547997751558,AOMDV,0.6212986958190083,0.023056103956147433
INST_1581,50,50,15,5,1,101581,DSDV,0.6927366122941908,AOMDV,0.6050717077776759,0.08766490451651487
INST_1582,50,50,15,5,2,101582,DSDV,0.75,AOMDV,0.6104986259559398,0.13950137404406016
INST_1583,50,50,15,5,3,101583,DSDV,0.6531639345943827,AOMDV,0.6133541996172183,0.039809734977164446
INST_1584,50,50,15,5,4,101584,AOMDV,0.662654648059061,DSDV,0.4861222815305366,0.17653236652852444
INST_1585,50,50,15,5,5,101585,AOMDV,0.7406380172279199,DSDV,0.5340873690337491,0.2065506481941708
INST_1586,50,50,15,6,1,101586,DSDV,0.75,AOMDV,0.5376933104896247,0.21230668951037535
INST_1587,50,50,15,6,2,101587,AOMDV,0.6784765858327935,DSDV,0.6596701701247298,0.01880641570806363
INST_1588,50,50,15,6,3,101588,AOMDV,0.8029162736333166,DSDV,0.6283792572861698,0.1745370163471468
INST_1589,50,50,15,6,4,101589,AOMDV,0.6906671889323035,DSDV,0.635343304605819,0.055323884326484496
INST_1590,50,50,15,6,5,101590,DSDV,0.75,AOMDV,0.6986057974809405,0.05139420251905946
INST_1591,50,50,18,2,1,101591,AOMDV,0.5990982387961911,AODV,0.5720547940865068,0.027043444709684228
INST_1592,50,50,18,2,2,101592,AOMDV,0.6068597065591974,DSDV,0.47685584871177605,0.13000385784742136
INST_1593,50,50,18,2,3,101593,AOMDV,0.62351804130975,AODV,0.5367689205173243,0.0867491207924257
INST_1594,50,50,18,2,4,101594,AOMDV,0.6219073359151017,DSDV,0.4652040122496216,0.15670332366548012
INST_1595,50,50,18,2,5,101595,AOMDV,0.6134621566032018,DSDV,0.4961254427205216,0.11733671388268019
INST_1596,50,50,18,3,1,101596,DSDV,0.6537705610941398,AOMDV,0.5536567984203982,0.10011376267374161
INST_1597,50,50,18,3,2,101597,AOMDV,0.6339292801542868,DSDV,0.5,0.13392928015428684
INST_1598,50,50,18,3,3,101598,AOMDV,0.73907631809445,DSDV,0.6370895691159171,0.10198674897853288
INST_1599,50,50,18,3,4,101599,AODV,0.5807915007111699,DSDV,0.5164667406983353,0.0643247600128346
INST_1600,50,50,18,3,5,101600,AOMDV,0.7320736442880117,DSDV,0.42098212705560834,0.31109151723240336
INST_1601,50,50,18,4,1,101601,AOMDV,0.6717686597476705,DSDV,0.6347035170051019,0.03706514274256867
INST_1602,50,50,18,4,2,101602,DSDV,0.75,AOMDV,0.5077545776391139,0.2422454223608861
INST_1603,50,50,18,4,3,101603,DSDV,0.7342685760117944,AOMDV,0.724257410869305,0.010011165142489453
INST_1604,50,50,18,4,4,101604,DSDV,0.75,AOMDV,0.6007685294848102,0.1492314705151898
INST_1605,50,50,18,4,5,101605,DSDV,0.7373639067716802,AOMDV,0.6895329146928362,0.047830992078844004
INST_1606,50,50,18,5,1,101606,DSDV,0.75,AOMDV,0.47851530908294393,0.27148469091705607
INST_1607,50,50,18,5,2,101607,DSDV,0.75,AODV,0.2849262215342871,0.4650737784657129
INST_1608,50,50,18,5,3,101608,AOMDV,0.8439853837731925,DSDV,0.7120422366644269,0.13194314710876565
INST_1609,50,50,18,5,4,101609,DSDV,0.75,AOMDV,0.6856084006054792,0.06439159939452077
INST_1610,50,50,18,5,5,101610,DSDV,0.75,AOMDV,0.6838774197523166,0.06612258024768336
INST_1611,50,50,18,6,1,101611,AOMDV,0.7727428487150148,DSDV,0.7399865926729374,0.032756256042077325
INST_1612,50,50,18,6,2,101612,DSDV,0.75,AOMDV,0.3346763790276395,0.4153236209723605
INST_1613,50,50,18,6,3,101613,DSDV,0.75,AOMDV,0.5479732095409059,0.2020267904590941
INST_1614,50,50,18,6,4,101614,DSDV,0.75,AOMDV,0.7453439609248549,0.004656039075145113
INST_1615,50,50,18,6,5,101615,DSDV,0.75,AOMDV,0.5675484125852445,0.18245158741475553
INST_1616,50,50,18,8,1,101616,DSDV,0.6993692360640184,AOMDV,0.6175136128483755,0.08185562321564288
INST_1617,50,50,18,8,2,101617,DSDV,0.9171840211044725,AODV,0.6387757889743959,0.2784082321300766
INST_1618,50,50,18,8,3,101618,DSDV,0.75,AOMDV,0.4763501928000963,0.2736498071999037
INST_1619,50,50,18,8,4,101619,DSDV,0.75,AOMDV,0.35950148146935595,0.39049851853064405
INST_1620,50,50,18,8,5,101620,DSDV,0.75,AOMDV,0.4865364355182796,0.2634635644817204
INST_1621,50,50,20,3,1,101621,DSDV,0.75,AOMDV,0.5166781994879233,0.23332180051207674
INST_1622,50,50,20,3,2,101622,AOMDV,0.6548443877883192,DSDV,0.558988817602974,0.09585557018534518
INST_1623,50,50,20,3,3,101623,AOMDV,0.7266957982318596,DSDV,0.4609886677544738,0.2657071304773858
INST_1624,50,50,20,3,4,101624,AOMDV,0.6056258770727626,DSDV,0.46418033228243427,0.14144554479032834
INST_1625,50,50,20,3,5,101625,AOMDV,0.739513317696633,DSDV,0.6897423947165522,0.04977092298008079
INST_1626,50,50,20,5,1,101626,DSDV,0.75,AOMDV,0.6392157032509393,0.11078429674906065
INST_1627,50,50,20,5,2,101627,DSDV,0.75,AOMDV,0.61411177945103,0.13588822054896998
INST_1628,50,50,20,5,3,101628,AOMDV,0.6500786404398535,DSDV,0.5942659468863759,0.05581269355347762
INST_1629,50,50,20,5,4,101629,DSDV,0.75,AOMDV,0.5302110822993343,0.21978891770066566
INST_1630,50,50,20,5,5,101630,DSDV,0.75,AOMDV,0.4985891160784809,0.2514108839215191
INST_1631,50,50,20,6,1,101631,DSDV,0.6695363919530726,AOMDV,0.669084843774588,0.0004515481784845843
INST_1632,50,50,20,6,2,101632,DSDV,0.7558646283619888,AODV,0.30928079910356965,0.4465838292584191
INST_1633,50,50,20,6,3,101633,DSDV,0.75,AOMDV,0.45268215914890186,0.29731784085109814
INST_1634,50,50,20,6,4,101634,DSDV,0.75,AOMDV,0.520472606015741,0.22952739398425903
INST_1635,50,50,20,6,5,101635,DSDV,0.75,AODV,0.38459549530336,0.36540450469664
INST_1636,50,50,22,2,1,101636,AOMDV,0.6198910050431734,DSDV,0.42813500047006353,0.19175600457310987
INST_1637,50,50,22,2,2,101637,AOMDV,0.6162500041929413,DSDV,0.5120259974824657,0.1042240067104756
INST_1638,50,50,22,2,3,101638,AOMDV,0.6489062652705869,AODV,0.3758662173814747,0.27304004788911224
INST_1639,50,50,22,2,4,101639,AOMDV,0.6031523631400102,AODV,0.4666808903519084,0.1364714727881018
INST_1640,50,50,22,2,5,101640,AOMDV,0.6210135620847813,DSDV,0.4566467845394828,0.1643667775452985
INST_1641,50,50,22,3,1,101641,AOMDV,0.6791560498017755,DSDV,0.618665948201556,0.060490101600219504
INST_1642,50,50,22,3,2,101642,DSDV,0.75,AOMDV,0.7065737365423761,0.043426263457623904
INST_1643,50,50,22,3,3,101643,AOMDV,0.7910904607082458,DSDV,0.6474857956610468,0.14360466504719904
INST_1644,50,50,22,3,4,101644,AOMDV,0.6938776732975404,DSDV,0.5196814738280982,0.1741961994694422
INST_1645,50,50,22,3,5,101645,DSDV,0.75,AOMDV,0.6418070889702413,0.1081929110297587
INST_1646,50,50,22,4,1,101646,DSDV,0.75,AOMDV,0.6045573524235656,0.14544264757643444
INST_1647,50,50,22,4,2,101647,DSDV,0.75,AOMDV,0.4201024422149227,0.3298975577850773
INST_1648,50,50,22,4,3,101648,AOMDV,0.7826088093022819,DSDV,0.75,0.03260880930228194
INST_1649,50,50,22,4,4,101649,DSDV,0.75,AOMDV,0.5849894540105354,0.16501054598946463
INST_1650,50,50,22,4,5,101650,DSDV,0.75,AOMDV,0.6840217392897238,0.06597826071027624
INST_1651,50,50,22,5,1,101651,AOMDV,0.6545260436042906,DSDV,0.6515289114806108,0.002997132123679802
INST_1652,50,50,22,5,2,101652,DSDV,0.6600826517533027,AOMDV,0.5705342239436375,0.08954842780966521
INST_1653,50,50,22,5,3,101653,DSDV,0.75,AOMDV,0.6068493807622959,0.1431506192377041
INST_1654,50,50,22,5,4,101654,DSDV,0.75,AOMDV,0.5700499109794397,0.1799500890205603
INST_1655,50,50,22,5,5,101655,DSDV,0.7174462853014159,AOMDV,0.5843471811718376,0.13309910412957826
INST_1656,50,50,22,6,1,101656,DSDV,0.7326371065401409,AOMDV,0.6484039965936349,0.08423310994650601
INST_1657,50,50,22,6,2,101657,DSDV,0.7543797374452534,AODV,0.519368741761639,0.2350109956836144
INST_1658,50,50,22,6,3,101658,DSDV,0.75,AOMDV,0.49120786888908974,0.25879213111091026
INST_1659,50,50,22,6,4,101659,DSDV,0.7525773679880954,AOMDV,0.5558844286044679,0.19669293938362753
INST_1660,50,50,22,6,5,101660,DSDV,1.0,AOMDV,0.3304923928989649,0.6695076071010351
INST_1661,50,50,22,8,1,101661,DSDV,0.75,AOMDV,0.36491135486189796,0.38508864513810204
INST_1662,50,50,22,8,2,101662,DSDV,1.0,AODV,0.28944948978475404,0.710550510215246
INST_1663,50,50,22,8,3,101663,DSDV,0.8686599560873858,AODV,0.5908139944406415,0.27784596164674424
INST_1664,50,50,22,8,4,101664,DSDV,0.8193415905160475,AOMDV,0.32421801386682475,0.49512357664922274
INST_1665,50,50,22,8,5,101665,DSDV,1.0,AODV,0.3375105088863065,0.6624894911136935
INST_1666,50,50,25,3,1,101666,DSDV,0.75,AOMDV,0.5636980654479914,0.1863019345520086
INST_1667,50,50,25,3,2,101667,DSDV,0.75,AOMDV,0.7078753473445771,0.04212465265542287
INST_1668,50,50,25,3,3,101668,AOMDV,0.7650339351626129,DSDV,0.7032167938094023,0.06181714135321059
INST_1669,50,50,25,3,4,101669,DSDV,0.75,AOMDV,0.5888965441509528,0.16110345584904717
INST_1670,50,50,25,3,5,101670,DSDV,0.75,AOMDV,0.6880268856258099,0.061973114374190064
INST_1671,50,50,25,5,1,101671,DSDV,0.75,AOMDV,0.4304954475443951,0.3195045524556049
INST_1672,50,50,25,5,2,101672,DSDV,0.8193750342773486,AODV,0.2761615707325038,0.5432134635448448
INST_1673,50,50,25,5,3,101673,DSDV,0.75,AOMDV,0.5883010661626135,0.16169893383738654
INST_1674,50,50,25,5,4,101674,DSDV,0.75,AOMDV,0.2954358145245205,0.4545641854754795
INST_1675,50,50,25,5,5,101675,DSDV,0.75,AOMDV,0.43833184468957165,0.31166815531042835
INST_1676,50,50,25,6,1,101676,DSDV,1.0,AOMDV,0.4490097842511672,0.5509902157488328
INST_1677,50,50,25,6,2,101677,DSDV,0.9586309360225336,AODV,0.3670489535585782,0.5915819824639554
INST_1678,50,50,25,6,3,101678,AOMDV,0.5924519579350137,DSDV,0.5501513471702539,0.04230061076475977
INST_1679,50,50,25,6,4,101679,DSDV,1.0,AOMDV,0.27642397793993106,0.7235760220600689
INST_1680,50,50,25,6,5,101680,DSDV,1.0,AOMDV,0.15913276336243104,0.8408672366375689
INST_1681,100,20,5,3,1,101681,AOMDV,0.6239919297220509,AODV,0.6051892042347992,0.018802725487251704
INST_1682,100,20,5,3,2,101682,DSDV,0.734302431608536,AOMDV,0.5306157587850793,0.20368667282345676
INST_1683,100,20,5,3,3,101683,AOMDV,0.6658333398020831,DSDV,0.5071114352580574,0.1587219045440258
INST_1684,100,20,5,3,4,101684,DSDV,0.7281269957865153,AOMDV,0.6558298281673061,0.07229716761920923
INST_1685,100,20,5,3,5,101685,DSDV,0.75,AODV,0.49505677475370635,0.25494322524629365
INST_1686,100,20,5,5,1,101686,AODV,0.7224106980514696,AOMDV,0.6246679961387849,0.09774270191268475
INST_1687,100,20,5,5,2,101687,DSDV,0.75,AOMDV,0.6172017400617753,0.1327982599382247
INST_1688,100,20,5,5,3,101688,DSDV,0.6946315604690111,AOMDV,0.6336146455074151,0.061016914961596
INST_1689,100,20,5,5,4,101689,DSDV,0.7428518286218154,AOMDV,0.5660922228597495,0.17675960576206595
INST_1690,100,20,5,5,5,101690,DSDV,0.7489780581225227,AOMDV,0.534092418542099,0.21488563958042373
INST_1691,100,20,5,6,1,101691,DSDV,0.75,AOMDV,0.5624695703769704,0.18753042962302957
INST_1692,100,20,5,6,2,101692,DSDV,0.75,AOMDV,0.6000442021621495,0.1499557978378505
INST_1693,100,20,5,6,3,101693,DSDV,0.7197733553375768,AOMDV,0.6417850434979027,0.07798831183967414
INST_1694,100,20,5,6,4,101694,DSDV,0.75,AOMDV,0.6712484537863088,0.07875154621369118
INST_1695,100,20,5,6,5,101695,DSDV,0.7171841123277667,AOMDV,0.609723809632277,0.10746030269548967
INST_1696,100,20,7,2,1,101696,AOMDV,0.6253561249981737,DSDV,0.6060257125305388,0.019330412467634894
INST_1697,100,20,7,2,2,101697,DSDV,0.75,AOMDV,0.6183813533049471,0.13161864669505285
INST_1698,100,20,7,2,3,101698,DSDV,0.7409486607296987,AOMDV,0.6352062468307518,0.1057424138989469
INST_1699,100,20,7,2,4,101699,AODV,0.6690067633827155,AOMDV,0.6241872569758573,0.04481950640685817
INST_1700,100,20,7,2,5,101700,DSDV,0.75,AOMDV,0.5658106175746369,0.1841893824253631
INST_1701,100,20,7,3,1,101701,DSDV,0.75,AODV,0.6639104268979541,0.0860895731020459
INST_1702,100,20,7,3,2,101702,AODV,0.6337675454199666,AOMDV,0.6191732646284256,0.014594280791541014
INST_1703,100,20,7,3,3,101703,AODV,0.693805400003859,AOMDV,0.637176333713687,0.05662906629017206
INST_1704,100,20,7,3,4,101704,DSDV,0.75,AOMDV,0.5555927811692412,0.19440721883075884
INST_1705,100,20,7,3,5,101705,DSDV,0.75,AOMDV,0.5759407629987636,0.17405923700123638
INST_1706,100,20,7,4,1,101706,AOMDV,0.6532094576215758,DSDV,0.5695039933581083,0.08370546426346748
INST_1707,100,20,7,4,2,101707,AOMDV,0.6301480062202163,DSDV,0.5500177477763984,0.08013025844381783
INST_1708,100,20,7,4,3,101708,DSDV,0.7396249007372733,AOMDV,0.6497239721084345,0.0899009286288388
INST_1709,100,20,7,4,4,101709,AOMDV,0.6535256422837771,AODV,0.6124314352520452,0.04109420703173183
INST_1710,100,20,7,4,5,101710,DSDV,0.75,AOMDV,0.5698985033483035,0.1801014966516965
INST_1711,100,20,7,5,1,101711,DSDV,0.75,AOMDV,0.5684319071036943,0.1815680928963057
INST_1712,100,20,7,5,2,101712,AOMDV,0.6408088305801254,AODV,0.6066051417201328,0.03420368885999259
INST_1713,100,20,7,5,3,101713,AOMDV,0.6135284743289715,AODV,0.5507797196453887,0.06274875468358276
INST_1714,100,20,7,5,4,101714,DSDV,0.6593517557956404,AOMDV,0.6426322462917528,0.016719509503887675
INST_1715,100,20,7,5,5,101715,DSDV,0.75,AOMDV,0.6089999382986869,0.14100006170131307
INST_1716,100,20,7,6,1,101716,AOMDV,0.6396981425093955,DSDV,0.6046426327832104,0.0350555097261851
INST_1717,100,20,7,6,2,101717,DSDV,0.75,AODV,0.6497015546109066,0.10029844538909338
INST_1718,100,20,7,6,3,101718,DSDV,0.7366910413657691,AOMDV,0.6709864359683038,0.06570460539746537
INST_1719,100,20,7,6,4,101719,DSDV,0.75,AOMDV,0.4994536242911091,0.2505463757088909
INST_1720,100,20,7,6,5,101720,AOMDV,0.6121904299792031,AODV,0.5832602906008262,0.028930139378376962
INST_1721,100,20,7,8,1,101721,AOMDV,0.6286181880822382,AODV,0.5080140045869189,0.12060418349531932
INST_1722,100,20,7,8,2,101722,AOMDV,0.5573304941679934,DSDV,0.5,0.05733049416799341
INST_1723,100,20,7,8,3,101723,DSDV,0.75,AOMDV,0.5859994311847466,0.16400056881525338
INST_1724,100,20,7,8,4,101724,DSDV,0.75,AOMDV,0.45082247051336605,0.29917752948663395
INST_1725,100,20,7,8,5,101725,AOMDV,0.6740610779368308,AODV,0.4393528720177725,0.23470820591905828
INST_1726,100,20,10,3,1,101726,DSDV,0.6818552362771249,AOMDV,0.6119177286013002,0.06993750767582463
INST_1727,100,20,10,3,2,101727,DSDV,0.6698608378871745,AOMDV,0.6291613337780109,0.040699504109163676
INST_1728,100,20,10,3,3,101728,AOMDV,0.6310644496636624,DSDV,0.5344431594368771,0.09662129022678523
INST_1729,100,20,10,3,4,101729,DSDV,0.75,AOMDV,0.5836674561074853,0.16633254389251473
INST_1730,100,20,10,3,5,101730,AODV,0.6171656459863538,AOMDV,0.6032485942152639,0.013917051771089928
INST_1731,100,20,10,5,1,101731,DSDV,0.75,AOMDV,0.5499015445548199,0.20009845544518012
INST_1732,100,20,10,5,2,101732,AOMDV,0.6472626388018436,AODV,0.5433799530918426,0.10388268571000103
INST_1733,100,20,10,5,3,101733,DSDV,0.75,AOMDV,0.6112564735698799,0.1387435264301201
INST_1734,100,20,10,5,4,101734,DSDV,0.75,AOMDV,0.6022175178281501,0.14778248217184986
INST_1735,100,20,10,5,5,101735,AOMDV,0.64515427167033,DSDV,0.41846615249765073,0.22668811917267928
INST_1736,100,20,10,6,1,101736,DSDV,0.75,AOMDV,0.46896488179267337,0.28103511820732663
INST_1737,100,20,10,6,2,101737,DSDV,0.75,AOMDV,0.4798310319175467,0.2701689680824533
INST_1738,100,20,10,6,3,101738,AOMDV,0.6438268369282342,DSDV,0.4799186265098201,0.16390821041841408
INST_1739,100,20,10,6,4,101739,DSDV,0.75,AOMDV,0.6021941083498005,0.14780589165019953
INST_1740,100,20,10,6,5,101740,AOMDV,0.7111143546295685,DSDV,0.4074051710745279,0.3037091835550406
INST_1741,100,20,12,2,1,101741,AOMDV,0.6362126226178519,DSDV,0.5296617283083539,0.10655089430949805
INST_1742,100,20,12,2,2,101742,AOMDV,0.6343689862299376,DSDV,0.4696797815838265,0.16468920464611114
INST_1743,100,20,12,2,3,101743,AODV,0.6838132950200351,AOMDV,0.6718031246117663,0.012010170408268794
INST_1744,100,20,12,2,4,101744,DSDV,0.75,AOMDV,0.5627857922046918,0.18721420779530817
INST_1745,100,20,12,2,5,101745,AOMDV,0.6018518527974784,DSDV,0.46074224511915124,0.1411096076783272
INST_1746,100,20,12,3,1,101746,AOMDV,0.6437500062844829,DSDV,0.5526643566171912,0.09108564966729171
INST_1747,100,20,12,3,2,101747,AOMDV,0.6436054152661022,DSDV,0.5956011414857862,0.04800427378031591
INST_1748,100,20,12,3,3,101748,AODV,0.6610403740451217,AOMDV,0.6434283811421458,0.01761199290297588
INST_1749,100,20,12,3,4,101749,DSDV,0.75,AOMDV,0.5367280139078284,0.21327198609217157
INST_1750,100,20,12,3,5,101750,DSDV,0.6347368223152006,AOMDV,0.6196675905423378,0.01506923177286279
INST_1751,100,20,12,4,1,101751,AOMDV,0.646498217885167,DSDV,0.473686134036416,0.17281208384875102
INST_1752,100,20,12,4,2,101752,AOMDV,0.6220735792798738,DSDV,0.5125776565202522,0.10949592275962161
INST_1753,100,20,12,4,3,101753,AOMDV,0.6405477801382784,DSDV,0.6144151826313655,0.02613259750691288
INST_1754,100,20,12,4,4,101754,DSDV,0.75,AOMDV,0.6312793197925852,0.11872068020741477
INST_1755,100,20,12,4,5,101755,AOMDV,0.6220669103508989,DSDV,0.4664769410564896,0.15558996929440927
INST_1756,100,20,12,5,1,101756,DSDV,0.75,AOMDV,0.3926250155844151,0.3573749844155849
INST_1757,100,20,12,5,2,101757,DSDV,0.75,AOMDV,0.44293659462252377,0.30706340537747623
INST_1758,100,20,12,5,3,101758,DSDV,0.7169488825814293,AOMDV,0.6536011904138879,0.06334769216754144
INST_1759,100,20,12,5,4,101759,DSDV,0.75,AOMDV,0.6222394740633735,0.12776052593662646
INST_1760,100,20,12,5,5,101760,DSDV,0.75,AOMDV,0.6344303236320977,0.11556967636790227
INST_1761,100,20,12,6,1,101761,AOMDV,0.7181151680671402,DSDV,0.6093339122465192,0.10878125582062093
INST_1762,100,20,12,6,2,101762,DSDV,0.75,AOMDV,0.7379619149594565,0.01203808504054349
INST_1763,100,20,12,6,3,101763,AOMDV,0.8697998421615928,DSDV,0.45271139352939843,0.41708844863219435
INST_1764,100,20,12,6,4,101764,AOMDV,0.7544080404637107,DSDV,0.6844838405276547,0.06992419993605603
INST_1765,100,20,12,6,5,101765,AOMDV,0.8608946005719251,DSDV,0.5,0.36089460057192513
INST_1766,100,20,12,8,1,101766,DSDV,0.75,AODV,0.41422148015711835,0.33577851984288165
INST_1767,100,20,12,8,2,101767,DSDV,0.75,AOMDV,0.5541152479336473,0.1958847520663527
INST_1768,100,20,12,8,3,101768,DSDV,0.75,AOMDV,0.6150789552339541,0.13492104476604594
INST_1769,100,20,12,8,4,101769,AOMDV,0.6137817896195952,AODV,0.5791255888040413,0.03465620081555387
INST_1770,100,20,12,8,5,101770,AOMDV,0.8248798569940898,DSDV,0.5982417266632878,0.22663813033080205
INST_1771,100,20,15,3,1,101771,DSDV,0.6506470475138593,AOMDV,0.6346318524099598,0.016015195103899482
INST_1772,100,20,15,3,2,101772,DSDV,0.6585333143536134,AOMDV,0.6187150168117702,0.039818297541843184
INST_1773,100,20,15,3,3,101773,AOMDV,0.6344071392005839,AODV,0.48630923336998655,0.14809790583059734
INST_1774,100,20,15,3,4,101774,DSDV,0.75,AOMDV,0.6346189246934572,0.11538107530654285
INST_1775,100,20,15,3,5,101775,AOMDV,0.6069190031446472,DSDV,0.5041715490594634,0.10274745408518382
INST_1776,100,20,15,5,1,101776,DSDV,0.75,AOMDV,0.5739275718203991,0.1760724281796009
INST_1777,100,20,15,5,2,101777,DSDV,0.75,AOMDV,0.463578003468228,0.286421996531772
INST_1778,100,20,15,5,3,101778,AOMDV,0.7909486308743998,AODV,0.4155468176233429,0.3754018132510569
INST_1779,100,20,15,5,4,101779,AOMDV,0.7295453276108788,DSDV,0.7101812163618795,0.019364111248999283
INST_1780,100,20,15,5,5,101780,DSDV,0.75,AOMDV,0.7016062550768467,0.04839374492315329
INST_1781,100,20,15,6,1,101781,DSDV,0.75,AOMDV,0.6725245144609624,0.0774754855390376
INST_1782,100,20,15,6,2,101782,DSDV,0.8477046901863123,AOMDV,0.5996966732427752,0.24800801694353714
INST_1783,100,20,15,6,3,101783,AOMDV,0.7838890077138699,DSDV,0.75,0.033889007713869934
INST_1784,100,20,15,6,4,101784,DSDV,0.9260010732500384,AOMDV,0.5878959698054282,0.3381051034446102
INST_1785,100,20,15,6,5,101785,DSDV,0.75,AOMDV,0.6830970053198666,0.06690299468013339
INST_1786,100,20,18,2,1,101786,DSDV,0.75,AOMDV,0.6025602296744974,0.1474397703255026
INST_1787,100,20,18,2,2,101787,DSDV,0.7115300358976141,AOMDV,0.6128868508176784,0.09864318507993575
INST_1788,100,20,18,2,3,101788,AODV,0.5617500590403847,AOMDV,0.5541443941038847,0.007605664936499945
INST_1789,100,20,18,2,4,101789,AOMDV,0.616478421394546,DSDV,0.5763010547066779,0.04017736668786809
INST_1790,100,20,18,2,5,101790,AOMDV,0.6125391808934662,AODV,0.5724474871419722,0.040091693751493906
INST_1791,100,20,18,3,1,101791,DSDV,0.75,AOMDV,0.7028869529014312,0.04711304709856878
INST_1792,100,20,18,3,2,101792,DSDV,0.75,AOMDV,0.6152364322324068,0.13476356776759324
INST_1793,100,20,18,3,3,101793,AOMDV,0.6678620950642958,AODV,0.40722924187868115,0.2606328531856147
INST_1794,100,20,18,3,4,101794,DSDV,0.75,AOMDV,0.7440114771720546,0.005988522827945375
INST_1795,100,20,18,3,5,101795,AOMDV,0.6085746271952398,DSDV,0.5146433501620961,0.09393127703314375
INST_1796,100,20,18,4,1,101796,DSDV,0.75,AOMDV,0.5365719281917302,0.21342807180826984
INST_1797,100,20,18,4,2,101797,DSDV,0.75,AOMDV,0.6528718885341519,0.0971281114658481
INST_1798,100,20,18,4,3,101798,AOMDV,0.8801015678796547,DSDV,0.5696163450986371,0.31048522278101753
INST_1799,100,20,18,4,4,101799,AOMDV,0.7767403134959504,DSDV,0.75,0.026740313495950407
INST_1800,100,20,18,4,5,101800,DSDV,0.75,AOMDV,0.6143095510818127,0.13569044891818727
INST_1801,100,20,18,5,1,101801,DSDV,0.75,AOMDV,0.3313431994848443,0.4186568005151557
INST_1802,100,20,18,5,2,101802,DSDV,0.8824388729758177,AOMDV,0.693045640759147,0.1893932322166707
INST_1803,100,20,18,5,3,101803,AOMDV,0.8482329590421314,DSDV,0.7907074406477351,0.057525518394396236
INST_1804,100,20,18,5,4,101804,DSDV,0.8906587372398773,AOMDV,0.4888477822188746,0.4018109550210027
INST_1805,100,20,18,5,5,101805,DSDV,0.8502124815713539,AOMDV,0.6558493652648958,0.19436311630645808
INST_1806,100,20,18,6,1,101806,DSDV,1.0,AOMDV,0.47324965723415535,0.5267503427658446
INST_1807,100,20,18,6,2,101807,DSDV,0.958487083878215,AOMDV,0.3548968638652402,0.6035902200129748
INST_1808,100,20,18,6,3,101808,AOMDV,0.8632482647701643,DSDV,0.7280692939831213,0.135178970787043
INST_1809,100,20,18,6,4,101809,DSDV,0.9545623728953642,AODV,0.6721412021439065,0.2824211707514577
INST_1810,100,20,18,6,5,101810,DSDV,1.0,AOMDV,0.26816167694687426,0.7318383230531258
INST_1811,100,20,18,8,1,101811,DSDV,1.0,AOMDV,0.17508614568241876,0.8249138543175812
INST_1812,100,20,18,8,2,101812,DSDV,1.0,AODV,0.29627275695420574,0.7037272430457943
INST_1813,100,20,18,8,3,101813,DSDV,1.0,AOMDV,0.31975165533092786,0.6802483446690721
INST_1814,100,20,18,8,4,101814,DSDV,1.0,AOMDV,0.27963490047042777,0.7203650995295723
INST_1815,100,20,18,8,5,101815,DSDV,1.0,AODV,0.17168660111009165,0.8283133988899083
INST_1816,100,20,20,3,1,101816,DSDV,0.75,AOMDV,0.5320891418447359,0.21791085815526412
INST_1817,100,20,20,3,2,101817,DSDV,0.75,AOMDV,0.6718271514389957,0.07817284856100426
INST_1818,100,20,20,3,3,101818,DSDV,0.6701346464018749,AOMDV,0.645524105065456,0.024610541336418934
INST_1819,100,20,20,3,4,101819,AOMDV,0.8474680761429357,DSDV,0.7315336868538741,0.11593438928906163
INST_1820,100,20,20,3,5,101820,AOMDV,0.6905103828956455,DSDV,0.6648021682512648,0.025708214644380667
INST_1821,100,20,20,5,1,101821,DSDV,1.0,AOMDV,0.31754157966938135,0.6824584203306187
INST_1822,100,20,20,5,2,101822,DSDV,0.9164607757087416,AOMDV,0.5963831531569302,0.3200776225518114
INST_1823,100,20,20,5,3,101823,DSDV,0.9055084725079001,AOMDV,0.575463653697186,0.3300448188107141
INST_1824,100,20,20,5,4,101824,DSDV,1.0,AOMDV,0.2289566295851256,0.7710433704148744
INST_1825,100,20,20,5,5,101825,DSDV,0.8687615536027281,AOMDV,0.6901828987320253,0.1785786548707028
INST_1826,100,20,20,6,1,101826,DSDV,1.0,AODV,0.21268187559297083,0.7873181244070292
INST_1827,100,20,20,6,2,101827,DSDV,1.0,AODV,0.1905442941557337,0.8094557058442663
INST_1828,100,20,20,6,3,101828,DSDV,0.8656419517759129,AOMDV,0.5306446818786354,0.3349972698972774
INST_1829,100,20,20,6,4,101829,DSDV,0.9438276309022322,AODV,0.37884493528741525,0.564982695614817
INST_1830,100,20,20,6,5,101830,DSDV,1.0,AODV,0.340478253798071,0.6595217462019289
INST_1831,100,20,22,2,1,101831,AOMDV,0.6526130835691508,DSDV,0.4875958060510478,0.16501727751810302
INST_1832,100,20,22,2,2,101832,AOMDV,0.6533687953933045,DSDV,0.4886074959259725,0.16476129946733198
INST_1833,100,20,22,2,3,101833,AOMDV,0.6044393843441748,AODV,0.49708302232932566,0.1073563620148491
INST_1834,100,20,22,2,4,101834,DSDV,0.75,AOMDV,0.5134933627243479,0.23650663727565213
INST_1835,100,20,22,2,5,101835,AOMDV,0.626088072346219,AODV,0.4974229839104176,0.12866508843580138
INST_1836,100,20,22,3,1,101836,DSDV,0.75,AOMDV,0.6368937851514915,0.11310621484850847
INST_1837,100,20,22,3,2,101837,AOMDV,0.852935148467848,DSDV,0.6910967207350243,0.16183842773282375
INST_1838,100,20,22,3,3,101838,AOMDV,0.7675326783755877,DSDV,0.6823741429422051,0.08515853543338259
INST_1839,100,20,22,3,4,101839,AOMDV,0.8296815960633919,DSDV,0.7630673982099845,0.06661419785340739
INST_1840,100,20,22,3,5,101840,DSDV,0.75,AOMDV,0.5568718120302234,0.1931281879697766
INST_1841,100,20,22,4,1,101841,DSDV,1.0,AOMDV,0.420306580948808,0.579693419051192
INST_1842,100,20,22,4,2,101842,DSDV,0.9874608267214361,AOMDV,0.6566783641316424,0.3307824625897937
INST_1843,100,20,22,4,3,101843,AOMDV,0.9072748143102611,DSDV,0.8721634944145957,0.035111319895665405
INST_1844,100,20,22,4,4,101844,DSDV,1.0,AOMDV,0.32135355791111525,0.6786464420888847
INST_1845,100,20,22,4,5,101845,DSDV,0.75,AOMDV,0.4002443432328235,0.3497556567671765
INST_1846,100,20,22,5,1,101846,DSDV,1.0,AODV,0.2211549834221717,0.7788450165778282
INST_1847,100,20,22,5,2,101847,DSDV,1.0,AODV,0.2379916939194723,0.7620083060805277
INST_1848,100,20,22,5,3,101848,DSDV,0.912812493503125,AOMDV,0.7618921785363234,0.15092031496680158
INST_1849,100,20,22,5,4,101849,DSDV,1.0,AOMDV,0.48756496420850165,0.5124350357914984
INST_1850,100,20,22,5,5,101850,DSDV,1.0,AODV,0.24246574078681205,0.757534259213188
INST_1851,100,20,22,6,1,101851,DSDV,1.0,AODV,0.24071992198986517,0.7592800780101349
INST_1852,100,20,22,6,2,101852,DSDV,1.0,AODV,0.5117364392254649,0.48826356077453514
INST_1853,100,20,22,6,3,101853,DSDV,0.9983713606594381,AOMDV,0.6154412660552793,0.38293009460415883
INST_1854,100,20,22,6,4,101854,DSDV,1.0,AOMDV,0.2486349929600954,0.7513650070399046
INST_1855,100,20,22,6,5,101855,DSDV,1.0,AODV,0.453415329593325,0.546584670406675
INST_1856,100,20,22,8,1,101856,DSDV,1.0,AODV,0.27885872115197563,0.7211412788480244
INST_1857,100,20,22,8,2,101857,DSDV,1.0,AOMDV,0.17929543718473998,0.82070456281526
INST_1858,100,20,22,8,3,101858,DSDV,1.0,AODV,0.16266669943071652,0.8373333005692835
INST_1859,100,20,22,8,4,101859,DSDV,1.0,AODV,0.23697550118499003,0.76302449881501
INST_1860,100,20,22,8,5,101860,DSDV,1.0,AODV,0.19595134147668272,0.8040486585233173
INST_1861,100,20,25,3,1,101861,DSDV,1.0,AOMDV,0.5418397895213793,0.45816021047862066
INST_1862,100,20,25,3,2,101862,DSDV,0.75,AOMDV,0.5931068315327052,0.15689316846729484
INST_1863,100,20,25,3,3,101863,AOMDV,0.8914502048397999,DSDV,0.4355974937211524,0.45585271111864745
INST_1864,100,20,25,3,4,101864,DSDV,0.9804634195395107,AOMDV,0.7065970283652352,0.27386639117427547
INST_1865,100,20,25,3,5,101865,AOMDV,0.7680255988523427,DSDV,0.75,0.018025598852342672
INST_1866,100,20,25,5,1,101866,DSDV,1.0,AODV,0.44982239373063126,0.5501776062693687
INST_1867,100,20,25,5,2,101867,DSDV,1.0,AODV,0.16186131885665087,0.8381386811433491
INST_1868,100,20,25,5,3,101868,DSDV,1.0,AOMDV,0.3405152077358349,0.6594847922641651
INST_1869,100,20,25,5,4,101869,DSDV,1.0,AODV,0.22335952622187252,0.7766404737781275
INST_1870,100,20,25,5,5,101870,DSDV,0.9634653858513831,AODV,0.4555018222475136,0.5079635636038695
INST_1871,100,20,25,6,1,101871,DSDV,1.0,AODV,0.16204500211822445,0.8379549978817755
INST_1872,100,20,25,6,2,101872,DSDV,1.0,AODV,0.2082541719414298,0.7917458280585702
INST_1873,100,20,25,6,3,101873,DSDV,1.0,AOMDV,0.20886578005168166,0.7911342199483183
INST_1874,100,20,25,6,4,101874,DSDV,1.0,AODV,0.158865596437097,0.841134403562903
INST_1875,100,20,25,6,5,101875,DSDV,0.9093508830818968,AODV,0.4907813463870043,0.4185695366948925
INST_1876,100,30,5,3,1,101876,DSDV,0.7348636776420473,AOMDV,0.5625423960810109,0.17232128156103643
INST_1877,100,30,5,3,2,101877,AODV,0.7118026668367387,AOMDV,0.6356164416241321,0.07618622521260654
INST_1878,100,30,5,3,3,101878,AOMDV,0.6113766724108778,AODV,0.5421669748147204,0.06920969759615736
INST_1879,100,30,5,3,4,101879,DSDV,0.5881831020641437,AOMDV,0.5804216801478805,0.007761421916263167
INST_1880,100,30,5,3,5,101880,AODV,0.5881167060316677,AOMDV,0.5857572772853413,0.002359428746326331
INST_1881,100,30,5,5,1,101881,DSDV,0.7429815566960533,AODV,0.5726249106063848,0.1703566460896685
INST_1882,100,30,5,5,2,101882,AODV,0.6818572809365568,AOMDV,0.5869158905428421,0.09494139039371474
INST_1883,100,30,5,5,3,101883,AODV,0.75,AOMDV,0.49306368606089607,0.25693631393910393
INST_1884,100,30,5,5,4,101884,DSDV,0.7430150197788208,AODV,0.5,0.24301501977882078
INST_1885,100,30,5,5,5,101885,AODV,0.6416695328696151,AOMDV,0.5784993728373188,0.06317016003229636
INST_1886,100,30,5,6,1,101886,DSDV,0.75,AODV,0.6892803545639669,0.06071964543603314
INST_1887,100,30,5,6,2,101887,DSDV,0.741494036361184,AOMDV,0.5978325724478666,0.14366146391331747
INST_1888,100,30,5,6,3,101888,AODV,0.6380424679970842,AOMDV,0.5224201462129638,0.11562232178412035
INST_1889,100,30,5,6,4,101889,AODV,0.6422459328724249,AOMDV,0.6021907894597929,0.040055143412632055
INST_1890,100,30,5,6,5,101890,DSDV,0.75,AOMDV,0.6144918181924547,0.1355081818075453
INST_1891,100,30,7,2,1,101891,AOMDV,0.6370876037156326,AODV,0.6218219534650753,0.015265650250557261
INST_1892,100,30,7,2,2,101892,AODV,0.6964016834199063,AOMDV,0.6179554460362884,0.07844623738361789
INST_1893,100,30,7,2,3,101893,DSDV,0.75,AOMDV,0.5757526150436381,0.17424738495636194
INST_1894,100,30,7,2,4,101894,AODV,0.6677996428157901,AOMDV,0.6402728424663231,0.027526800349466973
INST_1895,100,30,7,2,5,101895,AODV,0.6580524219799588,AOMDV,0.6194852936918793,0.03856712828807951
INST_1896,100,30,7,3,1,101896,AODV,0.6992144462063451,AOMDV,0.5224033295476382,0.17681111665870686
INST_1897,100,30,7,3,2,101897,AOMDV,0.6117068777251089,AODV,0.6002660965421454,0.011440781182963544
INST_1898,100,30,7,3,3,101898,DSDV,0.75,AODV,0.5999948202767261,0.15000517972327387
INST_1899,100,30,7,3,4,101899,AOMDV,0.6124813140025605,AODV,0.5946873664021236,0.017793947600436844
INST_1900,100,30,7,3,5,101900,DSDV,0.75,AOMDV,0.5443895608020112,0.20561043919798883
INST_1901,100,30,7,4,1,101901,AOMDV,0.6192934736162571,DSDV,0.4906213321538131,0.128672141462444
INST_1902,100,30,7,4,2,101902,AODV,0.6366658362852101,AOMDV,0.6156462591394999,0.021019577145710233
INST_1903,100,30,7,4,3,101903,AOMDV,0.6256058075944577,AODV,0.5500169437745781,0.07558886381987961
INST_1904,100,30,7,4,4,101904,DSDV,0.6948873535207795,AOMDV,0.6204256689474461,0.07446168457333335
INST_1905,100,30,7,4,5,101905,AOMDV,0.5945872072478785,AODV,0.5846813610393213,0.009905846208557167
INST_1906,100,30,7,5,1,101906,AOMDV,0.6060238391054512,AODV,0.56466503276442,0.041358806341031173
INST_1907,100,30,7,5,2,101907,AOMDV,0.6312997388758628,AODV,0.5400597242605918,0.09124001461527098
INST_1908,100,30,7,5,3,101908,AOMDV,0.5960918614634554,DSDV,0.515067592644167,0.08102426881928837
INST_1909,100,30,7,5,4,101909,DSDV,0.75,AODV,0.5841750795292031,0.1658249204707969
INST_1910,100,30,7,5,5,101910,DSDV,0.75,AOMDV,0.5568820034026208,0.19311799659737916
INST_1911,100,30,7,6,1,101911,AODV,0.7173750540164646,DSDV,0.5,0.21737505401646462
INST_1912,100,30,7,6,2,101912,DSDV,0.6740506075858799,AOMDV,0.6341007203447234,0.039949887241156445
INST_1913,100,30,7,6,3,101913,DSDV,0.6372944947913369,AOMDV,0.6063327040240709,0.030961790767266018
INST_1914,100,30,7,6,4,101914,AOMDV,0.6123234863769094,DSDV,0.5439871517209204,0.06833633465598898
INST_1915,100,30,7,6,5,101915,DSDV,0.75,AOMDV,0.6154670940462432,0.13453290595375678
INST_1916,100,30,7,8,1,101916,DSDV,0.75,AOMDV,0.43536023566209414,0.31463976433790586
INST_1917,100,30,7,8,2,101917,DSDV,0.75,AODV,0.4570589981058457,0.2929410018941543
INST_1918,100,30,7,8,3,101918,AOMDV,0.6474879909943559,DSDV,0.5441133408414028,0.10337465015295311
INST_1919,100,30,7,8,4,101919,AOMDV,0.6453416124569268,AODV,0.580011360566519,0.06533025189040775
INST_1920,100,30,7,8,5,101920,AOMDV,0.6914274096465692,AODV,0.4001117254630854,0.29131568418348386
INST_1921,100,30,10,3,1,101921,AOMDV,0.6228702511272499,AODV,0.5477481538625779,0.075122097264672
INST_1922,100,30,10,3,2,101922,AOMDV,0.6209424036143473,DSDV,0.6113254387365965,0.009616964877750767
INST_1923,100,30,10,3,3,101923,DSDV,0.75,AOMDV,0.5206727231615884,0.2293272768384116
INST_1924,100,30,10,3,4,101924,AOMDV,0.6114075166025306,AODV,0.5419293788056405,0.06947813779689005
INST_1925,100,30,10,3,5,101925,AOMDV,0.5970543836681164,DSDV,0.45146852670073945,0.14558585696737691
INST_1926,100,30,10,5,1,101926,AOMDV,0.6356116106005354,AODV,0.4966044602787752,0.1390071503217602
INST_1927,100,30,10,5,2,101927,DSDV,0.7479544134234637,AOMDV,0.6044833980490361,0.14347101537442764
INST_1928,100,30,10,5,3,101928,AOMDV,0.6336023138440856,AODV,0.5648489703699675,0.0687533434741181
INST_1929,100,30,10,5,4,101929,AOMDV,0.5846010843539609,AODV,0.4962600866653988,0.08834099768856207
INST_1930,100,30,10,5,5,101930,AOMDV,0.6444672642339034,DSDV,0.44504244754431627,0.19942481668958717
INST_1931,100,30,10,6,1,101931,AOMDV,0.7021062504907049,DSDV,0.5,0.20210625049070485
INST_1932,100,30,10,6,2,101932,AOMDV,0.5814260415839319,DSDV,0.509115640275146,0.07231040130878585
INST_1933,100,30,10,6,3,101933,AOMDV,0.7131690668854875,DSDV,0.5277954705187786,0.18537359636670891
INST_1934,100,30,10,6,4,101934,DSDV,0.7388725338445917,AODV,0.39465590741245943,0.3442166264321323
INST_1935,100,30,10,6,5,101935,AOMDV,0.7369658093990897,AODV,0.47170029141276193,0.2652655179863278
INST_1936,100,30,12,2,1,101936,AODV,0.7483128179479577,AOMDV,0.627426513816776,0.12088630413118162
INST_1937,100,30,12,2,2,101937,DSDV,0.75,AOMDV,0.5454831925618653,0.20451680743813472
INST_1938,100,30,12,2,3,101938,AOMDV,0.6038389004308649,AODV,0.5312952572271404,0.07254364320372442
INST_1939,100,30,12,2,4,101939,AOMDV,0.6146153864865325,AODV,0.5564564061629301,0.05815898032360234
INST_1940,100,30,12,2,5,101940,AOMDV,0.5987836985018418,AODV,0.5280340878218458,0.07074961067999597
INST_1941,100,30,12,3,1,101941,DSDV,0.75,AOMDV,0.5781459656925186,0.17185403430748136
INST_1942,100,30,12,3,2,101942,AOMDV,0.6288923916307161,DSDV,0.4809237942835421,0.147968597347174
INST_1943,100,30,12,3,3,101943,AODV,0.6379378546701303,AOMDV,0.5999999960407332,0.037937858629397136
INST_1944,100,30,12,3,4,101944,DSDV,0.75,AODV,0.41028042396932907,0.33971957603067093
INST_1945,100,30,12,3,5,101945,AOMDV,0.5860786436829815,DSDV,0.5281070108305392,0.05797163285244222
INST_1946,100,30,12,4,1,101946,AOMDV,0.6218081471891088,DSDV,0.4738985234682145,0.14790962372089433
INST_1947,100,30,12,4,2,101947,AOMDV,0.5839761529639889,AODV,0.3904628896505332,0.19351326331345564
INST_1948,100,30,12,4,3,101948,AOMDV,0.6251154144018745,AODV,0.4555571335125012,0.16955828088937325
INST_1949,100,30,12,4,4,101949,AODV,0.7836074924776436,AOMDV,0.5438434083501043,0.23976408412753936
INST_1950,100,30,12,4,5,101950,AOMDV,0.6897622594809915,AODV,0.41207096498095475,0.2776912945000367
INST_1951,100,30,12,5,1,101951,AOMDV,0.6557536105185979,DSDV,0.5056264594904216,0.1501271510281763
INST_1952,100,30,12,5,2,101952,AOMDV,0.7175506485283525,DSDV,0.39147636586039175,0.32607428266796074
INST_1953,100,30,12,5,3,101953,AOMDV,0.6732609152689943,DSDV,0.384311625152516,0.28894929011647835
INST_1954,100,30,12,5,4,101954,AOMDV,0.7681650287191605,AODV,0.3706778388880318,0.3974871898311287
INST_1955,100,30,12,5,5,101955,AOMDV,0.7540888573087589,AODV,0.563903867105861,0.1901849902028978
INST_1956,100,30,12,6,1,101956,DSDV,0.75,AOMDV,0.3926506905374593,0.3573493094625407
INST_1957,100,30,12,6,2,101957,AOMDV,0.8408827405108372,DSDV,0.40384007292135804,0.4370426675894792
INST_1958,100,30,12,6,3,101958,AOMDV,0.8778429459989118,DSDV,0.5799755465104175,0.2978673994884943
INST_1959,100,30,12,6,4,101959,AOMDV,0.8769014585367925,DSDV,0.3980122384522301,0.47888922008456236
INST_1960,100,30,12,6,5,101960,AOMDV,0.8941867338248193,AODV,0.3530979704410948,0.5410887633837245
INST_1961,100,30,12,8,1,101961,AODV,0.5653541345321895,DSDV,0.5,0.06535413453218952
INST_1962,100,30,12,8,2,101962,AODV,0.7058455967477176,DSDV,0.5764061183131985,0.12943947843451908
INST_1963,100,30,12,8,3,101963,DSDV,0.7318694332548146,AOMDV,0.7282119355378348,0.003657497716979763
INST_1964,100,30,12,8,4,101964,AOMDV,0.6899507274717237,DSDV,0.5604922508407275,0.1294584766309962
INST_1965,100,30,12,8,5,101965,DSDV,0.708073351115988,AOMDV,0.6570458383428303,0.05102751277315776
INST_1966,100,30,15,3,1,101966,AOMDV,0.6371240341745549,AODV,0.44631559874706356,0.19080843542749132
INST_1967,100,30,15,3,2,101967,AOMDV,0.6610466432464303,AODV,0.4210129903249141,0.24003365292151613
INST_1968,100,30,15,3,3,101968,AOMDV,0.6274940165130422,AODV,0.4958579344633918,0.13163608204965033
INST_1969,100,30,15,3,4,101969,AOMDV,0.7079230235232263,DSDV,0.3910674739883051,0.31685554953492123
INST_1970,100,30,15,3,5,101970,AODV,0.5851074567925911,AOMDV,0.3676108386976298,0.21749661809496135
INST_1971,100,30,15,5,1,101971,DSDV,0.6324335886590272,AOMDV,0.49415971545527504,0.13827387320375217
INST_1972,100,30,15,5,2,101972,AOMDV,0.902336088645156,DSDV,0.4963978178135945,0.40593827083156153
INST_1973,100,30,15,5,3,101973,AOMDV,0.8152552549106605,DSDV,0.4452968570416962,0.36995839786896434
INST_1974,100,30,15,5,4,101974,AOMDV,0.9057301032119163,DSDV,0.3002985701585344,0.6054315330533819
INST_1975,100,30,15,5,5,101975,AOMDV,0.8692738480490629,AODV,0.26785548421563216,0.6014183638334307
INST_1976,100,30,15,6,1,101976,DSDV,0.5223860493185158,AOMDV,0.38780371335548053,0.13458233596303532
INST_1977,100,30,15,6,2,101977,DSDV,0.7375080803679208,AOMDV,0.667095019979842,0.07041306038807882
INST_1978,100,30,15,6,3,101978,AOMDV,0.8664953753189379,DSDV,0.5,0.36649537531893794
INST_1979,100,30,15,6,4,101979,AOMDV,0.9039604129619461,DSDV,0.6645772847141851,0.23938312824776098
INST_1980,100,30,15,6,5,101980,AODV,0.6937661741070679,AOMDV,0.5279952926148911,0.16577088149217678
INST_1981,100,30,18,2,1,101981,AOMDV,0.6377917446624728,DSDV,0.5370119334172713,0.10077981124520152
INST_1982,100,30,18,2,2,101982,DSDV,0.7235338519882457,AODV,0.45851715780115854,0.2650166941870872
INST_1983,100,30,18,2,3,101983,AOMDV,0.6138972160445575,DSDV,0.5597386269486107,0.05415858909594684
INST_1984,100,30,18,2,4,101984,AOMDV,0.6172484595695895,AODV,0.5020735482912434,0.11517491127834611
INST_1985,100,30,18,2,5,101985,AODV,0.6486791039168665,AOMDV,0.6189832333419232,0.029695870574943273
INST_1986,100,30,18,3,1,101986,AOMDV,0.6364654147446691,DSDV,0.5138730780668626,0.12259233667780656
INST_1987,100,30,18,3,2,101987,AOMDV,0.692214047881361,AODV,0.3738783858892697,0.3183356619920913
INST_1988,100,30,18,3,3,101988,AOMDV,0.5997688710604023,DSDV,0.46999834785860883,0.1297705232017935
INST_1989,100,30,18,3,4,101989,AOMDV,0.8320430790739657,DSDV,0.43771556301189296,0.3943275160620727
INST_1990,100,30,18,3,5,101990,AOMDV,0.5607467419949403,AODV,0.4908012662053267,0.06994547578961363
INST_1991,100,30,18,4,1,101991,AOMDV,0.8299741549264934,DSDV,0.6277212603432987,0.20225289458319473
INST_1992,100,30,18,4,2,101992,AOMDV,0.8072418184418452,DSDV,0.4892422398765147,0.31799957856533045
INST_1993,100,30,18,4,3,101993,AOMDV,0.8131334232713266,DSDV,0.6706910599891923,0.14244236328213433
INST_1994,100,30,18,4,4,101994,AOMDV,0.9287846920662559,DSDV,0.41468769123948895,0.5140970008267669
INST_1995,100,30,18,4,5,101995,AOMDV,0.843286344883619,DSDV,0.3742802126559948,0.46900613222762416
INST_1996,100,30,18,5,1,101996,AOMDV,0.6194211861011172,DSDV,0.5,0.11942118610111718
INST_1997,100,30,18,5,2,101997,DSDV,0.75,AOMDV,0.6815625636535517,0.06843743634644828
INST_1998,100,30,18,5,3,101998,AOMDV,0.8821417693207473,DSDV,0.571369281378777,0.3107724879419703
INST_1999,100,30,18,5,4,101999,DSDV,0.8130192026593263,AOMDV,0.75139909366852,0.06162010899080628
INST_2000,100,30,18,5,5,102000,AOMDV,0.8253553755972317,DSDV,0.6681340395312688,0.1572213360659629
INST_2001,100,30,18,6,1,102001,DSDV,0.9596697987987735,AOMDV,0.3426221969748523,0.6170476018239212
INST_2002,100,30,18,6,2,102002,DSDV,0.5784291917788403,AOMDV,0.572342832716678,0.006086359062162372
INST_2003,100,30,18,6,3,102003,DSDV,0.7706980955586388,AOMDV,0.3737936090535061,0.39690448650513266
INST_2004,100,30,18,6,4,102004,AOMDV,0.6341692571660926,DSDV,0.573372776981198,0.060796480184894586
INST_2005,100,30,18,6,5,102005,DSDV,0.75,AOMDV,0.3694714917919336,0.3805285082080664
INST_2006,100,30,18,8,1,102006,DSDV,0.7930801207490992,AOMDV,0.3001952295284147,0.49288489122068446
INST_2007,100,30,18,8,2,102007,DSDV,1.0,AODV,0.22340092505850165,0.7765990749414984
INST_2008,100,30,18,8,3,102008,DSDV,0.6602815106597776,AODV,0.6519864063151082,0.008295104344669402
INST_2009,100,30,18,8,4,102009,DSDV,0.9204199350557809,AOMDV,0.4522960290344765,0.4681239060213044
INST_2010,100,30,18,8,5,102010,DSDV,1.0,AOMDV,0.1304638319035797,0.8695361680964203
INST_2011,100,30,20,3,1,102011,AOMDV,0.7727788127749255,DSDV,0.5437956718173177,0.22898314095760786
INST_2012,100,30,20,3,2,102012,AOMDV,0.7172496298560233,DSDV,0.579049135705349,0.13820049415067426
INST_2013,100,30,20,3,3,102013,AOMDV,0.640260627341745,AODV,0.4389851852653814,0.20127544207636366
INST_2014,100,30,20,3,4,102014,AOMDV,0.9179723166919465,DSDV,0.3169798786461357,0.6009924380458107
INST_2015,100,30,20,3,5,102015,AOMDV,0.6723004513766795,DSDV,0.29063673991618627,0.3816637114604932
INST_2016,100,30,20,5,1,102016,DSDV,1.0,AODV,0.26050095704754367,0.7394990429524564
INST_2017,100,30,20,5,2,102017,DSDV,0.75,AOMDV,0.44101261326054625,0.30898738673945375
INST_2018,100,30,20,5,3,102018,DSDV,0.75,AOMDV,0.49131429192798853,0.25868570807201147
INST_2019,100,30,20,5,4,102019,DSDV,0.7230837048305687,AOMDV,0.6370878384791138,0.08599586635145495
INST_2020,100,30,20,5,5,102020,DSDV,0.75,AOMDV,0.6166073575967963,0.1333926424032037
INST_2021,100,30,20,6,1,102021,DSDV,1.0,AOMDV,0.23426641223792352,0.7657335877620765
INST_2022,100,30,20,6,2,102022,DSDV,0.9252989256361559,AOMDV,0.35213706389501953,0.5731618617411364
INST_2023,100,30,20,6,3,102023,DSDV,0.8530800173947342,AOMDV,0.6226784598858219,0.23040155750891222
INST_2024,100,30,20,6,4,102024,DSDV,1.0,AOMDV,0.4206432183075375,0.5793567816924625
INST_2025,100,30,20,6,5,102025,DSDV,0.7486699589926791,AOMDV,0.7124254102737733,0.03624454871890581
INST_2026,100,30,22,2,1,102026,AOMDV,0.6203703721226602,DSDV,0.5824754312032154,0.037894940919444786
INST_2027,100,30,22,2,2,102027,AODV,0.6371982475306579,AOMDV,0.5956267593150263,0.04157148821563161
INST_2028,100,30,22,2,3,102028,AOMDV,0.6001872570761269,DSDV,0.5860867331430666,0.014100523933060272
INST_2029,100,30,22,2,4,102029,AOMDV,0.6503026969161633,DSDV,0.42923893650367007,0.2210637604124932
INST_2030,100,30,22,2,5,102030,DSDV,0.6535912353723662,AOMDV,0.5971575023944067,0.056433732977959505
INST_2031,100,30,22,3,1,102031,AOMDV,0.7515336201426217,DSDV,0.75,0.0015336201426217055
INST_2032,100,30,22,3,2,102032,AOMDV,0.7531698658886311,AODV,0.4513780494762116,0.30179181641241953
INST_2033,100,30,22,3,3,102033,AOMDV,0.7834248578559211,DSDV,0.6396157820454162,0.14380907581050484
INST_2034,100,30,22,3,4,102034,AOMDV,0.9228949173812966,DSDV,0.6204973648309258,0.3023975525503708
INST_2035,100,30,22,3,5,102035,AOMDV,0.8006825696988485,DSDV,0.38370456494531724,0.4169780047535313
INST_2036,100,30,22,4,1,102036,DSDV,0.7452575830781033,AOMDV,0.6906569387543593,0.05460064432374401
INST_2037,100,30,22,4,2,102037,DSDV,0.75,AOMDV,0.556396948678045,0.193603051321955
INST_2038,100,30,22,4,3,102038,AOMDV,0.8261145166587458,DSDV,0.75,0.0761145166587458
INST_2039,100,30,22,4,4,102039,AOMDV,0.784024848949167,DSDV,0.7613243348669566,0.02270051408221041
INST_2040,100,30,22,4,5,102040,AOMDV,0.8977334369383397,DSDV,0.5148233833010595,0.38291005363728026
INST_2041,100,30,22,5,1,102041,DSDV,1.0,AODV,0.3569835276361756,0.6430164723638244
INST_2042,100,30,22,5,2,102042,AODV,0.6693473014679008,DSDV,0.6205100959112855,0.048837205556615304
INST_2043,100,30,22,5,3,102043,DSDV,1.0,AOMDV,0.3790542660717783,0.6209457339282217
INST_2044,100,30,22,5,4,102044,DSDV,0.9657439798409971,AOMDV,0.4897315499674409,0.47601242987355624
INST_2045,100,30,22,5,5,102045,DSDV,0.75,AOMDV,0.5364271540487742,0.21357284595122583
INST_2046,100,30,22,6,1,102046,DSDV,1.0,AODV,0.34429459471428664,0.6557054052857134
INST_2047,100,30,22,6,2,102047,DSDV,0.75,AODV,0.5728346346708227,0.17716536532917726
INST_2048,100,30,22,6,3,102048,DSDV,1.0,AOMDV,0.4962085221892435,0.5037914778107565
INST_2049,100,30,22,6,4,102049,DSDV,0.8705620732784969,AOMDV,0.6772724435723363,0.1932896297061606
INST_2050,100,30,22,6,5,102050,DSDV,0.9497704130484506,AOMDV,0.6121940288345608,0.3375763842138898
INST_2051,100,30,22,8,1,102051,DSDV,1.0,AODV,0.2294380394622882,0.7705619605377119
INST_2052,100,30,22,8,2,102052,DSDV,1.0,AODV,0.2956423541770179,0.7043576458229821
INST_2053,100,30,22,8,3,102053,DSDV,1.0,AODV,0.28076921291294993,0.71923078708705
INST_2054,100,30,22,8,4,102054,DSDV,1.0,AOMDV,0.24595158646903148,0.7540484135309685
INST_2055,100,30,22,8,5,102055,DSDV,1.0,AODV,0.5242570686226814,0.4757429313773186
INST_2056,100,30,25,3,1,102056,DSDV,0.75,AOMDV,0.5904605960002657,0.15953940399973432
INST_2057,100,30,25,3,2,102057,AOMDV,0.8235016767712677,DSDV,0.40239887822304465,0.4211027985482231
INST_2058,100,30,25,3,3,102058,AOMDV,0.8905104716086373,DSDV,0.5923055214247548,0.2982049501838825
INST_2059,100,30,25,3,4,102059,AOMDV,0.872548211285306,DSDV,0.6838306702631575,0.18871754102214855
INST_2060,100,30,25,3,5,102060,AOMDV,0.8890208821117334,DSDV,0.5368034658831836,0.35221741622854974
INST_2061,100,30,25,5,1,102061,DSDV,1.0,AODV,0.37124178356242654,0.6287582164375735
INST_2062,100,30,25,5,2,102062,DSDV,1.0,AOMDV,0.2110124466200176,0.7889875533799824
INST_2063,100,30,25,5,3,102063,DSDV,1.0,AOMDV,0.32738073530630074,0.6726192646936993
INST_2064,100,30,25,5,4,102064,DSDV,1.0,AOMDV,0.3892916395161954,0.6107083604838046
INST_2065,100,30,25,5,5,102065,DSDV,1.0,AODV,0.3186827921344242,0.6813172078655758
INST_2066,100,30,25,6,1,102066,DSDV,1.0,AOMDV,0.09399879772297928,0.9060012022770207
INST_2067,100,30,25,6,2,102067,DSDV,1.0,AODV,0.3289413680857691,0.6710586319142309
INST_2068,100,30,25,6,3,102068,DSDV,1.0,AOMDV,0.287807044652764,0.7121929553472359
INST_2069,100,30,25,6,4,102069,DSDV,1.0,AOMDV,0.380149929204471,0.619850070795529
INST_2070,100,30,25,6,5,102070,DSDV,1.0,AOMDV,0.4670444784574954,0.5329555215425046
INST_2071,100,40,5,3,1,102071,AODV,0.6608178475640378,AOMDV,0.6130081272303193,0.04780972033371855
INST_2072,100,40,5,3,2,102072,DSDV,0.7474622646746543,AODV,0.545792621707145,0.20166964296750922
INST_2073,100,40,5,3,3,102073,AODV,0.7054571135832972,AOMDV,0.5813577581504068,0.12409935543289041
INST_2074,100,40,5,3,4,102074,DSDV,0.7385933247507339,AOMDV,0.5600137297998378,0.17857959495089615
INST_2075,100,40,5,3,5,102075,AODV,0.6873148002156959,AOMDV,0.6223453381490065,0.06496946206668941
INST_2076,100,40,5,5,1,102076,AODV,0.625764086255323,AOMDV,0.6040897110266219,0.02167437522870108
INST_2077,100,40,5,5,2,102077,AOMDV,0.594176967955419,AODV,0.5711332503815254,0.023043717573893563
INST_2078,100,40,5,5,3,102078,DSDV,0.7086696025567673,AODV,0.7031204459282177,0.005549156628549601
INST_2079,100,40,5,5,4,102079,AODV,0.6511321784119457,AOMDV,0.5985738274748675,0.05255835093707817
INST_2080,100,40,5,5,5,102080,DSDV,0.6045356042930033,AOMDV,0.58147676466097,0.023058839632033368
INST_2081,100,40,5,6,1,102081,DSDV,0.75,AOMDV,0.5781645300619729,0.17183546993802712
INST_2082,100,40,5,6,2,102082,DSDV,0.7290019928224626,AOMDV,0.5987757080481454,0.1302262847743172
INST_2083,100,40,5,6,3,102083,AODV,0.8240670833807343,AOMDV,0.61724313245869,0.2068239509220443
INST_2084,100,40,5,6,4,102084,DSDV,0.7294139013516927,AODV,0.617301161396856,0.11211273995483673
INST_2085,100,40,5,6,5,102085,DSDV,0.7482363720679666,AOMDV,0.6253269179195008,0.12290945414846577
INST_2086,100,40,7,2,1,102086,AODV,0.6989702555757724,AOMDV,0.5193235427231584,0.17964671285261402
INST_2087,100,40,7,2,2,102087,DSDV,0.717131024665019,AOMDV,0.628518514971852,0.08861250969316703
INST_2088,100,40,7,2,3,102088,AODV,0.9871079020326493,AOMDV,0.3220207205886333,0.665087181444016
INST_2089,100,40,7,2,4,102089,AODV,0.8158088631748526,AOMDV,0.615693016456466,0.20011584671838656
INST_2090,100,40,7,2,5,102090,AODV,0.5988306090690194,AOMDV,0.5866445987262985,0.012186010342720932
INST_2091,100,40,7,3,1,102091,AODV,0.7208564519243522,DSDV,0.4931556533342898,0.22770079859006243
INST_2092,100,40,7,3,2,102092,DSDV,0.75,AODV,0.45183790951663977,0.29816209048336023
INST_2093,100,40,7,3,3,102093,AODV,0.5919794654867291,AOMDV,0.5773106362855015,0.014668829201227584
INST_2094,100,40,7,3,4,102094,AODV,0.7220967530520648,AOMDV,0.6033147090625065,0.11878204398955827
INST_2095,100,40,7,3,5,102095,AOMDV,0.623828645918211,AODV,0.5130505691194384,0.1107780767987726
INST_2096,100,40,7,4,1,102096,AODV,0.6939979944375309,AOMDV,0.6282139632018912,0.0657840312356397
INST_2097,100,40,7,4,2,102097,AODV,0.5975634135803276,AOMDV,0.5729310339254222,0.02463237965490539
INST_2098,100,40,7,4,3,102098,AODV,0.6266816485842822,AOMDV,0.5946745533855766,0.03200709519870559
INST_2099,100,40,7,4,4,102099,AODV,0.7443807930494414,AOMDV,0.602702704604821,0.14167808844462038
INST_2100,100,40,7,4,5,102100,DSDV,0.75,AOMDV,0.5643746618063135,0.18562533819368654
INST_2101,100,40,7,5,1,102101,DSDV,0.75,AOMDV,0.5696475349305384,0.18035246506946156
INST_2102,100,40,7,5,2,102102,AODV,0.6249100592235415,AOMDV,0.5671969362302827,0.057713122993258814
INST_2103,100,40,7,5,3,102103,AODV,0.6006699817218066,AOMDV,0.5812500052394154,0.019419976482391244
INST_2104,100,40,7,5,4,102104,AODV,0.7057700398675161,DSDV,0.521923812379482,0.18384622748803403
INST_2105,100,40,7,5,5,102105,DSDV,0.7011672499958284,AOMDV,0.5899769555000371,0.11119029449579121
INST_2106,100,40,7,6,1,102106,AODV,0.762022075218801,AOMDV,0.6167881401861866,0.1452339350326145
INST_2107,100,40,7,6,2,102107,DSDV,0.75,AOMDV,0.528085528331065,0.22191447166893497
INST_2108,100,40,7,6,3,102108,AODV,0.697802920979719,AOMDV,0.5984435194847477,0.09935940149497124
INST_2109,100,40,7,6,4,102109,AODV,0.6813448860001354,AOMDV,0.6032003625433704,0.07814452345676504
INST_2110,100,40,7,6,5,102110,AOMDV,0.6301644989726543,AODV,0.5576499020085719,0.07251459696408236
INST_2111,100,40,7,8,1,102111,AOMDV,0.6296821161124992,DSDV,0.40097531015899707,0.22870680595350218
INST_2112,100,40,7,8,2,102112,AODV,0.7509634699302747,AOMDV,0.6264940224044064,0.1244694475258683
INST_2113,100,40,7,8,3,102113,AOMDV,0.6273108220368135,AODV,0.6094258337145866,0.017884988322226958
INST_2114,100,40,7,8,4,102114,AOMDV,0.6373822974928022,AODV,0.6101018800020749,0.027280417490727293
INST_2115,100,40,7,8,5,102115,AOMDV,0.6341795719079415,AODV,0.36658215692326157,0.2675974149846799
INST_2116,100,40,10,3,1,102116,AOMDV,0.5998436880442197,AODV,0.5624513542580754,0.03739233378614437
INST_2117,100,40,10,3,2,102117,AODV,0.6359987012227604,DSDV,0.5094532858971161,0.12654541532564423
INST_2118,100,40,10,3,3,102118,AODV,0.6814381336050522,DSDV,0.5600136733733534,0.12142446023169884
INST_2119,100,40,10,3,4,102119,AODV,0.6456514184654139,AOMDV,0.6116258191203671,0.034025599345046786
INST_2120,100,40,10,3,5,102120,AOMDV,0.5803022548955411,AODV,0.5066965106790662,0.07360574421647492
INST_2121,100,40,10,5,1,102121,AOMDV,0.624589715015955,AODV,0.4501969668026132,0.17439274821334178
INST_2122,100,40,10,5,2,102122,AOMDV,0.58828094971897,AODV,0.5481312466451495,0.0401497030738206
INST_2123,100,40,10,5,3,102123,AODV,0.6308498510227291,AOMDV,0.5939141233186829,0.036935727704046184
INST_2124,100,40,10,5,4,102124,AODV,0.6428025005539276,AOMDV,0.6385907145524622,0.004211786001465434
INST_2125,100,40,10,5,5,102125,AOMDV,0.6218373454966706,AODV,0.3416660060763449,0.2801713394203257
INST_2126,100,40,10,6,1,102126,AOMDV,0.6596913929862287,DSDV,0.5,0.1596913929862287
INST_2127,100,40,10,6,2,102127,AOMDV,0.6826701651383819,AODV,0.4087731069190492,0.27389705821933263
INST_2128,100,40,10,6,3,102128,AOMDV,0.6948413963361253,AODV,0.4675433250152814,0.2272980713208439
INST_2129,100,40,10,6,4,102129,AOMDV,0.63701646319566,DSDV,0.45355230740833,0.18346415578732994
INST_2130,100,40,10,6,5,102130,AOMDV,0.7122310499746598,DSDV,0.40895431726375564,0.30327673271090416
INST_2131,100,40,12,2,1,102131,AODV,0.7298108450764496,AOMDV,0.6030844115713021,0.12672643350514745
INST_2132,100,40,12,2,2,102132,AODV,0.5822618037580473,AOMDV,0.5712374671600541,0.011024336597993178
INST_2133,100,40,12,2,3,102133,AODV,0.8257756726739959,AOMDV,0.5724456950856335,0.2533299775883624
INST_2134,100,40,12,2,4,102134,AOMDV,0.6086616668407905,AODV,0.6026261875664467,0.00603547927434378
INST_2135,100,40,12,2,5,102135,AOMDV,0.5828182941532297,DSDV,0.46280054433149154,0.12001774982173818
INST_2136,100,40,12,3,1,102136,AOMDV,0.6238548303964468,AODV,0.5639225121604332,0.05993231823601364
INST_2137,100,40,12,3,2,102137,AOMDV,0.59349495644922,AODV,0.5496645982650529,0.04383035818416714
INST_2138,100,40,12,3,3,102138,AODV,0.6620054685735067,AOMDV,0.5359640137320347,0.126041454841472
INST_2139,100,40,12,3,4,102139,AODV,0.6271703427907125,AOMDV,0.6184267759350706,0.008743566855641927
INST_2140,100,40,12,3,5,102140,AODV,0.668733725373339,AOMDV,0.5990173855021828,0.06971633987115622
INST_2141,100,40,12,4,1,102141,AOMDV,0.5948915480963586,AODV,0.47391175396964325,0.12097979412671533
INST_2142,100,40,12,4,2,102142,AODV,0.6768870805507297,AOMDV,0.5931467871259313,0.08374029342479838
INST_2143,100,40,12,4,3,102143,AODV,0.810221383807265,AOMDV,0.5857085091334855,0.22451287467377956
INST_2144,100,40,12,4,4,102144,AOMDV,0.6189423347400611,AODV,0.5488670995559206,0.0700752351841405
INST_2145,100,40,12,4,5,102145,AOMDV,0.6304486714064641,AODV,0.5301967521412378,0.10025191926522625
INST_2146,100,40,12,5,1,102146,AOMDV,0.6952572990122609,DSDV,0.3894015972943705,0.30585570171789034
INST_2147,100,40,12,5,2,102147,AODV,0.6925160304294742,AOMDV,0.6839939585141231,0.008522071915351037
INST_2148,100,40,12,5,3,102148,AOMDV,0.6809015783516424,AODV,0.5037813198199259,0.17712025853171653
INST_2149,100,40,12,5,4,102149,AOMDV,0.7097585254736208,AODV,0.4376075861464939,0.2721509393271269
INST_2150,100,40,12,5,5,102150,AOMDV,0.7201522732363335,AODV,0.4889040774768782,0.23124819575945527
INST_2151,100,40,12,6,1,102151,AOMDV,0.5687248894459964,DSDV,0.5,0.06872488944599642
INST_2152,100,40,12,6,2,102152,AOMDV,0.8567078519911648,AODV,0.41193129224067326,0.4447765597504916
INST_2153,100,40,12,6,3,102153,AOMDV,0.9047534089407422,AODV,0.28957225113139423,0.615181157809348
INST_2154,100,40,12,6,4,102154,AOMDV,0.8111193879770655,DSDV,0.47986545655724666,0.33125393141981885
INST_2155,100,40,12,6,5,102155,AOMDV,0.8173335755014846,AODV,0.4837008640557036,0.33363271144578094
INST_2156,100,40,12,8,1,102156,AOMDV,0.567526823027403,DSDV,0.5322433939641501,0.03528342906325288
INST_2157,100,40,12,8,2,102157,AOMDV,0.819188817207138,AODV,0.35385722572635414,0.46533159148078385
INST_2158,100,40,12,8,3,102158,AOMDV,0.8818038317197481,AODV,0.34132893617151755,0.5404748955482306
INST_2159,100,40,12,8,4,102159,AOMDV,0.8504542420923424,DSDV,0.31149792588036734,0.538956316211975
INST_2160,100,40,12,8,5,102160,AOMDV,0.6499302070735364,DSDV,0.6266349631688517,0.023295243904684737
INST_2161,100,40,15,3,1,102161,AODV,0.6189291115247049,AOMDV,0.6036745378575341,0.015254573667170757
INST_2162,100,40,15,3,2,102162,AOMDV,0.6193411399784109,AODV,0.44248218865594796,0.17685895132246293
INST_2163,100,40,15,3,3,102163,AODV,0.6541959664749777,AOMDV,0.5867813982296681,0.06741456824530956
INST_2164,100,40,15,3,4,102164,AOMDV,0.615637058962635,AODV,0.5768142929029809,0.03882276605965407
INST_2165,100,40,15,3,5,102165,AOMDV,0.6098322204919258,AODV,0.5345077333377248,0.07532448715420093
INST_2166,100,40,15,5,1,102166,AOMDV,0.8142787719932028,DSDV,0.4246828678055079,0.38959590418769485
INST_2167,100,40,15,5,2,102167,AOMDV,0.7836022241150442,AODV,0.3370512779979341,0.4465509461171101
INST_2168,100,40,15,5,3,102168,AOMDV,0.8642902742059213,AODV,0.4474118308113343,0.416878443394587
INST_2169,100,40,15,5,4,102169,AOMDV,0.8323875691667516,DSDV,0.3803818434334778,0.4520057257332738
INST_2170,100,40,15,5,5,102170,AOMDV,0.8370560166557365,AODV,0.3600640092020172,0.4769920074537193
INST_2171,100,40,15,6,1,102171,AOMDV,0.6370987649278856,DSDV,0.5936447597743639,0.04345400515352171
INST_2172,100,40,15,6,2,102172,AOMDV,0.8819790911193334,AODV,0.5081688794177245,0.3738102117016089
INST_2173,100,40,15,6,3,102173,AOMDV,0.9068487997177839,AODV,0.2543021503483355,0.6525466493694484
INST_2174,100,40,15,6,4,102174,AODV,0.7162290304144127,AOMDV,0.6084586672547828,0.10777036315962985
INST_2175,100,40,15,6,5,102175,AOMDV,0.8516568909289779,AODV,0.28427829521285686,0.567378595716121
INST_2176,100,40,18,2,1,102176,AODV,0.6082733912030396,AOMDV,0.6001166540516789,0.008156737151360671
INST_2177,100,40,18,2,2,102177,AODV,0.5854106238970552,AOMDV,0.5718391624477972,0.013571461449258027
INST_2178,100,40,18,2,3,102178,AOMDV,0.5950236986037152,AODV,0.5547089109795311,0.040314787624184056
INST_2179,100,40,18,2,4,102179,AOMDV,0.6063898439383734,AODV,0.45597366708520876,0.1504161768531646
INST_2180,100,40,18,2,5,102180,AODV,0.6102291492621409,DSDV,0.4390960541106929,0.17113309515144798
INST_2181,100,40,18,3,1,102181,AOMDV,0.6490096454958579,DSDV,0.40076353255854097,0.24824611293731697
INST_2182,100,40,18,3,2,102182,AOMDV,0.5472415550244485,AODV,0.5,0.04724155502444849
INST_2183,100,40,18,3,3,102183,AOMDV,0.6558230625341286,AODV,0.3621164611507903,0.29370660138333826
INST_2184,100,40,18,3,4,102184,AOMDV,0.7786378483354355,AODV,0.35527651562108914,0.42336133271434634
INST_2185,100,40,18,3,5,102185,AODV,0.6836949500928121,AOMDV,0.6205018186491624,0.06319313144364969
INST_2186,100,40,18,4,1,102186,AOMDV,0.848426829615958,DSDV,0.5265461749967562,0.3218806546192018
INST_2187,100,40,18,4,2,102187,AOMDV,0.8689572468586351,DSDV,0.31273675432279285,0.5562204925358423
INST_2188,100,40,18,4,3,102188,AOMDV,0.8039578990702555,DSDV,0.34648314474642095,0.45747475432383455
INST_2189,100,40,18,4,4,102189,AOMDV,0.8997752181612885,DSDV,0.4061015373767376,0.4936736807845509
INST_2190,100,40,18,4,5,102190,AOMDV,0.7930737087018548,DSDV,0.5249033637098383,0.26817034499201653
INST_2191,100,40,18,5,1,102191,DSDV,0.75,AOMDV,0.3894379463919398,0.3605620536080602
INST_2192,100,40,18,5,2,102192,AOMDV,0.8905530375942123,DSDV,0.6516455597459127,0.2389074778482997
INST_2193,100,40,18,5,3,102193,AOMDV,0.9038711193547754,DSDV,0.4713970278542706,0.43247409150050475
INST_2194,100,40,18,5,4,102194,AOMDV,0.9009760188524948,DSDV,0.49210309587413426,0.40887292297836053
INST_2195,100,40,18,5,5,102195,AOMDV,0.5940279216352836,DSDV,0.5,0.09402792163528362
INST_2196,100,40,18,6,1,102196,DSDV,0.9028312589417431,AOMDV,0.6002029446008142,0.30262831434092885
INST_2197,100,40,18,6,2,102197,DSDV,0.6365416950937759,AODV,0.5716447531871549,0.06489694190662099
INST_2198,100,40,18,6,3,102198,AOMDV,0.6725499032857003,DSDV,0.6373608500916463,0.035189053194053965
INST_2199,100,40,18,6,4,102199,AOMDV,0.636653018927825,DSDV,0.5929892836278792,0.04366373529994583
INST_2200,100,40,18,6,5,102200,AODV,0.6087534474414826,DSDV,0.5036120019418348,0.10514144549964788
INST_2201,100,40,18,8,1,102201,DSDV,0.75,AODV,0.46018266168707767,0.28981733831292233
INST_2202,100,40,18,8,2,102202,AODV,0.7280077534797859,DSDV,0.7132916996419087,0.014716053837877108
INST_2203,100,40,18,8,3,102203,DSDV,1.0,AOMDV,0.42809062642649653,0.5719093735735035
INST_2204,100,40,18,8,4,102204,DSDV,0.75,AODV,0.5960465806083075,0.1539534193916925
INST_2205,100,40,18,8,5,102205,AODV,0.726363557622689,DSDV,0.5190572067156113,0.20730635090707772
INST_2206,100,40,20,3,1,102206,AOMDV,0.7291662072031264,DSDV,0.4354119080479421,0.2937542991551843
INST_2207,100,40,20,3,2,102207,AOMDV,0.7958979587743075,AODV,0.37138013100385486,0.4245178277704526
INST_2208,100,40,20,3,3,102208,AOMDV,0.7634846127724308,AODV,0.48386321393587284,0.279621398836558
INST_2209,100,40,20,3,4,102209,AOMDV,0.906916033339099,DSDV,0.4078138340556352,0.4991021992834638
INST_2210,100,40,20,3,5,102210,AOMDV,0.7582795906652231,DSDV,0.4365383360315558,0.3217412546336673
INST_2211,100,40,20,5,1,102211,DSDV,0.9008151725321963,AOMDV,0.4843712502557068,0.4164439222764895
INST_2212,100,40,20,5,2,102212,DSDV,0.8055026585643363,AOMDV,0.737642844124888,0.06785981443944833
INST_2213,100,40,20,5,3,102213,DSDV,0.75,AOMDV,0.5102453292025712,0.23975467079742885
INST_2214,100,40,20,5,4,102214,DSDV,0.789976782462057,AOMDV,0.6427661018745885,0.14721068058746856
INST_2215,100,40,20,5,5,102215,AOMDV,0.6204759711775618,DSDV,0.5,0.12047597117756181
INST_2216,100,40,20,6,1,102216,DSDV,1.0,AOMDV,0.49125142718671405,0.5087485728132859
INST_2217,100,40,20,6,2,102217,DSDV,0.7325214978506496,AODV,0.7254413824917126,0.007080115358936934
INST_2218,100,40,20,6,3,102218,DSDV,0.8571630802311274,AOMDV,0.6902345951685753,0.1669284850625521
INST_2219,100,40,20,6,4,102219,DSDV,0.9071553333971547,AOMDV,0.6206345228317985,0.28652081056535617
INST_2220,100,40,20,6,5,102220,AODV,0.7095505708492825,DSDV,0.5,0.20955057084928252
INST_2221,100,40,22,2,1,102221,AOMDV,0.6745135373953042,AODV,0.48034043669806303,0.19417310069724114
INST_2222,100,40,22,2,2,102222,AOMDV,0.6190133232519736,AODV,0.3684759789726241,0.2505373442793495
INST_2223,100,40,22,2,3,102223,AOMDV,0.5730722327155888,AODV,0.5406988958391399,0.032373336876448944
INST_2224,100,40,22,2,4,102224,AOMDV,0.6467635249977536,AODV,0.38343080285401576,0.2633327221437378
INST_2225,100,40,22,2,5,102225,AOMDV,0.5849438710461494,DSDV,0.5,0.08494387104614942
INST_2226,100,40,22,3,1,102226,AOMDV,0.8661236762192325,DSDV,0.5,0.3661236762192325
INST_2227,100,40,22,3,2,102227,AOMDV,0.8704974727748389,DSDV,0.5349603921968803,0.3355370805779586
INST_2228,100,40,22,3,3,102228,AOMDV,0.8154284520240956,AODV,0.41245213895393973,0.4029763130701559
INST_2229,100,40,22,3,4,102229,AOMDV,0.8886340848858542,DSDV,0.39802553244190114,0.490608552443953
INST_2230,100,40,22,3,5,102230,AOMDV,0.7239951480219742,DSDV,0.4260602481409449,0.2979348998810293
INST_2231,100,40,22,4,1,102231,AOMDV,0.6366912391134206,DSDV,0.5,0.13669123911342063
INST_2232,100,40,22,4,2,102232,AOMDV,0.7402159010406655,DSDV,0.5,0.24021590104066548
INST_2233,100,40,22,4,3,102233,AOMDV,0.8998603608840281,DSDV,0.342587209337488,0.5572731515465401
INST_2234,100,40,22,4,4,102234,AOMDV,0.8576615987644031,DSDV,0.6298674043631259,0.22779419440127713
INST_2235,100,40,22,4,5,102235,DSDV,0.75,AOMDV,0.7373136672067895,0.01268633279321052
INST_2236,100,40,22,5,1,102236,DSDV,0.986669222829489,AOMDV,0.428952063224726,0.557717159604763
INST_2237,100,40,22,5,2,102237,AOMDV,0.599198200266077,DSDV,0.5,0.09919820026607695
INST_2238,100,40,22,5,3,102238,AOMDV,0.6355927171710749,DSDV,0.5568947412990092,0.07869797587206573
INST_2239,100,40,22,5,4,102239,DSDV,0.8169514098538848,AOMDV,0.4985581780015116,0.3183932318523732
INST_2240,100,40,22,5,5,102240,DSDV,0.7873753784036602,AOMDV,0.4022628508911947,0.38511252751246555
INST_2241,100,40,22,6,1,102241,DSDV,0.9145151704858627,AOMDV,0.4039280942845479,0.5105870762013148
INST_2242,100,40,22,6,2,102242,DSDV,0.75,AODV,0.40423761296301297,0.34576238703698703
INST_2243,100,40,22,6,3,102243,DSDV,0.7468286619879708,AOMDV,0.6308460501283489,0.11598261185962189
INST_2244,100,40,22,6,4,102244,DSDV,1.0,AOMDV,0.29021599927967767,0.7097840007203223
INST_2245,100,40,22,6,5,102245,DSDV,0.75,AOMDV,0.6082206698507943,0.14177933014920574
INST_2246,100,40,22,8,1,102246,DSDV,1.0,AOMDV,0.35747174422498507,0.6425282557750149
INST_2247,100,40,22,8,2,102247,DSDV,0.7280913408285181,AODV,0.6278496628802918,0.10024167794822636
INST_2248,100,40,22,8,3,102248,DSDV,0.8220880990213342,AOMDV,0.4932477608101181,0.32884033821121605
INST_2249,100,40,22,8,4,102249,DSDV,0.75,AOMDV,0.46995964597956563,0.28004035402043437
INST_2250,100,40,22,8,5,102250,DSDV,0.75,AODV,0.5265422706911901,0.22345772930880992
INST_2251,100,40,25,3,1,102251,DSDV,0.75,AOMDV,0.7407508081243095,0.00924919187569051
INST_2252,100,40,25,3,2,102252,AOMDV,0.8332227108931519,DSDV,0.3920469154752191,0.44117579541793284
INST_2253,100,40,25,3,3,102253,AOMDV,0.8976845706950789,DSDV,0.3239588564285952,0.5737257142664838
INST_2254,100,40,25,3,4,102254,AOMDV,0.9208042530050295,DSDV,0.7199322810593451,0.2008719719456844
INST_2255,100,40,25,3,5,102255,AOMDV,0.7969899038774475,DSDV,0.4248931641289273,0.3720967397485202
INST_2256,100,40,25,5,1,102256,DSDV,1.0,AOMDV,0.3745363195500524,0.6254636804499476
INST_2257,100,40,25,5,2,102257,DSDV,1.0,AODV,0.5243777676607655,0.4756222323392345
INST_2258,100,40,25,5,3,102258,DSDV,0.6800574516331961,AOMDV,0.6229078732731925,0.05714957836000356
INST_2259,100,40,25,5,4,102259,DSDV,0.9640413929877719,AODV,0.45294810247700334,0.5110932905107686
INST_2260,100,40,25,5,5,102260,DSDV,1.0,AOMDV,0.5040847649368674,0.4959152350631326
INST_2261,100,40,25,6,1,102261,DSDV,0.9300988088170602,AODV,0.5439214355021005,0.3861773733149597
INST_2262,100,40,25,6,2,102262,DSDV,0.9530117467603456,AODV,0.515072220092923,0.43793952666742264
INST_2263,100,40,25,6,3,102263,DSDV,0.75,AODV,0.4561099707160482,0.2938900292839518
INST_2264,100,40,25,6,4,102264,DSDV,0.900673930369009,AOMDV,0.5315325212203653,0.3691414091486437
INST_2265,100,40,25,6,5,102265,DSDV,1.0,AODV,0.3823633611306305,0.6176366388693695
INST_2266,100,50,5,3,1,102266,AODV,0.6436242642010237,AOMDV,0.5961084881630474,0.0475157760379763
INST_2267,100,50,5,3,2,102267,DSDV,0.7443453056137946,AOMDV,0.5579969532169897,0.18634835239680492
INST_2268,100,50,5,3,3,102268,DSDV,0.75,AODV,0.4817930587661273,0.2682069412338727
INST_2269,100,50,5,3,4,102269,AODV,0.75,AOMDV,0.574930239796703,0.175069760203297
INST_2270,100,50,5,3,5,102270,AOMDV,0.5759749816096029,AODV,0.5695362139309211,0.006438767678681789
INST_2271,100,50,5,5,1,102271,AODV,0.6864211447300659,AOMDV,0.583740233964622,0.10268091076544383
INST_2272,100,50,5,5,2,102272,AODV,0.669157691151462,AOMDV,0.5518679083064494,0.11728978284501257
INST_2273,100,50,5,5,3,102273,AODV,0.6489831353871996,AOMDV,0.5807580882422201,0.06822504714497957
INST_2274,100,50,5,5,4,102274,AODV,0.7078428442324667,AOMDV,0.5711425497658438,0.1367002944666229
INST_2275,100,50,5,5,5,102275,AODV,0.6214173535231318,AOMDV,0.5564240313717049,0.06499332215142684
INST_2276,100,50,5,6,1,102276,DSDV,0.75,AODV,0.5151233520604916,0.23487664793950835
INST_2277,100,50,5,6,2,102277,AODV,0.5847085276703488,AOMDV,0.5808858364692535,0.0038226912010952407
INST_2278,100,50,5,6,3,102278,AODV,0.6299351684235662,AOMDV,0.5844761457223314,0.04545902270123481
INST_2279,100,50,5,6,4,102279,DSDV,0.75,AODV,0.7019784257009305,0.0480215742990695
INST_2280,100,50,5,6,5,102280,AOMDV,0.5868660891576365,DSDV,0.4748313032849152,0.11203478587272131
INST_2281,100,50,7,2,1,102281,AODV,0.6389718124952426,AOMDV,0.6224122395244835,0.01655957297075905
INST_2282,100,50,7,2,2,102282,AOMDV,0.5996478930040666,AODV,0.5822922540975962,0.017355638906470405
INST_2283,100,50,7,2,3,102283,AODV,0.7014510831083339,AOMDV,0.573924465476393,0.12752661763194095
INST_2284,100,50,7,2,4,102284,AODV,0.9462077514286588,AOMDV,0.5503472388814059,0.39586051254725285
INST_2285,100,50,7,2,5,102285,AODV,0.6086446058964166,AOMDV,0.5694444453022875,0.03920016059412901
INST_2286,100,50,7,3,1,102286,AODV,0.7043929115884129,AOMDV,0.5308846722228325,0.17350823936558035
INST_2287,100,50,7,3,2,102287,AODV,0.5683524815869715,AOMDV,0.5501949325010259,0.01815754908594558
INST_2288,100,50,7,3,3,102288,AODV,0.6191673752557245,AOMDV,0.5623372389765102,0.056830136279214294
INST_2289,100,50,7,3,4,102289,AODV,0.7053606323129394,AOMDV,0.5843615119976816,0.12099912031525784
INST_2290,100,50,7,3,5,102290,AODV,0.670857827119171,AOMDV,0.49386458637137354,0.17699324074779743
INST_2291,100,50,7,4,1,102291,AODV,0.625094044968266,AOMDV,0.6176277819207137,0.0074662630475523795
INST_2292,100,50,7,4,2,102292,AODV,0.6557294030602416,AOMDV,0.5690490587205009,0.0866803443397407
INST_2293,100,50,7,4,3,102293,AOMDV,0.5719714971834959,AODV,0.5535644873742649,0.018407009809231045
INST_2294,100,50,7,4,4,102294,AODV,0.7875014069685826,AOMDV,0.5884026275979104,0.19909877937067222
INST_2295,100,50,7,4,5,102295,AOMDV,0.5936001463923839,AODV,0.5875192664640819,0.006080879928301974
INST_2296,100,50,7,5,1,102296,AODV,0.6207598892105888,AOMDV,0.591346153409301,0.02941373580128781
INST_2297,100,50,7,5,2,102297,AODV,0.7580242165569901,AOMDV,0.5372463674747321,0.22077784908225806
INST_2298,100,50,7,5,3,102298,AODV,0.6241352051312375,AOMDV,0.6027538747358107,0.02138133039542689
INST_2299,100,50,7,5,4,102299,AODV,0.8158032574394568,AOMDV,0.6118116780623949,0.20399157937706192
INST_2300,100,50,7,5,5,102300,AOMDV,0.6027272699938016,AODV,0.4728257104237891,0.12990155957001243
INST_2301,100,50,7,6,1,102301,AODV,0.6327749193394204,AOMDV,0.6129759026835613,0.019799016655859147
INST_2302,100,50,7,6,2,102302,AODV,0.6857664786592734,AOMDV,0.5906398135467532,0.09512666511252021
INST_2303,100,50,7,6,3,102303,AOMDV,0.5601559899230946,AODV,0.45281882559683606,0.1073371643262585
INST_2304,100,50,7,6,4,102304,AODV,0.6987988772926997,AOMDV,0.6261904735360984,0.07260840375660138
INST_2305,100,50,7,6,5,102305,AOMDV,0.6266998878475039,AODV,0.43504578020661333,0.19165410764089053
INST_2306,100,50,7,8,1,102306,AOMDV,0.6738286468253172,AODV,0.5317111744831234,0.14211747234219374
INST_2307,100,50,7,8,2,102307,AODV,0.8662833090366224,AOMDV,0.5921840922609893,0.2740992167756331
INST_2308,100,50,7,8,3,102308,AOMDV,0.7999147011080746,AODV,0.40951480957215874,0.39039989153591587
INST_2309,100,50,7,8,4,102309,AOMDV,0.637591962354878,AODV,0.5849093463951676,0.052682615959710466
INST_2310,100,50,7,8,5,102310,AOMDV,0.7657541858141784,AODV,0.3886276670370983,0.37712651877708014
INST_2311,100,50,10,3,1,102311,AODV,0.6259171813662923,AOMDV,0.5912825164995446,0.03463466486674771
INST_2312,100,50,10,3,2,102312,AOMDV,0.5682418158780187,DSDV,0.4234113831966001,0.1448304326814186
INST_2313,100,50,10,3,3,102313,DSDV,0.7412303183156048,AODV,0.3752448679740448,0.36598545034156
INST_2314,100,50,10,3,4,102314,AODV,0.6437418530923772,AOMDV,0.6029784542051593,0.040763398887217916
INST_2315,100,50,10,3,5,102315,AOMDV,0.5818759906081207,AODV,0.5162024810117714,0.06567350959634932
INST_2316,100,50,10,5,1,102316,AOMDV,0.6218878042323799,AODV,0.5665923109201416,0.055295493312238264
INST_2317,100,50,10,5,2,102317,AODV,0.6678197021171685,AOMDV,0.5725988711050465,0.09522083101212198
INST_2318,100,50,10,5,3,102318,AOMDV,0.5917230442526558,AODV,0.4628414522547871,0.12888159199786864
INST_2319,100,50,10,5,4,102319,AOMDV,0.6382156860756396,AODV,0.5618801928693224,0.07633549320631716
INST_2320,100,50,10,5,5,102320,AOMDV,0.8214118721558477,AODV,0.38504307277483,0.43636879938101764
INST_2321,100,50,10,6,1,102321,AOMDV,0.7305194797724165,AODV,0.4164026842181666,0.3141167955542499
INST_2322,100,50,10,6,2,102322,AODV,0.6335442864912453,AOMDV,0.6290353892798095,0.0045088972114357695
INST_2323,100,50,10,6,3,102323,AOMDV,0.7566279791561791,DSDV,0.43397642655165447,0.3226515526045246
INST_2324,100,50,10,6,4,102324,AOMDV,0.6324233507155674,AODV,0.41040315451665377,0.22202019619891367
INST_2325,100,50,10,6,5,102325,AOMDV,0.8539535632377175,AODV,0.284826235678854,0.5691273275588635
INST_2326,100,50,12,2,1,102326,AODV,0.6068559363430072,AOMDV,0.6020527804179185,0.00480315592508862
INST_2327,100,50,12,2,2,102327,AODV,0.8078929825402964,AOMDV,0.5701067568065311,0.2377862257337653
INST_2328,100,50,12,2,3,102328,AOMDV,0.5837313407429716,AODV,0.5330393041306706,0.05069203661230104
INST_2329,100,50,12,2,4,102329,AODV,0.6384937909006243,AOMDV,0.5781776113778826,0.06031617952274171
INST_2330,100,50,12,2,5,102330,AODV,0.8069904666082609,AOMDV,0.486962156738162,0.3200283098700989
INST_2331,100,50,12,3,1,102331,AOMDV,0.5946514414183848,AODV,0.5844823833532998,0.010169058065084946
INST_2332,100,50,12,3,2,102332,AODV,0.5950086596219006,AOMDV,0.5229748973625528,0.07203376225934788
INST_2333,100,50,12,3,3,102333,AOMDV,0.5991541316120894,AODV,0.558405114707679,0.04074901690441046
INST_2334,100,50,12,3,4,102334,AODV,0.7232669947996638,AOMDV,0.5999433788892752,0.12332361591038865
INST_2335,100,50,12,3,5,102335,AOMDV,0.5878559473831806,AODV,0.5081626314391426,0.07969331594403795
INST_2336,100,50,12,4,1,102336,AOMDV,0.5892146155406305,AODV,0.5793049542443379,0.00990966129629256
INST_2337,100,50,12,4,2,102337,AOMDV,0.6612233712684858,AODV,0.43876929548480026,0.2224540757836856
INST_2338,100,50,12,4,3,102338,AOMDV,0.6057202907735615,AODV,0.601070357867974,0.004649932905587462
INST_2339,100,50,12,4,4,102339,AODV,0.6060997873821856,AOMDV,0.6036306487472871,0.0024691386348985045
INST_2340,100,50,12,4,5,102340,AOMDV,0.7319461907417475,AODV,0.34670245103353176,0.38524373970821574
INST_2341,100,50,12,5,1,102341,AOMDV,0.7087604189471898,AODV,0.3499456444362433,0.35881477451094645
INST_2342,100,50,12,5,2,102342,AOMDV,0.7287390180113008,AODV,0.27733355169350876,0.45140546631779205
INST_2343,100,50,12,5,3,102343,AOMDV,0.799045599473804,DSDV,0.3446573230606603,0.4543882764131437
INST_2344,100,50,12,5,4,102344,AOMDV,0.7358155937514526,AODV,0.323948879694883,0.41186671405656955
INST_2345,100,50,12,5,5,102345,AOMDV,0.8165712436871861,AODV,0.5539181002185404,0.26265314346864577
INST_2346,100,50,12,6,1,102346,AOMDV,0.7614985160574792,DSDV,0.4040601296387284,0.3574383864187508
INST_2347,100,50,12,6,2,102347,AOMDV,0.8714979073276226,AODV,0.431668077291131,0.43982983003649156
INST_2348,100,50,12,6,3,102348,AOMDV,0.797732229436559,AODV,0.528378326812738,0.269353902623821
INST_2349,100,50,12,6,4,102349,AOMDV,0.7315407761501322,AODV,0.4917682818824701,0.23977249426766212
INST_2350,100,50,12,6,5,102350,AOMDV,0.9181528889625716,DSDV,0.29181555639579954,0.626337332566772
INST_2351,100,50,12,8,1,102351,AOMDV,0.5859838092543805,AODV,0.5060110241707454,0.07997278508363515
INST_2352,100,50,12,8,2,102352,AOMDV,0.8810731842314162,AODV,0.43091204126457916,0.45016114296683707
INST_2353,100,50,12,8,3,102353,AODV,0.6871763335802716,AOMDV,0.5558124444850044,0.1313638890952672
INST_2354,100,50,12,8,4,102354,AOMDV,0.5835984518754654,DSDV,0.5,0.08359845187546544
INST_2355,100,50,12,8,5,102355,AOMDV,0.6472883123638633,DSDV,0.5,0.1472883123638633
INST_2356,100,50,15,3,1,102356,AOMDV,0.6272832951058258,AODV,0.5370775830700397,0.09020571203578609
INST_2357,100,50,15,3,2,102357,AOMDV,0.6454963746014702,AODV,0.4042367133642491,0.24125966123722115
INST_2358,100,50,15,3,3,102358,AOMDV,0.6233942998329881,AODV,0.439447337445694,0.18394696238729413
INST_2359,100,50,15,3,4,102359,AOMDV,0.632688459846574,AODV,0.41451505850909487,0.2181734013374791
INST_2360,100,50,15,3,5,102360,AOMDV,0.7139827942883878,AODV,0.5355178289759962,0.17846496531239164
INST_2361,100,50,15,5,1,102361,AOMDV,0.8770735102786487,DSDV,0.4334382056392334,0.44363530463941525
INST_2362,100,50,15,5,2,102362,AOMDV,0.8991799843666153,DSDV,0.4859979507316904,0.4131820336349249
INST_2363,100,50,15,5,3,102363,AOMDV,0.9049082286964558,AODV,0.4023238753314773,0.5025843533649785
INST_2364,100,50,15,5,4,102364,AOMDV,0.8844436809470202,AODV,0.5486798016621771,0.3357638792848431
INST_2365,100,50,15,5,5,102365,AOMDV,0.9210886465179194,DSDV,0.31732027999332657,0.6037683665245929
INST_2366,100,50,15,6,1,102366,AOMDV,0.6149810896301721,DSDV,0.5,0.11498108963017206
INST_2367,100,50,15,6,2,102367,AOMDV,0.8845772555211706,AODV,0.35553829424286026,0.5290389612783104
INST_2368,100,50,15,6,3,102368,AOMDV,0.9094718622982052,DSDV,0.5899799446596887,0.3194919176385165
INST_2369,100,50,15,6,4,102369,AOMDV,0.6022668547873739,DSDV,0.5538160110666376,0.04845084372073627
INST_2370,100,50,15,6,5,102370,AOMDV,0.6601091611777721,DSDV,0.5306588525964271,0.12945030858134499
INST_2371,100,50,18,2,1,102371,AODV,0.5901811981795193,AOMDV,0.5860203614413164,0.004160836738202889
INST_2372,100,50,18,2,2,102372,AOMDV,0.5906851733783782,AODV,0.5193318763349517,0.07135329704342652
INST_2373,100,50,18,2,3,102373,AOMDV,0.5514084531144614,AODV,0.47163387620688035,0.07977457690758105
INST_2374,100,50,18,2,4,102374,AODV,0.6036951030288569,AOMDV,0.5825298933105372,0.0211652097183197
INST_2375,100,50,18,2,5,102375,AOMDV,0.584197250595042,AODV,0.47489951453507173,0.10929773605997029
INST_2376,100,50,18,3,1,102376,AOMDV,0.6974338868071221,AODV,0.3966343631813345,0.30079952362578766
INST_2377,100,50,18,3,2,102377,AOMDV,0.7107431409114351,DSDV,0.41213414550966443,0.29860899540177066
INST_2378,100,50,18,3,3,102378,AOMDV,0.6742691867727246,AODV,0.5630197057706576,0.111249481002067
INST_2379,100,50,18,3,4,102379,AOMDV,0.8120474491390748,AODV,0.35835401530038946,0.4536934338386853
INST_2380,100,50,18,3,5,102380,AOMDV,0.8397464263741201,DSDV,0.3346311525124105,0.5051152738617096
INST_2381,100,50,18,4,1,102381,AOMDV,0.8307618595267019,AODV,0.3889091906109621,0.4418526689157398
INST_2382,100,50,18,4,2,102382,AOMDV,0.8602858624814271,AODV,0.3834171932101545,0.47686866927127264
INST_2383,100,50,18,4,3,102383,AOMDV,0.8961117245311341,AODV,0.34815881818402494,0.5479529063471091
INST_2384,100,50,18,4,4,102384,AOMDV,0.8850984280281321,DSDV,0.49840951864390065,0.38668890938423145
INST_2385,100,50,18,4,5,102385,AOMDV,0.9128682028972199,AODV,0.3311447956522971,0.5817234072449229
INST_2386,100,50,18,5,1,102386,AOMDV,0.6667333419481835,DSDV,0.5,0.16673334194818346
INST_2387,100,50,18,5,2,102387,AOMDV,0.9179623597411514,DSDV,0.4764938215587492,0.44146853818240217
INST_2388,100,50,18,5,3,102388,AOMDV,0.6422141460177689,DSDV,0.5176136283235369,0.12460051769423208
INST_2389,100,50,18,5,4,102389,AOMDV,0.7028731338945453,DSDV,0.5,0.2028731338945453
INST_2390,100,50,18,5,5,102390,AOMDV,0.7516229939044771,DSDV,0.535530238205594,0.2160927556988831
INST_2391,100,50,18,6,1,102391,AOMDV,0.6232760728264413,AODV,0.5004555072720538,0.12282056555438747
INST_2392,100,50,18,6,2,102392,AOMDV,0.6414179742473465,DSDV,0.5317977446123358,0.10962022963501072
INST_2393,100,50,18,6,3,102393,DSDV,0.8201264164582802,AOMDV,0.6417732879480776,0.17835312851020257
INST_2394,100,50,18,6,4,102394,AOMDV,0.6122249094004667,DSDV,0.5,0.1122249094004667
INST_2395,100,50,18,6,5,102395,DSDV,0.6876242428144655,AOMDV,0.6409222165777059,0.046702026236759675
INST_2396,100,50,18,8,1,102396,DSDV,0.907678284601753,AOMDV,0.43938877445740465,0.4682895101443484
INST_2397,100,50,18,8,2,102397,DSDV,1.0,AODV,0.21715696575928156,0.7828430342407184
INST_2398,100,50,18,8,3,102398,DSDV,0.75,AODV,0.40025092047306365,0.34974907952693635
INST_2399,100,50,18,8,4,102399,AODV,0.6969291475558071,DSDV,0.6048886542829708,0.09204049327283637
INST_2400,100,50,18,8,5,102400,DSDV,0.7590889008932866,AODV,0.7187157713467447,0.04037312954654193
INST_2401,100,50,20,3,1,102401,AOMDV,0.8778752461840778,DSDV,0.30636308071940593,0.5715121654646718
INST_2402,100,50,20,3,2,102402,AOMDV,0.7677805601694239,DSDV,0.352963778287402,0.41481678188202187
INST_2403,100,50,20,3,3,102403,AOMDV,0.8276352251480781,DSDV,0.37975084130155057,0.4478843838465275
INST_2404,100,50,20,3,4,102404,AOMDV,0.8881802429016866,DSDV,0.4829895392727651,0.4051907036289215
INST_2405,100,50,20,3,5,102405,AOMDV,0.9049940322500417,DSDV,0.43511031438925324,0.4698837178607885
INST_2406,100,50,20,5,1,102406,AOMDV,0.7522102006725709,DSDV,0.6236900048623825,0.12852019581018848
INST_2407,100,50,20,5,2,102407,DSDV,0.7968096226185422,AOMDV,0.66487095285418,0.1319386697643622
INST_2408,100,50,20,5,3,102408,AOMDV,0.6183209353714894,AODV,0.502480666479484,0.11584026889200538
INST_2409,100,50,20,5,4,102409,DSDV,1.0,AODV,0.2578167655269086,0.7421832344730914
INST_2410,100,50,20,5,5,102410,AOMDV,0.6739161041144472,DSDV,0.6274917039894051,0.04642440012504212
INST_2411,100,50,20,6,1,102411,DSDV,0.75,AODV,0.4486095932685021,0.3013904067314979
INST_2412,100,50,20,6,2,102412,AOMDV,0.634901046472434,DSDV,0.5,0.13490104647243395
INST_2413,100,50,20,6,3,102413,DSDV,0.7546605100249295,AOMDV,0.6287110735763358,0.1259494364485937
INST_2414,100,50,20,6,4,102414,DSDV,0.7865529687609303,AODV,0.47778311903354953,0.30876984972738075
INST_2415,100,50,20,6,5,102415,DSDV,1.0,AOMDV,0.42812361774333796,0.571876382256662
INST_2416,100,50,22,2,1,102416,AOMDV,0.6245006038448132,AODV,0.44346746872430387,0.18103313512050934
INST_2417,100,50,22,2,2,102417,AOMDV,0.6346663812931991,AODV,0.5231016070808849,0.11156477421231414
INST_2418,100,50,22,2,3,102418,AOMDV,0.6674549136033916,AODV,0.550310722085732,0.11714419151765965
INST_2419,100,50,22,2,4,102419,AOMDV,0.6677567334511628,AODV,0.5719060087814144,0.09585072466974842
INST_2420,100,50,22,2,5,102420,AOMDV,0.7566959023407387,DSDV,0.32317395295903106,0.4335219493817076
INST_2421,100,50,22,3,1,102421,AOMDV,0.8860690864972,DSDV,0.46454096546456075,0.4215281210326392
INST_2422,100,50,22,3,2,102422,AOMDV,0.8943485733219529,AODV,0.33355385088556283,0.5607947224363901
INST_2423,100,50,22,3,3,102423,AOMDV,0.9145105793580939,DSDV,0.4533625023600059,0.46114807699808796
INST_2424,100,50,22,3,4,102424,AOMDV,0.8968422967115426,DSDV,0.565598208087874,0.3312440886236686
INST_2425,100,50,22,3,5,102425,AOMDV,0.9069103049724988,DSDV,0.3931874736883437,0.5137228312841551
INST_2426,100,50,22,4,1,102426,AOMDV,0.8466810812643003,DSDV,0.6420367035436487,0.20464437772065158
INST_2427,100,50,22,4,2,102427,AOMDV,0.886323088275687,DSDV,0.42674593116781645,0.4595771571078705
INST_2428,100,50,22,4,3,102428,DSDV,0.7854055848861852,AOMDV,0.7361472113116097,0.04925837357457552
INST_2429,100,50,22,4,4,102429,AOMDV,0.6271221432600476,DSDV,0.5913241610333408,0.035797982226706715
INST_2430,100,50,22,4,5,102430,AOMDV,0.7788624368336718,DSDV,0.7680679077577948,0.01079452907587708
INST_2431,100,50,22,5,1,102431,DSDV,1.0,AOMDV,0.40775537550884516,0.5922446244911548
INST_2432,100,50,22,5,2,102432,AOMDV,0.6995712700349427,DSDV,0.6632972341013152,0.036274035933627435
INST_2433,100,50,22,5,3,102433,DSDV,0.75,AOMDV,0.5301017125934305,0.21989828740656947
INST_2434,100,50,22,5,4,102434,DSDV,0.7313736534698739,AOMDV,0.6226151941736108,0.10875845929626315
INST_2435,100,50,22,5,5,102435,DSDV,0.9261833108942944,AOMDV,0.6519608098926443,0.27422250100165013
INST_2436,100,50,22,6,1,102436,DSDV,1.0,AOMDV,0.3164087994455163,0.6835912005544837
INST_2437,100,50,22,6,2,102437,DSDV,1.0,AOMDV,0.44737745063064416,0.5526225493693558
INST_2438,100,50,22,6,3,102438,DSDV,0.757989640753174,AODV,0.43600334012550757,0.3219863006276664
INST_2439,100,50,22,6,4,102439,DSDV,0.75,AODV,0.3789393086701265,0.3710606913298735
INST_2440,100,50,22,6,5,102440,DSDV,0.75,AOMDV,0.45686478449297313,0.29313521550702687
INST_2441,100,50,22,8,1,102441,DSDV,1.0,AOMDV,0.1694280410261584,0.8305719589738416
INST_2442,100,50,22,8,2,102442,DSDV,1.0,AOMDV,0.3979455236262657,0.6020544763737343
INST_2443,100,50,22,8,3,102443,DSDV,0.9775951326819585,AODV,0.45545207840919577,0.5221430542727628
INST_2444,100,50,22,8,4,102444,DSDV,0.8931274598748761,AODV,0.5667056942108509,0.32642176566402514
INST_2445,100,50,22,8,5,102445,DSDV,1.0,AODV,0.23050127823718325,0.7694987217628168
INST_2446,100,50,25,3,1,102446,AOMDV,0.8803977902841417,DSDV,0.44632943771690725,0.4340683525672344
INST_2447,100,50,25,3,2,102447,AOMDV,0.8807664432011533,DSDV,0.35979507321994325,0.52097136998121
INST_2448,100,50,25,3,3,102448,AOMDV,0.9098503338314927,DSDV,0.5294485540274327,0.38040177980406
INST_2449,100,50,25,3,4,102449,AOMDV,0.8693316038615956,DSDV,0.6652299298612113,0.20410167400038426
INST_2450,100,50,25,3,5,102450,AOMDV,0.9264569969029985,DSDV,0.43829941439923736,0.4881575825037612
INST_2451,100,50,25,5,1,102451,DSDV,1.0,AOMDV,0.3626855929425059,0.6373144070574941
INST_2452,100,50,25,5,2,102452,DSDV,1.0,AODV,0.33242002207741905,0.667579977922581
INST_2453,100,50,25,5,3,102453,DSDV,1.0,AOMDV,0.5320636394512865,0.46793636054871346
INST_2454,100,50,25,5,4,102454,DSDV,1.0,AOMDV,0.373935231495954,0.626064768504046
INST_2455,100,50,25,5,5,102455,DSDV,0.75,AOMDV,0.46213617733733625,0.28786382266266375
INST_2456,100,50,25,6,1,102456,DSDV,1.0,AODV,0.19230535840206697,0.807694641597933
INST_2457,100,50,25,6,2,102457,DSDV,0.9421768989823633,AOMDV,0.4784310302760086,0.46374586870635476
INST_2458,100,50,25,6,3,102458,DSDV,0.7904067139582754,AODV,0.47552425432707845,0.314882459631197
INST_2459,100,50,25,6,4,102459,DSDV,1.0,AODV,0.36556939584757076,0.6344306041524292
INST_2460,100,50,25,6,5,102460,DSDV,0.75,AOMDV,0.4955272985125017,0.2544727014874983
INST_2461,150,20,5,3,1,102461,AOMDV,0.7226190436394558,DSDV,0.6069277156634911,0.11569132797596471
INST_2462,150,20,5,3,2,102462,DSDV,0.6912387961261988,AOMDV,0.6620915211908609,0.029147274935337864
INST_2463,150,20,5,3,3,102463,DSDV,0.7093450196536807,AOMDV,0.6017094114727148,0.10763560818096585
INST_2464,150,20,5,3,4,102464,AOMDV,0.7100000095727272,DSDV,0.6645461065843066,0.04545390298842067
INST_2465,150,20,5,3,5,102465,AOMDV,0.6610230492262312,AODV,0.5,0.16102304922623123
INST_2466,150,20,5,5,1,102466,AOMDV,0.675941415988428,AODV,0.5,0.17594141598842805
INST_2467,150,20,5,5,2,102467,AOMDV,0.6803421806883538,DSDV,0.5167078477850641,0.16363433290328977
INST_2468,150,20,5,5,3,102468,DSDV,0.6315534171205578,AOMDV,0.6205673801305267,0.01098603699003109
INST_2469,150,20,5,5,4,102469,AOMDV,0.6783413858695652,AODV,0.553861603888984,0.12447978198058118
INST_2470,150,20,5,5,5,102470,AOMDV,0.6990740833333332,AODV,0.5,0.1990740833333332
INST_2471,150,20,5,6,1,102471,AODV,0.8967303740814541,AOMDV,0.6666203471824877,0.2301100268989663
INST_2472,150,20,5,6,2,102472,AOMDV,0.727620102396026,AODV,0.5084330941482751,0.21918700824775095
INST_2473,150,20,5,6,3,102473,AOMDV,0.668771047300658,AODV,0.6521570720723004,0.016613975228357503
INST_2474,150,20,5,6,4,102474,AODV,0.7376778915326259,AOMDV,0.670937497009961,0.06674039452266489
INST_2475,150,20,5,6,5,102475,AOMDV,0.6974469530571697,AODV,0.543282294839684,0.1541646582174857
INST_2476,150,20,7,2,1,102476,AODV,0.6838095546431345,AOMDV,0.5838779951044468,0.09993155953868771
INST_2477,150,20,7,2,2,102477,DSDV,0.7136240236980116,AOMDV,0.624000001008,0.08962402269001157
INST_2478,150,20,7,2,3,102478,DSDV,0.7221934687643534,AOMDV,0.612399997072768,0.10979347169158538
INST_2479,150,20,7,2,4,102479,AOMDV,0.6893939422865013,AODV,0.5311814205094811,0.15821252177702017
INST_2480,150,20,7,2,5,102480,AODV,0.757077360525723,AOMDV,0.6098726172157083,0.14720474331001476
INST_2481,150,20,7,3,1,102481,AODV,0.6671454577074765,AOMDV,0.6525316441614326,0.014613813546043852
INST_2482,150,20,7,3,2,102482,AOMDV,0.6229674792648845,DSDV,0.6224266102741084,0.0005408689907761
INST_2483,150,20,7,3,3,102483,AOMDV,0.6698430585913152,AODV,0.5994973604072813,0.07034569818403391
INST_2484,150,20,7,3,4,102484,DSDV,0.7427541216097004,AODV,0.5,0.24275412160970045
INST_2485,150,20,7,3,5,102485,AOMDV,0.6787909833982274,AODV,0.569161493361146,0.10962949003708145
INST_2486,150,20,7,4,1,102486,AODV,0.692147951226479,AOMDV,0.6613277648119842,0.0308201864144948
INST_2487,150,20,7,4,2,102487,DSDV,0.6993433792486683,AOMDV,0.6029739747698345,0.0963694044788338
INST_2488,150,20,7,4,3,102488,DSDV,0.7059144597715933,AOMDV,0.5763423395724117,0.12957212019918163
INST_2489,150,20,7,4,4,102489,AOMDV,0.7255290999999999,DSDV,0.4826244411775052,0.24290465882249473
INST_2490,150,20,7,4,5,102490,AODV,0.6627407125839142,AOMDV,0.6619507392013931,0.0007899733825210697
INST_2491,150,20,7,5,1,102491,AOMDV,0.7158785564828166,AODV,0.5265804409109562,0.18929811557186038
INST_2492,150,20,7,5,2,102492,AOMDV,0.705605727226211,AODV,0.6556482739070473,0.04995745331916368
INST_2493,150,20,7,5,3,102493,AOMDV,0.6462233707825412,DSDV,0.5688990873259315,0.07732428345660969
INST_2494,150,20,7,5,4,102494,AOMDV,0.688436323146475,DSDV,0.593753464198962,0.09468285894751294
INST_2495,150,20,7,5,5,102495,AOMDV,0.6595982125789098,AODV,0.6324577289250101,0.02714048365389976
INST_2496,150,20,7,6,1,102496,AOMDV,0.7391049647200588,DSDV,0.4782511921040964,0.26085377261596243
INST_2497,150,20,7,6,2,102497,AOMDV,0.716269839904295,DSDV,0.5749907442416489,0.14127909566264618
INST_2498,150,20,7,6,3,102498,AOMDV,0.650972364351057,DSDV,0.5239598261770471,0.12701253817400993
INST_2499,150,20,7,6,4,102499,AOMDV,0.6931366116561363,AODV,0.5433424842142492,0.14979412744188703
INST_2500,150,20,7,6,5,102500,AOMDV,0.6870577215283753,AODV,0.6632022463811424,0.023855475147232852
INST_2501,150,20,7,8,1,102501,AOMDV,0.7499752375479757,DSDV,0.6218425937628876,0.12813264378508804
INST_2502,150,20,7,8,2,102502,AODV,0.8229160077572494,DSDV,0.5,0.3229160077572494
INST_2503,150,20,7,8,3,102503,AOMDV,0.6793914949334401,DSDV,0.4923816708770066,0.18700982405643346
INST_2504,150,20,7,8,4,102504,AOMDV,0.5,DSDV,0.5,0.0
INST_2505,150,20,7,8,5,102505,AOMDV,0.7295770149438523,DSDV,0.3766149826742823,0.35296203226957
INST_2506,150,20,10,3,1,102506,AODV,0.7327629310967931,DSDV,0.47083110708279147,0.26193182401400167
INST_2507,150,20,10,3,2,102507,AOMDV,0.7081824749904441,DSDV,0.5553610030466398,0.15282147194380424
INST_2508,150,20,10,3,3,102508,AOMDV,0.6368739147538636,AODV,0.5757363392112909,0.06113757554257271
INST_2509,150,20,10,3,4,102509,AOMDV,0.707954535622418,DSDV,0.6714024473322509,0.036552088290167095
INST_2510,150,20,10,3,5,102510,AOMDV,0.6436974830146177,AODV,0.4812929152899005,0.16240456772471723
INST_2511,150,20,10,5,1,102511,AOMDV,0.7381268706815185,AODV,0.43367728729239075,0.30444958338912775
INST_2512,150,20,10,5,2,102512,AOMDV,0.6427335663612637,DSDV,0.6014223293113397,0.04131123704992401
INST_2513,150,20,10,5,3,102513,AOMDV,0.8015394706774861,DSDV,0.6564910946137885,0.14504837606369758
INST_2514,150,20,10,5,4,102514,AOMDV,0.7906262240465829,DSDV,0.617102708723127,0.1735235153234559
INST_2515,150,20,10,5,5,102515,AOMDV,0.6702075153738147,AODV,0.4818667731898318,0.18834074218398295
INST_2516,150,20,10,6,1,102516,AOMDV,0.7487944711147583,DSDV,0.425559920088834,0.3232345510259243
INST_2517,150,20,10,6,2,102517,DSDV,0.75,AODV,0.28657122076846686,0.46342877923153314
INST_2518,150,20,10,6,3,102518,AOMDV,0.7709442888501798,DSDV,0.4612381351920305,0.30970615365814935
INST_2519,150,20,10,6,4,102519,AOMDV,0.7976318297625875,DSDV,0.326810881933588,0.4708209478289995
INST_2520,150,20,10,6,5,102520,AOMDV,0.7197368458008797,DSDV,0.38388214356227757,0.33585470223860214
INST_2521,150,20,12,2,1,102521,AODV,0.6781331865373857,AOMDV,0.6251325462366558,0.05300064030072993
INST_2522,150,20,12,2,2,102522,AOMDV,0.6668070757670325,AODV,0.558425727619611,0.10838134814742151
INST_2523,150,20,12,2,3,102523,AOMDV,0.6471927146513433,AODV,0.5069969791258467,0.14019573552549658
INST_2524,150,20,12,2,4,102524,AOMDV,0.6566141169310009,AODV,0.654337410137243,0.00227670679375791
INST_2525,150,20,12,2,5,102525,AOMDV,0.6428571449364652,DSDV,0.5603881222003599,0.08246902273610524
INST_2526,150,20,12,3,1,102526,AOMDV,0.663468012167738,AODV,0.5945392202237125,0.06892879194402546
INST_2527,150,20,12,3,2,102527,AOMDV,0.6851300160611684,DSDV,0.6031912976407128,0.08193871842045564
INST_2528,150,20,12,3,3,102528,AOMDV,0.6157176140480477,AODV,0.5752973219743572,0.04042029207369047
INST_2529,150,20,12,3,4,102529,DSDV,0.6761825870815434,AOMDV,0.6651785634450372,0.01100402363650621
INST_2530,150,20,12,3,5,102530,AOMDV,0.6688685604509554,AODV,0.6557601011583155,0.013108459292639929
INST_2531,150,20,12,4,1,102531,AOMDV,0.75,DSDV,0.4167101408487984,0.3332898591512016
INST_2532,150,20,12,4,2,102532,AOMDV,0.7615473097946238,DSDV,0.4279500226570625,0.3335972871375613
INST_2533,150,20,12,4,3,102533,AOMDV,0.7872713646976593,DSDV,0.4242655598570518,0.36300580484060757
INST_2534,150,20,12,4,4,102534,AOMDV,0.7039931141622439,DSDV,0.545232611157559,0.1587605030046848
INST_2535,150,20,12,4,5,102535,AOMDV,0.7068394378754126,AODV,0.4629969410956579,0.24384249677975467
INST_2536,150,20,12,5,1,102536,AOMDV,0.7330489959295197,AODV,0.505701286070674,0.22734770985884567
INST_2537,150,20,12,5,2,102537,DSDV,0.6934162871087958,AOMDV,0.5795117521467735,0.11390453496202224
INST_2538,150,20,12,5,3,102538,AOMDV,0.8991327716401166,DSDV,0.6109602527596826,0.28817251888043405
INST_2539,150,20,12,5,4,102539,AOMDV,0.7566607304023563,DSDV,0.6294229019417337,0.1272378284606226
INST_2540,150,20,12,5,5,102540,AOMDV,0.7012224078490902,DSDV,0.48345010673745503,0.21777230111163515
INST_2541,150,20,12,6,1,102541,AOMDV,0.8285820026869207,DSDV,0.3958594546203261,0.4327225480665946
INST_2542,150,20,12,6,2,102542,AOMDV,0.601163366188322,AODV,0.5266474360754602,0.07451593011286184
INST_2543,150,20,12,6,3,102543,DSDV,0.75,AOMDV,0.7072924955564028,0.042707504443597166
INST_2544,150,20,12,6,4,102544,AOMDV,0.8078145076577193,DSDV,0.6096206091243105,0.19819389853340885
INST_2545,150,20,12,6,5,102545,AOMDV,0.7039527429528795,DSDV,0.5308191950277696,0.17313354792510982
INST_2546,150,20,12,8,1,102546,AOMDV,0.917613361201309,DSDV,0.45143555885280356,0.4661778023485054
INST_2547,150,20,12,8,2,102547,DSDV,0.717331161030975,AOMDV,0.6117658959348956,0.10556526509607944
INST_2548,150,20,12,8,3,102548,AOMDV,0.6786931021524357,DSDV,0.6652934286187703,0.013399673533665446
INST_2549,150,20,12,8,4,102549,AOMDV,0.5715110405227213,AODV,0.5702343638965174,0.0012766766262038987
INST_2550,150,20,12,8,5,102550,DSDV,0.75,AOMDV,0.33418789679802585,0.41581210320197415
INST_2551,150,20,15,3,1,102551,AOMDV,0.7492300946465218,AODV,0.4046851301586889,0.3445449644878329
INST_2552,150,20,15,3,2,102552,AOMDV,0.7729238869618121,DSDV,0.5276691947679053,0.24525469219390683
INST_2553,150,20,15,3,3,102553,AOMDV,0.7593570220225911,DSDV,0.549907835409611,0.20944918661298018
INST_2554,150,20,15,3,4,102554,AOMDV,0.7765294978082208,DSDV,0.5499525920688106,0.22657690573941014
INST_2555,150,20,15,3,5,102555,AOMDV,0.7124750524850897,DSDV,0.44388542244862006,0.26858963003646963
INST_2556,150,20,15,5,1,102556,AOMDV,0.6074129900012695,AODV,0.5975510086465662,0.009861981354703286
INST_2557,150,20,15,5,2,102557,DSDV,0.75,AODV,0.48852346492941345,0.26147653507058655
INST_2558,150,20,15,5,3,102558,AOMDV,0.8407559918738978,DSDV,0.7624498050104027,0.07830618686349511
INST_2559,150,20,15,5,4,102559,AOMDV,0.6571944828332291,DSDV,0.5,0.15719448283322912
INST_2560,150,20,15,5,5,102560,AOMDV,0.8514043620795138,DSDV,0.43250879816045246,0.4188955639190613
INST_2561,150,20,15,6,1,102561,AOMDV,0.6046646041259531,DSDV,0.5,0.10466460412595313
INST_2562,150,20,15,6,2,102562,DSDV,0.75,AOMDV,0.5489046858664722,0.20109531413352777
INST_2563,150,20,15,6,3,102563,DSDV,0.8080019746644357,AOMDV,0.5948234400108524,0.21317853465358327
INST_2564,150,20,15,6,4,102564,DSDV,0.75,AOMDV,0.47885871736478114,0.27114128263521886
INST_2565,150,20,15,6,5,102565,AOMDV,0.8119344423241897,DSDV,0.5652682931862936,0.24666614913789608
INST_2566,150,20,18,2,1,102566,AOMDV,0.6766513125832645,AODV,0.5345536412561406,0.14209767132712392
INST_2567,150,20,18,2,2,102567,AOMDV,0.6717321764164013,AODV,0.37805339406826427,0.293678782348137
INST_2568,150,20,18,2,3,102568,AOMDV,0.6652816264620949,DSDV,0.4160354274673206,0.2492461989947743
INST_2569,150,20,18,2,4,102569,AOMDV,0.6118292636957763,DSDV,0.5444709159081346,0.06735834778764171
INST_2570,150,20,18,2,5,102570,AOMDV,0.6813186827858955,AODV,0.5545253485487738,0.1267933342371217
INST_2571,150,20,18,3,1,102571,AOMDV,0.7827702185193319,AODV,0.4305179410345089,0.352252277484823
INST_2572,150,20,18,3,2,102572,AOMDV,0.7218222106149542,DSDV,0.5,0.22182221061495422
INST_2573,150,20,18,3,3,102573,AOMDV,0.8853561564630893,DSDV,0.6373933240430267,0.24796283242006256
INST_2574,150,20,18,3,4,102574,AOMDV,0.7462883948948844,DSDV,0.7256892688348683,0.020599126060016126
INST_2575,150,20,18,3,5,102575,AOMDV,0.7802905651151109,DSDV,0.5012518790253925,0.2790386860897184
INST_2576,150,20,18,4,1,102576,AOMDV,0.8796033171320679,DSDV,0.43373463653687017,0.4458686805951977
INST_2577,150,20,18,4,2,102577,DSDV,0.75,AOMDV,0.39536749910126207,0.35463250089873793
INST_2578,150,20,18,4,3,102578,DSDV,0.75,AOMDV,0.6973334601057223,0.05266653989427772
INST_2579,150,20,18,4,4,102579,DSDV,0.75,AOMDV,0.5088229596081993,0.24117704039180066
INST_2580,150,20,18,4,5,102580,AOMDV,0.7612523385989699,DSDV,0.7027932989288076,0.058459039670162305
INST_2581,150,20,18,5,1,102581,DSDV,0.75,AOMDV,0.5722562727275295,0.17774372727247045
INST_2582,150,20,18,5,2,102582,AOMDV,0.6233479147908079,DSDV,0.5,0.12334791479080787
INST_2583,150,20,18,5,3,102583,DSDV,0.75,AOMDV,0.5213063777854694,0.2286936222145306
INST_2584,150,20,18,5,4,102584,DSDV,0.75,AOMDV,0.43902473950553295,0.31097526049446705
INST_2585,150,20,18,5,5,102585,AOMDV,0.7659871208576664,DSDV,0.7431368429318101,0.022850277925856255
INST_2586,150,20,18,6,1,102586,AOMDV,0.7366782543604093,AODV,0.5884789330061507,0.14819932135425862
INST_2587,150,20,18,6,2,102587,DSDV,0.75,AODV,0.46063214872476776,0.28936785127523224
INST_2588,150,20,18,6,3,102588,DSDV,0.8781985715479572,AOMDV,0.5096583996628301,0.3685401718851271
INST_2589,150,20,18,6,4,102589,DSDV,0.8733108008263315,AOMDV,0.576738496919061,0.2965723039072705
INST_2590,150,20,18,6,5,102590,AODV,0.657292267858718,AOMDV,0.5705570203137976,0.08673524754492035
INST_2591,150,20,18,8,1,102591,AODV,0.75,DSDV,0.4326331042786962,0.3173668957213038
INST_2592,150,20,18,8,2,102592,DSDV,0.798041942243723,AODV,0.5043153463258371,0.29372659591788597
INST_2593,150,20,18,8,3,102593,DSDV,0.7942305046626099,AODV,0.5869267480917103,0.2073037565708996
INST_2594,150,20,18,8,4,102594,DSDV,0.9159211984281582,AOMDV,0.598724176901927,0.3171970215262312
INST_2595,150,20,18,8,5,102595,AODV,0.6997925812718437,AOMDV,0.5318765551697555,0.16791602610208822
INST_2596,150,20,20,3,1,102596,AOMDV,0.8605066901387585,DSDV,0.44532874410498624,0.4151779460337722
INST_2597,150,20,20,3,2,102597,AOMDV,0.8532654848063399,DSDV,0.5180019920313425,0.33526349277499745
INST_2598,150,20,20,3,3,102598,AOMDV,0.8812264194227682,DSDV,0.7220874473045842,0.15913897211818406
INST_2599,150,20,20,3,4,102599,AOMDV,0.8649454216863015,DSDV,0.6859545972442498,0.17899082444205172
INST_2600,150,20,20,3,5,102600,AOMDV,0.849978305321099,DSDV,0.4754384844105039,0.37453982091059507
INST_2601,150,20,20,5,1,102601,AODV,0.6699183130539991,DSDV,0.6006688169404675,0.0692494961135316
INST_2602,150,20,20,5,2,102602,DSDV,0.75,AODV,0.399075337337499,0.350924662662501
INST_2603,150,20,20,5,3,102603,DSDV,0.8660244787426983,AOMDV,0.5239077329235388,0.3421167458191595
INST_2604,150,20,20,5,4,102604,DSDV,0.8021512696863249,AODV,0.49286562773460285,0.30928564195172203
INST_2605,150,20,20,5,5,102605,DSDV,0.6766689971138641,AOMDV,0.6621665681354234,0.014502428978440673
INST_2606,150,20,20,6,1,102606,AODV,0.7498617455864223,DSDV,0.5,0.24986174558642227
INST_2607,150,20,20,6,2,102607,DSDV,0.75,AODV,0.5157458862880702,0.23425411371192983
INST_2608,150,20,20,6,3,102608,DSDV,1.0,AOMDV,0.27071462509136773,0.7292853749086323
INST_2609,150,20,20,6,4,102609,DSDV,0.75,AOMDV,0.5679608622213862,0.1820391377786138
INST_2610,150,20,20,6,5,102610,AODV,0.75,DSDV,0.4771726225439921,0.2728273774560079
INST_2611,150,20,22,2,1,102611,AOMDV,0.6969636629955966,AODV,0.4257521921762253,0.27121147081937136
INST_2612,150,20,22,2,2,102612,AOMDV,0.7223022637909142,AODV,0.412133658411725,0.3101686053791892
INST_2613,150,20,22,2,3,102613,AOMDV,0.6855311723659623,AODV,0.40597777461606466,0.2795533977498976
INST_2614,150,20,22,2,4,102614,AOMDV,0.7929631772069311,DSDV,0.6091763441506934,0.18378683305623766
INST_2615,150,20,22,2,5,102615,AOMDV,0.6594527386414197,AODV,0.4360471909152731,0.22340554772614662
INST_2616,150,20,22,3,1,102616,AOMDV,0.8884374266736315,DSDV,0.36732998704120934,0.5211074396324221
INST_2617,150,20,22,3,2,102617,AOMDV,0.8357247824601096,DSDV,0.6861601653393555,0.14956461712075408
INST_2618,150,20,22,3,3,102618,AOMDV,0.80831241945415,DSDV,0.75,0.05831241945415
INST_2619,150,20,22,3,4,102619,DSDV,0.75,AOMDV,0.7277863201757757,0.022213679824224286
INST_2620,150,20,22,3,5,102620,AOMDV,0.8707014316442484,DSDV,0.550509084805131,0.32019234683911735
INST_2621,150,20,22,4,1,102621,DSDV,0.75,AODV,0.46507328390994007,0.28492671609005993
INST_2622,150,20,22,4,2,102622,DSDV,0.75,AOMDV,0.5085009866951489,0.24149901330485113
INST_2623,150,20,22,4,3,102623,DSDV,0.75,AODV,0.4358074823340187,0.3141925176659813
INST_2624,150,20,22,4,4,102624,DSDV,0.9872383989276345,AOMDV,0.4745543939031348,0.5126840050244997
INST_2625,150,20,22,4,5,102625,AOMDV,0.7714380649242658,DSDV,0.6467041524114348,0.12473391251283106
INST_2626,150,20,22,5,1,102626,AOMDV,0.653381871694766,DSDV,0.5,0.15338187169476603
INST_2627,150,20,22,5,2,102627,DSDV,0.768021508809898,AOMDV,0.3792832811849477,0.38873822762495025
INST_2628,150,20,22,5,3,102628,DSDV,0.9778247304732679,AOMDV,0.4482638160744492,0.5295609143988187
INST_2629,150,20,22,5,4,102629,DSDV,0.9115814097632167,AOMDV,0.6720107910359369,0.2395706187272798
INST_2630,150,20,22,5,5,102630,AOMDV,0.6201046881331108,DSDV,0.5788584611543323,0.041246226978778555
INST_2631,150,20,22,6,1,102631,DSDV,0.8787689516558723,AODV,0.3872836515675155,0.49148530008835684
INST_2632,150,20,22,6,2,102632,AODV,0.75,DSDV,0.7073389187671889,0.04266108123281109
INST_2633,150,20,22,6,3,102633,DSDV,1.0,AODV,0.23092179992267384,0.7690782000773262
INST_2634,150,20,22,6,4,102634,DSDV,1.0,AOMDV,0.5170892768040221,0.48291072319597794
INST_2635,150,20,22,6,5,102635,AODV,0.736983070331408,DSDV,0.5,0.23698307033140797
INST_2636,150,20,22,8,1,102636,AODV,0.75,DSDV,0.633045682412407,0.116954317587593
INST_2637,150,20,22,8,2,102637,DSDV,0.9278577360224836,AODV,0.7077217946742747,0.2201359413482089
INST_2638,150,20,22,8,3,102638,AODV,0.75,DSDV,0.645584584200994,0.10441541579900604
INST_2639,150,20,22,8,4,102639,DSDV,0.9335892526080605,AOMDV,0.481705527219352,0.45188372538870847
INST_2640,150,20,22,8,5,102640,AOMDV,0.6005776813434374,AODV,0.5911399687105646,0.009437712632872741
INST_2641,150,20,25,3,1,102641,AOMDV,0.8695641734967117,DSDV,0.6443753620787704,0.22518881141794123
INST_2642,150,20,25,3,2,102642,DSDV,0.75,AOMDV,0.7241575679990806,0.025842432000919402
INST_2643,150,20,25,3,3,102643,DSDV,0.75,AOMDV,0.4098048248693578,0.3401951751306422
INST_2644,150,20,25,3,4,102644,DSDV,0.8795616124489708,AOMDV,0.7220766090990418,0.157485003349929
INST_2645,150,20,25,3,5,102645,AOMDV,0.860787117292457,DSDV,0.6661551471296436,0.19463197016281342
INST_2646,150,20,25,5,1,102646,DSDV,0.9007417341961079,AOMDV,0.4034140309548062,0.4973277032413017
INST_2647,150,20,25,5,2,102647,AODV,0.75,DSDV,0.6517718290389349,0.09822817096106506
INST_2648,150,20,25,5,3,102648,DSDV,1.0,AOMDV,0.22502170697922375,0.7749782930207763
INST_2649,150,20,25,5,4,102649,DSDV,1.0,AOMDV,0.33906309320932926,0.6609369067906707
INST_2650,150,20,25,5,5,102650,DSDV,0.75,AODV,0.5802907649354991,0.16970923506450086
INST_2651,150,20,25,6,1,102651,DSDV,0.9792638199947227,AODV,0.5530706425936792,0.42619317740104345
INST_2652,150,20,25,6,2,102652,AODV,0.6069168036196605,AOMDV,0.5769510314964801,0.029965772123180412
INST_2653,150,20,25,6,3,102653,DSDV,0.8371123109670477,AODV,0.6751726842166643,0.16193962675038343
INST_2654,150,20,25,6,4,102654,DSDV,1.0,AODV,0.2673032780302048,0.7326967219697952
INST_2655,150,20,25,6,5,102655,AODV,0.7006379241365701,DSDV,0.4370158386533952,0.2636220854831749
INST_2656,150,30,5,3,1,102656,DSDV,0.6531697607636853,AOMDV,0.5709779108273045,0.08219184993638073
INST_2657,150,30,5,3,2,102657,AODV,0.7012355493715521,DSDV,0.6755958981118142,0.025639651259737883
INST_2658,150,30,5,3,3,102658,DSDV,0.7316522526855201,AOMDV,0.6234983254911346,0.10815392719438555
INST_2659,150,30,5,3,4,102659,AODV,0.6918123822126315,AOMDV,0.6412572235728725,0.05055515863975901
INST_2660,150,30,5,3,5,102660,AOMDV,0.6308939038428136,AODV,0.5674871352966483,0.06340676854616534
INST_2661,150,30,5,5,1,102661,AOMDV,0.6063548152731113,DSDV,0.5492612850883459,0.05709353018476537
INST_2662,150,30,5,5,2,102662,AOMDV,0.6806406026583108,AODV,0.5,0.18064060265831083
INST_2663,150,30,5,5,3,102663,AODV,0.8118374928604961,AOMDV,0.6488415371713456,0.16299595568915048
INST_2664,150,30,5,5,4,102664,DSDV,0.7292164337746264,AODV,0.5,0.22921643377462642
INST_2665,150,30,5,5,5,102665,AOMDV,0.6938947386520775,AODV,0.5,0.19389473865207751
INST_2666,150,30,5,6,1,102666,AOMDV,0.6024355431092518,DSDV,0.5937651780048246,0.008670365104427202
INST_2667,150,30,5,6,2,102667,DSDV,0.7051809113423831,AOMDV,0.6193516636181445,0.08582924772423861
INST_2668,150,30,5,6,3,102668,AOMDV,0.6804011614045377,AODV,0.6472210495570164,0.03318011184752123
INST_2669,150,30,5,6,4,102669,AOMDV,0.6880307859334641,DSDV,0.5000786074370309,0.1879521784964332
INST_2670,150,30,5,6,5,102670,AOMDV,0.7028371444520729,AODV,0.6476510621872178,0.05518608226485511
INST_2671,150,30,7,2,1,102671,AOMDV,0.5736797320076673,AODV,0.47777059862707416,0.09590913338059315
INST_2672,150,30,7,2,2,102672,AODV,0.8431255989487905,AOMDV,0.6774468084832594,0.16567879046553102
INST_2673,150,30,7,2,3,102673,AOMDV,0.6341968916179226,AODV,0.5752570698230977,0.05893982179482493
INST_2674,150,30,7,2,4,102674,AOMDV,0.6642394743818141,AODV,0.6481099430392332,0.016129531342580883
INST_2675,150,30,7,2,5,102675,AODV,0.6537301570179962,AOMDV,0.6514382451948431,0.0022919118231531366
INST_2676,150,30,7,3,1,102676,DSDV,0.6259004523440925,AOMDV,0.6079215049498358,0.01797894739425676
INST_2677,150,30,7,3,2,102677,AOMDV,0.6468044196028875,DSDV,0.5950850661431182,0.0517193534597693
INST_2678,150,30,7,3,3,102678,AOMDV,0.6689470540049123,AODV,0.5912476856760805,0.07769936832883173
INST_2679,150,30,7,3,4,102679,AOMDV,0.6545643090072484,AODV,0.5718668506665825,0.08269745834066589
INST_2680,150,30,7,3,5,102680,AODV,0.804015096882959,AOMDV,0.6622280590564745,0.1417870378264845
INST_2681,150,30,7,4,1,102681,AOMDV,0.75,DSDV,0.7054993729009187,0.044500627099081314
INST_2682,150,30,7,4,2,102682,AOMDV,0.654884104198829,DSDV,0.5212898410410438,0.13359426315778522
INST_2683,150,30,7,4,3,102683,AOMDV,0.6438042947230265,AODV,0.6142543881661603,0.02954990655686618
INST_2684,150,30,7,4,4,102684,AOMDV,0.7020547924744143,AODV,0.5553904138494181,0.14666437862499615
INST_2685,150,30,7,4,5,102685,AOMDV,0.7146105723268072,AODV,0.6312566788903307,0.08335389343647659
INST_2686,150,30,7,5,1,102686,AOMDV,0.6288075215137541,AODV,0.5810171586836346,0.047790362830119504
INST_2687,150,30,7,5,2,102687,AOMDV,0.6779320994180813,AODV,0.5454483090788377,0.13248379033924362
INST_2688,150,30,7,5,3,102688,AOMDV,0.690267954103456,AODV,0.42624520014500933,0.26402275395844665
INST_2689,150,30,7,5,4,102689,AOMDV,0.75,AODV,0.5916522963005408,0.15834770369945916
INST_2690,150,30,7,5,5,102690,AOMDV,0.668878315278407,AODV,0.5559062357868145,0.11297207949159249
INST_2691,150,30,7,6,1,102691,AOMDV,0.6927272731854546,AODV,0.6265685364888153,0.0661587366966393
INST_2692,150,30,7,6,2,102692,AOMDV,0.6862201357826314,DSDV,0.5716568572510902,0.11456327853154125
INST_2693,150,30,7,6,3,102693,AOMDV,0.7490339815790412,AODV,0.3588480379261124,0.3901859436529288
INST_2694,150,30,7,6,4,102694,AODV,0.6962146151643724,AOMDV,0.6925686358939367,0.0036459792704357508
INST_2695,150,30,7,6,5,102695,AOMDV,0.7479353667235866,AODV,0.6042869354668626,0.143648431256724
INST_2696,150,30,7,8,1,102696,AOMDV,0.6707890608046448,AODV,0.6349103029201726,0.03587875788447226
INST_2697,150,30,7,8,2,102697,AOMDV,0.6378297800605619,DSDV,0.44364521268273344,0.19418456737782847
INST_2698,150,30,7,8,3,102698,AOMDV,0.6716038676915282,AODV,0.45864136723413923,0.21296250045738901
INST_2699,150,30,7,8,4,102699,AOMDV,0.702468971760576,AODV,0.6975081600432864,0.0049608117172895705
INST_2700,150,30,7,8,5,102700,AOMDV,0.7491104625054509,AODV,0.3197767109797348,0.42933375152571607
INST_2701,150,30,10,3,1,102701,AOMDV,0.7048959128162731,AODV,0.6188522253309625,0.08604368748531055
INST_2702,150,30,10,3,2,102702,AOMDV,0.6785385342014352,AODV,0.5707220112080691,0.10781652299336608
INST_2703,150,30,10,3,3,102703,AOMDV,0.649683688232651,DSDV,0.4268685255467063,0.2228151626859447
INST_2704,150,30,10,3,4,102704,AODV,0.6937483159161114,DSDV,0.5190627974833423,0.17468551843276914
INST_2705,150,30,10,3,5,102705,AODV,0.6706090820355439,AOMDV,0.6689481228279761,0.0016609592075678137
INST_2706,150,30,10,5,1,102706,AOMDV,0.6860806599078922,DSDV,0.597169022228177,0.08891163767971522
INST_2707,150,30,10,5,2,102707,AOMDV,0.7892225898527867,DSDV,0.6458672781196051,0.1433553117331816
INST_2708,150,30,10,5,3,102708,AOMDV,0.7171773214578475,DSDV,0.5009861936068492,0.21619112785099837
INST_2709,150,30,10,5,4,102709,AOMDV,0.7087590197588003,AODV,0.6831779995085558,0.025581020250244446
INST_2710,150,30,10,5,5,102710,AOMDV,0.6989857542235831,DSDV,0.38156053851650384,0.31742521570707927
INST_2711,150,30,10,6,1,102711,AOMDV,0.75,DSDV,0.47558177910664234,0.27441822089335766
INST_2712,150,30,10,6,2,102712,AOMDV,0.7997359018304208,AODV,0.5,0.29973590183042076
INST_2713,150,30,10,6,3,102713,AOMDV,0.8151031146354315,DSDV,0.4812262167985417,0.3338768978368898
INST_2714,150,30,10,6,4,102714,AOMDV,0.75,AODV,0.5708415549315299,0.17915844506847012
INST_2715,150,30,10,6,5,102715,AOMDV,0.705856533660752,AODV,0.5234302545447924,0.18242627911595954
INST_2716,150,30,12,2,1,102716,AOMDV,0.6082635959511389,AODV,0.4561186790590821,0.15214491689205678
INST_2717,150,30,12,2,2,102717,AODV,0.7366870603847852,AOMDV,0.6473706313378194,0.0893164290469658
INST_2718,150,30,12,2,3,102718,AOMDV,0.6431543062542197,AODV,0.588323252786293,0.054831053467926605
INST_2719,150,30,12,2,4,102719,AOMDV,0.638938057563161,AODV,0.5097020268799723,0.12923603068318867
INST_2720,150,30,12,2,5,102720,AODV,0.8476624939408042,AOMDV,0.6456341691844985,0.20202832475630572
INST_2721,150,30,12,3,1,102721,AOMDV,0.6759013753954741,DSDV,0.6122071118043863,0.06369426359108787
INST_2722,150,30,12,3,2,102722,AOMDV,0.6514312124068007,AODV,0.5674601054854164,0.08397110692138432
INST_2723,150,30,12,3,3,102723,AOMDV,0.6648734189415157,AODV,0.5475294075656569,0.11734401137585881
INST_2724,150,30,12,3,4,102724,AOMDV,0.6803808835993492,AODV,0.5438980068423029,0.1364828767570463
INST_2725,150,30,12,3,5,102725,AODV,0.7963229152185418,AOMDV,0.6859766313673261,0.1103462838512157
INST_2726,150,30,12,4,1,102726,AOMDV,0.7050258800233907,DSDV,0.5252423174099752,0.17978356261341555
INST_2727,150,30,12,4,2,102727,AOMDV,0.8542074355219984,DSDV,0.39090029719769226,0.46330713832430614
INST_2728,150,30,12,4,3,102728,AOMDV,0.7544433827799172,DSDV,0.4268332133594944,0.32761016942042276
INST_2729,150,30,12,4,4,102729,AOMDV,0.7195936349346514,AODV,0.4479080424047666,0.27168559252988483
INST_2730,150,30,12,4,5,102730,AOMDV,0.6888082551184856,AODV,0.5838645016559465,0.10494375346253915
INST_2731,150,30,12,5,1,102731,AOMDV,0.7038894740314456,DSDV,0.5669984223099336,0.13689105172151206
INST_2732,150,30,12,5,2,102732,AOMDV,0.8455454941721319,DSDV,0.5,0.3455454941721319
INST_2733,150,30,12,5,3,102733,DSDV,0.75,AOMDV,0.3295385471834226,0.4204614528165774
INST_2734,150,30,12,5,4,102734,AOMDV,0.7391992166594958,AODV,0.46170699148340333,0.2774922251760925
INST_2735,150,30,12,5,5,102735,AOMDV,0.8095060281880311,AODV,0.418484625307495,0.3910214028805361
INST_2736,150,30,12,6,1,102736,DSDV,0.75,AOMDV,0.7189722790838013,0.031027720916198653
INST_2737,150,30,12,6,2,102737,AOMDV,0.6878375011974489,DSDV,0.6121259336991574,0.07571156749829155
INST_2738,150,30,12,6,3,102738,AOMDV,0.5636837583320151,DSDV,0.5081107423821407,0.055573015949874405
INST_2739,150,30,12,6,4,102739,AOMDV,0.7031646935810156,DSDV,0.5,0.20316469358101563
INST_2740,150,30,12,6,5,102740,AOMDV,0.8777305603510885,DSDV,0.37820651105654307,0.49952404929454547
INST_2741,150,30,12,8,1,102741,AOMDV,0.6397113969199486,DSDV,0.5123686608604501,0.12734273605949853
INST_2742,150,30,12,8,2,102742,DSDV,0.75,AOMDV,0.5605671961100235,0.18943280388997652
INST_2743,150,30,12,8,3,102743,AODV,0.6561993568886495,DSDV,0.5,0.1561993568886495
INST_2744,150,30,12,8,4,102744,AODV,0.75,DSDV,0.43720105365832784,0.31279894634167216
INST_2745,150,30,12,8,5,102745,AOMDV,0.8711738775283204,DSDV,0.5867254762862033,0.2844484012421171
INST_2746,150,30,15,3,1,102746,AOMDV,0.6907015605895123,DSDV,0.4408988861795503,0.24980267440996196
INST_2747,150,30,15,3,2,102747,AOMDV,0.7645807962830836,AODV,0.43166252536286814,0.3329182709202155
INST_2748,150,30,15,3,3,102748,AOMDV,0.7394076788027155,DSDV,0.382979327120188,0.3564283516825275
INST_2749,150,30,15,3,4,102749,AOMDV,0.7032477354198347,DSDV,0.4088338263392707,0.294413909080564
INST_2750,150,30,15,3,5,102750,AOMDV,0.8428796522136826,DSDV,0.394700574949558,0.44817907726412454
INST_2751,150,30,15,5,1,102751,AOMDV,0.6450115115887846,DSDV,0.5,0.14501151158878456
INST_2752,150,30,15,5,2,102752,DSDV,0.75,AOMDV,0.36354103724994474,0.38645896275005526
INST_2753,150,30,15,5,3,102753,DSDV,0.75,AODV,0.4264379438227339,0.3235620561772661
INST_2754,150,30,15,5,4,102754,AOMDV,0.9179011421133401,DSDV,0.5059759958928778,0.4119251462204623
INST_2755,150,30,15,5,5,102755,AOMDV,0.9141457266956956,DSDV,0.5286631952901093,0.3854825314055863
INST_2756,150,30,15,6,1,102756,AODV,0.7200778065373836,AOMDV,0.5855014060072259,0.13457640053015774
INST_2757,150,30,15,6,2,102757,AODV,0.6873710293448557,DSDV,0.5,0.18737102934485572
INST_2758,150,30,15,6,3,102758,AOMDV,0.6156336666026412,AODV,0.5608285695171323,0.05480509708550885
INST_2759,150,30,15,6,4,102759,AODV,0.7291758423085279,AOMDV,0.5326257471434787,0.1965500951650493
INST_2760,150,30,15,6,5,102760,AOMDV,0.9182241743532682,DSDV,0.4161913908031325,0.5020327835501357
INST_2761,150,30,18,2,1,102761,AOMDV,0.6688163911158904,AODV,0.5621053657150775,0.1067110254008129
INST_2762,150,30,18,2,2,102762,AOMDV,0.6617692558595921,AODV,0.547410008830544,0.1143592470290481
INST_2763,150,30,18,2,3,102763,AOMDV,0.6994926583491271,DSDV,0.40459654587023697,0.29489611247889014
INST_2764,150,30,18,2,4,102764,AOMDV,0.6778993885171786,AODV,0.5831558272456446,0.09474356127153394
INST_2765,150,30,18,2,5,102765,AOMDV,0.6835733996577118,AODV,0.5364558303510557,0.1471175693066561
INST_2766,150,30,18,3,1,102766,AOMDV,0.748646182130792,DSDV,0.6479480818539273,0.10069810027686477
INST_2767,150,30,18,3,2,102767,AOMDV,0.9102088516797895,DSDV,0.6004949557333505,0.30971389594643894
INST_2768,150,30,18,3,3,102768,AOMDV,0.8220264881346322,DSDV,0.5486421147661482,0.273384373368484
INST_2769,150,30,18,3,4,102769,AOMDV,0.7674474715552353,AODV,0.4184832617031278,0.3489642098521075
INST_2770,150,30,18,3,5,102770,AOMDV,0.8553407482003462,DSDV,0.4910819958213276,0.3642587523790186
INST_2771,150,30,18,4,1,102771,AOMDV,0.8883968069175716,DSDV,0.6076676696069894,0.28072913731058224
INST_2772,150,30,18,4,2,102772,DSDV,0.75,AOMDV,0.5308140398080431,0.2191859601919569
INST_2773,150,30,18,4,3,102773,DSDV,0.75,AOMDV,0.7063675390017242,0.04363246099827578
INST_2774,150,30,18,4,4,102774,AOMDV,0.6526403142217851,DSDV,0.5,0.15264031422178514
INST_2775,150,30,18,4,5,102775,AOMDV,0.8778785540763843,DSDV,0.5,0.37787855407638427
INST_2776,150,30,18,5,1,102776,AOMDV,0.6460420817698419,DSDV,0.5567533924889501,0.08928868928089184
INST_2777,150,30,18,5,2,102777,DSDV,0.75,AOMDV,0.4655465080191317,0.2844534919808683
INST_2778,150,30,18,5,3,102778,DSDV,0.75,AODV,0.3813428370443864,0.3686571629556136
INST_2779,150,30,18,5,4,102779,DSDV,0.7462069362082651,AODV,0.7403471616466732,0.005859774561591813
INST_2780,150,30,18,5,5,102780,DSDV,0.75,AOMDV,0.6173593705305562,0.13264062946944377
INST_2781,150,30,18,6,1,102781,DSDV,0.7362295138462227,AODV,0.728637440188044,0.007592073658178711
INST_2782,150,30,18,6,2,102782,DSDV,0.7353081555772213,AODV,0.6467746940282901,0.08853346154893116
INST_2783,150,30,18,6,3,102783,DSDV,0.7050377612236445,AOMDV,0.6254348318007658,0.07960292942287872
INST_2784,150,30,18,6,4,102784,DSDV,0.7159903608220468,AOMDV,0.6148072351076136,0.10118312571443322
INST_2785,150,30,18,6,5,102785,DSDV,0.7172142051134807,AODV,0.5592211501161815,0.1579930549972992
INST_2786,150,30,18,8,1,102786,AODV,0.75,DSDV,0.4001583084844148,0.3498416915155852
INST_2787,150,30,18,8,2,102787,DSDV,0.75,AODV,0.5452198184792172,0.2047801815207828
INST_2788,150,30,18,8,3,102788,DSDV,0.75,AODV,0.48643009663731246,0.26356990336268754
INST_2789,150,30,18,8,4,102789,DSDV,0.9548872821527223,AOMDV,0.39042218744284873,0.5644650947098736
INST_2790,150,30,18,8,5,102790,AODV,0.75,DSDV,0.598085892755915,0.15191410724408505
INST_2791,150,30,20,3,1,102791,AOMDV,0.8622908039503597,DSDV,0.4604551509301957,0.40183565302016405
INST_2792,150,30,20,3,2,102792,AOMDV,0.9173312604283987,DSDV,0.7339119877681658,0.18341927266023295
INST_2793,150,30,20,3,3,102793,AOMDV,0.7414685858053587,DSDV,0.7300523949362693,0.011416190869089404
INST_2794,150,30,20,3,4,102794,AOMDV,0.9081389134111191,DSDV,0.529640293896061,0.37849861951505803
INST_2795,150,30,20,3,5,102795,AOMDV,0.8827558785687005,DSDV,0.43252386856781133,0.4502320100008892
INST_2796,150,30,20,5,1,102796,DSDV,0.75,AOMDV,0.5169390677848624,0.23306093221513757
INST_2797,150,30,20,5,2,102797,DSDV,0.75,AOMDV,0.41552553549248916,0.33447446450751084
INST_2798,150,30,20,5,3,102798,DSDV,0.7299588459416813,AODV,0.6417852002003522,0.08817364574132902
INST_2799,150,30,20,5,4,102799,AODV,0.648229971130629,AOMDV,0.5140660923502295,0.13416387878039948
INST_2800,150,30,20,5,5,102800,DSDV,0.75,AOMDV,0.6180094490199921,0.1319905509800079
INST_2801,150,30,20,6,1,102801,AODV,0.6748376675156098,DSDV,0.6621663366788328,0.012671330836776962
INST_2802,150,30,20,6,2,102802,DSDV,0.75,AODV,0.45519141663815754,0.29480858336184246
INST_2803,150,30,20,6,3,102803,DSDV,0.7806064137909815,AODV,0.4144104742809639,0.3661959395100176
INST_2804,150,30,20,6,4,102804,DSDV,0.6124101338381926,AOMDV,0.597647382460448,0.014762751377744632
INST_2805,150,30,20,6,5,102805,AODV,0.6778423573915122,DSDV,0.6312010750919539,0.04664128229955833
INST_2806,150,30,22,2,1,102806,AOMDV,0.6405921948148414,AODV,0.5149261682450957,0.12566602656974568
INST_2807,150,30,22,2,2,102807,AOMDV,0.6904165511676826,AODV,0.43285084939630547,0.25756570177137716
INST_2808,150,30,22,2,3,102808,AOMDV,0.7854658595514417,AODV,0.3927714336892313,0.3926944258622104
INST_2809,150,30,22,2,4,102809,AOMDV,0.7663336250287047,AODV,0.4662153902496827,0.300118234779022
INST_2810,150,30,22,2,5,102810,AOMDV,0.6900167801678415,AODV,0.4235177197912315,0.26649906037661003
INST_2811,150,30,22,3,1,102811,AOMDV,0.7966855784190627,DSDV,0.5755124818171546,0.2211730966019081
INST_2812,150,30,22,3,2,102812,AOMDV,0.7926971092567583,DSDV,0.75,0.04269710925675829
INST_2813,150,30,22,3,3,102813,DSDV,0.75,AOMDV,0.6636997592895489,0.08630024071045106
INST_2814,150,30,22,3,4,102814,AOMDV,0.7598434323706778,DSDV,0.5,0.25984343237067775
INST_2815,150,30,22,3,5,102815,AOMDV,0.9245258957179336,DSDV,0.5787333824136602,0.3457925133042734
INST_2816,150,30,22,4,1,102816,DSDV,0.75,AOMDV,0.38584959885235426,0.36415040114764574
INST_2817,150,30,22,4,2,102817,DSDV,0.75,AOMDV,0.5183408781432567,0.2316591218567433
INST_2818,150,30,22,4,3,102818,DSDV,0.75,AOMDV,0.3989648819039291,0.3510351180960709
INST_2819,150,30,22,4,4,102819,DSDV,0.75,AODV,0.40623623837634126,0.34376376162365874
INST_2820,150,30,22,4,5,102820,AOMDV,0.6264609603863227,DSDV,0.5,0.1264609603863227
INST_2821,150,30,22,5,1,102821,DSDV,0.75,AODV,0.561671104332273,0.18832889566772704
INST_2822,150,30,22,5,2,102822,DSDV,0.75,AOMDV,0.3822884799540434,0.3677115200459566
INST_2823,150,30,22,5,3,102823,DSDV,0.75,AODV,0.49997507096639104,0.25002492903360896
INST_2824,150,30,22,5,4,102824,AODV,0.730487404528995,DSDV,0.5828536363056804,0.14763376822331453
INST_2825,150,30,22,5,5,102825,DSDV,0.75,AODV,0.5041975054636663,0.24580249453633374
INST_2826,150,30,22,6,1,102826,AODV,0.75,DSDV,0.6797236468691299,0.0702763531308701
INST_2827,150,30,22,6,2,102827,DSDV,1.0,AOMDV,0.4785789362834263,0.5214210637165737
INST_2828,150,30,22,6,3,102828,DSDV,0.75,AODV,0.6301411461887627,0.11985885381123729
INST_2829,150,30,22,6,4,102829,DSDV,0.7840908860795388,AODV,0.6240674546546663,0.16002343142487252
INST_2830,150,30,22,6,5,102830,DSDV,0.7465064341951151,AODV,0.6978044318985771,0.04870200229653798
INST_2831,150,30,22,8,1,102831,AODV,0.75,DSDV,0.481749725899289,0.268250274100711
INST_2832,150,30,22,8,2,102832,DSDV,0.9223463258534885,AODV,0.6727382664693268,0.24960805938416175
INST_2833,150,30,22,8,3,102833,DSDV,0.7820958386553208,AODV,0.75,0.03209583865532084
INST_2834,150,30,22,8,4,102834,DSDV,0.9041003223106444,AODV,0.7350945337059209,0.16900578860472348
INST_2835,150,30,22,8,5,102835,DSDV,1.0,AODV,0.30999561779833357,0.6900043822016664
INST_2836,150,30,25,3,1,102836,AOMDV,0.7517213156577928,DSDV,0.6045358671077108,0.14718544855008198
INST_2837,150,30,25,3,2,102837,DSDV,0.75,AOMDV,0.6132974419665547,0.13670255803344533
INST_2838,150,30,25,3,3,102838,DSDV,0.75,AOMDV,0.5814804897050203,0.1685195102949797
INST_2839,150,30,25,3,4,102839,AOMDV,0.7661237293540584,DSDV,0.75,0.01612372935405837
INST_2840,150,30,25,3,5,102840,DSDV,0.75,AOMDV,0.5895641199236596,0.16043588007634035
INST_2841,150,30,25,5,1,102841,DSDV,0.75,AODV,0.4933497938579941,0.2566502061420059
INST_2842,150,30,25,5,2,102842,DSDV,0.8357118209845593,AODV,0.7081897700595495,0.1275220509250098
INST_2843,150,30,25,5,3,102843,DSDV,0.7538344160963432,AODV,0.7405269836527562,0.013307432443587008
INST_2844,150,30,25,5,4,102844,DSDV,0.8970264313087049,AOMDV,0.38948721976306255,0.5075392115456423
INST_2845,150,30,25,5,5,102845,DSDV,1.0,AOMDV,0.3326042646866606,0.6673957353133394
INST_2846,150,30,25,6,1,102846,DSDV,0.9474248946310524,AODV,0.4451474408253283,0.5022774538057241
INST_2847,150,30,25,6,2,102847,DSDV,1.0,AODV,0.4676224615545122,0.5323775384454879
INST_2848,150,30,25,6,3,102848,AODV,0.75,DSDV,0.4953074829097426,0.2546925170902574
INST_2849,150,30,25,6,4,102849,DSDV,0.9277177904455458,AODV,0.7494632056086699,0.17825458483687595
INST_2850,150,30,25,6,5,102850,DSDV,0.9845268750155369,AOMDV,0.4011713176815651,0.5833555573339718
INST_2851,150,40,5,3,1,102851,DSDV,0.660729559424621,AOMDV,0.6597312849391285,0.0009982744854925008
INST_2852,150,40,5,3,2,102852,AODV,0.748595340737324,AOMDV,0.5818428756165595,0.16675246512076458
INST_2853,150,40,5,3,3,102853,AOMDV,0.6222035859805489,AODV,0.6084579909631498,0.013745595017399137
INST_2854,150,40,5,3,4,102854,AOMDV,0.6828358281131656,AODV,0.5023464281297348,0.18048939998343072
INST_2855,150,40,5,3,5,102855,AOMDV,0.6640893419775393,DSDV,0.49317754281689197,0.17091179916064736
INST_2856,150,40,5,5,1,102856,AOMDV,0.6504984672996931,AODV,0.5029330449247502,0.14756542237494286
INST_2857,150,40,5,5,2,102857,DSDV,0.6371108901616056,AODV,0.5615045448392548,0.07560634532235078
INST_2858,150,40,5,5,3,102858,AODV,0.6487494331749344,AOMDV,0.6305369140286473,0.018212519146287076
INST_2859,150,40,5,5,4,102859,AOMDV,0.6770700680073227,AODV,0.654815012160642,0.02225505584668075
INST_2860,150,40,5,5,5,102860,AOMDV,0.7271231104888332,AODV,0.5011382283937966,0.22598488209503653
INST_2861,150,40,5,6,1,102861,AOMDV,0.660210289806076,AODV,0.5271858663653401,0.13302442344073584
INST_2862,150,40,5,6,2,102862,AOMDV,0.6762187022775443,AODV,0.6128201616852579,0.06339854059228645
INST_2863,150,40,5,6,3,102863,AODV,0.7136376930348804,AOMDV,0.635237618906301,0.07840007412857941
INST_2864,150,40,5,6,4,102864,AOMDV,0.6872783720091575,AODV,0.6257333138679878,0.06154505814116973
INST_2865,150,40,5,6,5,102865,AOMDV,0.660288898627865,AODV,0.6567962626035784,0.0034926360242866217
INST_2866,150,40,7,2,1,102866,DSDV,0.75,AOMDV,0.6184605254341674,0.1315394745658326
INST_2867,150,40,7,2,2,102867,AODV,0.7206932385138016,AOMDV,0.6204564671167476,0.100236771397054
INST_2868,150,40,7,2,3,102868,AODV,0.7187807626832248,AOMDV,0.6443894403849295,0.07439132229829526
INST_2869,150,40,7,2,4,102869,AODV,0.680097940256399,AOMDV,0.6437757206247142,0.036322219631684804
INST_2870,150,40,7,2,5,102870,AODV,0.75,AOMDV,0.44825113560912677,0.30174886439087323
INST_2871,150,40,7,3,1,102871,AOMDV,0.6805792073861842,DSDV,0.5298606393694384,0.15071856801674577
INST_2872,150,40,7,3,2,102872,AOMDV,0.6126309677574365,AODV,0.6054422855390803,0.007188682218356224
INST_2873,150,40,7,3,3,102873,AODV,0.710362079903851,AOMDV,0.6386554590279099,0.07170662087594115
INST_2874,150,40,7,3,4,102874,AOMDV,0.6636197498856152,AODV,0.5549917285608081,0.10862802132480709
INST_2875,150,40,7,3,5,102875,DSDV,0.7247135317008476,AODV,0.5366547163965978,0.18805881530424984
INST_2876,150,40,7,4,1,102876,AOMDV,0.6731943000827909,AODV,0.5791071631829656,0.09408713689982529
INST_2877,150,40,7,4,2,102877,AODV,0.6346836621504416,AOMDV,0.6331086733136072,0.001574988836834379
INST_2878,150,40,7,4,3,102878,AOMDV,0.6788822773615468,AODV,0.6188341918145236,0.06004808554702323
INST_2879,150,40,7,4,4,102879,AOMDV,0.6794905445606001,AODV,0.5248204351895026,0.1546701093710975
INST_2880,150,40,7,4,5,102880,DSDV,0.6571682508862987,AOMDV,0.625905063673385,0.03126318721291366
INST_2881,150,40,7,5,1,102881,AOMDV,0.6661381259684336,AODV,0.5,0.16613812596843358
INST_2882,150,40,7,5,2,102882,AOMDV,0.6386047519734608,AODV,0.4888794727628663,0.14972527921059448
INST_2883,150,40,7,5,3,102883,AOMDV,0.6947495637886628,AODV,0.5708286966989544,0.1239208670897084
INST_2884,150,40,7,5,4,102884,AOMDV,0.7415517988152582,DSDV,0.4638063365944863,0.27774546222077195
INST_2885,150,40,7,5,5,102885,AOMDV,0.7291452070883373,AODV,0.685014077841389,0.044131129246948286
INST_2886,150,40,7,6,1,102886,AODV,0.75,AOMDV,0.5980300454807643,0.15196995451923567
INST_2887,150,40,7,6,2,102887,AODV,0.7106440437872023,AOMDV,0.6630014483301041,0.04764259545709815
INST_2888,150,40,7,6,3,102888,AOMDV,0.7116343891490042,AODV,0.5015424937147307,0.21009189543427353
INST_2889,150,40,7,6,4,102889,AOMDV,0.7489526652633951,AODV,0.5072064806960764,0.24174618456731867
INST_2890,150,40,7,6,5,102890,AOMDV,0.6865154359408259,AODV,0.518614973222548,0.16790046271827785
INST_2891,150,40,7,8,1,102891,AODV,0.7973812557915212,AOMDV,0.7033095499653308,0.0940717058261904
INST_2892,150,40,7,8,2,102892,DSDV,0.75,AOMDV,0.41966153223042757,0.33033846776957243
INST_2893,150,40,7,8,3,102893,AOMDV,0.6796370008280662,AODV,0.4083595950446787,0.2712774057833875
INST_2894,150,40,7,8,4,102894,AOMDV,0.797702524275955,DSDV,0.4454630185868649,0.3522395056890901
INST_2895,150,40,7,8,5,102895,AOMDV,0.7412852027858088,DSDV,0.6043625687045117,0.13692263408129712
INST_2896,150,40,10,3,1,102896,AOMDV,0.6074238056382214,DSDV,0.5194526294634233,0.0879711761747981
INST_2897,150,40,10,3,2,102897,AOMDV,0.6696031738011338,AODV,0.6167758775087828,0.052827296292350945
INST_2898,150,40,10,3,3,102898,AOMDV,0.6496865164625938,AODV,0.5540691734739144,0.09561734298867941
INST_2899,150,40,10,3,4,102899,AOMDV,0.6565670797362376,AODV,0.4797569380701215,0.17681014166611614
INST_2900,150,40,10,3,5,102900,AOMDV,0.6418887362970269,AODV,0.5698120738999615,0.07207666239706545
INST_2901,150,40,10,5,1,102901,AOMDV,0.7103136115922096,AODV,0.5983586333138505,0.1119549782783591
INST_2902,150,40,10,5,2,102902,AOMDV,0.8829973340560454,DSDV,0.5689837726425849,0.3140135614134605
INST_2903,150,40,10,5,3,102903,AOMDV,0.6995988015331098,AODV,0.40879645829067124,0.2908023432424386
INST_2904,150,40,10,5,4,102904,AOMDV,0.7133049294985094,DSDV,0.46709958707844346,0.24620534242006598
INST_2905,150,40,10,5,5,102905,DSDV,0.5996002845519822,AOMDV,0.5179183203377141,0.0816819642142681
INST_2906,150,40,10,6,1,102906,AOMDV,0.6809605500425979,AODV,0.5910426731722276,0.08991787687037034
INST_2907,150,40,10,6,2,102907,AOMDV,0.9299234388583892,DSDV,0.5796202502990986,0.35030318855929066
INST_2908,150,40,10,6,3,102908,AOMDV,0.7081456447607803,AODV,0.4612623791631395,0.24688326559764084
INST_2909,150,40,10,6,4,102909,AOMDV,0.7837762000442847,DSDV,0.538224875829771,0.24555132421451376
INST_2910,150,40,10,6,5,102910,AOMDV,0.8957395931967733,DSDV,0.40373655320644986,0.49200303999032347
INST_2911,150,40,12,2,1,102911,AOMDV,0.6555884868673556,AODV,0.5966312899159218,0.058957196951433755
INST_2912,150,40,12,2,2,102912,AOMDV,0.6144640999573372,DSDV,0.529877764303359,0.08458633565397822
INST_2913,150,40,12,2,3,102913,AODV,0.7581327112457705,AOMDV,0.6158812145302098,0.1422514967155607
INST_2914,150,40,12,2,4,102914,AOMDV,0.6579257501220394,AODV,0.6036913916442552,0.05423435847778413
INST_2915,150,40,12,2,5,102915,AOMDV,0.6384870418749393,AODV,0.6113949810222017,0.02709206085273763
INST_2916,150,40,12,3,1,102916,AODV,0.7604530574544046,AOMDV,0.700655028275014,0.05979802917939059
INST_2917,150,40,12,3,2,102917,AOMDV,0.6522033011421513,AODV,0.3976808534251268,0.2545224477170245
INST_2918,150,40,12,3,3,102918,AOMDV,0.6776699070126307,DSDV,0.3956685884020948,0.28200131861053596
INST_2919,150,40,12,3,4,102919,AOMDV,0.6778113070093211,AODV,0.5423534795515593,0.1354578274577618
INST_2920,150,40,12,3,5,102920,AOMDV,0.6456604451047532,AODV,0.4705515941661932,0.17510885093856
INST_2921,150,40,12,4,1,102921,AOMDV,0.6790819136825538,AODV,0.6566033965439342,0.02247851713861959
INST_2922,150,40,12,4,2,102922,AOMDV,0.7763748210208996,AODV,0.47088047794542787,0.30549434307547174
INST_2923,150,40,12,4,3,102923,AOMDV,0.7234691175928541,DSDV,0.37828685109601634,0.3451822664968378
INST_2924,150,40,12,4,4,102924,AOMDV,0.7440613899555549,AODV,0.477153453130145,0.2669079368254099
INST_2925,150,40,12,4,5,102925,AOMDV,0.852073273678084,AODV,0.4010922635176085,0.45098101016047554
INST_2926,150,40,12,5,1,102926,AOMDV,0.7318831557534942,AODV,0.5021493656256667,0.22973379012782746
INST_2927,150,40,12,5,2,102927,AOMDV,0.9116361595923066,DSDV,0.6901189493941364,0.22151721019817017
INST_2928,150,40,12,5,3,102928,AOMDV,0.7521676312923654,DSDV,0.542936707937562,0.20923092335480342
INST_2929,150,40,12,5,4,102929,AOMDV,0.7739458471426409,DSDV,0.5,0.2739458471426409
INST_2930,150,40,12,5,5,102930,AOMDV,0.8810854549603324,DSDV,0.41435246266337566,0.46673299229695675
INST_2931,150,40,12,6,1,102931,AOMDV,0.7897628693521317,DSDV,0.4384183918870782,0.3513444774650535
INST_2932,150,40,12,6,2,102932,AOMDV,0.899061005272493,DSDV,0.44617439786516633,0.45288660740732667
INST_2933,150,40,12,6,3,102933,AOMDV,0.7322705187394389,AODV,0.5,0.23227051873943894
INST_2934,150,40,12,6,4,102934,DSDV,0.75,AODV,0.3872221809831128,0.3627778190168872
INST_2935,150,40,12,6,5,102935,AOMDV,0.6663783296267738,AODV,0.5918989652816917,0.07447936434508207
INST_2936,150,40,12,8,1,102936,AOMDV,0.7601775061796325,AODV,0.4119160082404943,0.34826149793913824
INST_2937,150,40,12,8,2,102937,DSDV,0.75,AOMDV,0.6993505920993899,0.05064940790061012
INST_2938,150,40,12,8,3,102938,AODV,0.7067045798359458,AOMDV,0.5472889456676338,0.15941563416831206
INST_2939,150,40,12,8,4,102939,AOMDV,0.6464896603678552,DSDV,0.5,0.14648966036785516
INST_2940,150,40,12,8,5,102940,DSDV,0.7417680983226879,AOMDV,0.6693646919945948,0.07240340632809306
INST_2941,150,40,15,3,1,102941,AOMDV,0.6784457946603333,AODV,0.581605772853266,0.0968400218070673
INST_2942,150,40,15,3,2,102942,AOMDV,0.7231752927094562,DSDV,0.4078995837470438,0.3152757089624124
INST_2943,150,40,15,3,3,102943,AOMDV,0.7349281818772385,DSDV,0.42506515239950143,0.3098630294777371
INST_2944,150,40,15,3,4,102944,AOMDV,0.6944915701247345,AODV,0.4707059211514108,0.2237856489733237
INST_2945,150,40,15,3,5,102945,AOMDV,0.8577857198560305,DSDV,0.39529005382996263,0.46249566602606784
INST_2946,150,40,15,5,1,102946,AOMDV,0.75,AODV,0.48244452850415864,0.26755547149584136
INST_2947,150,40,15,5,2,102947,AOMDV,0.8200653220515292,DSDV,0.7011245602401291,0.11894076181140001
INST_2948,150,40,15,5,3,102948,AOMDV,0.737726215235167,DSDV,0.5928963304285355,0.1448298848066315
INST_2949,150,40,15,5,4,102949,AOMDV,0.7271172695795187,DSDV,0.6281177012039755,0.09899956837554325
INST_2950,150,40,15,5,5,102950,DSDV,0.75,AOMDV,0.6410917014868694,0.10890829851313055
INST_2951,150,40,15,6,1,102951,DSDV,0.75,AODV,0.4430778399443359,0.3069221600556641
INST_2952,150,40,15,6,2,102952,DSDV,0.75,AOMDV,0.5652199545197165,0.18478004548028348
INST_2953,150,40,15,6,3,102953,AODV,0.6822094959826344,DSDV,0.5,0.18220949598263436
INST_2954,150,40,15,6,4,102954,AODV,0.7385340777910692,DSDV,0.5,0.23853407779106917
INST_2955,150,40,15,6,5,102955,DSDV,0.75,AODV,0.5131810841827837,0.23681891581721626
INST_2956,150,40,18,2,1,102956,AOMDV,0.6614114115209804,AODV,0.37500213416397316,0.2864092773570072
INST_2957,150,40,18,2,2,102957,AOMDV,0.6562777629481655,AODV,0.6472215217183441,0.009056241229821405
INST_2958,150,40,18,2,3,102958,AOMDV,0.6707113696628684,DSDV,0.3981010255789327,0.2726103440839357
INST_2959,150,40,18,2,4,102959,AOMDV,0.5743349332624235,AODV,0.5634528099818329,0.010882123280590572
INST_2960,150,40,18,2,5,102960,AOMDV,0.6651986165300903,AODV,0.6025793328854963,0.06261928364459401
INST_2961,150,40,18,3,1,102961,AOMDV,0.7240066581651936,AODV,0.4315216935504404,0.2924849646147532
INST_2962,150,40,18,3,2,102962,AOMDV,0.8040033223867322,AODV,0.3986795456785494,0.4053237767081828
INST_2963,150,40,18,3,3,102963,AOMDV,0.8855198303338676,DSDV,0.5518627849460483,0.33365704538781926
INST_2964,150,40,18,3,4,102964,AOMDV,0.8099815757849614,DSDV,0.5,0.30998157578496144
INST_2965,150,40,18,3,5,102965,AOMDV,0.8470413290174627,DSDV,0.7194643461242622,0.1275769828932004
INST_2966,150,40,18,4,1,102966,AOMDV,0.8470029614236366,DSDV,0.5,0.3470029614236366
INST_2967,150,40,18,4,2,102967,AOMDV,0.8149651041527948,DSDV,0.660309071688135,0.15465603246465975
INST_2968,150,40,18,4,3,102968,AOMDV,0.860154132511355,DSDV,0.5019010373016315,0.3582530952097235
INST_2969,150,40,18,4,4,102969,DSDV,0.6994874066304538,AOMDV,0.6490357239921486,0.05045168263830524
INST_2970,150,40,18,4,5,102970,DSDV,0.75,AOMDV,0.5625600565638297,0.18743994343617032
INST_2971,150,40,18,5,1,102971,DSDV,0.75,AODV,0.5041116508099702,0.24588834919002978
INST_2972,150,40,18,5,2,102972,DSDV,0.75,AOMDV,0.5119517822332652,0.2380482177667348
INST_2973,150,40,18,5,3,102973,DSDV,0.75,AODV,0.45768651880076733,0.29231348119923267
INST_2974,150,40,18,5,4,102974,AOMDV,0.5914289194876762,AODV,0.5134561072325113,0.07797281225516484
INST_2975,150,40,18,5,5,102975,DSDV,0.75,AODV,0.532342711223829,0.21765728877617097
INST_2976,150,40,18,6,1,102976,AOMDV,0.5938648017125485,AODV,0.5501681219249787,0.04369667978756986
INST_2977,150,40,18,6,2,102977,DSDV,0.75,AODV,0.6682572415145616,0.08174275848543844
INST_2978,150,40,18,6,3,102978,DSDV,0.75,AOMDV,0.533154975373181,0.21684502462681898
INST_2979,150,40,18,6,4,102979,AODV,0.6893074675780404,DSDV,0.5,0.1893074675780404
INST_2980,150,40,18,6,5,102980,DSDV,0.75,AOMDV,0.5823192958109962,0.16768070418900383
INST_2981,150,40,18,8,1,102981,DSDV,0.721346933339537,AODV,0.70150827049232,0.019838662847217026
INST_2982,150,40,18,8,2,102982,DSDV,0.8034090393636402,AOMDV,0.4476436269461551,0.35576541241748505
INST_2983,150,40,18,8,3,102983,DSDV,0.7233474932287922,AODV,0.6956162054713644,0.027731287757427836
INST_2984,150,40,18,8,4,102984,AODV,0.7463627561905584,DSDV,0.5,0.24636275619055836
INST_2985,150,40,18,8,5,102985,AODV,0.7247326977343846,DSDV,0.6864213052241159,0.038311392510268716
INST_2986,150,40,20,3,1,102986,AOMDV,0.8944532527482689,DSDV,0.41845479732634605,0.4759984554219229
INST_2987,150,40,20,3,2,102987,AOMDV,0.9104620201874356,DSDV,0.5351132543157844,0.3753487658716512
INST_2988,150,40,20,3,3,102988,AOMDV,0.8786875754133372,DSDV,0.4404618398905412,0.438225735522796
INST_2989,150,40,20,3,4,102989,AOMDV,0.8653822474798144,DSDV,0.5853130571135806,0.2800691903662338
INST_2990,150,40,20,3,5,102990,AOMDV,0.9275283722519878,DSDV,0.6155816502376446,0.31194672201434326
INST_2991,150,40,20,5,1,102991,DSDV,0.75,AODV,0.5993779127548445,0.15062208724515547
INST_2992,150,40,20,5,2,102992,DSDV,0.75,AOMDV,0.45473076260184214,0.29526923739815786
INST_2993,150,40,20,5,3,102993,AOMDV,0.6022297602113897,DSDV,0.5,0.10222976021138974
INST_2994,150,40,20,5,4,102994,DSDV,0.75,AODV,0.5532984438599113,0.19670155614008866
INST_2995,150,40,20,5,5,102995,DSDV,0.75,AODV,0.6869631218433766,0.0630368781566234
INST_2996,150,40,20,6,1,102996,DSDV,0.75,AODV,0.6190141679476033,0.13098583205239667
INST_2997,150,40,20,6,2,102997,DSDV,0.75,AOMDV,0.40074492779577464,0.34925507220422536
INST_2998,150,40,20,6,3,102998,DSDV,0.75,AOMDV,0.5004180541692258,0.2495819458307742
INST_2999,150,40,20,6,4,102999,AOMDV,0.6491420536231441,AODV,0.5248140748506681,0.12432797877247603
INST_3000,150,40,20,6,5,103000,AODV,0.7339162612848608,DSDV,0.7197772248752163,0.014139036409644423
INST_3001,150,40,22,2,1,103001,AOMDV,0.6860079609867094,AODV,0.4647807154362632,0.22122724555044615
INST_3002,150,40,22,2,2,103002,AOMDV,0.7623647403589151,AODV,0.2768824419604892,0.4854822983984259
INST_3003,150,40,22,2,3,103003,AOMDV,0.7420595569935017,DSDV,0.4019121258808108,0.34014743111269086
INST_3004,150,40,22,2,4,103004,AOMDV,0.6666690127422024,AODV,0.4342505742246593,0.23241843851754307
INST_3005,150,40,22,2,5,103005,AOMDV,0.7905180173758934,DSDV,0.46941551668102854,0.3211025006948649
INST_3006,150,40,22,3,1,103006,AOMDV,0.8690866919832709,DSDV,0.4779252551479193,0.39116143683535165
INST_3007,150,40,22,3,2,103007,AOMDV,0.9186495668451651,DSDV,0.6052926597154988,0.31335690712966624
INST_3008,150,40,22,3,3,103008,AOMDV,0.8110095693033631,DSDV,0.573225584710586,0.23778398459277705
INST_3009,150,40,22,3,4,103009,AOMDV,0.8542482911415265,DSDV,0.75,0.10424829114152645
INST_3010,150,40,22,3,5,103010,AOMDV,0.6449925836827215,DSDV,0.5178720418431945,0.12712054183952703
INST_3011,150,40,22,4,1,103011,DSDV,0.75,AODV,0.4514311651231475,0.2985688348768525
INST_3012,150,40,22,4,2,103012,DSDV,0.75,AOMDV,0.43796196007944277,0.31203803992055723
INST_3013,150,40,22,4,3,103013,DSDV,0.6785981035043349,AODV,0.6520021877792426,0.026595915725092345
INST_3014,150,40,22,4,4,103014,AOMDV,0.6487698159363304,DSDV,0.5,0.14876981593633043
INST_3015,150,40,22,4,5,103015,AOMDV,0.5323741848637424,AODV,0.5232931807746337,0.009081004089108724
INST_3016,150,40,22,5,1,103016,DSDV,0.75,AOMDV,0.36432717075131843,0.38567282924868157
INST_3017,150,40,22,5,2,103017,DSDV,0.75,AOMDV,0.3944734829058797,0.3555265170941203
INST_3018,150,40,22,5,3,103018,AODV,0.7018300787900709,DSDV,0.5953107988644821,0.10651927992558874
INST_3019,150,40,22,5,4,103019,DSDV,0.7608583147106843,AOMDV,0.486075034793663,0.27478327991702134
INST_3020,150,40,22,5,5,103020,DSDV,0.8938820773082427,AODV,0.6964472994730182,0.19743477783522445
INST_3021,150,40,22,6,1,103021,DSDV,0.75,AODV,0.5592344183738087,0.19076558162619128
INST_3022,150,40,22,6,2,103022,DSDV,1.0,AOMDV,0.3324761731482197,0.6675238268517802
INST_3023,150,40,22,6,3,103023,AODV,0.7023909605999004,DSDV,0.6972183510504495,0.005172609549450868
INST_3024,150,40,22,6,4,103024,AODV,0.7183426387379048,DSDV,0.5354863393639206,0.18285629937398418
INST_3025,150,40,22,6,5,103025,DSDV,1.0,AODV,0.6624340363107535,0.3375659636892465
INST_3026,150,40,22,8,1,103026,DSDV,1.0,AODV,0.5920853047110829,0.4079146952889171
INST_3027,150,40,22,8,2,103027,DSDV,1.0,AOMDV,0.3009476593580446,0.6990523406419554
INST_3028,150,40,22,8,3,103028,DSDV,0.8466666630252871,AODV,0.71161481009071,0.1350518529345771
INST_3029,150,40,22,8,4,103029,DSDV,0.8575556790316752,AODV,0.658425175693899,0.19913050333777615
INST_3030,150,40,22,8,5,103030,DSDV,0.9807399786938469,AODV,0.7359330822188137,0.24480689647503318
INST_3031,150,40,25,3,1,103031,DSDV,0.75,AOMDV,0.5857823683839884,0.16421763161601155
INST_3032,150,40,25,3,2,103032,AOMDV,0.7589546901097107,DSDV,0.75,0.008954690109710728
INST_3033,150,40,25,3,3,103033,AOMDV,0.8299779861732809,DSDV,0.648313731872137,0.18166425430114386
INST_3034,150,40,25,3,4,103034,AOMDV,0.8655222284573214,DSDV,0.6252423422460478,0.2402798862112736
INST_3035,150,40,25,3,5,103035,DSDV,0.75,AOMDV,0.5498721539859259,0.20012784601407407
INST_3036,150,40,25,5,1,103036,DSDV,1.0,AODV,0.32042059379721555,0.6795794062027845
INST_3037,150,40,25,5,2,103037,DSDV,1.0,AODV,0.5777811422223511,0.4222188577776489
INST_3038,150,40,25,5,3,103038,AODV,0.7166333775173619,DSDV,0.7133579140603922,0.0032754634569697183
INST_3039,150,40,25,5,4,103039,DSDV,1.0,AOMDV,0.37574643020303605,0.624253569796964
INST_3040,150,40,25,5,5,103040,DSDV,1.0,AODV,0.314211144718091,0.685788855281909
INST_3041,150,40,25,6,1,103041,DSDV,0.9177937396524738,AOMDV,0.5959944352087453,0.3217993044437285
INST_3042,150,40,25,6,2,103042,DSDV,1.0,AODV,0.38262453563055154,0.6173754643694485
INST_3043,150,40,25,6,3,103043,DSDV,0.9100265670320048,AODV,0.7444195456352765,0.16560702139672834
INST_3044,150,40,25,6,4,103044,DSDV,1.0,AODV,0.4344425426256558,0.5655574573743443
INST_3045,150,40,25,6,5,103045,DSDV,0.8562579586634759,AODV,0.6901917195000912,0.1660662391633847
INST_3046,150,50,5,3,1,103046,AOMDV,0.6463636394095041,AODV,0.6253395261177289,0.021024113291775226
INST_3047,150,50,5,3,2,103047,AOMDV,0.7377098278837362,AODV,0.6951076288836568,0.04260219900007933
INST_3048,150,50,5,3,3,103048,AOMDV,0.6904761945760446,AODV,0.6619501317143452,0.02852606286169934
INST_3049,150,50,5,3,4,103049,AOMDV,0.7116883155818856,AODV,0.536243753336985,0.17544456224490057
INST_3050,150,50,5,3,5,103050,DSDV,0.6823488115264471,AOMDV,0.6559322065699511,0.026416604956496004
INST_3051,150,50,5,5,1,103051,AOMDV,0.75,DSDV,0.5583102189767548,0.1916897810232452
INST_3052,150,50,5,5,2,103052,AOMDV,0.7221693600675719,AODV,0.7043827905937692,0.01778656947380275
INST_3053,150,50,5,5,3,103053,AOMDV,0.7482578376042566,AODV,0.6020442123690943,0.14621362523516224
INST_3054,150,50,5,5,4,103054,AODV,0.75,AOMDV,0.6343951467954947,0.11560485320450531
INST_3055,150,50,5,5,5,103055,AOMDV,0.7027071132715612,AODV,0.5450237448259909,0.1576833684455703
INST_3056,150,50,5,6,1,103056,DSDV,0.7371397058203843,AODV,0.7196843759866755,0.0174553298337089
INST_3057,150,50,5,6,2,103057,AOMDV,0.75,AODV,0.5786634642644882,0.17133653573551177
INST_3058,150,50,5,6,3,103058,AOMDV,0.7035265158968368,AODV,0.5997759192254487,0.10375059667138808
INST_3059,150,50,5,6,4,103059,AOMDV,0.6763005747644424,AODV,0.6161317281209028,0.06016884664353961
INST_3060,150,50,5,6,5,103060,AOMDV,0.7146924869085363,AODV,0.7100243272809793,0.004668159627556956
INST_3061,150,50,7,2,1,103061,DSDV,0.6479212554214279,AOMDV,0.6196338377962869,0.028287417625140976
INST_3062,150,50,7,2,2,103062,AODV,0.6691291497471814,AOMDV,0.6537132982977171,0.015415851449464335
INST_3063,150,50,7,2,3,103063,DSDV,0.6735050053660491,AOMDV,0.6487383810807236,0.0247666242853255
INST_3064,150,50,7,2,4,103064,AOMDV,0.6778169069151707,AODV,0.5925897445832242,0.0852271623319465
INST_3065,150,50,7,2,5,103065,DSDV,0.7264397005297312,AODV,0.5,0.22643970052973117
INST_3066,150,50,7,3,1,103066,AOMDV,0.6643192475244661,AODV,0.5938256530517232,0.07049359447274295
INST_3067,150,50,7,3,2,103067,AOMDV,0.6423749954250187,AODV,0.5962032428967413,0.04617175252827743
INST_3068,150,50,7,3,3,103068,AOMDV,0.6852640536917134,AODV,0.47785007892787723,0.20741397476383616
INST_3069,150,50,7,3,4,103069,AODV,0.7278679785506991,AOMDV,0.6506134939875042,0.07725448456319484
INST_3070,150,50,7,3,5,103070,AOMDV,0.6921021444452046,DSDV,0.6420300168952807,0.05007212754992385
INST_3071,150,50,7,4,1,103071,AODV,0.7014712817270657,AOMDV,0.6644422295217218,0.037029052205343915
INST_3072,150,50,7,4,2,103072,AODV,0.7060593618204155,AOMDV,0.6758483066852642,0.03021105513515132
INST_3073,150,50,7,4,3,103073,AOMDV,0.6716899875166418,AODV,0.6451388509383128,0.02655113657832897
INST_3074,150,50,7,4,4,103074,AOMDV,0.7290561945301036,AODV,0.4808017760540467,0.2482544184760569
INST_3075,150,50,7,4,5,103075,AOMDV,0.7226876748535085,DSDV,0.5930075648413853,0.1296801100121232
INST_3076,150,50,7,5,1,103076,AOMDV,0.6455808053509527,AODV,0.5424114001232087,0.1031694052277441
INST_3077,150,50,7,5,2,103077,AOMDV,0.6656279249649387,AODV,0.5892882722268775,0.0763396527380612
INST_3078,150,50,7,5,3,103078,AOMDV,0.75,AODV,0.48152723988031854,0.26847276011968146
INST_3079,150,50,7,5,4,103079,AOMDV,0.7178153455222358,AODV,0.5936460369637491,0.12416930855848674
INST_3080,150,50,7,5,5,103080,AOMDV,0.75,AODV,0.49806104236598747,0.25193895763401253
INST_3081,150,50,7,6,1,103081,AOMDV,0.703003174512317,AODV,0.6978919939173014,0.005111180595015585
INST_3082,150,50,7,6,2,103082,AOMDV,0.7056772254822161,AODV,0.6878199712579091,0.017857254224307062
INST_3083,150,50,7,6,3,103083,AOMDV,0.6881831943852083,AODV,0.616371032840514,0.07181216154469428
INST_3084,150,50,7,6,4,103084,AOMDV,0.7497550622988927,AODV,0.6752295398842156,0.07452552241467703
INST_3085,150,50,7,6,5,103085,AOMDV,0.75,DSDV,0.6506416692064488,0.09935833079355116
INST_3086,150,50,7,8,1,103086,AOMDV,0.75,AODV,0.4505188079530923,0.2994811920469077
INST_3087,150,50,7,8,2,103087,AOMDV,0.6760659465108957,AODV,0.4863315258837212,0.1897344206271745
INST_3088,150,50,7,8,3,103088,AODV,0.8286509047078978,AOMDV,0.5021045965682276,0.3265463081396702
INST_3089,150,50,7,8,4,103089,AOMDV,0.75,AODV,0.6681711192474856,0.08182888075251438
INST_3090,150,50,7,8,5,103090,AOMDV,0.75,AODV,0.5396834314356491,0.21031656856435088
INST_3091,150,50,10,3,1,103091,AOMDV,0.6225975562908719,AODV,0.5842977076224164,0.03829984866845548
INST_3092,150,50,10,3,2,103092,AOMDV,0.6727519122625348,AODV,0.5629316276510796,0.10982028461145521
INST_3093,150,50,10,3,3,103093,AOMDV,0.6698390872050201,AODV,0.4988805097390584,0.17095857746596166
INST_3094,150,50,10,3,4,103094,AOMDV,0.6638013400355225,DSDV,0.6622723001567706,0.0015290398787518589
INST_3095,150,50,10,3,5,103095,AODV,0.6988382407501899,AOMDV,0.674092404766573,0.024745835983616904
INST_3096,150,50,10,5,1,103096,AOMDV,0.7265070939113394,AODV,0.44273245748385914,0.28377463642748024
INST_3097,150,50,10,5,2,103097,AOMDV,0.7115713025513932,AODV,0.4127820105900527,0.2987892919613405
INST_3098,150,50,10,5,3,103098,AOMDV,0.705613979001633,DSDV,0.4659091016244079,0.23970487737722512
INST_3099,150,50,10,5,4,103099,AOMDV,0.6994688468992247,AODV,0.5393385996743613,0.16013024722486346
INST_3100,150,50,10,5,5,103100,AOMDV,0.6905472044339378,AODV,0.46244323911887747,0.22810396531506033
INST_3101,150,50,10,6,1,103101,AOMDV,0.7483384714083077,AODV,0.6517433733683476,0.09659509803996003
INST_3102,150,50,10,6,2,103102,AOMDV,0.7406394145790299,DSDV,0.5,0.24063941457902993
INST_3103,150,50,10,6,3,103103,AOMDV,0.7136991789511034,DSDV,0.5,0.21369917895110335
INST_3104,150,50,10,6,4,103104,AOMDV,0.73931676088702,AODV,0.517333795709234,0.22198296517778604
INST_3105,150,50,10,6,5,103105,AOMDV,0.8232049790815091,AODV,0.3976364560852034,0.4255685229963057
INST_3106,150,50,12,2,1,103106,DSDV,0.75,AODV,0.4153270896515734,0.3346729103484266
INST_3107,150,50,12,2,2,103107,AOMDV,0.6612068919045779,AODV,0.6155986433475134,0.04560824855706458
INST_3108,150,50,12,2,3,103108,AOMDV,0.6673050135976211,AODV,0.5750501620267383,0.09225485157088276
INST_3109,150,50,12,2,4,103109,AOMDV,0.6814542983193155,AODV,0.6329143575430781,0.048539940776237356
INST_3110,150,50,12,2,5,103110,AODV,0.650197586394313,AOMDV,0.6407651775535398,0.009432408840773232
INST_3111,150,50,12,3,1,103111,AOMDV,0.6791413377017201,DSDV,0.5238808270874454,0.1552605106142747
INST_3112,150,50,12,3,2,103112,AOMDV,0.6577597842490561,AODV,0.5505456860282294,0.10721409822082673
INST_3113,150,50,12,3,3,103113,AOMDV,0.7031739761168326,AODV,0.5780590797759007,0.12511489634093198
INST_3114,150,50,12,3,4,103114,AODV,0.6247565822802358,DSDV,0.6060963370875123,0.018660245192723468
INST_3115,150,50,12,3,5,103115,AOMDV,0.689123625954815,AODV,0.5550848664768425,0.1340387594779725
INST_3116,150,50,12,4,1,103116,AOMDV,0.713531261107151,AODV,0.6006431943735949,0.11288806673355611
INST_3117,150,50,12,4,2,103117,AOMDV,0.7654452202405935,AODV,0.3705041295589549,0.3949410906816386
INST_3118,150,50,12,4,3,103118,AOMDV,0.6873287682176769,DSDV,0.4871250566125094,0.20020371160516748
INST_3119,150,50,12,4,4,103119,AOMDV,0.7149212890667274,AODV,0.45968378471839355,0.2552375043483338
INST_3120,150,50,12,4,5,103120,AOMDV,0.6706710924893382,AODV,0.4112378479356251,0.2594332445537131
INST_3121,150,50,12,5,1,103121,AOMDV,0.7201372149179122,AODV,0.5085580493342974,0.21157916558361478
INST_3122,150,50,12,5,2,103122,AOMDV,0.8562209130207159,DSDV,0.40396659233456633,0.45225432068614957
INST_3123,150,50,12,5,3,103123,AOMDV,0.5770444052392705,AODV,0.5449224680115246,0.03212193722774592
INST_3124,150,50,12,5,4,103124,AOMDV,0.7426650316813475,DSDV,0.4587730409377026,0.28389199074364485
INST_3125,150,50,12,5,5,103125,AOMDV,0.9346565991237612,DSDV,0.6282360910229131,0.3064205081008481
INST_3126,150,50,12,6,1,103126,AOMDV,0.7300223019900873,AODV,0.5847923000632563,0.145230001926831
INST_3127,150,50,12,6,2,103127,AOMDV,0.9174620525165174,DSDV,0.5910911286918588,0.3263709238246586
INST_3128,150,50,12,6,3,103128,AOMDV,0.5924152348719595,DSDV,0.5,0.09241523487195946
INST_3129,150,50,12,6,4,103129,AOMDV,0.8179878235484654,DSDV,0.6965786972218266,0.1214091263266388
INST_3130,150,50,12,6,5,103130,AOMDV,0.8002718081558337,DSDV,0.5608104452912501,0.23946136286458353
INST_3131,150,50,12,8,1,103131,AODV,0.833985838946532,AOMDV,0.28984629520911087,0.5441395437374211
INST_3132,150,50,12,8,2,103132,AOMDV,0.7750462009897238,DSDV,0.6800716350977266,0.09497456589199715
INST_3133,150,50,12,8,3,103133,AODV,0.75,AOMDV,0.49900692403131,0.25099307596869
INST_3134,150,50,12,8,4,103134,AOMDV,0.5469174858067618,DSDV,0.5,0.046917485806761805
INST_3135,150,50,12,8,5,103135,AOMDV,0.6857065435686608,DSDV,0.5801403062057868,0.10556623736287396
INST_3136,150,50,15,3,1,103136,AOMDV,0.6833430554598584,AODV,0.5077596806246352,0.17558337483522324
INST_3137,150,50,15,3,2,103137,AOMDV,0.6751431821131069,AODV,0.41398693485218846,0.2611562472609184
INST_3138,150,50,15,3,3,103138,AOMDV,0.7070433362479335,DSDV,0.46644476828370496,0.24059856796422852
INST_3139,150,50,15,3,4,103139,AOMDV,0.6461145532663131,AODV,0.3940364855618457,0.2520780677044674
INST_3140,150,50,15,3,5,103140,AOMDV,0.669406455711748,AODV,0.5659536984139784,0.10345275729776959
INST_3141,150,50,15,5,1,103141,AOMDV,0.6299775220883779,AODV,0.5445298194228608,0.08544770266551704
INST_3142,150,50,15,5,2,103142,AOMDV,0.9479698702983332,DSDV,0.4502541233556193,0.4977157469427139
INST_3143,150,50,15,5,3,103143,AODV,0.6341143591538229,AOMDV,0.5354629360879268,0.09865142306589603
INST_3144,150,50,15,5,4,103144,AOMDV,0.7813070208432823,AODV,0.49047915595907976,0.29082786488420254
INST_3145,150,50,15,5,5,103145,AOMDV,0.908127726123999,DSDV,0.6794236593816911,0.2287040667423078
INST_3146,150,50,15,6,1,103146,AODV,0.7923478574344146,DSDV,0.41482233521165335,0.37752552222276126
INST_3147,150,50,15,6,2,103147,AOMDV,0.9082434837612744,DSDV,0.5776877187334809,0.3305557650277935
INST_3148,150,50,15,6,3,103148,AOMDV,0.6385241413649522,DSDV,0.5,0.13852414136495217
INST_3149,150,50,15,6,4,103149,AOMDV,0.6441645416027284,DSDV,0.6435956544650372,0.0005688871376912097
INST_3150,150,50,15,6,5,103150,AOMDV,0.7715862125884306,DSDV,0.5130522018256751,0.2585340107627555
INST_3151,150,50,18,2,1,103151,AOMDV,0.6732352925537024,AODV,0.5381468237638052,0.13508846878989722
INST_3152,150,50,18,2,2,103152,AOMDV,0.6702667467864465,AODV,0.42536446878134115,0.24490227800510533
INST_3153,150,50,18,2,3,103153,AOMDV,0.6595917614009666,AODV,0.5075542128627719,0.15203754853819473
INST_3154,150,50,18,2,4,103154,AOMDV,0.6665416301300756,AODV,0.4754932873765169,0.1910483427535587
INST_3155,150,50,18,2,5,103155,AODV,0.7075684531165963,AOMDV,0.6700404832741891,0.03752796984240725
INST_3156,150,50,18,3,1,103156,AOMDV,0.7516004190691054,AODV,0.40147055982248725,0.3501298592466181
INST_3157,150,50,18,3,2,103157,AOMDV,0.8128693749866261,DSDV,0.5,0.31286937498662615
INST_3158,150,50,18,3,3,103158,AOMDV,0.7526393767927172,DSDV,0.47575076092647073,0.27688861586624647
INST_3159,150,50,18,3,4,103159,AOMDV,0.8124906492580951,AODV,0.5210500918424232,0.2914405574156719
INST_3160,150,50,18,3,5,103160,AOMDV,0.8586162553436104,DSDV,0.3916356274169773,0.4669806279266331
INST_3161,150,50,18,4,1,103161,AODV,0.6324304676246356,DSDV,0.6115160732213569,0.02091439440327869
INST_3162,150,50,18,4,2,103162,AOMDV,0.7738557267547745,DSDV,0.5,0.27385572675477454
INST_3163,150,50,18,4,3,103163,AODV,0.6401309738476706,AOMDV,0.6229712682658674,0.017159705581803242
INST_3164,150,50,18,4,4,103164,DSDV,0.75,AOMDV,0.6455578655924584,0.10444213440754158
INST_3165,150,50,18,4,5,103165,AOMDV,0.913205208698181,DSDV,0.75,0.163205208698181
INST_3166,150,50,18,5,1,103166,DSDV,0.7194233645774428,AODV,0.710683999431723,0.008739365145719824
INST_3167,150,50,18,5,2,103167,AOMDV,0.8227273057738537,DSDV,0.5751896517443658,0.2475376540294879
INST_3168,150,50,18,5,3,103168,AOMDV,0.642322092625099,DSDV,0.5,0.14232209262509898
INST_3169,150,50,18,5,4,103169,AODV,0.75,DSDV,0.4616056464083963,0.2883943535916037
INST_3170,150,50,18,5,5,103170,AOMDV,0.7387543672068183,DSDV,0.6893943022674891,0.04936006493932921
INST_3171,150,50,18,6,1,103171,AODV,0.6837337762273141,DSDV,0.6522230995469978,0.031510676680316374
INST_3172,150,50,18,6,2,103172,AOMDV,0.7653254645993962,DSDV,0.661390682915687,0.10393478168370918
INST_3173,150,50,18,6,3,103173,AODV,0.6655912112960696,DSDV,0.5080252761848183,0.15756593511125128
INST_3174,150,50,18,6,4,103174,AODV,0.7346502127094431,DSDV,0.5542073404050758,0.18044287230436729
INST_3175,150,50,18,6,5,103175,DSDV,0.75,AOMDV,0.5697669018153365,0.1802330981846635
INST_3176,150,50,18,8,1,103176,AODV,0.751392654227685,DSDV,0.6938341030723514,0.05755855115533359
INST_3177,150,50,18,8,2,103177,AOMDV,0.6575603502741715,DSDV,0.5,0.15756035027417148
INST_3178,150,50,18,8,3,103178,AODV,0.75,DSDV,0.4142277201754906,0.3357722798245094
INST_3179,150,50,18,8,4,103179,AODV,0.7210339232025177,DSDV,0.5697362700179145,0.1512976531846032
INST_3180,150,50,18,8,5,103180,DSDV,0.7096065507990666,AOMDV,0.6750007662707702,0.034605784528296435
INST_3181,150,50,20,3,1,103181,AOMDV,0.8242577100019686,DSDV,0.4273899277582587,0.3968677822437099
INST_3182,150,50,20,3,2,103182,AOMDV,0.8996692649526005,DSDV,0.6487318400075994,0.25093742494500104
INST_3183,150,50,20,3,3,103183,AOMDV,0.8463001779965847,DSDV,0.5316869621646721,0.3146132158319126
INST_3184,150,50,20,3,4,103184,AOMDV,0.8301217964735857,DSDV,0.4925411361772283,0.33758066029635747
INST_3185,150,50,20,3,5,103185,AOMDV,0.9135746476679283,DSDV,0.5969592018439376,0.3166154458239907
INST_3186,150,50,20,5,1,103186,AODV,0.6722381918856452,DSDV,0.5833003554145777,0.08893783647106746
INST_3187,150,50,20,5,2,103187,AOMDV,0.6717662823552573,DSDV,0.5,0.17176628235525726
INST_3188,150,50,20,5,3,103188,AODV,0.6886602833650353,DSDV,0.5,0.18866028336503526
INST_3189,150,50,20,5,4,103189,AOMDV,0.6342460325012935,DSDV,0.5,0.13424603250129352
INST_3190,150,50,20,5,5,103190,DSDV,0.7092594494084682,AOMDV,0.658890462622337,0.05036898678613122
INST_3191,150,50,20,6,1,103191,DSDV,0.75,AODV,0.6213603539010668,0.1286396460989332
INST_3192,150,50,20,6,2,103192,AOMDV,0.6581901738366197,AODV,0.5450536554477053,0.11313651838891436
INST_3193,150,50,20,6,3,103193,AODV,0.7456765640169823,DSDV,0.6979528794798446,0.04772368453713771
INST_3194,150,50,20,6,4,103194,AODV,0.7063572701920597,DSDV,0.5,0.20635727019205974
INST_3195,150,50,20,6,5,103195,DSDV,0.6918275976813271,AODV,0.6566803927313172,0.03514720495000989
INST_3196,150,50,22,2,1,103196,AOMDV,0.6760165167801837,AODV,0.3847854220881657,0.291231094692018
INST_3197,150,50,22,2,2,103197,AOMDV,0.7904502479124721,DSDV,0.5758725494624438,0.21457769845002828
INST_3198,150,50,22,2,3,103198,AOMDV,0.6319043157532752,DSDV,0.5957604815012296,0.03614383425204559
INST_3199,150,50,22,2,4,103199,AOMDV,0.6736091256974162,AODV,0.45864612039771563,0.21496300529970053
INST_3200,150,50,22,2,5,103200,AOMDV,0.8101696349156005,DSDV,0.4943089592408653,0.31586067567473514
INST_3201,150,50,22,3,1,103201,AOMDV,0.827845313128542,DSDV,0.41250668038617677,0.41533863274236527
INST_3202,150,50,22,3,2,103202,AOMDV,0.9295370620259265,DSDV,0.5233707239345968,0.4061663380913296
INST_3203,150,50,22,3,3,103203,AOMDV,0.8723354956462122,DSDV,0.6011524920186516,0.27118300362756054
INST_3204,150,50,22,3,4,103204,AOMDV,0.9041617113634135,DSDV,0.39750229706911633,0.5066594142942972
INST_3205,150,50,22,3,5,103205,AOMDV,0.8273211150828056,DSDV,0.578083005810229,0.2492381092725766
INST_3206,150,50,22,4,1,103206,DSDV,0.75,AODV,0.5835830780158402,0.1664169219841598
INST_3207,150,50,22,4,2,103207,AOMDV,0.7664916693622451,DSDV,0.5,0.2664916693622451
INST_3208,150,50,22,4,3,103208,DSDV,0.75,AOMDV,0.37137315001157983,0.37862684998842017
INST_3209,150,50,22,4,4,103209,DSDV,0.75,AODV,0.48367362647132855,0.26632637352867145
INST_3210,150,50,22,4,5,103210,AOMDV,0.6611816746924809,AODV,0.5515261343469732,0.10965554034550773
INST_3211,150,50,22,5,1,103211,AODV,0.6795142845996069,DSDV,0.6243027461262151,0.055211538473391886
INST_3212,150,50,22,5,2,103212,AOMDV,0.6664560633795795,DSDV,0.5,0.16645606337957952
INST_3213,150,50,22,5,3,103213,AODV,0.6943346172758308,DSDV,0.5332194843464984,0.16111513292933244
INST_3214,150,50,22,5,4,103214,AODV,0.75,DSDV,0.5991897217769755,0.1508102782230245
INST_3215,150,50,22,5,5,103215,DSDV,0.75,AODV,0.514306155122486,0.235693844877514
INST_3216,150,50,22,6,1,103216,DSDV,0.75,AODV,0.6527830684171776,0.09721693158282241
INST_3217,150,50,22,6,2,103217,AODV,0.7103051900805921,DSDV,0.4862607123729956,0.2240444777075965
INST_3218,150,50,22,6,3,103218,AODV,0.7344310059857517,DSDV,0.6703078198237856,0.0641231861619661
INST_3219,150,50,22,6,4,103219,DSDV,0.75,AODV,0.4632978260076921,0.2867021739923079
INST_3220,150,50,22,6,5,103220,DSDV,0.803353779687892,AOMDV,0.6623575741039851,0.1409962055839069
INST_3221,150,50,22,8,1,103221,DSDV,0.7971853831366882,AODV,0.5423529386463372,0.25483244449035103
INST_3222,150,50,22,8,2,103222,DSDV,0.75,AOMDV,0.5826705725836518,0.16732942741634815
INST_3223,150,50,22,8,3,103223,DSDV,0.8416023504188542,AODV,0.7377053428940235,0.10389700752483078
INST_3224,150,50,22,8,4,103224,AODV,0.75,DSDV,0.6617787667389646,0.08822123326103537
INST_3225,150,50,22,8,5,103225,DSDV,0.7798321840425141,AOMDV,0.42037802468914787,0.3594541593533662
INST_3226,150,50,25,3,1,103226,AOMDV,0.7374809148372188,DSDV,0.570832963111465,0.16664795172575375
INST_3227,150,50,25,3,2,103227,AOMDV,0.9130858734142361,DSDV,0.5875026256861757,0.32558324772806035
INST_3228,150,50,25,3,3,103228,DSDV,0.7096609883634166,AOMDV,0.6038349568125381,0.10582603155087855
INST_3229,150,50,25,3,4,103229,DSDV,0.75,AOMDV,0.6223166854934457,0.12768331450655435
INST_3230,150,50,25,3,5,103230,AOMDV,0.7634339121081412,DSDV,0.7264499862580244,0.03698392585011678
INST_3231,150,50,25,5,1,103231,DSDV,1.0,AODV,0.37297583680355184,0.6270241631964482
INST_3232,150,50,25,5,2,103232,AOMDV,0.5749264076894005,AODV,0.5688755521029991,0.0060508555864013935
INST_3233,150,50,25,5,3,103233,DSDV,0.75,AODV,0.73470897323544,0.015291026764559956
INST_3234,150,50,25,5,4,103234,DSDV,0.75,AODV,0.39457052863978337,0.35542947136021663
INST_3235,150,50,25,5,5,103235,DSDV,1.0,AOMDV,0.38269646913423494,0.6173035308657651
INST_3236,150,50,25,6,1,103236,DSDV,1.0,AODV,0.3931663596884365,0.6068336403115635
INST_3237,150,50,25,6,2,103237,DSDV,0.9117953929768426,AOMDV,0.3745528487476201,0.5372425442292226
INST_3238,150,50,25,6,3,103238,AODV,0.7640271611666287,DSDV,0.6824974760711535,0.0815296850954752
INST_3239,150,50,25,6,4,103239,AODV,0.760624079801719,DSDV,0.6823663584810838,0.07825772132063513
INST_3240,150,50,25,6,5,103240,DSDV,1.0,AODV,0.30957745414263327,0.6904225458573667
