Nodes,Speed_kmh,Flows,Packet_Rate_pps,Mobility_Seed,Offered_Load_kbps,Flows_per_Node,Rate_x_Flows,Nodes_x_Speed,Speed_per_Flow,Best_Protocol_Composite,Best_Protocol_PDR,AODV_Composite_Score,DSDV_Composite_Score,AOMDV_Composite_Score,AODV_PDR_Percent,DSDV_PDR_Percent,AOMDV_PDR_Percent
50,20,5,2,1,40.96,0.1,10,1000,4.0,AODV,AODV,0.6958593776400199,0.12117432954916874,0.6733455914696401,88.185185,57.962963,72.962963
50,20,5,2,2,40.96,0.1,10,1000,4.0,AOMDV,AODV,0.5463248450197743,0.55,0.5838776862183145,98.555556,64.962963,84.111111
50,20,5,2,3,40.96,0.1,10,1000,4.0,AOMDV,AODV,0.5446401853960707,0.55,0.6540744127443323,97.037037,54.62963,82.777778
50,20,5,2,4,40.96,0.1,10,1000,4.0,AOMDV,AODV,0.5499999999999999,0.53433948745405,0.6352932397097448,99.555556,91.518519,97.074074
50,20,5,2,5,40.96,0.1,10,1000,4.0,AODV,AODV,0.7813872197919209,0.1,0.6766519863206722,94.666667,69.444444,82.148148
50,20,5,4,1,81.92,0.1,20,1000,4.0,AOMDV,AODV,0.544571652340705,0.55,0.5817010460690625,88.0,57.518519,71.518519
50,20,5,4,2,81.92,0.1,20,1000,4.0,AOMDV,AODV,0.5449125180056513,0.55,0.6073698697529948,99.0,68.518519,83.296296
50,20,5,4,3,81.92,0.1,20,1000,4.0,AOMDV,AODV,0.5361772178098135,0.55,0.6350913950280129,97.851852,62.111111,81.5
50,20,5,4,4,81.92,0.1,20,1000,4.0,AOMDV,AODV,0.5499999999999999,0.5353610318077044,0.6473058537469115,99.759259,91.537037,96.481481
50,20,5,4,5,81.92,0.1,20,1000,4.0,AOMDV,AODV,0.5403727994253673,0.55,0.6334726435509715,95.166667,69.240741,83.425926
50,20,5,8,1,163.84,0.1,40,1000,4.0,AOMDV,AODV,0.5141995923875152,0.55,0.7134853071924092,83.685185,53.416667,74.046296
50,20,5,8,2,163.84,0.1,40,1000,4.0,AOMDV,AODV,0.6528213097102483,0.30325803630601333,0.7220527592511664,98.759259,65.064815,85.435185
50,20,5,8,3,163.84,0.1,40,1000,4.0,AOMDV,AODV,0.5201779424584062,0.55,0.6763673831496386,92.990741,54.592593,82.240741
50,20,5,8,4,163.84,0.1,40,1000,4.0,AODV,AODV,0.5908899851501346,0.5361352521048841,0.16963408547892428,99.888889,94.138889,94.296296
50,20,5,8,5,163.84,0.1,40,1000,4.0,AOMDV,AODV,0.527484807318314,0.55,0.5583287434292731,94.712963,66.592593,82.722222
50,20,10,2,1,81.92,0.2,20,1000,2.0,AOMDV,AODV,0.528308284197573,0.5257676704323764,0.7194941105441878,88.092593,64.018519,78.833333
50,20,10,2,2,81.92,0.2,20,1000,2.0,AODV,AODV,0.7514923977046438,0.1,0.7096363616707317,97.907407,67.351852,84.981481
50,20,10,2,3,81.92,0.2,20,1000,2.0,AOMDV,AODV,0.5179978097221043,0.4797954546212485,0.6622222303333377,97.407407,67.407407,81.555556
50,20,10,2,4,81.92,0.2,20,1000,2.0,AODV,AODV,0.8788823688489615,0.1,0.7143442441044527,99.074074,85.518519,93.481481
50,20,10,2,5,81.92,0.2,20,1000,2.0,AOMDV,AODV,0.6925297571291251,0.1,0.7143595128517343,94.722222,67.833333,83.62963
50,20,10,4,1,163.84,0.2,40,1000,2.0,AOMDV,AODV,0.5847927187840267,0.3183378338411841,0.698707069434375,88.324074,64.333333,77.592593
50,20,10,4,2,163.84,0.2,40,1000,2.0,AOMDV,AODV,0.5029492507793841,0.55,0.5532770196085192,96.796296,69.212963,86.87963
50,20,10,4,3,163.84,0.2,40,1000,2.0,AOMDV,AODV,0.6589345672024169,0.20201551576336446,0.6898377138627102,96.092593,60.148148,79.305556
50,20,10,4,4,163.84,0.2,40,1000,2.0,AODV,AODV,0.7153175578378721,0.2964936315329889,0.6722472728780359,99.657407,85.277778,92.37963
50,20,10,4,5,163.84,0.2,40,1000,2.0,AOMDV,AODV,0.5707863784880844,0.33760599082293274,0.7175014258948189,94.805556,62.453704,81.685185
50,20,10,8,1,327.68,0.2,80,1000,2.0,DSDV,AODV,0.46410480381465874,0.55,0.49418323797051755,78.398148,63.847222,75.87963
50,20,10,8,2,327.68,0.2,80,1000,2.0,AOMDV,AODV,0.44999999999999996,0.55,0.6487206635294965,75.416667,64.268519,74.972222
50,20,10,8,3,327.68,0.2,80,1000,2.0,AODV,AODV,0.6305842114373582,0.55,0.34502523865467927,74.606481,54.273148,68.12037
50,20,10,8,4,327.68,0.2,80,1000,2.0,AODV,AODV,0.7509935739507458,0.55,0.21836376514518652,99.310185,86.125,92.523148
50,20,10,8,5,327.68,0.2,80,1000,2.0,DSDV,AODV,0.44999999999999996,0.55,0.5496773519178086,76.462963,60.986111,73.972222
50,20,15,2,1,122.88,0.3,30,1000,1.3333333333333333,AOMDV,AODV,0.5065808849494596,0.33961684223563704,0.6435536299421822,86.185185,63.395062,73.197531
50,20,15,2,2,122.88,0.3,30,1000,1.3333333333333333,AODV,AODV,0.7144938479404097,0.1,0.6851713805704387,98.283951,73.432099,86.419753
50,20,15,2,3,122.88,0.3,30,1000,1.3333333333333333,AODV,AODV,0.7935711216858707,0.1,0.7372881365748595,97.17284,64.395062,85.320988
50,20,15,2,4,122.88,0.3,30,1000,1.3333333333333333,AODV,AODV,0.6854415461460756,0.1857666626737804,0.6418326863549468,98.135802,82.641975,89.246914
50,20,15,2,5,122.88,0.3,30,1000,1.3333333333333333,AOMDV,AODV,0.6745169274874384,0.2944017683212263,0.7203020079890453,94.432099,65.0,82.679012
50,20,15,4,1,245.76,0.3,60,1000,1.3333333333333333,AOMDV,AODV,0.4564482809147118,0.5360941315569244,0.7014164893487937,77.944444,58.469136,72.092593
50,20,15,4,2,245.76,0.3,60,1000,1.3333333333333333,AOMDV,AODV,0.44999999999999996,0.5216884496917561,0.6900685416894066,93.740741,71.839506,84.209877
50,20,15,4,3,245.76,0.3,60,1000,1.3333333333333333,AOMDV,AODV,0.44999999999999996,0.55,0.5581703346521526,85.580247,65.796296,80.074074
50,20,15,4,4,245.76,0.3,60,1000,1.3333333333333333,AODV,AODV,0.7060312587930537,0.23297342596926432,0.6611525490579783,98.382716,81.833333,89.598765
50,20,15,4,5,245.76,0.3,60,1000,1.3333333333333333,DSDV,AODV,0.44999999999999996,0.55,0.5206141946560341,82.598765,65.598765,78.290123
50,20,15,8,1,491.52,0.3,120,1000,1.3333333333333333,AOMDV,AOMDV,0.42680645875658063,0.55,0.5945908624255277,57.240741,51.447531,57.555556
50,20,15,8,2,491.52,0.3,120,1000,1.3333333333333333,DSDV,DSDV,0.0,1.0,0.4559856279892405,61.675926,63.416667,62.95679
50,20,15,8,3,491.52,0.3,120,1000,1.3333333333333333,DSDV,AODV,0.5659942559479205,0.6361466393545756,0.06658217975886083,52.824074,47.753086,46.552469
50,20,15,8,4,491.52,0.3,120,1000,1.3333333333333333,AOMDV,AOMDV,0.0,0.6799627122300325,0.7860956893987093,77.067901,78.262346,81.203704
50,20,15,8,5,491.52,0.3,120,1000,1.3333333333333333,DSDV,AOMDV,0.0,0.9558983619363856,0.6261132453964326,48.033951,52.635802,53.135802
50,20,20,2,1,163.84,0.4,40,1000,1.0,AOMDV,AODV,0.4873562373706292,0.55,0.6456397595849162,83.833333,61.796296,73.12037
50,20,20,2,2,163.84,0.4,40,1000,1.0,AOMDV,AODV,0.6104363029244938,0.20657485404410508,0.6831190392540044,98.0,75.675926,87.240741
50,20,20,2,3,163.84,0.4,40,1000,1.0,AOMDV,AODV,0.4887065258333856,0.29123052914832004,0.7100828223269823,96.796296,71.083333,85.944444
50,20,20,2,4,163.84,0.4,40,1000,1.0,AOMDV,AODV,0.5031614839715249,0.4777055680638568,0.6634673436568391,98.148148,79.722222,88.462963
50,20,20,2,5,163.84,0.4,40,1000,1.0,AOMDV,AODV,0.45975667536013204,0.4182725045629536,0.7355564356573147,91.703704,68.240741,83.12963
50,20,20,4,1,327.68,0.4,80,1000,1.0,AOMDV,AOMDV,0.43392857517514744,0.55,0.711583576390048,65.25,58.5,65.5
50,20,20,4,2,327.68,0.4,80,1000,1.0,DSDV,AODV,0.4744642368021288,0.55,0.45524712772623543,82.722222,74.060185,80.513889
50,20,20,4,3,327.68,0.4,80,1000,1.0,DSDV,AODV,0.44999999999999996,0.55,0.47418328238143287,75.763889,64.907407,73.018519
50,20,20,4,4,327.68,0.4,80,1000,1.0,DSDV,AODV,0.44999999999999996,0.55,0.3882305534035479,91.805556,76.925926,83.699074
50,20,20,4,5,327.68,0.4,80,1000,1.0,AODV,AODV,0.551625638339792,0.55,0.38045685076999475,73.203704,62.263889,69.092593
50,20,20,8,1,655.36,0.4,160,1000,1.0,DSDV,AOMDV,0.0,0.988281294253574,0.5802989091931824,41.606481,42.472222,42.49537
50,20,20,8,2,655.36,0.4,160,1000,1.0,DSDV,DSDV,0.3339136946940718,1.0,0.01707666525537645,50.699074,54.62037,48.569444
50,20,20,8,3,655.36,0.4,160,1000,1.0,AODV,AODV,0.7898214918223277,0.6919017854889222,0.01392464775885565,43.356481,40.24537,37.979167
50,20,20,8,4,655.36,0.4,160,1000,1.0,DSDV,DSDV,0.10814920184661038,1.0,0.016246279243982153,59.534722,64.844907,59.282407
50,20,20,8,5,655.36,0.4,160,1000,1.0,DSDV,DSDV,0.09071192960954336,1.0,0.22373572093687116,40.861111,43.835648,41.569444
50,20,25,2,1,204.8,0.5,50,1000,0.8,AOMDV,AODV,0.4509390527006166,0.55,0.6779138554035145,79.874074,59.933333,74.22963
50,20,25,2,2,204.8,0.5,50,1000,0.8,AOMDV,AODV,0.5736987353937293,0.32825854794681164,0.7097818010073876,94.592593,74.562963,86.125926
50,20,25,2,3,204.8,0.5,50,1000,0.8,AOMDV,AODV,0.5307618424521102,0.2781627495811563,0.7253161894363607,94.948148,70.659259,85.311111
50,20,25,2,4,204.8,0.5,50,1000,0.8,AOMDV,AODV,0.6227295478458352,0.16490650194193848,0.7063079865741826,96.459259,76.496296,87.866667
50,20,25,2,5,204.8,0.5,50,1000,0.8,AOMDV,AODV,0.44999999999999996,0.55,0.6610658978135313,87.074074,66.881481,82.511111
50,20,25,4,1,409.6,0.5,100,1000,0.8,AOMDV,AOMDV,0.407412096583532,0.55,0.7120712407631897,59.655556,55.651852,60.074074
50,20,25,4,2,409.6,0.5,100,1000,0.8,DSDV,AOMDV,0.41649483499015927,0.55,0.533360614944999,68.548148,67.025926,68.892593
50,20,25,4,3,409.6,0.5,100,1000,0.8,AOMDV,AOMDV,0.28605186907216684,0.55,0.675050847675376,62.988889,61.444444,63.874074
50,20,25,4,4,409.6,0.5,100,1000,0.8,AOMDV,AOMDV,0.0,0.7627048964096083,0.7702289971111388,70.459259,72.381481,74.525926
50,20,25,4,5,409.6,0.5,100,1000,0.8,DSDV,AOMDV,0.19598188552342247,0.55,0.5336080537089885,58.962963,58.4,60.314815
50,20,25,8,1,819.2,0.5,200,1000,0.8,DSDV,DSDV,0.1412657911159168,1.0,0.07600770882785472,35.87963,37.809259,36.205556
50,20,25,8,2,819.2,0.5,200,1000,0.8,DSDV,DSDV,0.4429291005213274,1.0,0.016995266783055164,38.87037,42.951852,36.709259
50,20,25,8,3,819.2,0.5,200,1000,0.8,DSDV,DSDV,0.44002704550863914,1.0,0.016864522419323614,34.842593,36.772222,32.405556
50,20,25,8,4,819.2,0.5,200,1000,0.8,DSDV,DSDV,0.092967355395137,1.0,0.0337522685802116,42.622222,48.95,42.848148
50,20,25,8,5,819.2,0.5,200,1000,0.8,DSDV,DSDV,0.2452716007145135,1.0,0.022020630566569558,31.722222,36.551852,30.218519
50,30,5,2,1,40.96,0.1,10,1500,6.0,AOMDV,AODV,0.5438463047968527,0.55,0.6342216431258161,83.814815,53.740741,68.592593
50,30,5,2,2,40.96,0.1,10,1500,6.0,AOMDV,AODV,0.5372654013575784,0.55,0.5613700197821029,94.777778,51.777778,72.481481
50,30,5,2,3,40.96,0.1,10,1500,6.0,AODV,AODV,0.7167558941761737,0.1,0.6673823321925669,95.962963,51.111111,72.777778
50,30,5,2,4,40.96,0.1,10,1500,6.0,AOMDV,AODV,0.5499999999999999,0.5340621544558765,0.6222677204579654,99.666667,95.777778,97.592593
50,30,5,2,5,40.96,0.1,10,1500,6.0,AOMDV,AODV,0.5365548751520248,0.55,0.5728911688949607,90.925926,53.62963,69.592593
50,30,5,4,1,81.92,0.1,20,1500,6.0,AODV,AODV,0.6630249295385242,0.3039164188712432,0.6470588228388139,83.481481,52.314815,65.962963
50,30,5,4,2,81.92,0.1,20,1500,6.0,AODV,AODV,0.8960081502295063,0.1,0.6868421048979316,96.481481,48.62963,73.814815
50,30,5,4,3,81.92,0.1,20,1500,6.0,AODV,AODV,0.6871218152984079,0.22037873258541443,0.6497275790753098,97.833333,53.648148,73.259259
50,30,5,4,4,81.92,0.1,20,1500,6.0,AOMDV,AODV,0.5499999999999999,0.5360043676502652,0.6689266283366349,99.222222,95.685185,97.537037
50,30,5,4,5,81.92,0.1,20,1500,6.0,AOMDV,AODV,0.5327513790548111,0.55,0.6277944725250635,88.37037,57.111111,72.685185
50,30,5,8,1,163.84,0.1,40,1500,6.0,AOMDV,AODV,0.5226928560008184,0.55,0.5731723443757639,82.398148,53.018519,67.166667
50,30,5,8,2,163.84,0.1,40,1500,6.0,AOMDV,AODV,0.49073327804626954,0.55,0.5886867859112755,91.472222,56.62037,73.666667
50,30,5,8,3,163.84,0.1,40,1500,6.0,AOMDV,AODV,0.6415030250657119,0.2307441302930155,0.6667382448871495,95.527778,52.407407,73.175926
50,30,5,8,4,163.84,0.1,40,1500,6.0,AOMDV,AODV,0.5499999999999999,0.5346706050742458,0.7006628744048271,99.277778,95.75,97.925926
50,30,5,8,5,163.84,0.1,40,1500,6.0,AOMDV,AODV,0.5012716917668886,0.3593393828598619,0.6609661798095522,87.009259,53.87037,72.101852
50,30,10,2,1,81.92,0.2,20,1500,3.0,AODV,AODV,0.6175254900492457,0.55,0.42166197484025963,85.722222,58.796296,72.907407
50,30,10,2,2,81.92,0.2,20,1500,3.0,AODV,AODV,0.7612114837663452,0.1,0.6770678355022466,96.62963,54.314815,75.666667
50,30,10,2,3,81.92,0.2,20,1500,3.0,AODV,AODV,0.8491694295836936,0.1,0.6662011147817778,96.296296,53.203704,73.907407
50,30,10,2,4,81.92,0.2,20,1500,3.0,AOMDV,AODV,0.5357133614172758,0.3960827415780446,0.6397435961648655,95.796296,82.796296,88.277778
50,30,10,2,5,81.92,0.2,20,1500,3.0,AOMDV,AODV,0.5167586807217109,0.3747724099848585,0.6629186620305294,91.666667,56.833333,73.314815
50,30,10,4,1,163.84,0.2,40,1500,3.0,AOMDV,AODV,0.5115207928735495,0.55,0.6453197336793481,84.62963,58.935185,73.972222
50,30,10,4,2,163.84,0.2,40,1500,3.0,AOMDV,AODV,0.4530896511755797,0.5385847605336115,0.6985117694556398,93.777778,55.935185,77.564815
50,30,10,4,3,163.84,0.2,40,1500,3.0,DSDV,AODV,0.48100722153221426,0.55,0.49663358527895624,96.12037,55.907407,74.564815
50,30,10,4,4,163.84,0.2,40,1500,3.0,AOMDV,AODV,0.5320326062586079,0.5313763526686992,0.6111681344540119,96.527778,80.324074,86.416667
50,30,10,4,5,163.84,0.2,40,1500,3.0,AOMDV,AODV,0.569799311633319,0.3125674038174254,0.6722627762972079,89.157407,54.907407,71.824074
50,30,10,8,1,327.68,0.2,80,1500,3.0,DSDV,AODV,0.4656004163252651,0.55,0.44795619837386397,76.467593,53.939815,69.018519
50,30,10,8,2,327.68,0.2,80,1500,3.0,AOMDV,AODV,0.44999999999999996,0.5258089771603461,0.776929291675179,64.009259,51.384259,63.62963
50,30,10,8,3,327.68,0.2,80,1500,3.0,AODV,AODV,0.689917909874647,0.55,0.38318137211394754,71.231481,48.291667,62.513889
50,30,10,8,4,327.68,0.2,80,1500,3.0,AOMDV,AODV,0.5259379020362535,0.47434554056536704,0.6947734448057837,95.328704,79.152778,88.476852
50,30,10,8,5,327.68,0.2,80,1500,3.0,DSDV,AODV,0.44999999999999996,0.55,0.4818162117594321,73.416667,50.388889,66.875
50,30,15,2,1,122.88,0.3,30,1500,2.0,AOMDV,AODV,0.5050033485674754,0.55,0.6394835558658556,82.345679,53.098765,68.469136
50,30,15,2,2,122.88,0.3,30,1500,2.0,AODV,AODV,0.7269965469767536,0.1,0.6564351194630368,96.950617,61.938272,78.0
50,30,15,2,3,122.88,0.3,30,1500,2.0,AOMDV,AODV,0.5958224102802101,0.15405790327481952,0.6519434646777054,95.160494,56.728395,73.975309
50,30,15,2,4,122.88,0.3,30,1500,2.0,AOMDV,AODV,0.5106553387645327,0.5393254260256544,0.6819114699264215,93.283951,73.876543,84.54321
50,30,15,2,5,122.88,0.3,30,1500,2.0,AOMDV,AODV,0.6687205903249832,0.2380453046924708,0.7013212949571064,88.283951,49.975309,71.37037
50,30,15,4,1,245.76,0.3,60,1500,2.0,AOMDV,AODV,0.46405276058959494,0.55,0.5529277667770335,74.407407,53.530864,66.611111
50,30,15,4,2,245.76,0.3,60,1500,2.0,AOMDV,AODV,0.44999999999999996,0.5494036073852473,0.6284028941223073,88.203704,61.648148,75.820988
50,30,15,4,3,245.76,0.3,60,1500,2.0,AOMDV,AODV,0.44999999999999996,0.3960097520012319,0.7562654173842116,79.148148,54.777778,72.166667
50,30,15,4,4,245.76,0.3,60,1500,2.0,AOMDV,AODV,0.5021785739579023,0.3782817816632945,0.7249876103331421,91.623457,72.833333,84.635802
50,30,15,4,5,245.76,0.3,60,1500,2.0,AOMDV,AODV,0.44999999999999996,0.55,0.6379356578728204,73.314815,49.925926,66.592593
50,30,15,8,1,491.52,0.3,120,1500,2.0,AOMDV,AOMDV,0.3254480543574091,0.55,0.6270330164030296,49.746914,44.141975,51.891975
50,30,15,8,2,491.52,0.3,120,1500,2.0,AODV,AODV,0.5509967932130617,0.55,0.0639058662430795,57.092593,52.404321,52.660494
50,30,15,8,3,491.52,0.3,120,1500,2.0,DSDV,AOMDV,0.4830093988706811,0.55,0.5252087464782307,46.555556,40.805556,47.058642
50,30,15,8,4,491.52,0.3,120,1500,2.0,AODV,AODV,0.6971118284056733,0.55,0.3057630717418339,79.135802,70.459877,76.354938
50,30,15,8,5,491.52,0.3,120,1500,2.0,DSDV,AODV,0.5317968533258381,0.55,0.469702529752311,48.222222,40.632716,47.660494
50,30,20,2,1,163.84,0.4,40,1500,1.5,AOMDV,AODV,0.48678705114811466,0.45855161293133395,0.6984615436547911,80.722222,53.638889,68.592593
50,30,20,2,2,163.84,0.4,40,1500,1.5,AOMDV,AODV,0.49851080147220594,0.35,0.6693076151124198,95.898148,61.472222,79.601852
50,30,20,2,3,163.84,0.4,40,1500,1.5,AOMDV,AODV,0.6370965279188783,0.1,0.6785209342542551,94.5,57.546296,76.277778
50,30,20,2,4,163.84,0.4,40,1500,1.5,AOMDV,AODV,0.49360370898320166,0.3992404587738352,0.7059694104532371,91.175926,72.407407,83.083333
50,30,20,2,5,163.84,0.4,40,1500,1.5,AOMDV,AODV,0.45541689640624056,0.4097924988371727,0.7149973162493747,85.675926,51.194444,71.5
50,30,20,4,1,327.68,0.4,80,1500,1.5,DSDV,AODV,0.44999999999999996,0.55,0.4862210463296674,63.296296,49.050926,59.240741
50,30,20,4,2,327.68,0.4,80,1500,1.5,AOMDV,AODV,0.44999999999999996,0.55,0.6715800542285865,73.032407,60.842593,70.62963
50,30,20,4,3,327.68,0.4,80,1500,1.5,AOMDV,AOMDV,0.4028013173865687,0.55,0.7367103953967675,63.768519,51.046296,65.259259
50,30,20,4,4,327.68,0.4,80,1500,1.5,AOMDV,AODV,0.44999999999999996,0.55,0.6428465377795765,85.768519,70.101852,81.212963
50,30,20,4,5,327.68,0.4,80,1500,1.5,DSDV,AODV,0.44999999999999996,0.55,0.47326906131294827,61.708333,47.291667,57.342593
50,30,20,8,1,655.36,0.4,160,1500,1.5,DSDV,AODV,0.5000842054662162,0.55,0.41690852015229696,41.18287,37.983796,40.293981
50,30,20,8,2,655.36,0.4,160,1500,1.5,DSDV,DSDV,0.22275721478187205,1.0,0.07425153231903836,44.87037,46.634259,44.081019
50,30,20,8,3,655.36,0.4,160,1500,1.5,DSDV,AODV,0.4944345888163745,0.55,0.29317213700673006,36.476852,36.252315,36.344907
50,30,20,8,4,655.36,0.4,160,1500,1.5,AODV,AODV,0.646594620034424,0.55,0.2406321063177847,66.048611,61.983796,64.157407
50,30,20,8,5,655.36,0.4,160,1500,1.5,DSDV,AODV,0.5198527073750826,0.7563253008251305,0.048030410424859,38.449074,36.576389,34.990741
50,30,25,2,1,204.8,0.5,50,1500,1.2,AOMDV,AODV,0.48320762430852243,0.4090287735290491,0.7189525001501282,77.807407,54.259259,68.333333
50,30,25,2,2,204.8,0.5,50,1500,1.2,AOMDV,AODV,0.44999999999999996,0.39378869969802754,0.6967194549613894,89.481481,62.637037,76.325926
50,30,25,2,3,204.8,0.5,50,1500,1.2,AOMDV,AODV,0.44999999999999996,0.2909605165850393,0.7359443756523258,92.488889,59.733333,78.237037
50,30,25,2,4,204.8,0.5,50,1500,1.2,AOMDV,AODV,0.47242980421048003,0.55,0.5909209548619397,88.185185,64.459259,78.177778
50,30,25,2,5,204.8,0.5,50,1500,1.2,AOMDV,AODV,0.44999999999999996,0.5485878189156588,0.7959607712477896,75.962963,52.17037,69.711111
50,30,25,4,1,409.6,0.5,100,1500,1.2,DSDV,AODV,0.4508458341755209,0.55,0.5350327767771191,56.388889,47.62963,54.222222
50,30,25,4,2,409.6,0.5,100,1500,1.2,DSDV,AODV,0.5012177724967638,0.55,0.38317517695113934,61.414815,55.825926,59.4
50,30,25,4,3,409.6,0.5,100,1500,1.2,AOMDV,AOMDV,0.372173387401593,0.55,0.6477463625330582,56.503704,49.188889,58.033333
50,30,25,4,4,409.6,0.5,100,1500,1.2,DSDV,AODV,0.44999999999999996,0.55,0.4703857222870779,71.762963,62.340741,68.633333
50,30,25,4,5,409.6,0.5,100,1500,1.2,AOMDV,AODV,0.44999999999999996,0.55,0.6157654172921313,51.388889,47.748148,51.314815
50,30,25,8,1,819.2,0.5,200,1500,1.2,AODV,AODV,0.7743437611978777,0.5458502711852876,0.0,36.244444,34.451852,33.831481
50,30,25,8,2,819.2,0.5,200,1500,1.2,DSDV,AODV,0.778910678082737,0.9063902297759551,0.0,38.925926,37.792593,33.477778
50,30,25,8,3,819.2,0.5,200,1500,1.2,DSDV,DSDV,0.0673835872795989,1.0,0.13215947175526432,30.651852,34.377778,30.707407
50,30,25,8,4,819.2,0.5,200,1500,1.2,DSDV,DSDV,0.3269320787829271,1.0,0.0,47.355556,50.557407,45.22037
50,30,25,8,5,819.2,0.5,200,1500,1.2,DSDV,AODV,0.7109618658554785,0.8637565068253122,0.0,32.911111,31.511111,28.287037
50,40,5,2,1,40.96,0.1,10,2000,8.0,AODV,AODV,0.7430842661362332,0.17047154873114295,0.45415515320948996,88.0,54.37037,67.074074
50,40,5,2,2,40.96,0.1,10,2000,8.0,AOMDV,AODV,0.5396159408796524,0.55,0.5918669758640873,93.0,57.37037,73.740741
50,40,5,2,3,40.96,0.1,10,2000,8.0,AODV,AODV,0.8382376220428379,0.4597464749348006,0.17150634609995566,94.740741,53.925926,69.481481
50,40,5,2,4,40.96,0.1,10,2000,8.0,AODV,AODV,0.9713562401153385,0.5345781691345614,0.19158415387588182,99.259259,91.777778,94.962963
50,40,5,2,5,40.96,0.1,10,2000,8.0,AOMDV,AODV,0.5435834002126418,0.55,0.6303018763804239,88.259259,59.814815,75.407407
50,40,5,4,1,81.92,0.1,20,2000,8.0,DSDV,AODV,0.5394429419067761,0.55,0.464493395334871,88.925926,53.12963,66.185185
50,40,5,4,2,81.92,0.1,20,2000,8.0,AOMDV,AODV,0.6242136321419569,0.3321612111116585,0.6757816341601492,93.203704,55.888889,74.611111
50,40,5,4,3,81.92,0.1,20,2000,8.0,AOMDV,AODV,0.5415544238423684,0.5231872740304394,0.6015723692551008,94.851852,49.833333,66.62963
50,40,5,4,4,81.92,0.1,20,2000,8.0,AODV,AODV,0.5499999999999999,0.5334888234450925,0.4613790571427072,99.574074,91.777778,93.5
50,40,5,4,5,81.92,0.1,20,2000,8.0,AOMDV,AODV,0.6213251825743538,0.29670788316696,0.6650190101357827,90.648148,61.425926,75.388889
50,40,5,8,1,163.84,0.1,40,2000,8.0,AOMDV,AODV,0.5107387611180824,0.55,0.600476418266057,83.12963,54.064815,66.805556
50,40,5,8,2,163.84,0.1,40,2000,8.0,AOMDV,AODV,0.5131522071521333,0.55,0.560083935627524,88.768519,58.37963,71.231481
50,40,5,8,3,163.84,0.1,40,2000,8.0,AODV,AODV,0.6488512324265562,0.55,0.3078431764307469,94.712963,49.601852,67.62037
50,40,5,8,4,163.84,0.1,40,2000,8.0,AODV,AODV,0.75,0.42585539602441336,0.3641485677237965,99.861111,93.472222,95.435185
50,40,5,8,5,163.84,0.1,40,2000,8.0,AOMDV,AODV,0.5300874959602906,0.3730912477223568,0.6367484710532865,88.564815,63.675926,75.222222
50,40,10,2,1,81.92,0.2,20,2000,4.0,AOMDV,AODV,0.5976461116709139,0.2919646387186993,0.6556616751811952,86.981481,59.833333,72.240741
50,40,10,2,2,81.92,0.2,20,2000,4.0,AOMDV,AODV,0.62313007825813,0.3064234534575067,0.6641362675890402,92.333333,57.814815,74.240741
50,40,10,2,3,81.92,0.2,20,2000,4.0,AODV,AODV,0.6675102076610011,0.29181285945055846,0.6632608753856114,94.333333,56.0,74.166667
50,40,10,2,4,81.92,0.2,20,2000,4.0,AOMDV,AODV,0.5358229667211557,0.4968780057930593,0.6570805482598274,96.407407,81.462963,88.462963
50,40,10,2,5,81.92,0.2,20,2000,4.0,AODV,AODV,0.6926887538150437,0.21992664900515704,0.6300519617128038,91.703704,59.62963,72.462963
50,40,10,4,1,163.84,0.2,40,2000,4.0,AOMDV,AODV,0.5000503233682242,0.55,0.5908924560819774,85.814815,58.861111,71.518519
50,40,10,4,2,163.84,0.2,40,2000,4.0,DSDV,AODV,0.4706130833371174,0.55,0.49261228389160366,90.722222,55.37963,74.916667
50,40,10,4,3,163.84,0.2,40,2000,4.0,AODV,AODV,0.6477418366176952,0.2818738145419165,0.6430246306747558,94.185185,55.092593,71.861111
50,40,10,4,4,163.84,0.2,40,2000,4.0,AOMDV,AODV,0.5315866422936442,0.55,0.6009721092436154,96.648148,83.314815,88.861111
50,40,10,4,5,163.84,0.2,40,2000,4.0,AOMDV,AODV,0.6653276482643598,0.2737924173647396,0.6749346554849455,90.75,58.87037,74.805556
50,40,10,8,1,327.68,0.2,80,2000,4.0,AODV,AODV,0.5524627572025114,0.55,0.2746249934082591,75.856481,57.199074,68.203704
50,40,10,8,2,327.68,0.2,80,2000,4.0,DSDV,AODV,0.46643952016700563,0.55,0.4422452408667925,65.578704,54.773148,62.578704
50,40,10,8,3,327.68,0.2,80,2000,4.0,AOMDV,AODV,0.47564025343807725,0.43162207572993105,0.6096975675800247,68.12963,51.305556,64.49537
50,40,10,8,4,327.68,0.2,80,2000,4.0,AOMDV,AODV,0.5290862764297133,0.55,0.5965186259530528,96.736111,82.134259,89.347222
50,40,10,8,5,327.68,0.2,80,2000,4.0,AOMDV,AODV,0.44999999999999996,0.4855498450485295,0.8213255480388871,74.481481,58.643519,70.212963
50,40,15,2,1,122.88,0.3,30,2000,2.6666666666666665,AOMDV,AODV,0.604895737016917,0.28049843636032856,0.6478821738695206,86.160494,54.098765,68.197531
50,40,15,2,2,122.88,0.3,30,2000,2.6666666666666665,AOMDV,AODV,0.6133176180452033,0.2016923232314468,0.6367537350374347,93.604938,63.82716,76.185185
50,40,15,2,3,122.88,0.3,30,2000,2.6666666666666665,AOMDV,AODV,0.5949572658411327,0.24560948426716717,0.6532937892305279,93.851852,54.308642,72.17284
50,40,15,2,4,122.88,0.3,30,2000,2.6666666666666665,AOMDV,AODV,0.5125291930937139,0.44649943969120953,0.6547826096146973,96.135802,74.839506,84.530864
50,40,15,2,5,122.88,0.3,30,2000,2.6666666666666665,AOMDV,AODV,0.6320343801835052,0.26050071967864585,0.6490542027090554,89.555556,55.617284,70.62963
50,40,15,4,1,245.76,0.3,60,2000,2.6666666666666665,AOMDV,AODV,0.44999999999999996,0.55,0.6095009658242133,76.191358,55.012346,67.259259
50,40,15,4,2,245.76,0.3,60,2000,2.6666666666666665,AOMDV,AODV,0.44999999999999996,0.5211165878247626,0.710552054274583,84.191358,62.864198,74.938272
50,40,15,4,3,245.76,0.3,60,2000,2.6666666666666665,AOMDV,AODV,0.44999999999999996,0.55,0.630386039927356,78.728395,52.82716,66.623457
50,40,15,4,4,245.76,0.3,60,2000,2.6666666666666665,AOMDV,AODV,0.4912382307887346,0.55,0.6365585120525455,94.407407,75.580247,84.351852
50,40,15,4,5,245.76,0.3,60,2000,2.6666666666666665,AOMDV,AODV,0.44999999999999996,0.407416329891368,0.7587843192159184,76.814815,55.506173,69.518519
50,40,15,8,1,491.52,0.3,120,2000,2.6666666666666665,AOMDV,AODV,0.49430325838162914,0.45391815250669143,0.5769661659438542,52.484568,44.209877,50.756173
50,40,15,8,2,491.52,0.3,120,2000,2.6666666666666665,DSDV,AODV,0.5439703042239353,0.55,0.3017950607330451,58.296296,52.925926,56.070988
50,40,15,8,3,491.52,0.3,120,2000,2.6666666666666665,AOMDV,AODV,0.5245042594251653,0.55,0.5941062318688655,45.626543,41.339506,45.574074
50,40,15,8,4,491.52,0.3,120,2000,2.6666666666666665,DSDV,AOMDV,0.38652332974154585,0.55,0.545790853946917,75.194444,70.138889,76.024691
50,40,15,8,5,491.52,0.3,120,2000,2.6666666666666665,AOMDV,AOMDV,0.30165880202146034,0.55,0.6918624624864573,47.895062,43.966049,49.82716
50,40,20,2,1,163.84,0.4,40,2000,2.0,AOMDV,AODV,0.5267037298162209,0.3300293869765769,0.6782913929337286,85.037037,53.388889,69.444444
50,40,20,2,2,163.84,0.4,40,2000,2.0,AOMDV,AODV,0.5360851028069437,0.30310659496137055,0.6570365367684409,92.814815,65.444444,78.037037
50,40,20,2,3,163.84,0.4,40,2000,2.0,AOMDV,AODV,0.6162308747197145,0.1836615604528512,0.6450841691318687,94.037037,56.083333,72.537037
50,40,20,2,4,163.84,0.4,40,2000,2.0,AOMDV,AODV,0.6080693974407123,0.3038851638953173,0.6750000064903845,95.324074,72.212963,83.768519
50,40,20,2,5,163.84,0.4,40,2000,2.0,AOMDV,AODV,0.6149847693200635,0.2781812049984544,0.627738559667213,87.537037,54.740741,67.694444
50,40,20,4,1,327.68,0.4,80,2000,2.0,AOMDV,AODV,0.44999999999999996,0.55,0.722623554454954,64.939815,49.833333,62.513889
50,40,20,4,2,327.68,0.4,80,2000,2.0,AOMDV,AOMDV,0.4324337384281234,0.55,0.8954942581421322,72.699074,63.467593,73.074074
50,40,20,4,3,327.68,0.4,80,2000,2.0,AOMDV,AODV,0.44999999999999996,0.4629862850932286,0.8676704148495065,65.444444,49.837963,64.523148
50,40,20,4,4,327.68,0.4,80,2000,2.0,AOMDV,AODV,0.44999999999999996,0.5029561783646371,0.7072198250779399,87.787037,73.074074,80.99537
50,40,20,4,5,327.68,0.4,80,2000,2.0,AOMDV,AODV,0.44999999999999996,0.55,0.6965881740847062,61.435185,51.962963,60.324074
50,40,20,8,1,655.36,0.4,160,2000,2.0,AOMDV,AOMDV,0.4433343367314803,0.35,0.6708912815602895,36.539352,34.229167,37.68287
50,40,20,8,2,655.36,0.4,160,2000,2.0,DSDV,DSDV,0.34134798874239813,1.0,0.07345732554035135,47.631944,49.611111,45.888889
50,40,20,8,3,655.36,0.4,160,2000,2.0,DSDV,DSDV,0.11760095166056013,1.0,0.5175633282966001,33.671296,35.516204,35.516204
50,40,20,8,4,655.36,0.4,160,2000,2.0,DSDV,DSDV,0.06480385457919294,1.0,0.13204416835409918,59.881944,61.615741,60.331019
50,40,20,8,5,655.36,0.4,160,2000,2.0,DSDV,AODV,0.6233477473061374,0.9455644909568818,0.0282669837826382,37.951389,37.8125,36.803241
50,40,25,2,1,204.8,0.5,50,2000,1.6,AOMDV,AODV,0.4556649621766777,0.47224266715872565,0.7011929680798701,81.177778,52.925926,68.696296
50,40,25,2,2,204.8,0.5,50,2000,1.6,AOMDV,AODV,0.4918796975829788,0.27498525190133816,0.6952456441185025,88.459259,61.962963,76.237037
50,40,25,2,3,204.8,0.5,50,2000,1.6,AOMDV,AODV,0.5370603148246219,0.28969183729571024,0.7245785324826742,91.340741,55.466667,75.4
50,40,25,2,4,204.8,0.5,50,2000,1.6,DSDV,AODV,0.47012765071538165,0.55,0.5425831745738229,92.096296,67.659259,79.948148
50,40,25,2,5,204.8,0.5,50,2000,1.6,AOMDV,AODV,0.44999999999999996,0.49471201897447425,0.6740759568911254,81.148148,56.755556,69.022222
50,40,25,4,1,409.6,0.5,100,2000,1.6,DSDV,AODV,0.491595150551121,0.55,0.20922531733149538,58.548148,47.540741,52.181481
50,40,25,4,2,409.6,0.5,100,2000,1.6,DSDV,AODV,0.44999999999999996,0.55,0.44614064620241334,60.607407,55.985185,58.737037
50,40,25,4,3,409.6,0.5,100,2000,1.6,AOMDV,AODV,0.44999999999999996,0.55,0.6186975303974573,58.022222,49.703704,57.303704
50,40,25,4,4,409.6,0.5,100,2000,1.6,AOMDV,AOMDV,0.40112704687673584,0.55,0.6916753224475928,70.2,65.366667,70.788889
50,40,25,4,5,409.6,0.5,100,2000,1.6,AOMDV,AODV,0.44999999999999996,0.55,0.5788978837004584,51.477778,45.896296,51.303704
50,40,25,8,1,819.2,0.5,200,2000,1.6,AODV,AODV,0.6034138569327699,0.3920051663199674,0.22676115681476744,32.4,30.375926,30.496296
50,40,25,8,2,819.2,0.5,200,2000,1.6,DSDV,DSDV,0.21233892860296202,1.0,0.013124446940647398,37.553704,41.348148,37.02037
50,40,25,8,3,819.2,0.5,200,2000,1.6,DSDV,DSDV,0.28102939323944226,1.0,0.06540684163654575,32.290741,35.101852,30.32963
50,40,25,8,4,819.2,0.5,200,2000,1.6,DSDV,DSDV,0.5124134031615302,1.0,0.004243243273845995,46.225926,48.048148,43.918519
50,40,25,8,5,819.2,0.5,200,2000,1.6,DSDV,DSDV,0.6762485460601659,0.8569388611669588,0.014531102793684365,30.744444,32.403704,29.066667
50,50,5,2,1,40.96,0.1,10,2500,10.0,AODV,AODV,0.8080008595649011,0.55,0.1979803415290253,87.37037,53.444444,68.37037
50,50,5,2,2,40.96,0.1,10,2500,10.0,AOMDV,AODV,0.5372548831791366,0.37768705979760664,0.6528827936971708,88.518519,49.333333,67.0
50,50,5,2,3,40.96,0.1,10,2500,10.0,AOMDV,AODV,0.6288842986228986,0.29281987686519606,0.6396694223170414,93.259259,48.444444,67.333333
50,50,5,2,4,40.96,0.1,10,2500,10.0,AOMDV,AODV,0.5499999999999999,0.5358075324186834,0.6199029020611906,99.222222,92.592593,95.333333
50,50,5,2,5,40.96,0.1,10,2500,10.0,AOMDV,AODV,0.541046621462997,0.5386658073623589,0.6211815534101485,90.481481,64.777778,74.555556
50,50,5,4,1,81.92,0.1,20,2500,10.0,AODV,AODV,0.674635865465884,0.55,0.29810519836710586,89.0,57.037037,66.037037
50,50,5,4,2,81.92,0.1,20,2500,10.0,AODV,AODV,0.7009411257072456,0.2667091292274184,0.6162748653665122,85.648148,54.925926,66.277778
50,50,5,4,3,81.92,0.1,20,2500,10.0,AOMDV,AODV,0.5311918442781836,0.5352764095032359,0.6378952028515076,96.444444,47.555556,69.87037
50,50,5,4,4,81.92,0.1,20,2500,10.0,AODV,AODV,0.5499999999999999,0.5364513034220915,0.3752722425194605,99.555556,94.740741,95.12963
50,50,5,4,5,81.92,0.1,20,2500,10.0,AOMDV,AODV,0.5365072868750268,0.5399029304008066,0.6655445802052928,90.796296,60.944444,75.777778
50,50,5,8,1,163.84,0.1,40,2500,10.0,AODV,AODV,0.6538918868024954,0.55,0.2868096582105775,87.25,53.555556,65.833333
50,50,5,8,2,163.84,0.1,40,2500,10.0,AODV,AODV,0.718599944325345,0.35,0.5778717937196789,79.287037,51.388889,66.064815
50,50,5,8,3,163.84,0.1,40,2500,10.0,AODV,AODV,0.6519917987062456,0.35,0.6405128092084879,93.833333,48.75,68.675926
50,50,5,8,4,163.84,0.1,40,2500,10.0,AODV,AODV,0.6885694721254161,0.2958955647099245,0.605822268328634,99.759259,90.694444,93.833333
50,50,5,8,5,163.84,0.1,40,2500,10.0,AOMDV,AODV,0.530068211011206,0.55,0.6155558525596954,91.055556,64.425926,74.990741
50,50,10,2,1,81.92,0.2,20,2500,5.0,AODV,AODV,0.7201637941503615,0.1,0.6381399283029001,86.240741,53.685185,67.296296
50,50,10,2,2,81.92,0.2,20,2500,5.0,AODV,AODV,0.6784369699162022,0.20971643388620548,0.6453980830903193,90.203704,57.407407,71.648148
50,50,10,2,3,81.92,0.2,20,2500,5.0,AODV,AODV,0.7009430968067315,0.10646435108517917,0.5920275751421641,95.222222,55.37037,73.277778
50,50,10,2,4,81.92,0.2,20,2500,5.0,AOMDV,AODV,0.5306771901642804,0.48488059981419407,0.639843750996065,97.0,79.222222,86.722222
50,50,10,2,5,81.92,0.2,20,2500,5.0,AOMDV,AODV,0.6504463008816599,0.24988129566595996,0.6771333025309315,92.648148,59.444444,76.203704
50,50,10,4,1,163.84,0.2,40,2500,5.0,DSDV,AODV,0.5033370875704326,0.55,0.5021230683329025,86.416667,56.222222,65.453704
50,50,10,4,2,163.84,0.2,40,2500,5.0,AOMDV,AODV,0.5615873391645462,0.3149241796497693,0.685160389763518,86.648148,56.916667,72.453704
50,50,10,4,3,163.84,0.2,40,2500,5.0,AOMDV,AODV,0.4831242271965477,0.27300490145624434,0.6623413937457688,94.101852,55.425926,73.675926
50,50,10,4,4,163.84,0.2,40,2500,5.0,AOMDV,AODV,0.5290693438529049,0.5499629154049408,0.641855071115164,96.064815,82.212963,88.537037
50,50,10,4,5,163.84,0.2,40,2500,5.0,AOMDV,AODV,0.5011367067418251,0.55,0.6229173108121263,92.425926,61.222222,75.574074
50,50,10,8,1,327.68,0.2,80,2500,5.0,DSDV,AODV,0.4965310676682104,0.55,0.42009400275617426,73.097222,53.046296,63.722222
50,50,10,8,2,327.68,0.2,80,2500,5.0,DSDV,AODV,0.44999999999999996,0.55,0.35718225117867236,66.5,54.314815,61.680556
50,50,10,8,3,327.68,0.2,80,2500,5.0,AOMDV,AODV,0.44999999999999996,0.55,0.6317642763316998,71.152778,52.0,65.490741
50,50,10,8,4,327.68,0.2,80,2500,5.0,DSDV,AODV,0.5169538928963068,0.55,0.5302722523627921,96.282407,81.388889,86.546296
50,50,10,8,5,327.68,0.2,80,2500,5.0,AOMDV,AODV,0.44999999999999996,0.55,0.7715916585335848,78.032407,59.240741,74.217593
50,50,15,2,1,122.88,0.3,30,2500,3.3333333333333335,AODV,AODV,0.6998638824039634,0.22686709905624633,0.5955702008830841,86.506173,51.62963,65.580247
50,50,15,2,2,122.88,0.3,30,2500,3.3333333333333335,AODV,AODV,0.6373427345447781,0.23986547968828492,0.6351265854911832,90.259259,62.950617,74.185185
50,50,15,2,3,122.88,0.3,30,2500,3.3333333333333335,AOMDV,AODV,0.5886310888703744,0.17462295488552587,0.663882996469886,94.617284,53.888889,73.246914
50,50,15,2,4,122.88,0.3,30,2500,3.3333333333333335,AOMDV,AODV,0.5020867530343711,0.4439766652430146,0.6671311453232521,96.098765,73.506173,84.407407
50,50,15,2,5,122.88,0.3,30,2500,3.3333333333333335,AOMDV,AODV,0.5890243981176572,0.286898873234355,0.6517423705485011,90.061728,58.530864,72.666667
50,50,15,4,1,245.76,0.3,60,2500,3.3333333333333335,AOMDV,AODV,0.44999999999999996,0.55,0.5684422604142201,77.845679,51.746914,65.648148
50,50,15,4,2,245.76,0.3,60,2500,3.3333333333333335,AOMDV,AODV,0.48156757504352,0.35,0.7028539119353663,83.444444,60.487654,73.925926
50,50,15,4,3,245.76,0.3,60,2500,3.3333333333333335,AOMDV,AODV,0.44999999999999996,0.55,0.6448392914352973,82.851852,53.660494,70.277778
50,50,15,4,4,245.76,0.3,60,2500,3.3333333333333335,AOMDV,AODV,0.4858581049923368,0.38235940507620714,0.6442896887311657,95.419753,73.259259,82.82716
50,50,15,4,5,245.76,0.3,60,2500,3.3333333333333335,AOMDV,AODV,0.4600045439138971,0.35,0.7308111936813165,80.469136,57.814815,70.216049
50,50,15,8,1,491.52,0.3,120,2500,3.3333333333333335,AOMDV,AOMDV,0.28918859478176995,0.5147266276382935,0.8457682455059647,50.546296,45.950617,53.101852
50,50,15,8,2,491.52,0.3,120,2500,3.3333333333333335,AODV,AODV,0.7420660604950337,0.35,0.34234468424241776,59.604938,52.703704,56.641975
50,50,15,8,3,491.52,0.3,120,2500,3.3333333333333335,AOMDV,AODV,0.5792275281026169,0.55,0.6273861417726466,50.209877,43.274691,50.027778
50,50,15,8,4,491.52,0.3,120,2500,3.3333333333333335,DSDV,AODV,0.44999999999999996,0.55,0.5466403190245827,75.046296,69.740741,74.759259
50,50,15,8,5,491.52,0.3,120,2500,3.3333333333333335,DSDV,AODV,0.5384728495562815,0.55,0.5054975447086466,53.429012,46.462963,52.299383
50,50,20,2,1,163.84,0.4,40,2500,2.5,AOMDV,AODV,0.5653968699017905,0.27837570609297935,0.6514557525954566,85.314815,53.194444,67.574074
50,50,20,2,2,163.84,0.4,40,2500,2.5,AOMDV,AODV,0.4736207807131581,0.3745390522835904,0.6594926615022851,89.472222,60.453704,73.962963
50,50,20,2,3,163.84,0.4,40,2500,2.5,AODV,AODV,0.8073231623625698,0.1,0.6803353642122438,94.138889,55.25,74.916667
50,50,20,2,4,163.84,0.4,40,2500,2.5,AODV,AODV,0.5663748071198152,0.55,0.41087075956275293,95.5,71.787037,82.564815
50,50,20,2,5,163.84,0.4,40,2500,2.5,AOMDV,AODV,0.5083378131425244,0.2922531902298956,0.6334110774888567,88.537037,56.777778,69.722222
50,50,20,4,1,327.68,0.4,80,2500,2.5,AOMDV,AODV,0.44999999999999996,0.55,0.7684591092014541,63.606481,51.564815,61.541667
50,50,20,4,2,327.68,0.4,80,2500,2.5,AOMDV,AODV,0.44999999999999996,0.55,0.6499504839092037,71.430556,58.773148,68.25
50,50,20,4,3,327.68,0.4,80,2500,2.5,AOMDV,AODV,0.44999999999999996,0.4119590342050877,0.8739741548395953,68.685185,50.467593,67.166667
50,50,20,4,4,327.68,0.4,80,2500,2.5,AOMDV,AODV,0.5630270380580659,0.35,0.696125942986266,88.648148,70.462963,80.708333
50,50,20,4,5,327.68,0.4,80,2500,2.5,AOMDV,AOMDV,0.4376654196796055,0.55,0.7748033309699278,62.541667,53.013889,62.810185
50,50,20,8,1,655.36,0.4,160,2500,2.5,DSDV,AODV,0.44999999999999996,0.55,0.4700078521030138,38.053241,37.016204,37.787037
50,50,20,8,2,655.36,0.4,160,2500,2.5,DSDV,DSDV,0.5037947653743815,0.8,0.2113177703079819,45.548611,46.206019,42.863426
50,50,20,8,3,655.36,0.4,160,2500,2.5,DSDV,AODV,0.5318533150554823,0.6197916339221816,0.033140221761761054,39.125,37.435185,37.125
50,50,20,8,4,655.36,0.4,160,2500,2.5,DSDV,DSDV,0.0054187572328451075,1.0,0.14306346252791624,59.416667,60.87963,59.696759
50,50,20,8,5,655.36,0.4,160,2500,2.5,DSDV,AOMDV,0.07126611252353046,0.7769633434309927,0.6660249565396186,37.335648,38.673611,39.988426
50,50,25,2,1,204.8,0.5,50,2500,2.0,AOMDV,AODV,0.5212379026243368,0.2781441910092755,0.689960020802985,81.133333,52.466667,67.637037
50,50,25,2,2,204.8,0.5,50,2500,2.0,AOMDV,AODV,0.45285022510167317,0.4754371249155045,0.6888018599817316,84.325926,57.940741,72.237037
50,50,25,2,3,204.8,0.5,50,2500,2.0,AOMDV,AODV,0.5218534360246779,0.24421283394706736,0.6997501535531978,91.088889,59.444444,74.881481
50,50,25,2,4,204.8,0.5,50,2500,2.0,AOMDV,AODV,0.4704586187186964,0.55,0.5778990229530718,90.948148,66.362963,78.155556
50,50,25,2,5,204.8,0.5,50,2500,2.0,AOMDV,AODV,0.44999999999999996,0.5075669440494832,0.7721183913918508,80.274074,55.237037,71.155556
50,50,25,4,1,409.6,0.5,100,2500,2.0,DSDV,AODV,0.44999999999999996,0.55,0.449357579658339,56.207407,47.296296,54.055556
50,50,25,4,2,409.6,0.5,100,2500,2.0,DSDV,AODV,0.44999999999999996,0.55,0.5410097336246289,58.955556,54.2,57.955556
50,50,25,4,3,409.6,0.5,100,2500,2.0,AOMDV,AOMDV,0.2815991290211061,0.55,0.8487431222358889,57.266667,50.918519,61.062963
50,50,25,4,4,409.6,0.5,100,2500,2.0,AOMDV,AOMDV,0.41438104144668186,0.55,0.8142113515106395,70.966667,63.555556,71.603704
50,50,25,4,5,409.6,0.5,100,2500,2.0,DSDV,AODV,0.5337017711805625,0.55,0.5053724306443076,53.581481,47.937037,52.348148
50,50,25,8,1,819.2,0.5,200,2500,2.0,DSDV,DSDV,0.6003420297924265,1.0,0.01004170594955929,30.47963,31.27037,28.735185
50,50,25,8,2,819.2,0.5,200,2500,2.0,DSDV,DSDV,0.6664547164458228,0.9463172409971974,0.0029070713463773775,36.640741,37.938889,33.568519
50,50,25,8,3,819.2,0.5,200,2500,2.0,DSDV,DSDV,0.3923562742561868,1.0,0.03050971387875385,33.409259,34.192593,31.559259
50,50,25,8,4,819.2,0.5,200,2500,2.0,DSDV,DSDV,0.43772269434169286,1.0,0.0041406047169673795,45.918519,47.390741,44.427778
50,50,25,8,5,819.2,0.5,200,2500,2.0,DSDV,DSDV,0.4811685338756869,1.0,0.18498493051861906,31.92037,33.348148,30.124074
100,20,5,2,1,40.96,0.05,10,2000,4.0,AODV,AODV,0.6864966837047697,0.25045036012233085,0.6664328627916093,95.333333,76.851852,85.740741
100,20,5,2,2,40.96,0.05,10,2000,4.0,AOMDV,AODV,0.5499999999999999,0.5485863596750504,0.6943806892222003,94.666667,75.111111,86.555556
100,20,5,2,3,40.96,0.05,10,2000,4.0,AODV,AODV,0.6814355679379169,0.2673031613958867,0.557462711673946,97.333333,87.407407,89.777778
100,20,5,2,4,40.96,0.05,10,2000,4.0,AOMDV,AODV,0.7102934719582021,0.22568980132232147,0.7703917275570745,95.481481,79.407407,90.851852
100,20,5,2,5,40.96,0.05,10,2000,4.0,AODV,AODV,0.8777604672205643,0.0931405004029568,0.6393249597109315,98.592593,75.0,84.925926
100,20,5,4,1,81.92,0.05,20,2000,4.0,AOMDV,AODV,0.5918692401363589,0.3269765091926581,0.7360560485908698,97.166667,70.074074,87.296296
100,20,5,4,2,81.92,0.05,20,2000,4.0,AODV,AODV,0.7133714089365345,0.2739904862106421,0.7119403019250616,96.092593,75.0,87.277778
100,20,5,4,3,81.92,0.05,20,2000,4.0,AOMDV,AODV,0.7009612826305355,0.24036631585612359,0.7014307126887005,99.185185,86.888889,93.759259
100,20,5,4,4,81.92,0.05,20,2000,4.0,AOMDV,AODV,0.5499999999999999,0.5441246292831268,0.7094069873728572,95.759259,80.259259,89.796296
100,20,5,4,5,81.92,0.05,20,2000,4.0,AOMDV,AODV,0.5456798607875936,0.55,0.5994922049903783,97.981481,76.166667,84.592593
100,20,5,8,1,163.84,0.05,40,2000,4.0,AOMDV,AODV,0.6014874009661659,0.35,0.7151697138086197,95.907407,73.564815,88.009259
100,20,5,8,2,163.84,0.05,40,2000,4.0,AOMDV,AODV,0.5499999999999999,0.5471300435021921,0.6763425798374392,95.157407,70.490741,84.259259
100,20,5,8,3,163.84,0.05,40,2000,4.0,AOMDV,AODV,0.5499999999999999,0.512998543691728,0.7326922732759447,98.916667,83.546296,93.37037
100,20,5,8,4,163.84,0.05,40,2000,4.0,AODV,AODV,0.7230189853352588,0.35,0.6574065687694248,94.231481,81.037037,88.907407
100,20,5,8,5,163.84,0.05,40,2000,4.0,AODV,AODV,0.7119801587154794,0.19923828391244094,0.6203703612198372,97.314815,77.064815,84.731481
100,20,10,2,1,81.92,0.1,20,2000,2.0,DSDV,AODV,0.5172673684798073,0.55,0.5267265355441871,96.296296,75.555556,83.611111
100,20,10,2,2,81.92,0.1,20,2000,2.0,AOMDV,AODV,0.5916228976811195,0.3107966048254722,0.7302919699664413,98.296296,75.462963,89.685185
100,20,10,2,3,81.92,0.1,20,2000,2.0,AOMDV,AODV,0.5457770558697568,0.4298174169397998,0.7356230239809953,98.87037,81.481481,92.518519
100,20,10,2,4,81.92,0.1,20,2000,2.0,AOMDV,AODV,0.5217319736920706,0.55,0.6269547457526924,96.611111,72.611111,83.962963
100,20,10,2,5,81.92,0.1,20,2000,2.0,AODV,AODV,0.6382098326225091,0.13160894036198645,0.6231096461431409,97.444444,77.851852,85.388889
100,20,10,4,1,163.84,0.1,40,2000,2.0,AOMDV,AODV,0.5963938763878969,0.34617826239429983,0.7206443886612174,94.648148,71.37037,85.37037
100,20,10,4,2,163.84,0.1,40,2000,2.0,AOMDV,AODV,0.5201854423755874,0.55,0.6529672593334155,97.462963,75.425926,88.564815
100,20,10,4,3,163.84,0.1,40,2000,2.0,AODV,AODV,0.5737400772132796,0.55,0.5197653837054192,98.37963,81.12963,92.490741
100,20,10,4,4,163.84,0.1,40,2000,2.0,AOMDV,AODV,0.498018635090541,0.3546297061386404,0.6872220222898029,96.824074,71.425926,84.814815
100,20,10,4,5,163.84,0.1,40,2000,2.0,AOMDV,AODV,0.4860553285350592,0.5392785432206,0.6623548560678547,95.342593,75.407407,84.814815
100,20,10,8,1,327.68,0.1,80,2000,2.0,DSDV,AODV,0.46271658473664234,0.55,0.545174773047459,72.736111,64.412037,70.962963
100,20,10,8,2,327.68,0.1,80,2000,2.0,DSDV,AODV,0.44999999999999996,0.55,0.51378398127262,84.458333,73.356481,82.648148
100,20,10,8,3,327.68,0.1,80,2000,2.0,AOMDV,AODV,0.44999999999999996,0.39848272431740916,0.7835540618664426,90.583333,82.041667,87.833333
100,20,10,8,4,327.68,0.1,80,2000,2.0,AOMDV,AOMDV,0.15110453196913665,0.5090500447969487,0.8024829578016254,69.671296,68.615741,71.759259
100,20,10,8,5,327.68,0.1,80,2000,2.0,AOMDV,AOMDV,0.303157890794834,0.44364223476451725,0.7749327590933269,74.773148,69.736111,77.212963
100,20,15,2,1,122.88,0.15,30,2000,1.3333333333333333,AOMDV,AODV,0.49993088385723367,0.55,0.6357455413510509,94.148148,73.839506,84.962963
100,20,15,2,2,122.88,0.15,30,2000,1.3333333333333333,AOMDV,AODV,0.5935893460678534,0.3296783625477345,0.6623859131204392,96.839506,77.901235,86.839506
100,20,15,2,3,122.88,0.15,30,2000,1.3333333333333333,AOMDV,AODV,0.6725597431097784,0.19640943262984226,0.7096676606898855,98.518519,86.259259,93.333333
100,20,15,2,4,122.88,0.15,30,2000,1.3333333333333333,AODV,AODV,0.6081860389829512,0.28417080004234957,0.5959858053923353,96.666667,74.061728,81.395062
100,20,15,2,5,122.88,0.15,30,2000,1.3333333333333333,AODV,AODV,0.654015767415085,0.28603159326021677,0.6127358416793904,94.938272,75.308642,82.407407
100,20,15,4,1,245.76,0.15,60,2000,1.3333333333333333,AOMDV,AODV,0.44999999999999996,0.55,0.8571858310777578,82.351852,73.759259,81.302469
100,20,15,4,2,245.76,0.15,60,2000,1.3333333333333333,AOMDV,AODV,0.44999999999999996,0.55,0.6918089231559598,91.018519,74.259259,86.012346
100,20,15,4,3,245.76,0.15,60,2000,1.3333333333333333,AOMDV,AODV,0.48680708085741836,0.4627481064610859,0.8487723375965492,94.537037,86.240741,93.592593
100,20,15,4,4,245.76,0.15,60,2000,1.3333333333333333,AOMDV,AOMDV,0.27330924779063914,0.5073894708840846,0.9099263189091673,75.91358,70.203704,79.604938
100,20,15,4,5,245.76,0.15,60,2000,1.3333333333333333,AOMDV,AODV,0.44999999999999996,0.55,0.6601710582268301,88.555556,75.376543,84.12963
100,20,15,8,1,491.52,0.15,120,2000,1.3333333333333333,DSDV,DSDV,0.1650452218982147,1.0,0.03589305636759438,52.950617,55.83642,52.996914
100,20,15,8,2,491.52,0.15,120,2000,1.3333333333333333,DSDV,AOMDV,0.10377342748285995,0.8723602637663421,0.5993685013221838,59.228395,61.364198,62.209877
100,20,15,8,3,491.52,0.15,120,2000,1.3333333333333333,DSDV,AOMDV,0.0,0.8596605835757553,0.6885661457864142,67.429012,74.75,78.067901
100,20,15,8,4,491.52,0.15,120,2000,1.3333333333333333,DSDV,DSDV,0.15602174782884282,1.0,0.1346880072375144,48.762346,50.401235,48.518519
100,20,15,8,5,491.52,0.15,120,2000,1.3333333333333333,AOMDV,AOMDV,0.0,0.5639699036977192,0.8924239559055825,58.901235,60.083333,64.191358
100,20,20,2,1,163.84,0.2,40,2000,1.0,AOMDV,AODV,0.5420912549113783,0.35,0.747082340433144,92.166667,74.111111,86.046296
100,20,20,2,2,163.84,0.2,40,2000,1.0,DSDV,AODV,0.48839021870397875,0.55,0.46523608353133394,96.935185,78.083333,87.259259
100,20,20,2,3,163.84,0.2,40,2000,1.0,AOMDV,AODV,0.5092932734481911,0.3951418485911069,0.6726046930086831,98.407407,85.361111,91.814815
100,20,20,2,4,163.84,0.2,40,2000,1.0,AOMDV,AODV,0.45570832938682215,0.44993803455265546,0.6184888456413078,93.583333,71.916667,83.435185
100,20,20,2,5,163.84,0.2,40,2000,1.0,DSDV,AODV,0.5024858110274327,0.55,0.5032853942728176,94.712963,79.75,86.407407
100,20,20,4,1,327.68,0.2,80,2000,1.0,DSDV,DSDV,0.0,1.0,0.1805933591858166,70.759259,71.671296,70.967593
100,20,20,4,2,327.68,0.2,80,2000,1.0,AOMDV,AOMDV,0.23946018143790443,0.55,0.7772224116366534,77.643519,74.768519,80.171296
100,20,20,4,3,327.68,0.2,80,2000,1.0,AOMDV,AOMDV,0.30316645190668773,0.5276395822205016,0.9534710651940146,87.148148,81.976852,89.652778
100,20,20,4,4,327.68,0.2,80,2000,1.0,DSDV,AOMDV,0.008388391214293628,0.8387839218507221,0.6151405951244996,62.324074,65.939815,67.958333
100,20,20,4,5,327.68,0.2,80,2000,1.0,AOMDV,AOMDV,0.08980478765674227,0.55,0.925785181374846,78.277778,77.425926,81.694444
100,20,20,8,1,655.36,0.2,160,2000,1.0,DSDV,DSDV,0.7202891000264297,0.8521439431919137,0.004035988330692283,40.974537,43.055556,35.710648
100,20,20,8,2,655.36,0.2,160,2000,1.0,DSDV,DSDV,0.29404794242876753,1.0,0.026339927023313003,45.199074,53.761574,43.409722
100,20,20,8,3,655.36,0.2,160,2000,1.0,DSDV,DSDV,0.09892397229181647,1.0,0.30597717022260185,53.076389,61.851852,56.930556
100,20,20,8,4,655.36,0.2,160,2000,1.0,DSDV,DSDV,0.3165762206300469,0.8,0.2877032885460577,35.296296,39.266204,35.777778
100,20,20,8,5,655.36,0.2,160,2000,1.0,DSDV,DSDV,0.6200495767410208,0.9827963694648516,0.015717384785016057,47.766204,52.787037,43.569444
100,20,25,2,1,204.8,0.25,50,2000,0.8,AOMDV,AODV,0.44999999999999996,0.55,0.7423212169591593,83.385185,73.074074,81.733333
100,20,25,2,2,204.8,0.25,50,2000,0.8,AOMDV,AODV,0.44999999999999996,0.4222922643364124,0.6308949968147706,94.407407,80.911111,87.2
100,20,25,2,3,204.8,0.25,50,2000,0.8,AOMDV,AODV,0.5590230809558167,0.308768417615754,0.6920300706115048,97.066667,82.288889,90.237037
100,20,25,2,4,204.8,0.25,50,2000,0.8,AOMDV,AODV,0.44999999999999996,0.55,0.8727540563458553,83.311111,71.792593,82.748148
100,20,25,2,5,204.8,0.25,50,2000,0.8,AOMDV,AODV,0.4707544151425572,0.39088790290313546,0.6285798884988432,93.496296,79.459259,86.155556
100,20,25,4,1,409.6,0.25,100,2000,0.8,DSDV,DSDV,0.04944645810118574,1.0,0.1419852484146431,48.7,58.833333,50.740741
100,20,25,4,2,409.6,0.25,100,2000,0.8,DSDV,AOMDV,0.0,0.98532421417679,0.7456264291870262,62.122222,71.57037,71.888889
100,20,25,4,3,409.6,0.25,100,2000,0.8,DSDV,AOMDV,0.0,0.9045876075216784,0.6930722577019905,66.140741,74.633333,76.918519
100,20,25,4,4,409.6,0.25,100,2000,0.8,DSDV,DSDV,0.13789944055379919,1.0,0.03790562341432591,48.592593,58.07037,48.503704
100,20,25,4,5,409.6,0.25,100,2000,0.8,DSDV,DSDV,0.0,1.0,0.334053790406257,62.511111,72.181481,67.011111
100,20,25,8,1,819.2,0.25,200,2000,0.8,DSDV,DSDV,0.5881809638552371,1.0,0.014368476446007961,27.381481,31.172222,24.172222
100,20,25,8,2,819.2,0.25,200,2000,0.8,DSDV,DSDV,0.7061414846470982,0.9466464240390973,0.0024535350747179087,39.559259,42.966667,34.27963
100,20,25,8,3,819.2,0.25,200,2000,0.8,DSDV,DSDV,0.11838837364005465,1.0,0.21712110323473227,36.359259,48.82963,39.966667
100,20,25,8,4,819.2,0.25,200,2000,0.8,DSDV,DSDV,0.11482997818289892,1.0,0.2821179004376309,18.916667,32.677778,23.127778
100,20,25,8,5,819.2,0.25,200,2000,0.8,DSDV,DSDV,0.7588318943910767,0.7609656322054166,0.0,37.505556,39.805556,32.522222
100,30,5,2,1,40.96,0.05,10,3000,6.0,AOMDV,AODV,0.546566226902951,0.4091763851762348,0.61560000825561,95.592593,72.444444,80.962963
100,30,5,2,2,40.96,0.05,10,3000,6.0,AODV,AODV,0.7182423312123389,0.23608837246771822,0.6909022718736271,96.074074,71.444444,84.62963
100,30,5,2,3,40.96,0.05,10,3000,6.0,AODV,AODV,0.7432431865867389,0.08775479442733053,0.6364541922111672,98.0,70.111111,81.666667
100,30,5,2,4,40.96,0.05,10,3000,6.0,AOMDV,AODV,0.6035949091425832,0.2677776052698023,0.6593990711497859,97.777778,73.740741,84.925926
100,30,5,2,5,40.96,0.05,10,3000,6.0,AODV,AODV,0.8241524227534301,0.1,0.6232919328921898,97.481481,73.62963,82.814815
100,30,5,4,1,81.92,0.05,20,3000,6.0,AOMDV,AODV,0.5416064631436482,0.31410048033588356,0.6039296399204847,98.648148,73.907407,82.37037
100,30,5,4,2,81.92,0.05,20,3000,6.0,AOMDV,AODV,0.5499999999999999,0.5464249501529057,0.616360418640892,96.537037,71.0,82.092593
100,30,5,4,3,81.92,0.05,20,3000,6.0,AOMDV,AODV,0.615844334834517,0.2763875059360026,0.6376530687267385,98.148148,70.925926,82.277778
100,30,5,4,4,81.92,0.05,20,3000,6.0,AODV,AODV,0.9193013517778114,0.08683298298610076,0.6288583467092774,98.944444,72.666667,83.111111
100,30,5,4,5,81.92,0.05,20,3000,6.0,AOMDV,AODV,0.5499999999999999,0.5474668808575595,0.6306969738834601,98.37037,66.981481,81.962963
100,30,5,8,1,163.84,0.05,40,3000,6.0,AODV,AODV,0.6923035214725424,0.313454970960789,0.6907300972750576,93.407407,72.481481,83.675926
100,30,5,8,2,163.84,0.05,40,3000,6.0,AOMDV,AODV,0.6073110497975359,0.2944261818972398,0.6746414330018712,96.240741,73.0,84.601852
100,30,5,8,3,163.84,0.05,40,3000,6.0,AODV,AODV,0.711570791763529,0.4696583990414732,0.41930876703060127,96.398148,74.027778,82.444444
100,30,5,8,4,163.84,0.05,40,3000,6.0,AODV,AODV,0.6545289936541179,0.55,0.33218740537556735,94.814815,70.592593,83.203704
100,30,5,8,5,163.84,0.05,40,3000,6.0,DSDV,AODV,0.5191818034566227,0.55,0.5362369115453017,94.962963,76.342593,80.435185
100,30,10,2,1,81.92,0.1,20,3000,3.0,AOMDV,AODV,0.6302847985916382,0.2754554805855275,0.6840253312390132,95.851852,69.537037,83.222222
100,30,10,2,2,81.92,0.1,20,3000,3.0,AOMDV,AODV,0.5184390097689494,0.3193251000719499,0.687953939340302,95.462963,74.555556,85.611111
100,30,10,2,3,81.92,0.1,20,3000,3.0,AODV,AODV,0.6803041533037179,0.1915460863293021,0.6142161159981243,96.611111,75.703704,83.333333
100,30,10,2,4,81.92,0.1,20,3000,3.0,AODV,AODV,0.7324822805395449,0.1,0.6542507278589493,94.814815,69.111111,80.777778
100,30,10,2,5,81.92,0.1,20,3000,3.0,AODV,AODV,0.6908103731837155,0.1,0.6292913454683963,97.0,73.481481,82.851852
100,30,10,4,1,163.84,0.1,40,3000,3.0,AODV,AODV,0.7043283966609397,0.3021081499524205,0.6746522427462585,93.75,69.787037,81.75
100,30,10,4,2,163.84,0.1,40,3000,3.0,AOMDV,AODV,0.5894120720318651,0.3432475109584516,0.6138057959220682,97.268519,77.148148,84.472222
100,30,10,4,3,163.84,0.1,40,3000,3.0,AODV,AODV,0.6695582448130398,0.1539175639897714,0.6279461272533315,97.648148,72.898148,82.685185
100,30,10,4,4,163.84,0.1,40,3000,3.0,AODV,AODV,0.7661618669798161,0.1,0.6347146208277368,93.407407,69.722222,79.444444
100,30,10,4,5,163.84,0.1,40,3000,3.0,AOMDV,AODV,0.4611134490250022,0.2938952613847158,0.6548229061890996,95.25,70.675926,81.861111
100,30,10,8,1,327.68,0.1,80,3000,3.0,DSDV,AOMDV,0.36577334814272,0.55,0.4809448425371252,66.930556,61.277778,68.37037
100,30,10,8,2,327.68,0.1,80,3000,3.0,AOMDV,AOMDV,0.43534075860544286,0.27492365519166995,0.9152338787779692,80.481481,70.032407,80.833333
100,30,10,8,3,327.68,0.1,80,3000,3.0,AOMDV,AODV,0.44999999999999996,0.42968368995972084,0.8817115074469584,79.023148,65.828704,77.782407
100,30,10,8,4,327.68,0.1,80,3000,3.0,AOMDV,AOMDV,0.2809858977060871,0.3980439378923267,0.9013057733863874,68.819444,62.046296,72.893519
100,30,10,8,5,327.68,0.1,80,3000,3.0,AODV,AODV,0.7830118585197646,0.23177678934792814,0.6076149858479553,74.333333,61.273148,71.564815
100,30,15,2,1,122.88,0.15,30,3000,2.0,AODV,AODV,0.6715838359474235,0.3076666319230244,0.6566147840250298,95.234568,69.851852,81.506173
100,30,15,2,2,122.88,0.15,30,3000,2.0,AOMDV,AODV,0.5683624204940483,0.2871666877399477,0.6346217541673472,94.753086,72.395062,81.567901
100,30,15,2,3,122.88,0.15,30,3000,2.0,AODV,AODV,0.668745391461571,0.24364676092041787,0.6106090419275426,97.37037,78.518519,85.246914
100,30,15,2,4,122.88,0.15,30,3000,2.0,AODV,AODV,0.6982037196852365,0.12330531495205538,0.5676640919561339,95.17284,68.17284,78.753086
100,30,15,2,5,122.88,0.15,30,3000,2.0,AOMDV,AODV,0.5051684652528456,0.55,0.5794046455663169,94.419753,73.259259,83.0
100,30,15,4,1,245.76,0.15,60,3000,2.0,AOMDV,AODV,0.44999999999999996,0.46423976889823415,0.6188328026099179,85.253086,71.62963,77.679012
100,30,15,4,2,245.76,0.15,60,3000,2.0,AOMDV,AODV,0.5094241249638204,0.22259322321111086,0.7116916024658452,87.876543,70.691358,80.296296
100,30,15,4,3,245.76,0.15,60,3000,2.0,AOMDV,AODV,0.5637223064462791,0.25279030634773536,0.6899623034141933,91.54321,73.333333,82.993827
100,30,15,4,4,245.76,0.15,60,3000,2.0,AOMDV,AOMDV,0.44973071466690107,0.2503956957503324,0.9590130444779996,75.0,62.432099,75.759259
100,30,15,4,5,245.76,0.15,60,3000,2.0,AOMDV,AODV,0.685914356873041,0.1,0.719580219333656,87.87037,71.993827,81.018519
100,30,15,8,1,491.52,0.15,120,3000,2.0,DSDV,AODV,0.565119825344983,0.7817758415880081,0.21218760467946354,51.731481,51.651235,49.75
100,30,15,8,2,491.52,0.15,120,3000,2.0,AOMDV,AOMDV,0.16945058749071623,0.5398271602772242,0.6949279936770584,51.830247,53.487654,55.759259
100,30,15,8,3,491.52,0.15,120,3000,2.0,DSDV,AOMDV,1.481403024451583e-05,0.9583851089987171,0.6501843094808535,61.361111,65.419753,65.833333
100,30,15,8,4,491.52,0.15,120,3000,2.0,AODV,AODV,0.884974281313425,0.3278757657696827,0.5262537222357012,49.080247,44.018519,47.240741
100,30,15,8,5,491.52,0.15,120,3000,2.0,AODV,AODV,0.7184272970416831,0.35,0.26348786608334107,56.237654,54.83642,55.385802
100,30,20,2,1,163.84,0.2,40,3000,1.5,AOMDV,AODV,0.5646742800887627,0.2663095926671615,0.614514018350455,93.12037,71.972222,79.703704
100,30,20,2,2,163.84,0.2,40,3000,1.5,AOMDV,AODV,0.6269926327422858,0.23706407349120112,0.6535175931778197,95.027778,74.759259,83.925926
100,30,20,2,3,163.84,0.2,40,3000,1.5,AODV,AODV,0.6384561064213848,0.11089664015121274,0.6206360878860033,96.055556,77.277778,84.398148
100,30,20,2,4,163.84,0.2,40,3000,1.5,AODV,AODV,0.7795561485346816,0.1,0.6407739328276525,94.731481,70.444444,80.740741
100,30,20,2,5,163.84,0.2,40,3000,1.5,AODV,AODV,0.6793956188761816,0.26937715668439655,0.6212827262109059,94.768519,77.083333,83.814815
100,30,20,4,1,327.68,0.2,80,3000,1.5,AOMDV,AOMDV,0.3088480452293864,0.4258601359242743,0.8168342318239653,65.37963,60.800926,67.472222
100,30,20,4,2,327.68,0.2,80,3000,1.5,AOMDV,AODV,0.5547084058202337,0.35,0.8008645985718639,77.907407,69.111111,76.634259
100,30,20,4,3,327.68,0.2,80,3000,1.5,AOMDV,AOMDV,0.32337845557141476,0.3431644796346864,0.9593061130969149,79.092593,71.962963,81.884259
100,30,20,4,4,327.68,0.2,80,3000,1.5,AOMDV,AOMDV,0.056591267148190016,0.5188432200934865,0.9180782904509809,59.148148,58.092593,66.486111
100,30,20,4,5,327.68,0.2,80,3000,1.5,AOMDV,AOMDV,0.3051923065685984,0.3350383596090616,0.9466507709961158,77.027778,72.12963,79.351852
100,30,20,8,1,655.36,0.2,160,3000,1.5,DSDV,DSDV,0.301316414031719,1.0,0.043679014125575136,36.592593,40.159722,33.893519
100,30,20,8,2,655.36,0.2,160,3000,1.5,DSDV,DSDV,0.4027039806663477,0.9225932034267064,0.026249449241897677,42.939815,49.027778,41.789352
100,30,20,8,3,655.36,0.2,160,3000,1.5,DSDV,DSDV,0.4195899717565456,0.8,0.21931504082174186,47.493056,50.689815,47.303241
100,30,20,8,4,655.36,0.2,160,3000,1.5,DSDV,DSDV,0.2619558083426487,0.8,0.2653422578339913,34.541667,40.203704,34.810185
100,30,20,8,5,655.36,0.2,160,3000,1.5,DSDV,DSDV,0.13181649531477607,1.0,0.10914852664616811,45.0625,53.743056,46.391204
100,30,25,2,1,204.8,0.25,50,3000,1.2,AOMDV,AODV,0.581219996397482,0.2432456550150193,0.6801001919969601,87.814815,68.0,77.888889
100,30,25,2,2,204.8,0.25,50,3000,1.2,AOMDV,AODV,0.5475642461265263,0.12720597903205955,0.6087631208697474,91.977778,75.748148,81.474074
100,30,25,2,3,204.8,0.25,50,3000,1.2,AODV,AODV,0.7906524786863397,0.1,0.6486512006269572,94.466667,74.992593,83.422222
100,30,25,2,4,204.8,0.25,50,3000,1.2,AOMDV,AODV,0.636481538182782,0.1,0.7361791572822014,89.177778,69.266667,80.6
100,30,25,2,5,204.8,0.25,50,3000,1.2,AODV,AODV,0.6637513800666393,0.24157897525289174,0.5454969008131294,93.62963,74.37037,82.659259
100,30,25,4,1,409.6,0.25,100,3000,1.2,DSDV,DSDV,0.0,0.9711437925091504,0.5625736807761843,46.496296,51.766667,50.025926
100,30,25,4,2,409.6,0.25,100,3000,1.2,DSDV,AOMDV,0.059929411017330236,0.595894008756882,0.5160978923957892,63.959259,64.244444,66.755556
100,30,25,4,3,409.6,0.25,100,3000,1.2,DSDV,AOMDV,0.0,0.9373648588439291,0.7126786976606829,62.155556,66.874074,67.637037
100,30,25,4,4,409.6,0.25,100,3000,1.2,DSDV,AOMDV,0.08307171932019644,0.9054758124296243,0.5070649518078012,51.825926,53.455556,53.888889
100,30,25,4,5,409.6,0.25,100,3000,1.2,DSDV,DSDV,0.040597110975441844,1.0,0.41612220867648514,59.255556,65.277778,62.97037
100,30,25,8,1,819.2,0.25,200,3000,1.2,DSDV,DSDV,0.4791982774276667,1.0,0.006747404444191714,27.262963,33.864815,23.159259
100,30,25,8,2,819.2,0.25,200,3000,1.2,DSDV,DSDV,0.6842724074769472,0.9260919074888252,0.009718670527619476,37.333333,40.346296,33.290741
100,30,25,8,3,819.2,0.25,200,3000,1.2,DSDV,DSDV,0.2060075275209976,1.0,0.25753411307468066,34.511111,42.605556,37.538889
100,30,25,8,4,819.2,0.25,200,3000,1.2,DSDV,DSDV,0.17260832567235262,0.8,0.42426953282894364,25.187037,33.462963,28.385185
100,30,25,8,5,819.2,0.25,200,3000,1.2,DSDV,DSDV,0.43881215787350114,0.8243897588851963,0.05379790655338107,34.694444,42.17963,35.033333
100,40,5,2,1,40.96,0.05,10,4000,8.0,AODV,AODV,0.7224146939427416,0.14182191882455736,0.7145303859724705,96.259259,62.740741,82.444444
100,40,5,2,2,40.96,0.05,10,4000,8.0,AODV,AODV,0.8021682065353928,0.09630982968678681,0.7095505558941754,89.592593,69.814815,81.222222
100,40,5,2,3,40.96,0.05,10,4000,8.0,AODV,AODV,0.5499999999999999,0.5476515726655533,0.49132536644054553,96.925926,74.481481,79.333333
100,40,5,2,4,40.96,0.05,10,4000,8.0,AODV,AODV,0.6593636305124563,0.30860450343512125,0.6504699129891329,97.296296,77.592593,86.37037
100,40,5,2,5,40.96,0.05,10,4000,8.0,AODV,AODV,0.7064380211602509,0.28816912187068905,0.6526147989629063,96.962963,67.925926,81.0
100,40,5,4,1,81.92,0.05,20,4000,8.0,AODV,AODV,0.7247972506693037,0.21528409274036664,0.6670146133336391,97.203704,61.722222,78.833333
100,40,5,4,2,81.92,0.05,20,4000,8.0,AOMDV,AODV,0.5499999999999999,0.5484588809398785,0.6051516305279535,98.5,71.259259,81.092593
100,40,5,4,3,81.92,0.05,20,4000,8.0,AODV,AODV,0.5499999999999999,0.5398958796052052,0.29452599190897727,98.814815,76.12963,77.925926
100,40,5,4,4,81.92,0.05,20,4000,8.0,AOMDV,AODV,0.5499999999999999,0.5239590019761287,0.6424468043912057,97.796296,80.388889,87.833333
100,40,5,4,5,81.92,0.05,20,4000,8.0,AOMDV,AODV,0.5367213068103505,0.3362940146919706,0.6947859860165165,93.314815,69.518519,82.462963
100,40,5,8,1,163.84,0.05,40,4000,8.0,AODV,AODV,0.7190432766153554,0.1283561328976619,0.6700189747705859,97.453704,68.175926,82.490741
100,40,5,8,2,163.84,0.05,40,4000,8.0,AOMDV,AODV,0.5455289376828715,0.5019563263747917,0.6018518475092808,95.768519,75.518519,82.351852
100,40,5,8,3,163.84,0.05,40,4000,8.0,AODV,AODV,0.9270105175322736,0.0846048989524826,0.6810907622192839,93.425926,70.166667,82.111111
100,40,5,8,4,163.84,0.05,40,4000,8.0,AOMDV,AODV,0.5498470535944042,0.5205624603810236,0.6687186817024233,95.037037,82.101852,88.388889
100,40,5,8,5,163.84,0.05,40,4000,8.0,AOMDV,AODV,0.5555777691525418,0.2951746018538033,0.6540820298029242,95.101852,71.398148,82.148148
100,40,10,2,1,81.92,0.1,20,4000,4.0,AODV,AODV,0.8366607587507249,0.1,0.6454465775647952,96.351852,64.62963,78.407407
100,40,10,2,2,81.92,0.1,20,4000,4.0,AODV,AODV,0.7143066633963401,0.4172559302506679,0.3543686310104184,97.092593,75.740741,82.851852
100,40,10,2,3,81.92,0.1,20,4000,4.0,AODV,AODV,0.7492744093628269,0.1,0.6164607608116707,96.574074,71.092593,80.518519
100,40,10,2,4,81.92,0.1,20,4000,4.0,AODV,AODV,0.6905024247599602,0.18731664781238094,0.6793130984776807,95.592593,72.407407,84.222222
100,40,10,2,5,81.92,0.1,20,4000,4.0,AODV,AODV,0.8161127021114478,0.1,0.5832278505550579,97.62963,71.296296,79.092593
100,40,10,4,1,163.84,0.1,40,4000,4.0,AOMDV,AODV,0.5909789838372843,0.29328433150806565,0.6699544527964345,93.583333,67.157407,80.074074
100,40,10,4,2,163.84,0.1,40,4000,4.0,AOMDV,AODV,0.5829555572506068,0.3099479439044752,0.6229996252645333,97.074074,72.194444,81.759259
100,40,10,4,3,163.84,0.1,40,4000,4.0,AODV,AODV,0.6623943204410797,0.24845528799552752,0.6274295169038595,96.601852,71.638889,81.481481
100,40,10,4,4,163.84,0.1,40,4000,4.0,AODV,AODV,0.7151653006913457,0.26629762393587064,0.6313834411978868,94.37037,72.212963,81.851852
100,40,10,4,5,163.84,0.1,40,4000,4.0,AODV,AODV,0.6417556738455642,0.1,0.5878676507902861,94.648148,71.981481,78.925926
100,40,10,8,1,327.68,0.1,80,4000,4.0,AOMDV,AOMDV,0.24481327254812096,0.42794107617332444,0.8798336122573726,61.587963,56.125,66.166667
100,40,10,8,2,327.68,0.1,80,4000,4.0,AOMDV,AODV,0.6178622573609005,0.1,0.8122677998069441,81.740741,66.125,78.115741
100,40,10,8,3,327.68,0.1,80,4000,4.0,AOMDV,AOMDV,0.6328243535335185,0.1,0.9538538416584306,76.796296,60.305556,77.49537
100,40,10,8,4,327.68,0.1,80,4000,4.0,AOMDV,AODV,0.509027581936175,0.21186174670108965,0.8232249903761439,82.805556,69.699074,80.569444
100,40,10,8,5,327.68,0.1,80,4000,4.0,AOMDV,AODV,0.8126115421542537,0.1,0.8376355655306857,75.643519,61.606481,72.162037
100,40,15,2,1,122.88,0.15,30,4000,2.6666666666666665,AODV,AODV,0.6658893972739078,0.14040828996849242,0.6276260023120573,94.148148,67.938272,78.283951
100,40,15,2,2,122.88,0.15,30,4000,2.6666666666666665,AOMDV,AODV,0.616894421268367,0.24453182721303557,0.6557865152809457,92.592593,70.617284,80.666667
100,40,15,2,3,122.88,0.15,30,4000,2.6666666666666665,AODV,AODV,0.673078082877375,0.1,0.6169400592086697,96.185185,76.617284,83.876543
100,40,15,2,4,122.88,0.15,30,4000,2.6666666666666665,AODV,AODV,0.8428367374681854,0.1,0.6709555419233071,94.876543,68.777778,81.592593
100,40,15,2,5,122.88,0.15,30,4000,2.6666666666666665,AODV,AODV,0.6929986066550904,0.30908216674213285,0.6182712755043532,94.185185,70.975309,79.654321
100,40,15,4,1,245.76,0.15,60,4000,2.6666666666666665,AOMDV,AODV,0.5463874301011239,0.2245000009140499,0.7522771195898176,84.37037,64.185185,76.950617
100,40,15,4,2,245.76,0.15,60,4000,2.6666666666666665,AOMDV,AODV,0.5144768918002373,0.1845457139140136,0.7436421527971628,85.345679,67.993827,77.858025
100,40,15,4,3,245.76,0.15,60,4000,2.6666666666666665,AOMDV,AODV,0.6857697341149328,0.1,0.7213524268714918,91.376543,70.135802,81.932099
100,40,15,4,4,245.76,0.15,60,4000,2.6666666666666665,AOMDV,AODV,0.521649051805041,0.2536255867633007,0.8568514368809667,81.925926,70.277778,79.753086
100,40,15,4,5,245.76,0.15,60,4000,2.6666666666666665,AOMDV,AODV,0.45018376669325477,0.2961202972980855,0.7440509617931675,86.432099,65.654321,78.166667
100,40,15,8,1,491.52,0.15,120,4000,2.6666666666666665,AOMDV,AOMDV,0.09324488388881323,0.6780374481654899,0.6781307916728477,48.515432,50.92284,51.817901
100,40,15,8,2,491.52,0.15,120,4000,2.6666666666666665,AODV,AODV,0.9,0.32154357256435384,0.2879911585692059,61.981481,52.987654,56.570988
100,40,15,8,3,491.52,0.15,120,4000,2.6666666666666665,AOMDV,AOMDV,0.0,0.6092605328814186,0.8472694868773882,58.283951,59.75,65.126543
100,40,15,8,4,491.52,0.15,120,4000,2.6666666666666665,AOMDV,AOMDV,0.18277250154971586,0.42586932994232174,0.6923940960237138,51.197531,51.691358,54.126543
100,40,15,8,5,491.52,0.15,120,4000,2.6666666666666665,AOMDV,AOMDV,0.679294666599885,0.35,0.6854910896176524,56.675926,54.12963,57.910494
100,40,20,2,1,163.84,0.2,40,4000,2.0,AODV,AODV,0.6734163249419165,0.4721026480382744,0.4015498044224466,91.851852,68.759259,79.787037
100,40,20,2,2,163.84,0.2,40,4000,2.0,AOMDV,AODV,0.5361041501445372,0.26922525396695535,0.5834875822090897,93.583333,74.574074,80.212963
100,40,20,2,3,163.84,0.2,40,4000,2.0,AODV,AODV,0.6732869550378177,0.1447271505588748,0.5727264334437439,95.796296,75.509259,82.111111
100,40,20,2,4,163.84,0.2,40,4000,2.0,AODV,AODV,0.7702732551325401,0.1,0.6536750550713295,92.768519,68.833333,79.666667
100,40,20,2,5,163.84,0.2,40,4000,2.0,AOMDV,AODV,0.5633670675000236,0.3033453615214094,0.6329490320573642,94.398148,71.509259,80.814815
100,40,20,4,1,327.68,0.2,80,4000,2.0,AOMDV,AOMDV,0.41397132199535064,0.35,0.6957183266678003,64.203704,60.384259,65.388889
100,40,20,4,2,327.68,0.2,80,4000,2.0,AOMDV,AOMDV,0.349742028443771,0.2248194475322043,0.9503121748518527,73.912037,66.240741,76.111111
100,40,20,4,3,327.68,0.2,80,4000,2.0,AOMDV,AOMDV,0.2034592722396828,0.16637129152667146,0.964328995242474,72.513889,67.351852,78.875
100,40,20,4,4,327.68,0.2,80,4000,2.0,AOMDV,AOMDV,0.0651600004405614,0.26347182905785327,0.965851783979374,60.564815,58.888889,70.462963
100,40,20,4,5,327.68,0.2,80,4000,2.0,AOMDV,AOMDV,0.3590708659937386,0.33027399763112886,0.9491644919836393,74.305556,67.893519,76.106481
100,40,20,8,1,655.36,0.2,160,4000,2.0,DSDV,DSDV,0.1347558938507041,1.0,0.22954111181595424,33.097222,39.43287,34.05787
100,40,20,8,2,655.36,0.2,160,4000,2.0,DSDV,DSDV,0.10721925884288679,1.0,0.2970971311974352,41.706019,46.696759,43.483796
100,40,20,8,3,655.36,0.2,160,4000,2.0,DSDV,DSDV,0.17133405931129014,1.0,0.1795138203664288,43.618056,46.543981,43.872685
100,40,20,8,4,655.36,0.2,160,4000,2.0,DSDV,DSDV,0.2340746959513008,1.0,0.07373341972620581,33.993056,41.270833,34.456019
100,40,20,8,5,655.36,0.2,160,4000,2.0,AODV,AODV,0.8255429576329018,0.49611559312864817,0.17693633594083227,45.969907,45.185185,44.80787
100,40,25,2,1,204.8,0.25,50,4000,1.6,AOMDV,AODV,0.5394985492757253,0.2423472848926261,0.7765762076031655,81.666667,68.2,76.755556
100,40,25,2,2,204.8,0.25,50,4000,1.6,AOMDV,AODV,0.601584709675883,0.1015307925540194,0.6353812276711456,90.577778,73.392593,80.407407
100,40,25,2,3,204.8,0.25,50,4000,1.6,AODV,AODV,0.7071029434419943,0.1,0.6613246074763325,93.4,75.066667,82.985185
100,40,25,2,4,204.8,0.25,50,4000,1.6,AOMDV,AODV,0.5440585334454359,0.1,0.7647232997193341,85.466667,70.251852,79.444444
100,40,25,2,5,204.8,0.25,50,4000,1.6,AOMDV,AODV,0.5927369310978701,0.25447938947216364,0.6333945243899625,93.022222,70.82963,79.874074
100,40,25,4,1,409.6,0.25,100,4000,1.6,DSDV,DSDV,0.0,1.0,0.6373376156128183,43.448148,51.011111,48.666667
100,40,25,4,2,409.6,0.25,100,4000,1.6,DSDV,AOMDV,0.0,0.8267616936658126,0.7385635791334937,56.722222,61.118519,63.87037
100,40,25,4,3,409.6,0.25,100,4000,1.6,AOMDV,AOMDV,0.0,0.7909519177245689,0.7931008627167969,59.092593,63.092593,66.562963
100,40,25,4,4,409.6,0.25,100,4000,1.6,DSDV,AOMDV,0.0,0.8823365923207284,0.7075918099972481,43.822222,53.655556,57.137037
100,40,25,4,5,409.6,0.25,100,4000,1.6,DSDV,DSDV,0.0,0.9908794580479352,0.6827557320100137,56.52963,60.17037,59.851852
100,40,25,8,1,819.2,0.25,200,4000,1.6,DSDV,DSDV,0.14417240491485314,1.0,0.2682273212391488,22.301852,30.157407,23.692593
100,40,25,8,2,819.2,0.25,200,4000,1.6,DSDV,DSDV,0.6107301960033956,0.9531003793302443,0.0033721816522612504,34.311111,39.438889,30.831481
100,40,25,8,3,819.2,0.25,200,4000,1.6,DSDV,DSDV,0.3844925620538957,0.7955497668630832,0.454378492764864,33.903704,41.342593,37.338889
100,40,25,8,4,819.2,0.25,200,4000,1.6,DSDV,DSDV,0.24173818429224608,1.0,0.13462348702651689,23.801852,35.266667,24.977778
100,40,25,8,5,819.2,0.25,200,4000,1.6,DSDV,DSDV,0.30040963078234434,1.0,0.03415407134788351,30.644444,39.048148,29.537037
100,50,5,2,1,40.96,0.05,10,5000,10.0,AODV,AODV,0.7345131327755472,0.11368234659801232,0.6490616640540757,93.37037,65.740741,77.962963
100,50,5,2,2,40.96,0.05,10,5000,10.0,AODV,AODV,0.75,0.42441386112378743,0.344932135365413,95.555556,68.740741,76.740741
100,50,5,2,3,40.96,0.05,10,5000,10.0,AODV,AODV,0.7793160527869527,0.0968964276525461,0.587225270596404,96.814815,69.851852,78.074074
100,50,5,2,4,40.96,0.05,10,5000,10.0,AODV,AODV,0.5861515354593613,0.5464161972950162,0.403691358504837,97.148148,67.962963,81.851852
100,50,5,2,5,40.96,0.05,10,5000,10.0,AODV,AODV,0.6490078182575947,0.55,0.39794670182113057,94.62963,61.074074,74.185185
100,50,5,4,1,81.92,0.05,20,5000,10.0,AOMDV,AODV,0.5406625761415007,0.464063777806214,0.6155059852182007,95.055556,61.018519,73.537037
100,50,5,4,2,81.92,0.05,20,5000,10.0,AODV,AODV,0.6976316530040464,0.23505613514733686,0.6279503107339359,95.796296,68.962963,79.574074
100,50,5,4,3,81.92,0.05,20,5000,10.0,AODV,AODV,0.7234553544163611,0.12500038793403398,0.569493240141415,96.537037,69.12963,76.407407
100,50,5,4,4,81.92,0.05,20,5000,10.0,AODV,AODV,0.7492487929015283,0.3099974940525828,0.5451927344839214,97.092593,67.833333,78.444444
100,50,5,4,5,81.92,0.05,20,5000,10.0,AODV,AODV,0.7236983387971416,0.25978644304991394,0.6078752365770869,92.12963,62.148148,72.666667
100,50,5,8,1,163.84,0.05,40,5000,10.0,AODV,AODV,0.7327991618594852,0.1579110576858807,0.6405689109514486,92.925926,62.490741,75.37963
100,50,5,8,2,163.84,0.05,40,5000,10.0,AOMDV,AODV,0.5291597710174689,0.41736576924464763,0.6027716353950723,95.481481,69.231481,79.259259
100,50,5,8,3,163.84,0.05,40,5000,10.0,AODV,AODV,0.672288507001229,0.21614742567486267,0.6184104665177751,97.796296,65.583333,77.638889
100,50,5,8,4,163.84,0.05,40,5000,10.0,AODV,AODV,0.6713569388153998,0.2685895388688242,0.6048186592446376,94.851852,68.046296,77.268519
100,50,5,8,5,163.84,0.05,40,5000,10.0,AODV,AODV,0.7130649579085137,0.1,0.6366806333726995,88.277778,57.342593,70.175926
100,50,10,2,1,81.92,0.1,20,5000,5.0,AODV,AODV,0.7192596136343482,0.2570142516953285,0.5736197562272157,94.537037,68.055556,77.407407
100,50,10,2,2,81.92,0.1,20,5000,5.0,AOMDV,AODV,0.5130897225452346,0.36587912177050796,0.6149869645136453,95.37037,74.055556,81.87037
100,50,10,2,3,81.92,0.1,20,5000,5.0,AODV,AODV,0.7233387256770291,0.12756700790197367,0.5209382565523784,97.111111,73.611111,78.907407
100,50,10,2,4,81.92,0.1,20,5000,5.0,AODV,AODV,0.6751742865776577,0.2230704952651421,0.6141984671484987,92.851852,68.592593,77.444444
100,50,10,2,5,81.92,0.1,20,5000,5.0,AODV,AODV,0.6377542632052794,0.22673106327550704,0.5798181887444235,93.796296,63.240741,72.055556
100,50,10,4,1,163.84,0.1,40,5000,5.0,AODV,AODV,0.7296807056362775,0.1,0.6220717779194697,94.092593,65.712963,76.564815
100,50,10,4,2,163.84,0.1,40,5000,5.0,AODV,AODV,0.8207746819340561,0.1,0.5254305781967507,97.222222,74.231481,78.166667
100,50,10,4,3,163.84,0.1,40,5000,5.0,AODV,AODV,0.6967213475073546,0.17762626905215428,0.37805465622872997,95.888889,72.851852,79.407407
100,50,10,4,4,163.84,0.1,40,5000,5.0,AODV,AODV,0.6918651966062546,0.22553179788436012,0.6606927144793144,90.694444,64.62963,76.833333
100,50,10,4,5,163.84,0.1,40,5000,5.0,AODV,AODV,0.676427874454345,0.1,0.6672770814765572,85.981481,57.388889,69.166667
100,50,10,8,1,327.68,0.1,80,5000,5.0,AOMDV,AODV,0.525744199370031,0.35,0.749878562894777,69.009259,57.828704,66.212963
100,50,10,8,2,327.68,0.1,80,5000,5.0,AOMDV,AODV,0.547530997148282,0.1,0.9163196754421192,76.50463,62.953704,75.407407
100,50,10,8,3,327.68,0.1,80,5000,5.0,AOMDV,AODV,0.6726676095155777,0.1,0.9223684844503415,78.064815,68.555556,77.425926
100,50,10,8,4,327.68,0.1,80,5000,5.0,AODV,AODV,0.7004598929970953,0.35,0.48658456062050653,73.736111,60.513889,68.787037
100,50,10,8,5,327.68,0.1,80,5000,5.0,AOMDV,AODV,0.8546395030474945,0.1,0.8551615367414385,61.666667,48.152778,59.972222
100,50,15,2,1,122.88,0.15,30,5000,3.3333333333333335,AODV,AODV,0.7108592021249935,0.1,0.615972221439557,92.506173,68.506173,77.358025
100,50,15,2,2,122.88,0.15,30,5000,3.3333333333333335,AODV,AODV,0.6524207958314314,0.16298914006954301,0.5721081080764943,93.617284,70.777778,76.975309
100,50,15,2,3,122.88,0.15,30,5000,3.3333333333333335,AOMDV,AODV,0.5652492117675274,0.2883212333790425,0.579864256340643,95.024691,70.469136,77.555556
100,50,15,2,4,122.88,0.15,30,5000,3.3333333333333335,AOMDV,AODV,0.6002826928275067,0.23543758346647792,0.6085180057104362,92.925926,66.185185,75.604938
100,50,15,2,5,122.88,0.15,30,5000,3.3333333333333335,AODV,AODV,0.6031163244537574,0.26680450586900883,0.5771781561702716,91.54321,63.061728,71.111111
100,50,15,4,1,245.76,0.15,60,5000,3.3333333333333335,AOMDV,AODV,0.5820493161554566,0.10499672730653714,0.6881949621024945,84.067901,63.04321,73.382716
100,50,15,4,2,245.76,0.15,60,5000,3.3333333333333335,AOMDV,AODV,0.5244646990773728,0.11342544454982521,0.8156761453797874,82.518519,68.944444,78.302469
100,50,15,4,3,245.76,0.15,60,5000,3.3333333333333335,AOMDV,AODV,0.6754187855229875,0.1,0.8425197367943305,80.888889,65.864198,77.283951
100,50,15,4,4,245.76,0.15,60,5000,3.3333333333333335,AOMDV,AODV,0.44999999999999996,0.3541240200311594,0.725675903645231,77.82716,61.703704,70.54321
100,50,15,4,5,245.76,0.15,60,5000,3.3333333333333335,AOMDV,AOMDV,0.3993708522067917,0.233710373263693,0.9677781551220289,66.802469,56.17284,68.691358
100,50,15,8,1,491.52,0.15,120,5000,3.3333333333333335,AOMDV,AOMDV,0.11138506374902703,0.5227829811255271,0.7006447907991306,48.885802,49.719136,52.253086
100,50,15,8,2,491.52,0.15,120,5000,3.3333333333333335,DSDV,AOMDV,0.13254017258341577,0.55,0.5007521247361535,53.506173,53.330247,56.595679
100,50,15,8,3,491.52,0.15,120,5000,3.3333333333333335,AOMDV,AOMDV,0.2434020348860576,0.35,0.7002056943814842,50.138889,49.888889,52.12037
100,50,15,8,4,491.52,0.15,120,5000,3.3333333333333335,DSDV,DSDV,0.08713869033586476,0.855259463804965,0.4527369378135615,41.885802,44.012346,42.944444
100,50,15,8,5,491.52,0.15,120,5000,3.3333333333333335,AOMDV,AOMDV,0.22995937033285385,0.35,0.7132287375511982,41.722222,40.728395,44.385802
100,50,20,2,1,163.84,0.2,40,5000,2.5,AOMDV,AODV,0.6518115093344192,0.1,0.659267484604102,91.694444,66.666667,78.305556
100,50,20,2,2,163.84,0.2,40,5000,2.5,AOMDV,AODV,0.5016189387345843,0.1977460276680204,0.5908814607536228,92.851852,71.527778,78.203704
100,50,20,2,3,163.84,0.2,40,5000,2.5,AODV,AODV,0.6514476102958828,0.1,0.6289943924198782,93.787037,69.944444,78.685185
100,50,20,2,4,163.84,0.2,40,5000,2.5,AOMDV,AODV,0.6034929197081491,0.19225323134132238,0.6515321712254448,89.138889,60.990741,73.148148
100,50,20,2,5,163.84,0.2,40,5000,2.5,AOMDV,AODV,0.5073021831099261,0.16412002512735271,0.6682999855818346,85.685185,60.361111,70.648148
100,50,20,4,1,327.68,0.2,80,5000,2.5,AOMDV,AOMDV,0.011421316552757159,0.42925822403174785,0.9380692293057699,58.981481,58.819444,65.203704
100,50,20,4,2,327.68,0.2,80,5000,2.5,AOMDV,AOMDV,0.36177558991381575,0.3902800276150059,0.9584567774804351,71.662037,65.625,73.134259
100,50,20,4,3,327.68,0.2,80,5000,2.5,AOMDV,AOMDV,0.2407205377744852,0.2553059696820378,0.9629361458351648,66.87963,61.208333,71.810185
100,50,20,4,4,327.68,0.2,80,5000,2.5,AOMDV,AOMDV,0.27702723388723993,0.35,0.7081976697626976,50.203704,48.199074,56.907407
100,50,20,4,5,327.68,0.2,80,5000,2.5,AOMDV,AOMDV,0.2581262094370763,0.4077745644914471,0.9276119107495406,54.828704,50.662037,57.925926
100,50,20,8,1,655.36,0.2,160,5000,2.5,DSDV,DSDV,0.1188039567965327,1.0,0.26158417570857323,32.300926,42.509259,35.62963
100,50,20,8,2,655.36,0.2,160,5000,2.5,DSDV,DSDV,0.14320307199336746,0.8355833996938088,0.3139295965133259,42.143519,45.511574,42.662037
100,50,20,8,3,655.36,0.2,160,5000,2.5,DSDV,DSDV,0.6606901182600893,1.0,0.029053412604646275,41.115741,43.034722,37.090278
100,50,20,8,4,655.36,0.2,160,5000,2.5,DSDV,DSDV,0.16757154649536257,0.9973510579252899,0.24194017661849593,23.831019,30.56713,23.678241
100,50,20,8,5,655.36,0.2,160,5000,2.5,DSDV,DSDV,0.2931041822849348,1.0,0.08022903395743361,30.527778,34.055556,30.738426
100,50,25,2,1,204.8,0.25,50,5000,2.0,AOMDV,AODV,0.5312250979319973,0.1369881333691947,0.8412381399166168,79.37037,64.577778,75.97037
100,50,25,2,2,204.8,0.25,50,5000,2.0,AOMDV,AODV,0.5428833373438999,0.10356990094006586,0.679490759613524,87.82963,69.555556,77.985185
100,50,25,2,3,204.8,0.25,50,5000,2.0,AOMDV,AODV,0.44999999999999996,0.35167150325037444,0.735339821768691,88.807407,70.155556,80.0
100,50,25,2,4,204.8,0.25,50,5000,2.0,AOMDV,AODV,0.49686160169255,0.17431723903474317,0.805026512211918,78.8,64.118519,74.207407
100,50,25,2,5,204.8,0.25,50,5000,2.0,AOMDV,AODV,0.49937621940836563,0.18055380594069204,0.8314935549880186,71.659259,59.837037,68.333333
100,50,25,4,1,409.6,0.25,100,5000,2.0,DSDV,DSDV,0.0,0.951891546008361,0.7557972642324032,42.225926,50.52963,50.122222
100,50,25,4,2,409.6,0.25,100,5000,2.0,AOMDV,AOMDV,0.043629949000257844,0.5020186326039944,0.6937225546559249,56.962963,57.685185,60.122222
100,50,25,4,3,409.6,0.25,100,5000,2.0,DSDV,AOMDV,0.0,0.9110760377319533,0.7782139665791017,51.677778,59.3,59.988889
100,50,25,4,4,409.6,0.25,100,5000,2.0,DSDV,DSDV,0.06654567816419345,1.0,0.5755531972796172,40.866667,48.903704,47.42963
100,50,25,4,5,409.6,0.25,100,5000,2.0,DSDV,DSDV,0.07511775930939515,1.0,0.4741734878354177,38.422222,44.422222,43.366667
100,50,25,8,1,819.2,0.25,200,5000,2.0,DSDV,DSDV,0.15967551782352477,1.0,0.09549851489366716,24.348148,32.268519,24.877778
100,50,25,8,2,819.2,0.25,200,5000,2.0,DSDV,DSDV,0.7003287735106142,0.8353538827053366,0.008580993382107497,34.035185,36.738889,29.998148
100,50,25,8,3,819.2,0.25,200,5000,2.0,DSDV,DSDV,0.2969932135145993,1.0,0.06350950187553793,28.577778,35.835185,28.835185
100,50,25,8,4,819.2,0.25,200,5000,2.0,DSDV,DSDV,0.2789286052065647,1.0,0.029602570207053376,21.055556,28.807407,19.474074
100,50,25,8,5,819.2,0.25,200,5000,2.0,DSDV,DSDV,0.4701828292069731,1.0,0.034843798071595565,22.992593,29.211111,20.533333
150,20,5,2,1,40.96,0.03333333333333333,10,3000,4.0,AOMDV,AODV,0.6808296673447988,0.2967731435274812,0.8337874704059054,94.111111,80.518519,92.111111
150,20,5,2,2,40.96,0.03333333333333333,10,3000,4.0,AOMDV,AODV,0.5499999999999999,0.4989580440216779,0.7205476878210743,98.740741,79.407407,91.666667
150,20,5,2,3,40.96,0.03333333333333333,10,3000,4.0,AOMDV,AODV,0.5499999999999999,0.5205434239626535,0.5963709733119383,99.148148,85.37037,89.851852
150,20,5,2,4,40.96,0.03333333333333333,10,3000,4.0,AOMDV,AODV,0.5499999999999999,0.5123442974805164,0.7747974158789139,98.037037,82.222222,93.666667
150,20,5,2,5,40.96,0.03333333333333333,10,3000,4.0,AODV,AODV,0.6770118919588709,0.259974924116204,0.6515896164438205,98.62963,85.814815,91.555556
150,20,5,4,1,81.92,0.03333333333333333,20,3000,4.0,AOMDV,AODV,0.5499999999999999,0.2889959006827272,0.7993610062518814,93.518519,81.925926,90.925926
150,20,5,4,2,81.92,0.03333333333333333,20,3000,4.0,AOMDV,AODV,0.5499999999999999,0.4975750615795227,0.6721980306068863,97.722222,79.518519,88.574074
150,20,5,4,3,81.92,0.03333333333333333,20,3000,4.0,AOMDV,AODV,0.5575383886073481,0.21349557876077188,0.6796127472320376,97.685185,81.425926,89.722222
150,20,5,4,4,81.92,0.03333333333333333,20,3000,4.0,AOMDV,AOMDV,0.49452795987994896,0.4770441695973766,0.9,92.462963,85.333333,93.462963
150,20,5,4,5,81.92,0.03333333333333333,20,3000,4.0,AOMDV,AODV,0.6104430116980872,0.2507359498814943,0.7562130205600898,96.240741,77.462963,90.240741
150,20,5,8,1,163.84,0.03333333333333333,40,3000,4.0,AOMDV,AODV,0.5619395638333089,0.31617077858929693,0.737874569294729,95.740741,82.453704,90.953704
150,20,5,8,2,163.84,0.03333333333333333,40,3000,4.0,AOMDV,AODV,0.6224555618363895,0.30722447876918,0.7408405979843222,94.462963,82.787037,90.333333
150,20,5,8,3,163.84,0.03333333333333333,40,3000,4.0,AOMDV,AODV,0.602501388361887,0.250307631637521,0.6968323886340639,93.472222,81.925926,88.259259
150,20,5,8,4,163.84,0.03333333333333333,40,3000,4.0,AOMDV,AOMDV,0.39441784009474345,0.29124333349487197,0.9,85.712963,77.796296,91.842593
150,20,5,8,5,163.84,0.03333333333333333,40,3000,4.0,AOMDV,AOMDV,0.5465281957131084,0.2761011543912508,0.9,90.564815,75.083333,90.685185
150,20,10,2,1,81.92,0.06666666666666667,20,3000,2.0,AOMDV,AODV,0.5417882373602652,0.5124825218608493,0.7033383732134827,95.12963,82.925926,89.796296
150,20,10,2,2,81.92,0.06666666666666667,20,3000,2.0,AOMDV,AODV,0.5499999999999999,0.30804517061789016,0.7448876916532902,96.944444,73.037037,88.703704
150,20,10,2,3,81.92,0.06666666666666667,20,3000,2.0,AOMDV,AODV,0.53090915510938,0.42273712508884864,0.6341792743000481,96.944444,79.796296,86.814815
150,20,10,2,4,81.92,0.06666666666666667,20,3000,2.0,AODV,AODV,0.8131352527806708,0.1,0.7215369965344394,98.0,78.481481,90.259259
150,20,10,2,5,81.92,0.06666666666666667,20,3000,2.0,AOMDV,AODV,0.6506713903913786,0.22261475388143442,0.7456630086723574,96.555556,77.981481,90.185185
150,20,10,4,1,163.84,0.06666666666666667,40,3000,2.0,AOMDV,AODV,0.5972783738877283,0.25596941042880517,0.7438664982698937,94.462963,79.064815,89.12037
150,20,10,4,2,163.84,0.06666666666666667,40,3000,2.0,AOMDV,AODV,0.5508589854383884,0.27046168197801945,0.7637229303239996,95.425926,70.62963,87.916667
150,20,10,4,3,163.84,0.06666666666666667,40,3000,2.0,AOMDV,AODV,0.4907277689005789,0.33929233275984916,0.6922879992018975,93.601852,77.333333,86.092593
150,20,10,4,4,163.84,0.06666666666666667,40,3000,2.0,AOMDV,AOMDV,0.3947159689678354,0.49449741231039535,0.9056139084951378,88.083333,75.787037,89.805556
150,20,10,4,5,163.84,0.06666666666666667,40,3000,2.0,AOMDV,AODV,0.5306634662172317,0.3231785733869035,0.7618828901029662,97.111111,72.916667,89.685185
150,20,10,8,1,327.68,0.06666666666666667,80,3000,2.0,AODV,AOMDV,0.8882739371491029,0.1652092589495247,0.6718305891614621,78.310185,58.064815,78.851852
150,20,10,8,2,327.68,0.06666666666666667,80,3000,2.0,AODV,AOMDV,0.7227942764784164,0.35,0.6614663899019195,72.106481,56.824074,75.00463
150,20,10,8,3,327.68,0.06666666666666667,80,3000,2.0,AOMDV,AOMDV,0.2581950814097893,0.4961285671938891,0.9403465291129336,68.481481,56.472222,77.402778
150,20,10,8,4,327.68,0.06666666666666667,80,3000,2.0,AOMDV,AOMDV,0.3617578702339362,0.384828431671294,0.6654171814779876,72.458333,57.527778,76.185185
150,20,10,8,5,327.68,0.06666666666666667,80,3000,2.0,AOMDV,AOMDV,0.5632786523828991,0.35,0.6601038839081244,81.476852,66.046296,82.986111
150,20,15,2,1,122.88,0.1,30,3000,1.3333333333333333,AOMDV,AODV,0.6158545805597072,0.2740856619226686,0.6483615366272061,94.740741,83.061728,88.209877
150,20,15,2,2,122.88,0.1,30,3000,1.3333333333333333,AOMDV,AODV,0.48914519703574444,0.46419086287869726,0.735726654840785,94.753086,73.345679,86.938272
150,20,15,2,3,122.88,0.1,30,3000,1.3333333333333333,AOMDV,AODV,0.613863374398608,0.25260808530493006,0.6903296720315576,94.530864,72.061728,84.061728
150,20,15,2,4,122.88,0.1,30,3000,1.3333333333333333,AOMDV,AODV,0.6427608430433867,0.25573195913685837,0.7217252371190204,95.135802,75.814815,87.481481
150,20,15,2,5,122.88,0.1,30,3000,1.3333333333333333,AOMDV,AODV,0.5119938319718011,0.427985942152731,0.6914914030340179,97.876543,78.506173,88.901235
150,20,15,4,1,245.76,0.1,60,3000,1.3333333333333333,AOMDV,AODV,0.6066657880812628,0.11585068423696598,0.8727390380877822,85.574074,70.333333,84.006173
150,20,15,4,2,245.76,0.1,60,3000,1.3333333333333333,AOMDV,AODV,0.44999999999999996,0.55,0.6848033486217289,82.351852,66.993827,79.753086
150,20,15,4,3,245.76,0.1,60,3000,1.3333333333333333,AOMDV,AOMDV,0.32434869897285823,0.3873477276110969,0.9610756118528534,74.037037,60.716049,79.197531
150,20,15,4,4,245.76,0.1,60,3000,1.3333333333333333,AOMDV,AOMDV,0.3117868717429929,0.297169662631939,0.9501068898315103,79.006173,67.08642,84.290123
150,20,15,4,5,245.76,0.1,60,3000,1.3333333333333333,AOMDV,AODV,0.49516668285531906,0.32282531829191363,0.8602392009465603,89.216049,70.611111,86.962963
150,20,15,8,1,491.52,0.1,120,3000,1.3333333333333333,AODV,AODV,0.8702080535815105,0.43139608882276526,0.24922487935212692,53.848765,44.604938,49.524691
150,20,15,8,2,491.52,0.1,120,3000,1.3333333333333333,AODV,AODV,0.6042205049566491,0.55,0.4587184550528298,47.314815,41.475309,46.777778
150,20,15,8,3,491.52,0.1,120,3000,1.3333333333333333,AOMDV,AOMDV,0.28223952268025543,0.55,0.6689137767676766,44.006173,43.231481,47.503086
150,20,15,8,4,491.52,0.1,120,3000,1.3333333333333333,AODV,AODV,0.8935263555528309,0.35,0.3498339138602875,46.07716,35.441358,42.117284
150,20,15,8,5,491.52,0.1,120,3000,1.3333333333333333,AODV,AODV,0.855691653052513,0.35,0.5711662434649742,60.496914,50.080247,59.91358
150,20,20,2,1,163.84,0.13333333333333333,40,3000,1.0,AOMDV,AODV,0.6452983315628188,0.1,0.783707864630183,95.546296,77.416667,90.861111
150,20,20,2,2,163.84,0.13333333333333333,40,3000,1.0,AOMDV,AODV,0.44999999999999996,0.4262894475525819,0.7344892762907653,91.87037,73.972222,84.861111
150,20,20,2,3,163.84,0.13333333333333333,40,3000,1.0,AOMDV,AODV,0.5696897109954904,0.17782435920134176,0.7309894722323809,92.259259,70.268519,84.0
150,20,20,2,4,163.84,0.13333333333333333,40,3000,1.0,AODV,AODV,0.7496036634405784,0.1,0.7372744748287057,95.388889,71.268519,86.666667
150,20,20,2,5,163.84,0.13333333333333333,40,3000,1.0,AOMDV,AODV,0.5870337961807669,0.2135266267829008,0.7727994641873975,96.333333,75.925926,90.564815
150,20,20,4,1,327.68,0.13333333333333333,80,3000,1.0,AOMDV,AOMDV,0.7161271179903873,0.1,0.7651647731401218,75.611111,57.574074,78.736111
150,20,20,4,2,327.68,0.13333333333333333,80,3000,1.0,AOMDV,AOMDV,0.3439520224555897,0.55,0.6277613442965041,62.671296,55.884259,64.763889
150,20,20,4,3,327.68,0.13333333333333333,80,3000,1.0,AOMDV,AOMDV,0.03202766307870949,0.55,0.7573936254069703,55.439815,54.796296,63.837963
150,20,20,4,4,327.68,0.13333333333333333,80,3000,1.0,DSDV,AOMDV,0.055580840344203575,0.642843484103948,0.6399198665759632,48.310185,50.305556,57.981481
150,20,20,4,5,327.68,0.13333333333333333,80,3000,1.0,AOMDV,AOMDV,0.3055588824068027,0.34326673171696104,0.9489114050702395,76.865741,66.347222,81.837963
150,20,20,8,1,655.36,0.13333333333333333,160,3000,1.0,AODV,AODV,0.8776045727899813,0.3352424959851821,0.5759538450687134,41.388889,35.756944,40.092593
150,20,20,8,2,655.36,0.13333333333333333,160,3000,1.0,DSDV,AOMDV,0.1118128056665656,0.7914342788272768,0.5049869643060055,29.238426,30.173611,30.981481
150,20,20,8,3,655.36,0.13333333333333333,160,3000,1.0,AODV,AOMDV,0.8006689211807758,0.31020718417542303,0.6424422400945623,30.229167,28.071759,30.840278
150,20,20,8,4,655.36,0.13333333333333333,160,3000,1.0,DSDV,DSDV,0.2149835040999755,1.0,0.13823828474444144,25.25463,29.981481,26.256944
150,20,20,8,5,655.36,0.13333333333333333,160,3000,1.0,AODV,AODV,0.8263403840443683,0.35,0.5497417372588675,43.865741,37.064815,42.344907
150,20,25,2,1,204.8,0.16666666666666666,50,3000,0.8,AOMDV,AODV,0.49326189868964454,0.252658617137672,0.834355006590341,90.059259,73.637037,86.777778
150,20,25,2,2,204.8,0.16666666666666666,50,3000,0.8,AOMDV,AOMDV,0.4294565311985314,0.3807622677834053,0.9491294887790603,84.718519,71.711111,85.340741
150,20,25,2,3,204.8,0.16666666666666666,50,3000,0.8,AOMDV,AODV,0.44999999999999996,0.55,0.8373371913385448,78.296296,69.903704,77.718519
150,20,25,2,4,204.8,0.16666666666666666,50,3000,0.8,AOMDV,AODV,0.48302731470187166,0.3364815432628996,0.853675129108573,86.02963,69.844444,83.325926
150,20,25,2,5,204.8,0.16666666666666666,50,3000,0.8,AOMDV,AODV,0.44999999999999996,0.361643206463483,0.8079786824773602,91.118519,77.392593,87.866667
150,20,25,4,1,409.6,0.16666666666666666,100,3000,0.8,DSDV,AOMDV,0.4060646586200478,0.55,0.49884232696121167,57.222222,54.240741,59.848148
150,20,25,4,2,409.6,0.16666666666666666,100,3000,0.8,AODV,AODV,0.7076042459371547,0.55,0.13212384908444208,52.403704,49.433333,50.077778
150,20,25,4,3,409.6,0.16666666666666666,100,3000,0.8,DSDV,DSDV,0.4084810670874676,1.0,0.04049648450280924,44.162963,45.740741,43.374074
150,20,25,4,4,409.6,0.16666666666666666,100,3000,0.8,DSDV,DSDV,0.09381243606943901,1.0,0.3573780391873261,38.244444,46.203704,43.651852
150,20,25,4,5,409.6,0.16666666666666666,100,3000,0.8,DSDV,AOMDV,0.002643263370564287,0.7447449743262011,0.5852988026532548,52.062963,56.211111,61.648148
150,20,25,8,1,819.2,0.16666666666666666,200,3000,0.8,DSDV,DSDV,0.25724424488251363,0.8729679377064754,0.3711878762494007,22.624074,30.474074,28.046296
150,20,25,8,2,819.2,0.16666666666666666,200,3000,0.8,DSDV,DSDV,0.6160590912018622,0.900235467078799,0.03753904402909441,26.522222,28.212963,25.12037
150,20,25,8,3,819.2,0.16666666666666666,200,3000,0.8,DSDV,DSDV,0.5398708304011381,0.9071413926997618,0.011309700575072567,18.846296,24.977778,15.97037
150,20,25,8,4,819.2,0.16666666666666666,200,3000,0.8,DSDV,DSDV,0.23055869038257534,1.0,0.2642107444878567,18.748148,23.385185,20.598148
150,20,25,8,5,819.2,0.16666666666666666,200,3000,0.8,AODV,AODV,0.8814888671605904,0.5002919079674651,0.17886373716547418,33.442593,29.707407,30.861111
150,30,5,2,1,40.96,0.03333333333333333,10,4500,6.0,AODV,AODV,0.6238788145990499,0.2636392946266138,0.5908878529752225,93.481481,77.62963,82.592593
150,30,5,2,2,40.96,0.03333333333333333,10,4500,6.0,AOMDV,AODV,0.7021922936985489,0.18265956457038682,0.769647347201154,94.703704,65.296296,86.185185
150,30,5,2,3,40.96,0.03333333333333333,10,4500,6.0,AOMDV,AODV,0.671311324430872,0.22664484173344496,0.7607812476954934,94.333333,70.62963,87.0
150,30,5,2,4,40.96,0.03333333333333333,10,4500,6.0,AOMDV,AODV,0.5499999999999999,0.36577034724775065,0.7368579922244924,94.0,81.740741,89.555556
150,30,5,2,5,40.96,0.03333333333333333,10,4500,6.0,AOMDV,AODV,0.6007562485087692,0.3013130439776083,0.7488095297324762,95.037037,67.037037,85.62963
150,30,5,4,1,81.92,0.03333333333333333,20,4500,6.0,AOMDV,AODV,0.5499999999999999,0.4839146844888914,0.5651748296528295,92.555556,79.314815,82.703704
150,30,5,4,2,81.92,0.03333333333333333,20,4500,6.0,AODV,AODV,0.75,0.19389959372903182,0.6094032812757505,96.055556,63.62963,84.87037
150,30,5,4,3,81.92,0.03333333333333333,20,4500,6.0,AOMDV,AODV,0.5514509015047686,0.3166138337575305,0.6879660928501421,95.055556,73.203704,84.759259
150,30,5,4,4,81.92,0.03333333333333333,20,4500,6.0,AOMDV,AODV,0.688509720635511,0.27522141578578907,0.7643706374627646,96.222222,69.740741,88.240741
150,30,5,4,5,81.92,0.03333333333333333,20,4500,6.0,AOMDV,AOMDV,0.5168738130982834,0.49533564127104845,0.9,84.648148,71.685185,85.240741
150,30,5,8,1,163.84,0.03333333333333333,40,4500,6.0,AOMDV,AODV,0.6821178842047406,0.16848481221576234,0.8143968893479612,89.324074,67.907407,85.25
150,30,5,8,2,163.84,0.03333333333333333,40,4500,6.0,AOMDV,AODV,0.6570338964481185,0.1262245563290371,0.7740218433296633,91.064815,60.537037,82.518519
150,30,5,8,3,163.84,0.03333333333333333,40,4500,6.0,AOMDV,AODV,0.579488243720302,0.2426604651484305,0.7722386987007726,90.833333,65.851852,83.740741
150,30,5,8,4,163.84,0.03333333333333333,40,4500,6.0,AOMDV,AODV,0.6800421624504772,0.26941334664105,0.7917128992320296,95.287037,68.583333,88.861111
150,30,5,8,5,163.84,0.03333333333333333,40,4500,6.0,AOMDV,AODV,0.6927462262537131,0.18598411067027276,0.8508935781640065,87.351852,53.157407,83.62037
150,30,10,2,1,81.92,0.06666666666666667,20,4500,3.0,AOMDV,AODV,0.5254864857513305,0.3407910651851005,0.6598684217085699,92.833333,80.166667,86.074074
150,30,10,2,2,81.92,0.06666666666666667,20,4500,3.0,AOMDV,AODV,0.6567195794761094,0.2278963838044981,0.7205202275476985,95.277778,56.833333,79.944444
150,30,10,2,3,81.92,0.06666666666666667,20,4500,3.0,AOMDV,AODV,0.6832602636002457,0.16155465516953582,0.6987239783163476,97.796296,70.222222,85.462963
150,30,10,2,4,81.92,0.06666666666666667,20,4500,3.0,AOMDV,AODV,0.5908331934106715,0.3253611009323021,0.7200000000000001,95.703704,80.518519,89.62963
150,30,10,2,5,81.92,0.06666666666666667,20,4500,3.0,AOMDV,AODV,0.5065750699500122,0.459314655120309,0.8292664716403055,90.796296,78.425926,88.851852
150,30,10,4,1,163.84,0.06666666666666667,40,4500,3.0,AOMDV,AODV,0.4988234566842898,0.44591942840301957,0.8608159992584244,90.064815,73.157407,88.592593
150,30,10,4,2,163.84,0.06666666666666667,40,4500,3.0,AOMDV,AODV,0.5406261965153744,0.2925987020747379,0.749354265798106,90.018519,53.453704,77.777778
150,30,10,4,3,163.84,0.06666666666666667,40,4500,3.0,AOMDV,AODV,0.5780527970669733,0.21359974512965618,0.7615014225967304,93.027778,67.064815,85.037037
150,30,10,4,4,163.84,0.06666666666666667,40,4500,3.0,AOMDV,AODV,0.6612273832951348,0.26858552101468924,0.7907514426900357,95.435185,63.398148,87.657407
150,30,10,4,5,163.84,0.06666666666666667,40,4500,3.0,AOMDV,AODV,0.6173990306067726,0.2003890078964658,0.7915287352397046,95.462963,64.694444,88.046296
150,30,10,8,1,327.68,0.06666666666666667,80,4500,3.0,AODV,AODV,0.7309842629152756,0.35,0.6117067908274808,81.902778,69.513889,80.342593
150,30,10,8,2,327.68,0.06666666666666667,80,4500,3.0,AOMDV,AODV,0.6405573735381628,0.35,0.6735120425989783,65.074074,46.398148,64.439815
150,30,10,8,3,327.68,0.06666666666666667,80,4500,3.0,AODV,AODV,0.7289788172411592,0.35,0.6484381164174335,77.314815,60.37037,76.342593
150,30,10,8,4,327.68,0.06666666666666667,80,4500,3.0,AOMDV,AOMDV,0.715461951582013,0.1,0.8767558043651438,76.023148,59.532407,82.638889
150,30,10,8,5,327.68,0.06666666666666667,80,4500,3.0,AOMDV,AOMDV,0.3197179295998333,0.390944568336798,0.9600718928561875,76.847222,58.305556,84.402778
150,30,15,2,1,122.88,0.1,30,4500,2.0,AOMDV,AODV,0.6233456329919146,0.2083741483673886,0.7298199158980144,94.555556,71.246914,85.740741
150,30,15,2,2,122.88,0.1,30,4500,2.0,AOMDV,AODV,0.6332201836949725,0.1780278890774386,0.7312900950351747,95.135802,60.493827,82.148148
150,30,15,2,3,122.88,0.1,30,4500,2.0,AOMDV,AODV,0.4887888747951088,0.26514746000885847,0.7241841691653953,94.012346,66.395062,83.222222
150,30,15,2,4,122.88,0.1,30,4500,2.0,AOMDV,AODV,0.7028740303401246,0.18780024098949166,0.7691489367664269,97.061728,67.469136,88.45679
150,30,15,2,5,122.88,0.1,30,4500,2.0,AODV,AODV,0.7430430795086096,0.1,0.7274500434520519,95.901235,69.950617,85.950617
150,30,15,4,1,245.76,0.1,60,4500,2.0,AOMDV,AODV,0.4961068458778206,0.35,0.8133814467204562,86.598765,65.401235,84.006173
150,30,15,4,2,245.76,0.1,60,4500,2.0,AOMDV,AODV,0.44999999999999996,0.4253579517171928,0.8056333557839778,75.092593,50.648148,71.345679
150,30,15,4,3,245.76,0.1,60,4500,2.0,AOMDV,AOMDV,0.45230541173883493,0.31827128203599997,0.9511720229682623,76.592593,59.475309,78.820988
150,30,15,4,4,245.76,0.1,60,4500,2.0,AOMDV,AODV,0.5973526482097413,0.11519066727566223,0.8503177586082855,86.246914,59.740741,82.691358
150,30,15,4,5,245.76,0.1,60,4500,2.0,AOMDV,AOMDV,0.41809439846859336,0.2806345090631378,0.962607291759016,80.753086,60.104938,84.253086
150,30,15,8,1,491.52,0.1,120,4500,2.0,AODV,AODV,0.8990990939771449,0.5336198277841443,0.38997010952313993,59.135802,49.919753,57.243827
150,30,15,8,2,491.52,0.1,120,4500,2.0,AODV,AODV,0.8532083477606743,0.35,0.5323381490543221,44.697531,35.484568,43.33642
150,30,15,8,3,491.52,0.1,120,4500,2.0,AODV,AODV,0.7263731902098343,0.55,0.31439472882177677,55.447531,46.589506,52.308642
150,30,15,8,4,491.52,0.1,120,4500,2.0,AODV,AODV,0.9077946803475712,0.38236726074443794,0.23005075832153007,61.666667,45.854938,53.938272
150,30,15,8,5,491.52,0.1,120,4500,2.0,AODV,AOMDV,0.834587436879296,0.23595373662597585,0.6487471703731743,54.882716,42.54321,56.981481
150,30,20,2,1,163.84,0.13333333333333333,40,4500,1.5,AOMDV,AODV,0.6374085736902253,0.2354817568013606,0.7914609391236013,92.990741,70.111111,87.472222
150,30,20,2,2,163.84,0.13333333333333333,40,4500,1.5,AOMDV,AODV,0.5549454121138647,0.15403569348551677,0.8036569324496715,88.944444,62.018519,81.111111
150,30,20,2,3,163.84,0.13333333333333333,40,4500,1.5,AOMDV,AODV,0.4819645760220196,0.23322207477539605,0.8182700499719323,88.861111,63.787037,82.916667
150,30,20,2,4,163.84,0.13333333333333333,40,4500,1.5,AOMDV,AODV,0.637251395028338,0.1,0.855888503433132,91.12037,63.425926,87.361111
150,30,20,2,5,163.84,0.13333333333333333,40,4500,1.5,AOMDV,AODV,0.5668810227621798,0.23257801698818023,0.8111821109613575,92.481481,66.398148,87.333333
150,30,20,4,1,327.68,0.13333333333333333,80,4500,1.5,AOMDV,AOMDV,0.385625120846675,0.55,0.6764373180840275,75.208333,64.490741,77.865741
150,30,20,4,2,327.68,0.13333333333333333,80,4500,1.5,AODV,AOMDV,0.642433417056985,0.55,0.5076714264645277,57.092593,48.583333,58.472222
150,30,20,4,3,327.68,0.13333333333333333,80,4500,1.5,AOMDV,AOMDV,0.4064720161953179,0.55,0.7206474795398343,64.944444,53.055556,66.217593
150,30,20,4,4,327.68,0.13333333333333333,80,4500,1.5,AOMDV,AOMDV,0.5025503627436549,0.55,0.5704846889859104,63.930556,52.231481,66.833333
150,30,20,4,5,327.68,0.13333333333333333,80,4500,1.5,AOMDV,AOMDV,0.1531725892689354,0.55,0.820814614120334,61.0,55.412037,71.828704
150,30,20,8,1,655.36,0.13333333333333333,160,4500,1.5,AODV,AODV,0.9,0.25231982295955335,0.33303738821522055,45.25,38.337963,42.877315
150,30,20,8,2,655.36,0.13333333333333333,160,4500,1.5,DSDV,DSDV,0.3678148036845975,1.0,0.04727895684097605,29.210648,30.069444,28.689815
150,30,20,8,3,655.36,0.13333333333333333,160,4500,1.5,AODV,AODV,0.8331448351471237,0.55,0.29901037766448146,39.101852,35.865741,37.831019
150,30,20,8,4,655.36,0.13333333333333333,160,4500,1.5,AODV,AODV,0.8709859968713899,0.8558843304213896,0.001098626415779962,36.085648,34.171296,29.493056
150,30,20,8,5,655.36,0.13333333333333333,160,4500,1.5,AOMDV,AOMDV,0.2205935058009773,0.55,0.6164192966620259,33.622685,32.881944,37.803241
150,30,25,2,1,204.8,0.16666666666666666,50,4500,1.2,AOMDV,AODV,0.5874247353971794,0.2671123030284729,0.7848524003659835,92.22963,69.955556,86.444444
150,30,25,2,2,204.8,0.16666666666666666,50,4500,1.2,AOMDV,AODV,0.4608073402705932,0.24589295879487447,0.8367589048137026,84.02963,59.762963,78.755556
150,30,25,2,3,204.8,0.16666666666666666,50,4500,1.2,AOMDV,AODV,0.44999999999999996,0.35489233788821395,0.9010790547910025,82.177778,63.148148,80.481481
150,30,25,2,4,204.8,0.16666666666666666,50,4500,1.2,AOMDV,AODV,0.65,0.20469857854362714,0.759047603744637,91.17037,66.207407,83.066667
150,30,25,2,5,204.8,0.16666666666666666,50,4500,1.2,AOMDV,AODV,0.5925980886766793,0.23596843238337,0.7979732720639924,89.940741,63.296296,82.274074
150,30,25,4,1,409.6,0.16666666666666666,100,4500,1.2,AOMDV,AOMDV,0.0,0.6314106022590806,0.7615467296065177,51.674074,54.22963,65.8
150,30,25,4,2,409.6,0.16666666666666666,100,4500,1.2,DSDV,AOMDV,0.024589748959109512,0.8504875474298823,0.6165272802809619,39.151852,46.0,49.407407
150,30,25,4,3,409.6,0.16666666666666666,100,4500,1.2,AODV,AODV,0.7067775556728219,0.55,0.2158180343035222,52.592593,48.5,50.155556
150,30,25,4,4,409.6,0.16666666666666666,100,4500,1.2,AODV,AODV,0.8188524477131799,0.55,0.11239517157721372,50.762963,45.818519,46.755556
150,30,25,4,5,409.6,0.16666666666666666,100,4500,1.2,AOMDV,AOMDV,0.2719672496083406,0.55,0.5507970224657391,51.085185,48.574074,56.122222
150,30,25,8,1,819.2,0.16666666666666666,200,4500,1.2,DSDV,AOMDV,0.25,0.7403216887477423,0.5345734539161665,28.351852,32.692593,33.785185
150,30,25,8,2,819.2,0.16666666666666666,200,4500,1.2,DSDV,DSDV,0.45,0.9076547016469032,0.20218177088689704,18.603704,25.12963,20.733333
150,30,25,8,3,819.2,0.16666666666666666,200,4500,1.2,AODV,AODV,0.9,0.6680274496610893,0.011322983777944086,31.990741,30.97963,26.883333
150,30,25,8,4,819.2,0.16666666666666666,200,4500,1.2,DSDV,DSDV,0.4557817716064021,0.9791742062443267,0.032307511856793446,22.261111,26.866667,21.018519
150,30,25,8,5,819.2,0.16666666666666666,200,4500,1.2,AODV,AODV,0.9,0.30352942692769136,0.03802187105480204,28.262963,25.403704,25.275926
150,40,5,2,1,40.96,0.03333333333333333,10,6000,8.0,AODV,AODV,0.6919828438967416,0.5087527987109959,0.64605262454275,92.296296,79.62963,90.777778
150,40,5,2,2,40.96,0.03333333333333333,10,6000,8.0,AODV,AODV,0.8514863217197679,0.08742210412915304,0.6868494427747356,97.814815,68.074074,84.333333
150,40,5,2,3,40.96,0.03333333333333333,10,6000,8.0,AOMDV,AODV,0.6819728921202156,0.23945906685715304,0.696895968826666,95.185185,73.111111,85.222222
150,40,5,2,4,40.96,0.03333333333333333,10,6000,8.0,AOMDV,AODV,0.7246296117247334,0.13086316018735036,0.7523638960652219,95.444444,69.592593,86.962963
150,40,5,2,5,40.96,0.03333333333333333,10,6000,8.0,AOMDV,AODV,0.5499999999999999,0.3692694540955516,0.7129471933347546,94.592593,72.851852,85.555556
150,40,5,4,1,81.92,0.03333333333333333,20,6000,8.0,AOMDV,AODV,0.5499999999999999,0.3716918885417204,0.7539087964265058,94.277778,77.222222,88.740741
150,40,5,4,2,81.92,0.03333333333333333,20,6000,8.0,AODV,AODV,0.7131043029799882,0.17790120996299108,0.6382211563423191,97.537037,70.574074,81.851852
150,40,5,4,3,81.92,0.03333333333333333,20,6000,8.0,AOMDV,AODV,0.5499999999999999,0.49214223938744495,0.696457184709039,91.833333,74.166667,83.87037
150,40,5,4,4,81.92,0.03333333333333333,20,6000,8.0,AOMDV,AODV,0.749732418045049,0.3065027026321004,0.7982876866350459,92.481481,70.851852,87.592593
150,40,5,4,5,81.92,0.03333333333333333,20,6000,8.0,AOMDV,AODV,0.5535347952344233,0.16046513620118888,0.802749044581667,93.314815,59.296296,85.962963
150,40,5,8,1,163.84,0.03333333333333333,40,6000,8.0,AOMDV,AODV,0.6720396475678719,0.23958862937236655,0.8676383091359526,89.407407,67.648148,87.842593
150,40,5,8,2,163.84,0.03333333333333333,40,6000,8.0,AOMDV,AODV,0.5499999999999999,0.3138826195997273,0.8092280027380946,89.611111,56.148148,82.861111
150,40,5,8,3,163.84,0.03333333333333333,40,6000,8.0,AOMDV,AODV,0.6421951262720561,0.2318779562481755,0.8807017503040013,84.314815,60.564815,83.296296
150,40,5,8,4,163.84,0.03333333333333333,40,6000,8.0,AOMDV,AODV,0.7296699622806215,0.1085515936223806,0.8297799405206431,92.824074,60.425926,87.768519
150,40,5,8,5,163.84,0.03333333333333333,40,6000,8.0,AOMDV,AODV,0.7242196515107295,0.2661353024249078,0.7354920923907396,91.416667,70.5,86.972222
150,40,10,2,1,81.92,0.06666666666666667,20,6000,4.0,AOMDV,AODV,0.7068578798724653,0.29763968021142984,0.7423199818007705,91.351852,79.777778,87.296296
150,40,10,2,2,81.92,0.06666666666666667,20,6000,4.0,AOMDV,AODV,0.6733953644124566,0.22850616841838856,0.7117500057699665,92.5,59.166667,78.555556
150,40,10,2,3,81.92,0.06666666666666667,20,6000,4.0,AOMDV,AODV,0.7137103252753227,0.1,0.71850993033092,95.814815,67.851852,84.537037
150,40,10,2,4,81.92,0.06666666666666667,20,6000,4.0,AOMDV,AODV,0.5035880079695649,0.3362814612178434,0.6496716790759257,95.648148,75.907407,84.666667
150,40,10,2,5,81.92,0.06666666666666667,20,6000,4.0,AODV,AODV,0.7260066531268519,0.3445707342193668,0.6945312186240588,97.12963,73.722222,87.12963
150,40,10,4,1,163.84,0.06666666666666667,40,6000,4.0,AOMDV,AODV,0.5381234695835152,0.42439773659224134,0.8538014509265649,90.722222,71.601852,88.759259
150,40,10,4,2,163.84,0.06666666666666667,40,6000,4.0,AOMDV,AODV,0.6177602701393722,0.1793252097671887,0.7242350450132738,90.935185,50.990741,75.333333
150,40,10,4,3,163.84,0.06666666666666667,40,6000,4.0,AOMDV,AODV,0.573721021315845,0.2876041789201059,0.776838636115366,91.583333,66.277778,84.657407
150,40,10,4,4,163.84,0.06666666666666667,40,6000,4.0,AOMDV,AODV,0.5107787366779695,0.33300947313499296,0.7953213014154132,91.12963,66.490741,85.398148
150,40,10,4,5,163.84,0.06666666666666667,40,6000,4.0,AOMDV,AODV,0.5213805495599416,0.28256805488574227,0.7983196289100872,91.787037,65.888889,85.935185
150,40,10,8,1,327.68,0.06666666666666667,80,6000,4.0,AOMDV,AODV,0.8082677511400348,0.1,0.8941961123271664,84.708333,58.50463,84.37037
150,40,10,8,2,327.68,0.06666666666666667,80,6000,4.0,DSDV,AOMDV,0.49253870719884135,0.55,0.5149495394822481,63.393519,44.944444,64.740741
150,40,10,8,3,327.68,0.06666666666666667,80,6000,4.0,AODV,AODV,0.9,0.1,0.6289041440013229,79.976852,51.902778,78.023148
150,40,10,8,4,327.68,0.06666666666666667,80,6000,4.0,AODV,AOMDV,0.7613922464925804,0.35,0.5291231553524027,69.416667,56.291667,71.657407
150,40,10,8,5,327.68,0.06666666666666667,80,6000,4.0,AODV,AOMDV,0.7925036022743444,0.40457993914258294,0.509339871704298,69.388889,53.435185,72.662037
150,40,15,2,1,122.88,0.1,30,6000,2.6666666666666665,AODV,AODV,0.7153042703384827,0.27677817469129395,0.5645328158659241,93.876543,74.37037,86.864198
150,40,15,2,2,122.88,0.1,30,6000,2.6666666666666665,AODV,AODV,0.7488541262252812,0.1,0.705435227750616,93.567901,63.358025,80.506173
150,40,15,2,3,122.88,0.1,30,6000,2.6666666666666665,AOMDV,AODV,0.48351187919163746,0.2904167924988692,0.7356579587818749,91.567901,66.518519,82.419753
150,40,15,2,4,122.88,0.1,30,6000,2.6666666666666665,AOMDV,AODV,0.6237751396282235,0.23133721966464535,0.7463581133913655,90.740741,66.333333,82.407407
150,40,15,2,5,122.88,0.1,30,6000,2.6666666666666665,AOMDV,AODV,0.674818583305105,0.16486628369364453,0.7570729516973512,92.148148,64.395062,83.333333
150,40,15,4,1,245.76,0.1,60,6000,2.6666666666666665,AOMDV,AODV,0.5516953437080115,0.28715748008602915,0.8974358909842577,85.240741,61.407407,85.104938
150,40,15,4,2,245.76,0.1,60,6000,2.6666666666666665,AOMDV,AODV,0.44999999999999996,0.39759196034013433,0.9142829979071128,77.574074,55.314815,75.648148
150,40,15,4,3,245.76,0.1,60,6000,2.6666666666666665,AOMDV,AODV,0.4749012893729474,0.2541886304326192,0.9161378799390142,80.895062,56.265432,79.654321
150,40,15,4,4,245.76,0.1,60,6000,2.6666666666666665,AOMDV,AODV,0.6107762967507403,0.28970555535787973,0.8905703501964749,79.049383,54.555556,76.0
150,40,15,4,5,245.76,0.1,60,6000,2.6666666666666665,AOMDV,AOMDV,0.39054007545890135,0.3783196501633339,0.9476160554384583,72.259259,56.487654,74.660494
150,40,15,8,1,491.52,0.1,120,6000,2.6666666666666665,AODV,AODV,0.793272998201043,0.55,0.3907045482465677,57.160494,45.959877,55.046296
150,40,15,8,2,491.52,0.1,120,6000,2.6666666666666665,AODV,AODV,0.5543088655503565,0.55,0.5178684211854299,48.92284,38.296296,47.395062
150,40,15,8,3,491.52,0.1,120,6000,2.6666666666666665,AODV,AODV,0.8850412676992957,0.35,0.2953967214341358,60.348765,42.185185,53.564815
150,40,15,8,4,491.52,0.1,120,6000,2.6666666666666665,AODV,AODV,0.876175413887983,0.5139246746481768,0.3840229628709219,43.493827,39.404321,42.524691
150,40,15,8,5,491.52,0.1,120,6000,2.6666666666666665,DSDV,AOMDV,0.1688512411660794,0.6108571707555299,0.6106445685566346,40.944444,41.382716,44.185185
150,40,20,2,1,163.84,0.13333333333333333,40,6000,2.0,AOMDV,AODV,0.5325549115139532,0.26553094708655706,0.7805259844091321,91.675926,62.101852,83.824074
150,40,20,2,2,163.84,0.13333333333333333,40,6000,2.0,AOMDV,AODV,0.6506122990778274,0.1,0.758429263937267,90.759259,60.87037,80.657407
150,40,20,2,3,163.84,0.13333333333333333,40,6000,2.0,AOMDV,AODV,0.65,0.2618115747354959,0.7147671710204141,90.685185,63.268519,82.490741
150,40,20,2,4,163.84,0.13333333333333333,40,6000,2.0,AODV,AODV,0.6750488149508653,0.1363344976265003,0.6528320630154618,92.601852,67.138889,82.787037
150,40,20,2,5,163.84,0.13333333333333333,40,6000,2.0,AOMDV,AODV,0.5147108393971926,0.22527658357315158,0.8465320707597266,87.648148,64.805556,83.083333
150,40,20,4,1,327.68,0.13333333333333333,80,6000,2.0,AOMDV,AOMDV,0.4480130788186578,0.55,0.5608753080236655,64.986111,51.180556,68.513889
150,40,20,4,2,327.68,0.13333333333333333,80,6000,2.0,AOMDV,AOMDV,0.325113125601264,0.55,0.664796509806033,61.490741,50.402778,65.75
150,40,20,4,3,327.68,0.13333333333333333,80,6000,2.0,AOMDV,AOMDV,0.3516583451561817,0.40690203716240503,0.8710551588343228,66.467593,50.541667,70.921296
150,40,20,4,4,327.68,0.13333333333333333,80,6000,2.0,AOMDV,AOMDV,0.4592621590476082,0.35,0.7063718346187999,65.810185,55.837963,67.916667
150,40,20,4,5,327.68,0.13333333333333333,80,6000,2.0,DSDV,AOMDV,0.5146857707241831,0.55,0.5188264237149506,59.277778,48.361111,60.402778
150,40,20,8,1,655.36,0.13333333333333333,160,6000,2.0,AODV,AODV,0.7025873485087841,0.6843558347911639,0.017593104362451713,36.6875,33.511574,32.159722
150,40,20,8,2,655.36,0.13333333333333333,160,6000,2.0,DSDV,AOMDV,0.2192152421239476,0.7331858940074801,0.5001316675666168,32.9375,33.363426,33.983796
150,40,20,8,3,655.36,0.13333333333333333,160,6000,2.0,AODV,AODV,0.887877716240853,0.43253592964352716,0.20652479988712377,45.627315,36.060185,40.06713
150,40,20,8,4,655.36,0.13333333333333333,160,6000,2.0,AODV,AODV,0.8948113277832269,0.4030971069058472,0.33686348143430417,36.513889,32.282407,35.032407
150,40,20,8,5,655.36,0.13333333333333333,160,6000,2.0,DSDV,DSDV,0.2641500082806779,1.0,0.05291965785344164,26.423611,30.673611,26.49537
150,40,25,2,1,204.8,0.16666666666666666,50,6000,1.6,AOMDV,AODV,0.5462726910166912,0.1741021997617438,0.8206354640455574,84.037037,54.459259,76.851852
150,40,25,2,2,204.8,0.16666666666666666,50,6000,1.6,AOMDV,AOMDV,0.4209577680778206,0.2228166360463317,0.9614798004832403,77.481481,57.296296,78.874074
150,40,25,2,3,204.8,0.16666666666666666,50,6000,1.6,AOMDV,AODV,0.44999999999999996,0.4118995551855028,0.8528188751633279,83.696296,64.162963,80.022222
150,40,25,2,4,204.8,0.16666666666666666,50,6000,1.6,AOMDV,AODV,0.44999999999999996,0.55,0.7139283893005033,83.503704,62.896296,76.014815
150,40,25,2,5,204.8,0.16666666666666666,50,6000,1.6,AOMDV,AODV,0.497038213205527,0.31134996496421236,0.9347053188109156,78.4,63.348148,77.718519
150,40,25,4,1,409.6,0.16666666666666666,100,6000,1.6,DSDV,AOMDV,0.28253915707246235,0.55,0.5424438137651356,42.133333,40.814815,45.003704
150,40,25,4,2,409.6,0.16666666666666666,100,6000,1.6,DSDV,AOMDV,0.40814017343662584,0.55,0.5045740210355559,46.666667,43.911111,48.703704
150,40,25,4,3,409.6,0.16666666666666666,100,6000,1.6,AODV,AODV,0.8161264505156501,0.5494475125571254,0.15608799084560704,57.711111,49.0,51.481481
150,40,25,4,4,409.6,0.16666666666666666,100,6000,1.6,DSDV,AOMDV,0.3024256622378831,0.55,0.5022191940878482,46.296296,45.918519,48.655556
150,40,25,4,5,409.6,0.16666666666666666,100,6000,1.6,AOMDV,AOMDV,0.42664192377303933,0.35,0.59945007691954,45.22963,45.044444,49.781481
150,40,25,8,1,819.2,0.16666666666666666,200,6000,1.6,DSDV,DSDV,0.5991540867517496,1.0,0.022132849896910535,19.637037,22.666667,16.475926
150,40,25,8,2,819.2,0.16666666666666666,200,6000,1.6,DSDV,DSDV,0.30017912128686736,1.0,0.351105501977122,24.805556,27.888889,26.82963
150,40,25,8,3,819.2,0.16666666666666666,200,6000,1.6,AODV,AODV,0.9029457494571409,0.8333245099127394,0.0,30.772222,29.407407,23.762963
150,40,25,8,4,819.2,0.16666666666666666,200,6000,1.6,DSDV,DSDV,0.46079756278693235,1.0,0.039122548302298034,22.294444,25.085185,21.435185
150,40,25,8,5,819.2,0.16666666666666666,200,6000,1.6,DSDV,DSDV,0.346119600180538,0.9495000758085723,0.122794953054982,16.490741,23.851852,17.668519
150,50,5,2,1,40.96,0.03333333333333333,10,7500,10.0,AODV,AODV,0.75,0.22202773131141562,0.7069332470784565,92.037037,72.481481,84.185185
150,50,5,2,2,40.96,0.03333333333333333,10,7500,10.0,AODV,AODV,0.8172386013625415,0.07445708727054134,0.7507575899200045,95.037037,73.037037,87.740741
150,50,5,2,3,40.96,0.03333333333333333,10,7500,10.0,AOMDV,AODV,0.5499999999999999,0.3632970005929648,0.7019628037467207,91.814815,73.888889,83.925926
150,50,5,2,4,40.96,0.03333333333333333,10,7500,10.0,AOMDV,AODV,0.5499999999999999,0.5304054424888358,0.7846100027344096,95.888889,81.814815,92.296296
150,50,5,2,5,40.96,0.03333333333333333,10,7500,10.0,AOMDV,AODV,0.5499999999999999,0.3931487450543439,0.7811475532894473,93.148148,72.814815,87.777778
150,50,5,4,1,81.92,0.03333333333333333,20,7500,10.0,AODV,AODV,0.7070412899411492,0.55,0.5828750098927664,90.685185,75.388889,86.740741
150,50,5,4,2,81.92,0.03333333333333333,20,7500,10.0,AOMDV,AODV,0.6265062447814189,0.2261243986049451,0.7517931882586968,97.240741,66.259259,87.037037
150,50,5,4,3,81.92,0.03333333333333333,20,7500,10.0,AOMDV,AODV,0.5499999999999999,0.35985555965843574,0.8744986869999799,89.0,67.759259,87.796296
150,50,5,4,4,81.92,0.03333333333333333,20,7500,10.0,AOMDV,AOMDV,0.5768533120667525,0.2116214417823984,0.9,89.87037,78.685185,93.407407
150,50,5,4,5,81.92,0.03333333333333333,20,7500,10.0,AOMDV,AODV,0.5499999999999999,0.42623991540037864,0.7491176583126854,90.444444,74.703704,85.166667
150,50,5,8,1,163.84,0.03333333333333333,40,7500,10.0,AOMDV,AODV,0.7253502096054499,0.2029202816332769,0.8565683635778305,86.25,65.527778,84.25
150,50,5,8,2,163.84,0.03333333333333333,40,7500,10.0,AOMDV,AODV,0.5499999999999999,0.2735527000725918,0.8041858896612288,92.305556,64.212963,86.324074
150,50,5,8,3,163.84,0.03333333333333333,40,7500,10.0,AOMDV,AODV,0.5504179941199818,0.24667255868349458,0.8675147977051684,86.5,63.027778,84.805556
150,50,5,8,4,163.84,0.03333333333333333,40,7500,10.0,AOMDV,AODV,0.6531677170143803,0.2388107904662713,0.8681122544174464,93.212963,76.87963,92.055556
150,50,5,8,5,163.84,0.03333333333333333,40,7500,10.0,AOMDV,AODV,0.663433271723378,0.2005684033232088,0.8976354121581629,87.444444,64.537037,87.324074
150,50,10,2,1,81.92,0.06666666666666667,20,7500,5.0,AOMDV,AODV,0.6399382965804546,0.2682748477138515,0.6413524096148044,93.240741,79.0,85.055556
150,50,10,2,2,81.92,0.06666666666666667,20,7500,5.0,AODV,AODV,0.72560342201758,0.19422184610360638,0.6377862615227932,94.351852,61.888889,81.148148
150,50,10,2,3,81.92,0.06666666666666667,20,7500,5.0,AOMDV,AODV,0.6933457789560684,0.21970660517474325,0.7467492184881167,94.055556,70.12963,85.907407
150,50,10,2,4,81.92,0.06666666666666667,20,7500,5.0,AOMDV,AODV,0.5194548467807036,0.45245597796503356,0.7381334914242086,96.796296,81.814815,91.407407
150,50,10,2,5,81.92,0.06666666666666667,20,7500,5.0,AODV,AODV,0.8504059254184693,0.1,0.7198651465985926,96.648148,71.351852,86.759259
150,50,10,4,1,163.84,0.06666666666666667,40,7500,5.0,AOMDV,AODV,0.617768774032896,0.2712196699176358,0.7220888994965109,94.175926,70.638889,84.87037
150,50,10,4,2,163.84,0.06666666666666667,40,7500,5.0,AOMDV,AODV,0.44999999999999996,0.3423676799608949,0.8129584483914998,88.648148,55.398148,81.537037
150,50,10,4,3,163.84,0.06666666666666667,40,7500,5.0,AOMDV,AODV,0.6077960905223546,0.3053820513539215,0.7781975039010842,93.925926,62.796296,85.5
150,50,10,4,4,163.84,0.06666666666666667,40,7500,5.0,AOMDV,AODV,0.6684868654932928,0.1978766779557073,0.8173502726267045,94.398148,68.888889,89.712963
150,50,10,4,5,163.84,0.06666666666666667,40,7500,5.0,AOMDV,AODV,0.5494720529679675,0.2309946779290878,0.7899929670327148,93.611111,67.287037,87.175926
150,50,10,8,1,327.68,0.06666666666666667,80,7500,5.0,AOMDV,AODV,0.6554699906927268,0.16550012653225574,0.8652194657421332,84.097222,54.986111,81.847222
150,50,10,8,2,327.68,0.06666666666666667,80,7500,5.0,AOMDV,AOMDV,0.3801804084674505,0.2933998292247737,0.9696527598877334,62.898148,40.134259,67.078704
150,50,10,8,3,327.68,0.06666666666666667,80,7500,5.0,AOMDV,AODV,0.6643851908575324,0.1,0.8692411174024592,76.925926,51.12037,75.162037
150,50,10,8,4,327.68,0.06666666666666667,80,7500,5.0,AODV,AODV,0.891615582143868,0.1,0.8639811893475801,84.638889,56.287037,84.625
150,50,10,8,5,327.68,0.06666666666666667,80,7500,5.0,AOMDV,AOMDV,0.6830958712023758,0.35,0.7051541711352711,75.75,56.337963,78.851852
150,50,15,2,1,122.88,0.1,30,7500,3.3333333333333335,AOMDV,AODV,0.669682061838603,0.24384182596461054,0.7641938418790456,92.54321,65.666667,84.432099
150,50,15,2,2,122.88,0.1,30,7500,3.3333333333333335,AOMDV,AODV,0.6012998389335746,0.2185282304797654,0.7475206600228219,94.123457,56.777778,81.469136
150,50,15,2,3,122.88,0.1,30,7500,3.3333333333333335,AOMDV,AODV,0.59812429876622,0.2878331905890259,0.7208224611672046,92.197531,63.82716,80.901235
150,50,15,2,4,122.88,0.1,30,7500,3.3333333333333335,AODV,AODV,0.8302233540197455,0.1,0.766777371295391,93.839506,65.679012,86.061728
150,50,15,2,5,122.88,0.1,30,7500,3.3333333333333335,AOMDV,AODV,0.7170955527349941,0.1,0.7552821327266751,95.271605,66.17284,85.91358
150,50,15,4,1,245.76,0.1,60,7500,3.3333333333333335,AOMDV,AODV,0.5731369509608957,0.197701095996787,0.8674064909816125,84.623457,58.802469,82.179012
150,50,15,4,2,245.76,0.1,60,7500,3.3333333333333335,AOMDV,AODV,0.5284465138781799,0.27547770827636014,0.942904068051936,77.808642,50.54321,77.203704
150,50,15,4,3,245.76,0.1,60,7500,3.3333333333333335,AOMDV,AODV,0.5529654582012693,0.35,0.8364402491592078,83.123457,55.425926,78.04321
150,50,15,4,4,245.76,0.1,60,7500,3.3333333333333335,AOMDV,AODV,0.5459392561664584,0.2661037014833087,0.9301334864085659,86.296296,61.95679,85.969136
150,50,15,4,5,245.76,0.1,60,7500,3.3333333333333335,AOMDV,AODV,0.65,0.3973928199592398,0.6661256802595574,86.845679,60.185185,82.932099
150,50,15,8,1,491.52,0.1,120,7500,3.3333333333333335,AODV,AODV,0.7697351232657429,0.55,0.3427891884861427,56.317901,42.552469,52.256173
150,50,15,8,2,491.52,0.1,120,7500,3.3333333333333335,AOMDV,AOMDV,0.27329962856506324,0.35,0.7192037673212868,40.080247,31.95679,47.882716
150,50,15,8,3,491.52,0.1,120,7500,3.3333333333333335,AODV,AODV,0.8907472136238278,0.35,0.3968147713600918,49.595679,36.83642,46.848765
150,50,15,8,4,491.52,0.1,120,7500,3.3333333333333335,AODV,AOMDV,0.846027530179496,0.3836003156725142,0.46679167771757374,53.067901,40.262346,53.342593
150,50,15,8,5,491.52,0.1,120,7500,3.3333333333333335,DSDV,AOMDV,0.4231018964838058,0.55,0.5208042151986577,54.228395,44.030864,60.25
150,50,20,2,1,163.84,0.13333333333333333,40,7500,2.5,AOMDV,AODV,0.6014210172090384,0.19654196425774825,0.7969749434955363,91.685185,56.944444,83.731481
150,50,20,2,2,163.84,0.13333333333333333,40,7500,2.5,AOMDV,AODV,0.6495267277265286,0.1,0.7574340462369242,92.018519,57.268519,81.009259
150,50,20,2,3,163.84,0.13333333333333333,40,7500,2.5,AOMDV,AODV,0.5945908208145909,0.2720461496478498,0.7554710753654217,86.712963,62.268519,78.490741
150,50,20,2,4,163.84,0.13333333333333333,40,7500,2.5,AOMDV,AODV,0.5586502223078099,0.2663184181506092,0.7463414631244359,92.592593,70.953704,85.203704
150,50,20,2,5,163.84,0.13333333333333333,40,7500,2.5,AOMDV,AODV,0.5483496459412505,0.15841472096641057,0.7843055237750038,92.851852,63.722222,84.37963
150,50,20,4,1,327.68,0.13333333333333333,80,7500,2.5,AOMDV,AOMDV,0.3853245959568459,0.4102717267451441,0.8177870139013036,69.800926,49.527778,73.203704
150,50,20,4,2,327.68,0.13333333333333333,80,7500,2.5,AOMDV,AOMDV,0.25316340877266547,0.39663550828508265,0.8942853436564923,58.763889,47.319444,67.662037
150,50,20,4,3,327.68,0.13333333333333333,80,7500,2.5,AOMDV,AOMDV,0.45496520331294354,0.35,0.7053064182969462,58.263889,46.856481,61.75
150,50,20,4,4,327.68,0.13333333333333333,80,7500,2.5,AODV,AODV,0.873455971922635,0.35,0.4966662834288344,69.837963,50.25463,65.699074
150,50,20,4,5,327.68,0.13333333333333333,80,7500,2.5,AOMDV,AOMDV,0.3428171054202857,0.5321430090103674,0.7148273830630159,65.222222,52.587963,69.486111
150,50,20,8,1,655.36,0.13333333333333333,160,7500,2.5,AODV,AODV,0.8463674069307648,0.5065626065040462,0.13870372164334718,40.643519,35.076389,36.668981
150,50,20,8,2,655.36,0.13333333333333333,160,7500,2.5,AODV,AOMDV,0.7352375666136749,0.28651105885711853,0.592835955848094,30.828704,26.9375,33.076389
150,50,20,8,3,655.36,0.13333333333333333,160,7500,2.5,AODV,AODV,0.9,0.36711863075411755,0.1343285788364018,37.203704,29.523148,31.416667
150,50,20,8,4,655.36,0.13333333333333333,160,7500,2.5,AODV,AODV,0.8857295193443481,0.43001845729296195,0.2536666973414278,35.453704,30.025463,32.740741
150,50,20,8,5,655.36,0.13333333333333333,160,7500,2.5,DSDV,AOMDV,0.17866294404151653,0.6899099937265566,0.6293832109614799,32.293981,33.652778,36.664352
150,50,25,2,1,204.8,0.16666666666666666,50,7500,2.0,AOMDV,AODV,0.5540881327804553,0.18887754043929061,0.8164346903391799,87.459259,57.888889,79.948148
150,50,25,2,2,204.8,0.16666666666666666,50,7500,2.0,AOMDV,AODV,0.5875960295604499,0.1,0.8273347948059365,87.696296,55.955556,79.985185
150,50,25,2,3,204.8,0.16666666666666666,50,7500,2.0,AOMDV,AODV,0.44999999999999996,0.4289465458114671,0.8359312514767933,81.022222,60.17037,78.333333
150,50,25,2,4,204.8,0.16666666666666666,50,7500,2.0,AOMDV,AODV,0.5270448620918061,0.23060687748080783,0.8856024716863317,86.340741,63.488889,83.659259
150,50,25,2,5,204.8,0.16666666666666666,50,7500,2.0,AOMDV,AODV,0.44999999999999996,0.44607268927504706,0.9209908850315928,83.133333,63.814815,81.681481
150,50,25,4,1,409.6,0.16666666666666666,100,7500,2.0,DSDV,AOMDV,0.5279886437873416,0.55,0.49231446699909354,45.425926,41.707407,46.811111
150,50,25,4,2,409.6,0.16666666666666666,100,7500,2.0,AOMDV,AOMDV,0.37040285615284985,0.55,0.5925987194064205,47.866667,42.288889,54.014815
150,50,25,4,3,409.6,0.16666666666666666,100,7500,2.0,AODV,AODV,0.8969619640623908,0.35,0.5426171430859067,52.818519,43.966667,51.822222
150,50,25,4,4,409.6,0.16666666666666666,100,7500,2.0,AODV,AOMDV,0.6481449551833661,0.55,0.49624822538116425,49.137037,46.648148,50.059259
150,50,25,4,5,409.6,0.16666666666666666,100,7500,2.0,AODV,AODV,0.6762008411563443,0.55,0.3127566306645899,49.014815,44.555556,47.225926
150,50,25,8,1,819.2,0.16666666666666666,200,7500,2.0,AODV,AODV,0.9049228925750887,0.7183993338294542,0.0,29.512963,25.972222,21.948148
150,50,25,8,2,819.2,0.16666666666666666,200,7500,2.0,AODV,AODV,0.9,0.34940002088209854,0.040084191787083646,25.225926,23.359259,22.774074
150,50,25,8,3,819.2,0.16666666666666666,200,7500,2.0,DSDV,DSDV,0.6906436754038199,1.0,0.020673542963417002,24.635185,26.685185,21.866667
150,50,25,8,4,819.2,0.16666666666666666,200,7500,2.0,DSDV,DSDV,0.503132738119253,1.0,0.03184761646611145,23.37963,24.681481,22.12037
150,50,25,8,5,819.2,0.16666666666666666,200,7500,2.0,DSDV,DSDV,0.34247767401530904,0.9581704971307536,0.2536341143009477,20.014815,26.648148,22.918519
50,20,5,3,1,61.44,0.1,15,1000,4.0,DSDV,AODV,0.542711406633776,0.55,0.5392701649349064,88.197531,60.024691,73.209877
50,20,5,3,2,61.44,0.1,15,1000,4.0,AOMDV,AODV,0.5499999999999999,0.546725655656212,0.6135443113065632,99.160494,67.135802,84.493827
50,20,5,3,3,61.44,0.1,15,1000,4.0,AODV,AODV,0.701794529643565,0.23420216250137607,0.6683168308423773,98.098765,63.185185,80.123457
50,20,5,3,4,61.44,0.1,15,1000,4.0,AOMDV,AODV,0.5499999999999999,0.5347035159227416,0.572205029277567,99.703704,91.08642,96.197531
50,20,5,3,5,61.44,0.1,15,1000,4.0,AOMDV,AODV,0.5435721266181984,0.55,0.6772733020076214,95.209877,66.444444,85.111111
50,20,5,5,1,102.4,0.1,25,1000,4.0,AOMDV,AODV,0.5313700489165034,0.55,0.5651011366206412,88.222222,61.748148,71.259259
50,20,5,5,2,102.4,0.1,25,1000,4.0,AOMDV,AODV,0.5462857555840254,0.55,0.5941224178189091,99.185185,70.814815,85.525926
50,20,5,5,3,102.4,0.1,25,1000,4.0,AOMDV,AODV,0.5349296984478287,0.55,0.6274916628306554,98.592593,58.622222,80.37037
50,20,5,5,4,102.4,0.1,25,1000,4.0,AOMDV,AODV,0.5499999999999999,0.5358765248351828,0.6059081512464012,99.733333,90.340741,95.288889
50,20,5,5,5,102.4,0.1,25,1000,4.0,AOMDV,AODV,0.5441780790508065,0.55,0.6495347612968071,96.133333,65.748148,82.681481
50,20,5,6,1,122.88,0.1,30,1000,4.0,AOMDV,AODV,0.5637086746829042,0.3419564406333121,0.6626712262485347,88.345679,59.506173,73.135802
50,20,5,6,2,122.88,0.1,30,1000,4.0,AOMDV,AODV,0.547564827328709,0.55,0.6206818279166832,99.222222,66.518519,84.950617
50,20,5,6,3,122.88,0.1,30,1000,4.0,AODV,AODV,0.7924186291236461,0.5164475802838799,0.21221413637218017,97.802469,62.17284,78.975309
50,20,5,6,4,122.88,0.1,30,1000,4.0,AODV,AODV,0.5499999999999999,0.5343996871266755,0.5071084167532398,99.839506,92.62963,96.283951
50,20,5,6,5,122.88,0.1,30,1000,4.0,AOMDV,AODV,0.5367156586457863,0.55,0.6193656622053899,95.395062,71.962963,83.740741
50,20,7,2,1,57.344,0.14,14,1000,2.857142857142857,AOMDV,AODV,0.5357868791053867,0.55,0.653853934647642,87.169312,61.825397,77.063492
50,20,7,2,2,57.344,0.14,14,1000,2.857142857142857,AOMDV,AODV,0.680533274301066,0.21773506767076184,0.687203390958865,98.544974,67.328042,83.783069
50,20,7,2,3,57.344,0.14,14,1000,2.857142857142857,AOMDV,AODV,0.560715393225275,0.2598653061348566,0.7039495135497514,97.486772,65.0,83.333333
50,20,7,2,4,57.344,0.14,14,1000,2.857142857142857,AODV,AODV,0.9590314487522686,0.09718789087347418,0.6630530777307204,98.756614,86.798942,92.460317
50,20,7,2,5,57.344,0.14,14,1000,2.857142857142857,AODV,AODV,0.7683950092963046,0.1,0.7236056611521657,94.285714,60.608466,81.084656
50,20,7,3,1,86.016,0.14,21,1000,2.857142857142857,AOMDV,AODV,0.5350789061592565,0.55,0.5706949541529793,87.619048,63.72134,75.502646
50,20,7,3,2,86.016,0.14,21,1000,2.857142857142857,DSDV,AODV,0.5433791776135538,0.55,0.5063378525605874,98.888889,68.324515,85.326279
50,20,7,3,3,86.016,0.14,21,1000,2.857142857142857,AOMDV,AODV,0.5357474925036332,0.4033292454639935,0.6719067445894554,98.518519,69.012346,83.56261
50,20,7,3,4,86.016,0.14,21,1000,2.857142857142857,AODV,AODV,0.7440524218344114,0.55,0.24443180774466516,99.241623,83.72134,92.151675
50,20,7,3,5,86.016,0.14,21,1000,2.857142857142857,AOMDV,AODV,0.5318222742817312,0.55,0.6111549926699716,94.409171,63.29806,79.065256
50,20,7,4,1,114.688,0.14,28,1000,2.857142857142857,AOMDV,AODV,0.6135028491483485,0.32550129377202064,0.640612476979415,88.015873,64.907407,74.695767
50,20,7,4,2,114.688,0.14,28,1000,2.857142857142857,AOMDV,AODV,0.5337265577737447,0.2556995058784277,0.7248015901509384,98.928571,68.928571,87.248677
50,20,7,4,3,114.688,0.14,28,1000,2.857142857142857,AOMDV,AODV,0.5249101226607342,0.55,0.626749174480074,96.957672,65.277778,81.878307
50,20,7,4,4,114.688,0.14,28,1000,2.857142857142857,AODV,AODV,0.8887589142786141,0.09669693306108477,0.6759069007127685,99.365079,78.664021,92.28836
50,20,7,4,5,114.688,0.14,28,1000,2.857142857142857,AOMDV,AODV,0.5355128719147794,0.55,0.5819974036587763,94.94709,64.034392,79.312169
50,20,7,5,1,143.36,0.14,35,1000,2.857142857142857,DSDV,AODV,0.5286827411770945,0.55,0.5189287220214668,87.174603,63.449735,75.915344
50,20,7,5,2,143.36,0.14,35,1000,2.857142857142857,DSDV,AODV,0.5214019669978949,0.55,0.5162897096995428,98.042328,69.470899,85.121693
50,20,7,5,3,143.36,0.14,35,1000,2.857142857142857,AOMDV,AODV,0.7004947359083329,0.16397170394906674,0.714366993453161,97.671958,67.915344,85.396825
50,20,7,5,4,143.36,0.14,35,1000,2.857142857142857,AODV,AODV,0.7133321310173592,0.55,0.316092585635104,99.291005,84.698413,91.513228
50,20,7,5,5,143.36,0.14,35,1000,2.857142857142857,AOMDV,AODV,0.6183557309826898,0.35,0.6408828680006663,93.640212,64.582011,79.439153
50,20,7,6,1,172.032,0.14,42,1000,2.857142857142857,AOMDV,AODV,0.5217697114895636,0.55,0.5700777063417809,86.622575,63.82716,75.335097
50,20,7,6,2,172.032,0.14,42,1000,2.857142857142857,AOMDV,AODV,0.504220860572652,0.43119565649194136,0.6819343326803535,97.345679,67.292769,84.303351
50,20,7,6,3,172.032,0.14,42,1000,2.857142857142857,AOMDV,AODV,0.6241798927516775,0.11237350296788869,0.7080826494466519,97.513228,66.146384,84.135802
50,20,7,6,4,172.032,0.14,42,1000,2.857142857142857,AODV,AODV,0.5499999999999999,0.5468610656313975,0.3670063644511631,99.603175,84.585538,91.313933
50,20,7,6,5,172.032,0.14,42,1000,2.857142857142857,DSDV,AODV,0.5188745339199788,0.55,0.4419065008851707,93.042328,64.78836,78.271605
50,20,7,8,1,229.376,0.14,56,1000,2.857142857142857,DSDV,AODV,0.4942128757103634,0.55,0.4372533489121805,82.380952,63.941799,74.265873
50,20,7,8,2,229.376,0.14,56,1000,2.857142857142857,DSDV,AODV,0.5198603582195837,0.55,0.4001272562690764,91.699735,68.48545,83.80291
50,20,7,8,3,229.376,0.14,56,1000,2.857142857142857,DSDV,AODV,0.47472681737409717,0.55,0.5295156013920898,89.583333,66.752646,82.387566
50,20,7,8,4,229.376,0.14,56,1000,2.857142857142857,AOMDV,AODV,0.5446367849534524,0.55,0.6157478609282946,99.371693,84.596561,93.558201
50,20,7,8,5,229.376,0.14,56,1000,2.857142857142857,DSDV,AODV,0.48454042274128306,0.55,0.28446388568551,86.481481,60.853175,76.395503
50,20,10,3,1,122.88,0.2,30,1000,2.0,AODV,AODV,0.634883647822573,0.3268832578922482,0.6315885539349907,88.432099,68.148148,76.333333
50,20,10,3,2,122.88,0.2,30,1000,2.0,AODV,AODV,0.9299919378621746,0.1,0.6974999986154059,98.469136,69.580247,85.469136
50,20,10,3,3,122.88,0.2,30,1000,2.0,AODV,AODV,0.7130722923266363,0.2962050814841197,0.48235942504676566,98.123457,64.530864,81.876543
50,20,10,3,4,122.88,0.2,30,1000,2.0,AODV,AODV,0.7041977889037583,0.55,0.22152511122294907,99.395062,86.604938,92.901235
50,20,10,3,5,122.88,0.2,30,1000,2.0,AOMDV,AODV,0.6042312444709539,0.2587439365409074,0.7271549808022748,94.740741,67.098765,84.123457
50,20,10,5,1,204.8,0.2,50,1000,2.0,AOMDV,AODV,0.5207520996443722,0.36869350977281157,0.6711379512644225,88.162963,64.859259,76.311111
50,20,10,5,2,204.8,0.2,50,1000,2.0,DSDV,AODV,0.48262286948762567,0.55,0.387888190164446,92.696296,66.125926,81.874074
50,20,10,5,3,204.8,0.2,50,1000,2.0,AOMDV,AODV,0.5428052574153088,0.35,0.5617469085036991,93.377778,59.962963,81.548148
50,20,10,5,4,204.8,0.2,50,1000,2.0,AOMDV,AODV,0.5459751389075503,0.55,0.5625929485848783,99.592593,87.688889,93.933333
50,20,10,5,5,204.8,0.2,50,1000,2.0,DSDV,AODV,0.4793500269589417,0.55,0.44095975505565477,91.118519,65.77037,80.17037
50,20,10,6,1,245.76,0.2,60,1000,2.0,DSDV,AODV,0.49933392633576856,0.55,0.42584091854435946,84.407407,68.074074,75.777778
50,20,10,6,2,245.76,0.2,60,1000,2.0,AOMDV,AODV,0.44999999999999996,0.55,0.6072143538250885,87.691358,68.907407,80.895062
50,20,10,6,3,245.76,0.2,60,1000,2.0,AODV,AODV,0.7000000000000001,0.5077357060983303,0.3465874169634749,87.641975,61.561728,79.660494
50,20,10,6,4,245.76,0.2,60,1000,2.0,AOMDV,AODV,0.5412049469601095,0.55,0.5610119083822188,99.518519,85.104938,92.512346
50,20,10,6,5,245.76,0.2,60,1000,2.0,AOMDV,AODV,0.44999999999999996,0.55,0.6345207804951699,85.055556,64.074074,79.592593
50,20,12,2,1,98.304,0.24,24,1000,1.6666666666666667,AOMDV,AODV,0.6933955896205705,0.27059464660950205,0.7004008074596265,87.067901,63.966049,76.820988
50,20,12,2,2,98.304,0.24,24,1000,1.6666666666666667,AOMDV,AODV,0.6582230203894426,0.16994558708122323,0.7270661196498713,98.425926,72.283951,88.37963
50,20,12,2,3,98.304,0.24,24,1000,1.6666666666666667,AOMDV,AODV,0.5415914382462874,0.2519353890812263,0.6987786574995453,97.5,66.54321,83.657407
50,20,12,2,4,98.304,0.24,24,1000,1.6666666666666667,AODV,AODV,0.9020735420347588,0.1,0.6435616498784261,98.919753,87.654321,92.5
50,20,12,2,5,98.304,0.24,24,1000,1.6666666666666667,AOMDV,AODV,0.5220105141084898,0.55,0.6582330184914801,95.925926,63.503086,84.444444
50,20,12,3,1,147.456,0.24,36,1000,1.6666666666666667,AOMDV,AODV,0.5082935752975037,0.55,0.6534287832571244,86.8107,65.061728,77.983539
50,20,12,3,2,147.456,0.24,36,1000,1.6666666666666667,AODV,AODV,0.7183382496468929,0.3795155315203893,0.3113110984939575,97.901235,73.024691,87.160494
50,20,12,3,3,147.456,0.24,36,1000,1.6666666666666667,AOMDV,AODV,0.6235617550337409,0.3232606144248541,0.6938618552545897,97.798354,65.030864,82.788066
50,20,12,3,4,147.456,0.24,36,1000,1.6666666666666667,AODV,AODV,0.7369954778839289,0.44102576709184604,0.44053912882146934,99.218107,87.55144,93.82716
50,20,12,3,5,147.456,0.24,36,1000,1.6666666666666667,AOMDV,AODV,0.6013317393406612,0.2874313800177401,0.6929608154343144,93.971193,65.617284,80.925926
50,20,12,4,1,196.608,0.24,48,1000,1.6666666666666667,AOMDV,AODV,0.49701359594150996,0.43863687794856243,0.6471805140126097,85.58642,65.856481,75.594136
50,20,12,4,2,196.608,0.24,48,1000,1.6666666666666667,AOMDV,AODV,0.4773197210570058,0.39960888067592526,0.7138126756818113,96.103395,71.635802,85.979938
50,20,12,4,3,196.608,0.24,48,1000,1.6666666666666667,AOMDV,AODV,0.44999999999999996,0.55,0.5612465819037767,92.970679,61.50463,82.646605
50,20,12,4,4,196.608,0.24,48,1000,1.6666666666666667,AODV,AODV,0.7319550663521788,0.2232167577573918,0.5912026985376322,99.12037,85.285494,91.334877
50,20,12,4,5,196.608,0.24,48,1000,1.6666666666666667,AOMDV,AODV,0.6007507632657437,0.35,0.6499407441897807,92.337963,62.939815,81.936728
50,20,12,5,1,245.76,0.24,60,1000,1.6666666666666667,AOMDV,AODV,0.4796657942177362,0.55,0.6090374681300242,82.092593,65.098765,75.209877
50,20,12,5,2,245.76,0.24,60,1000,1.6666666666666667,AOMDV,AODV,0.44999999999999996,0.55,0.5984531991926627,91.617284,72.265432,84.067901
50,20,12,5,3,245.76,0.24,60,1000,1.6666666666666667,AOMDV,AODV,0.44999999999999996,0.55,0.5555536482994077,86.345679,65.358025,79.271605
50,20,12,5,4,245.76,0.24,60,1000,1.6666666666666667,AODV,AODV,0.733567721440563,0.3482508881609,0.6366847983391137,98.685185,86.574074,92.277778
50,20,12,5,5,245.76,0.24,60,1000,1.6666666666666667,DSDV,AODV,0.4956021274462289,0.55,0.3972845956901487,84.074074,64.777778,78.845679
50,20,12,6,1,294.912,0.24,72,1000,1.6666666666666667,AODV,AODV,0.5994906591673891,0.55,0.23514217129973786,78.899177,64.063786,71.815844
50,20,12,6,2,294.912,0.24,72,1000,1.6666666666666667,AODV,AODV,0.557159885236207,0.55,0.3551853124375064,87.047325,73.518519,81.975309
50,20,12,6,3,294.912,0.24,72,1000,1.6666666666666667,DSDV,AODV,0.5294312229916519,0.55,0.44819815270781327,78.065844,63.034979,73.472222
50,20,12,6,4,294.912,0.24,72,1000,1.6666666666666667,DSDV,AODV,0.5167238191292653,0.55,0.5104894145949114,98.683128,85.113169,91.764403
50,20,12,6,5,294.912,0.24,72,1000,1.6666666666666667,DSDV,AODV,0.5432327589484407,0.55,0.4880116416794105,75.951646,59.871399,73.220165
50,20,12,8,1,393.216,0.24,96,1000,1.6666666666666667,AOMDV,AOMDV,0.4010271038874869,0.55,0.5737937814607804,68.267747,60.401235,69.228395
50,20,12,8,2,393.216,0.24,96,1000,1.6666666666666667,AOMDV,AOMDV,0.0,0.5684174537266399,0.8135177622850311,66.593364,66.940586,75.07716
50,20,12,8,3,393.216,0.24,96,1000,1.6666666666666667,AODV,AODV,0.8135817058158,0.533852125531331,0.21791926394983085,68.564815,53.020833,59.992284
50,20,12,8,4,393.216,0.24,96,1000,1.6666666666666667,AOMDV,AODV,0.4717887617220695,0.55,0.6704972179857156,94.467593,83.059414,92.195216
50,20,12,8,5,393.216,0.24,96,1000,1.6666666666666667,AOMDV,AOMDV,0.22076802100307624,0.55,0.6956332805215193,61.774691,58.152006,65.536265
50,20,15,3,1,184.32,0.3,45,1000,1.3333333333333333,AOMDV,AODV,0.4862044248321681,0.55,0.6284860507037702,83.728395,61.127572,74.024691
50,20,15,3,2,184.32,0.3,45,1000,1.3333333333333333,AOMDV,AODV,0.678794214132506,0.1,0.682944695772933,97.596708,72.888889,85.679012
50,20,15,3,3,184.32,0.3,45,1000,1.3333333333333333,AOMDV,AODV,0.4575456362187781,0.3688338473852003,0.7174190782226222,95.27572,66.288066,83.514403
50,20,15,3,4,184.32,0.3,45,1000,1.3333333333333333,AOMDV,AODV,0.6345459266824709,0.2661338670159971,0.6845874895128374,98.54321,80.386831,89.851852
50,20,15,3,5,184.32,0.3,45,1000,1.3333333333333333,AOMDV,AODV,0.5645177808172361,0.3173031065683535,0.7544702459469408,91.366255,64.641975,82.534979
50,20,15,5,1,307.2,0.3,75,1000,1.3333333333333333,DSDV,AODV,0.453118670668313,0.55,0.42278830560438657,72.439506,60.819753,69.703704
50,20,15,5,2,307.2,0.3,75,1000,1.3333333333333333,DSDV,AODV,0.44999999999999996,0.55,0.519103722273635,85.190123,71.037037,82.903704
50,20,15,5,3,307.2,0.3,75,1000,1.3333333333333333,AOMDV,AOMDV,0.37815562699545935,0.55,0.7368987055220159,71.120988,63.920988,72.488889
50,20,15,5,4,307.2,0.3,75,1000,1.3333333333333333,DSDV,AODV,0.5005789882336136,0.55,0.5174452681691003,96.241975,80.054321,88.498765
50,20,15,5,5,307.2,0.3,75,1000,1.3333333333333333,AODV,AODV,0.571548965431819,0.55,0.3624441602597335,75.871605,64.474074,71.846914
50,20,15,6,1,368.64,0.3,90,1000,1.3333333333333333,DSDV,AODV,0.4536680133438249,0.55,0.36917514550159314,66.452675,60.345679,64.09465
50,20,15,6,2,368.64,0.3,90,1000,1.3333333333333333,DSDV,AODV,0.5315548577689109,0.55,0.41774754510838424,78.423868,67.016461,75.91358
50,20,15,6,3,368.64,0.3,90,1000,1.3333333333333333,DSDV,AODV,0.5435629256154614,0.55,0.38521315440599907,65.345679,57.279835,62.855967
50,20,15,6,4,368.64,0.3,90,1000,1.3333333333333333,AODV,AODV,0.45723277819786456,0.45299537933428935,0.33823287769981625,92.308642,82.098765,83.633745
50,20,15,6,5,368.64,0.3,90,1000,1.3333333333333333,DSDV,AODV,0.5440177401897455,0.55,0.5244730686367959,67.54321,62.144033,67.44856
50,20,18,2,1,147.456,0.36,36,1000,1.1111111111111112,AOMDV,AODV,0.49844472578856236,0.39479095968663724,0.6949909256684137,84.3107,61.615226,73.971193
50,20,18,2,2,147.456,0.36,36,1000,1.1111111111111112,AODV,AODV,0.7035612067012695,0.20755592359180441,0.6596921192269675,97.942387,74.927984,87.067901
50,20,18,2,3,147.456,0.36,36,1000,1.1111111111111112,AOMDV,AODV,0.5988704371870537,0.31512131775269436,0.7088002696385464,97.623457,67.695473,84.907407
50,20,18,2,4,147.456,0.36,36,1000,1.1111111111111112,AOMDV,AODV,0.6648176984350305,0.24766667366960401,0.6939275779156774,98.13786,79.670782,89.68107
50,20,18,2,5,147.456,0.36,36,1000,1.1111111111111112,AOMDV,AODV,0.48760321951941965,0.55,0.6021047117837346,94.012346,67.376543,81.985597
50,20,18,3,1,221.184,0.36,54,1000,1.1111111111111112,AOMDV,AODV,0.44999999999999996,0.55,0.6361054210511773,78.058985,60.809328,71.54321
50,20,18,3,2,221.184,0.36,54,1000,1.1111111111111112,AOMDV,AODV,0.48990875434500514,0.2504148821761032,0.7363471487228191,95.0,74.897119,87.277092
50,20,18,3,3,221.184,0.36,54,1000,1.1111111111111112,AOMDV,AODV,0.44999999999999996,0.55,0.5912183488139731,92.66118,68.77915,82.44856
50,20,18,3,4,221.184,0.36,54,1000,1.1111111111111112,AOMDV,AODV,0.5057930139453151,0.47283003686255676,0.7063690331059373,97.722908,78.497942,90.082305
50,20,18,3,5,221.184,0.36,54,1000,1.1111111111111112,AOMDV,AODV,0.44999999999999996,0.55,0.6338576901722618,86.941015,67.139918,81.399177
50,20,18,4,1,294.912,0.36,72,1000,1.1111111111111112,DSDV,AODV,0.44999999999999996,0.55,0.5470389520166454,70.889918,58.590535,67.510288
50,20,18,4,2,294.912,0.36,72,1000,1.1111111111111112,DSDV,AODV,0.44999999999999996,0.55,0.44861128881426554,86.394033,73.034979,82.849794
50,20,18,4,3,294.912,0.36,72,1000,1.1111111111111112,AOMDV,AODV,0.44999999999999996,0.55,0.7098009011916857,79.547325,65.437243,78.924897
50,20,18,4,4,294.912,0.36,72,1000,1.1111111111111112,AOMDV,AODV,0.454587139962218,0.5364753223087926,0.6689608377430323,95.987654,80.29321,89.747942
50,20,18,4,5,294.912,0.36,72,1000,1.1111111111111112,AODV,AODV,0.5553040377106488,0.55,0.4006023519289234,77.57716,64.994856,73.986626
50,20,18,5,1,368.64,0.36,90,1000,1.1111111111111112,AOMDV,AOMDV,0.35466914616243267,0.55,0.7136878883589033,61.057613,54.979424,62.691358
50,20,18,5,2,368.64,0.36,90,1000,1.1111111111111112,DSDV,AODV,0.44999999999999996,0.55,0.48176901860565113,76.00823,69.580247,73.386831
50,20,18,5,3,368.64,0.36,90,1000,1.1111111111111112,DSDV,AODV,0.5409951640108369,0.55,0.39797881282171615,70.633745,60.069959,66.36214
50,20,18,5,4,368.64,0.36,90,1000,1.1111111111111112,AOMDV,AODV,0.44999999999999996,0.55,0.5638471689734884,88.757202,80.962963,86.057613
50,20,18,5,5,368.64,0.36,90,1000,1.1111111111111112,DSDV,AODV,0.5048758364627498,0.55,0.5049481827304046,68.399177,60.946502,66.806584
50,20,18,6,1,442.368,0.36,108,1000,1.1111111111111112,AOMDV,AOMDV,0.0,0.7258594659882555,0.744864890056502,52.239369,54.890261,59.022634
50,20,18,6,2,442.368,0.36,108,1000,1.1111111111111112,AODV,AODV,0.7172528890849597,0.55,0.22300122482255802,70.089163,66.515775,68.038409
50,20,18,6,3,442.368,0.36,108,1000,1.1111111111111112,DSDV,AODV,0.5398203197036092,0.55,0.3884329287806299,61.714678,57.314815,60.332647
50,20,18,6,4,442.368,0.36,108,1000,1.1111111111111112,AOMDV,AOMDV,0.19175740540610794,0.55,0.6538777279319812,79.25583,77.376543,81.786694
50,20,18,6,5,442.368,0.36,108,1000,1.1111111111111112,AOMDV,AOMDV,0.4742545939667422,0.55,0.5530501749148612,60.74417,59.032922,61.073388
50,20,18,8,1,589.824,0.36,144,1000,1.1111111111111112,DSDV,AODV,0.44999999999999996,0.55,0.4485728784223727,47.983539,45.416667,47.770062
50,20,18,8,2,589.824,0.36,144,1000,1.1111111111111112,DSDV,DSDV,0.02316233971652275,1.0,0.25566514557207876,52.698045,56.571502,54.583333
50,20,18,8,3,589.824,0.36,144,1000,1.1111111111111112,DSDV,AODV,0.5099027541697138,0.55,0.36233395713807753,44.742798,43.310185,44.318416
50,20,18,8,4,589.824,0.36,144,1000,1.1111111111111112,DSDV,AOMDV,0.02174285482081858,0.8284850898347205,0.4859518405414698,67.067901,69.04321,70.259774
50,20,18,8,5,589.824,0.36,144,1000,1.1111111111111112,DSDV,AOMDV,0.45072151385147696,0.55,0.488914670685816,48.153292,47.031893,48.541667
50,20,20,3,1,245.76,0.4,60,1000,1.0,AOMDV,AODV,0.44999999999999996,0.55,0.639506789883758,75.265432,60.512346,70.512346
50,20,20,3,2,245.76,0.4,60,1000,1.0,DSDV,AODV,0.44999999999999996,0.55,0.5374137109603463,93.932099,74.438272,85.679012
50,20,20,3,3,245.76,0.4,60,1000,1.0,AOMDV,AODV,0.44999999999999996,0.55,0.6854403637041695,89.049383,70.296296,83.919753
50,20,20,3,4,245.76,0.4,60,1000,1.0,AOMDV,AODV,0.47987714855653235,0.55,0.6179161406305496,97.395062,78.450617,88.771605
50,20,20,3,5,245.76,0.4,60,1000,1.0,DSDV,AODV,0.44999999999999996,0.55,0.5128036819074663,82.444444,65.703704,79.098765
50,20,20,5,1,409.6,0.4,100,1000,1.0,AOMDV,AOMDV,0.35373461493031993,0.55,0.6651186983862998,58.314815,54.3,59.407407
50,20,20,5,2,409.6,0.4,100,1000,1.0,DSDV,AODV,0.457097353517262,0.55,0.5218596610480736,72.785185,70.211111,72.485185
50,20,20,5,3,409.6,0.4,100,1000,1.0,AOMDV,AOMDV,0.27739453818118,0.55,0.5633587983356165,62.555556,59.396296,64.785185
50,20,20,5,4,409.6,0.4,100,1000,1.0,AOMDV,AOMDV,0.3679861621563183,0.55,0.639180600089575,81.359259,75.659259,82.62963
50,20,20,5,5,409.6,0.4,100,1000,1.0,AOMDV,AOMDV,0.31529606640569824,0.55,0.6721540141340814,59.603704,57.237037,60.614815
50,20,20,6,1,491.52,0.4,120,1000,1.0,AOMDV,AOMDV,0.2746679516797325,0.55,0.7222729643817405,52.425926,49.447531,54.32716
50,20,20,6,2,491.52,0.4,120,1000,1.0,AODV,AODV,0.6573918566713779,0.6567441795377236,0.028252378594094314,65.253086,63.734568,63.262346
50,20,20,6,3,491.52,0.4,120,1000,1.0,DSDV,AOMDV,0.06567057840209195,0.8481367400956847,0.4971995386812723,52.333333,53.320988,53.824074
50,20,20,6,4,491.52,0.4,120,1000,1.0,AOMDV,AOMDV,0.3968105257197053,0.55,0.7092986547946267,75.496914,71.145062,76.080247
50,20,20,6,5,491.52,0.4,120,1000,1.0,DSDV,DSDV,0.3833627453356042,1.0,0.08254331411215063,53.0,53.533951,51.904321
50,20,22,2,1,180.224,0.44,44,1000,0.9090909090909091,AOMDV,AODV,0.47963972488730655,0.55,0.6303989055249276,85.025253,62.63468,76.506734
50,20,22,2,2,180.224,0.44,44,1000,0.9090909090909091,AOMDV,AODV,0.6058859607797672,0.15100781270272334,0.7050114344204294,96.936027,74.848485,87.36532
50,20,22,2,3,180.224,0.44,44,1000,0.9090909090909091,AOMDV,AODV,0.48327404110499306,0.55,0.6927966812206899,96.893939,69.326599,84.957912
50,20,22,2,4,180.224,0.44,44,1000,0.9090909090909091,AOMDV,AODV,0.4914027566607977,0.5226731951602254,0.6761128847998051,97.643098,77.727273,88.981481
50,20,22,2,5,180.224,0.44,44,1000,0.9090909090909091,AOMDV,AODV,0.4845855794721451,0.31778690618899574,0.7593966993866598,89.915825,67.09596,82.558923
50,20,22,3,1,270.336,0.44,66,1000,0.9090909090909091,AOMDV,AODV,0.44999999999999996,0.55,0.6674673731486838,74.848485,61.049383,72.312009
50,20,22,3,2,270.336,0.44,66,1000,0.9090909090909091,DSDV,AODV,0.44999999999999996,0.55,0.407141738238661,89.96633,74.135802,82.671156
50,20,22,3,3,270.336,0.44,66,1000,0.9090909090909091,AOMDV,AODV,0.44999999999999996,0.55,0.7474530220211002,84.450056,67.300786,80.937149
50,20,22,3,4,270.336,0.44,66,1000,0.9090909090909091,AOMDV,AODV,0.44999999999999996,0.3692198762714166,0.6984087562819451,94.814815,75.707071,87.536476
50,20,22,3,5,270.336,0.44,66,1000,0.9090909090909091,DSDV,AODV,0.47360367264181347,0.55,0.42238587020182167,77.199776,64.93266,73.18743
50,20,22,4,1,360.448,0.44,88,1000,0.9090909090909091,DSDV,AODV,0.521275631414656,0.55,0.5078755892382086,67.878788,59.099327,67.537879
50,20,22,4,2,360.448,0.44,88,1000,0.9090909090909091,DSDV,AODV,0.49631492940521527,0.55,0.5384553606829726,77.790404,73.000842,77.453704
50,20,22,4,3,360.448,0.44,88,1000,0.9090909090909091,AOMDV,AOMDV,0.42364876085589326,0.55,0.5609976597642895,70.159933,63.930976,71.696128
50,20,22,4,4,360.448,0.44,88,1000,0.9090909090909091,AOMDV,AODV,0.44999999999999996,0.55,0.6378290351441788,82.285354,75.547138,80.84596
50,20,22,4,5,360.448,0.44,88,1000,0.9090909090909091,AOMDV,AODV,0.44999999999999996,0.55,0.6059807822383793,65.841751,60.795455,65.568182
50,20,22,5,1,450.56,0.44,110,1000,0.9090909090909091,AOMDV,AOMDV,0.0,0.5634500306295269,0.6896670280835844,55.895623,56.013468,59.838384
50,20,22,5,2,450.56,0.44,110,1000,0.9090909090909091,DSDV,DSDV,0.08406847658416597,1.0,0.35757957758556835,64.518519,66.656566,65.878788
50,20,22,5,3,450.56,0.44,110,1000,0.9090909090909091,AOMDV,AOMDV,0.38150896026288716,0.55,0.5593958529001333,57.96633,52.03367,59.939394
50,20,22,5,4,450.56,0.44,110,1000,0.9090909090909091,DSDV,AODV,0.5051427019733529,0.55,0.42399981546029414,75.542088,70.387205,74.10101
50,20,22,5,5,450.56,0.44,110,1000,0.9090909090909091,DSDV,AOMDV,0.22985488394729917,0.55,0.5433864240002559,55.185185,54.26936,56.531987
50,20,22,6,1,540.672,0.44,132,1000,0.9090909090909091,DSDV,DSDV,0.0,1.0,0.5797667677763019,44.525814,51.220539,51.046577
50,20,22,6,2,540.672,0.44,132,1000,0.9090909090909091,AODV,AODV,0.5934814548498549,0.5823930053338044,0.029402873555339243,58.888889,56.212121,56.004489
50,20,22,6,3,540.672,0.44,132,1000,0.9090909090909091,DSDV,DSDV,0.24616994748333954,1.0,0.08490491041313186,47.797419,49.952301,46.680696
50,20,22,6,4,540.672,0.44,132,1000,0.9090909090909091,DSDV,AODV,0.4764977300010522,0.7431937205449618,0.10448584717035413,66.910774,66.299102,65.838945
50,20,22,6,5,540.672,0.44,132,1000,0.9090909090909091,DSDV,DSDV,0.5337999826559968,1.0,0.041733996447428576,48.204265,48.428732,46.141975
50,20,22,8,1,720.896,0.44,176,1000,0.9090909090909091,DSDV,AOMDV,0.03234423754381528,0.76217022504501,0.5622808045964204,39.44234,40.608165,41.914983
50,20,22,8,2,720.896,0.44,176,1000,0.9090909090909091,DSDV,DSDV,0.04002989994513632,1.0,0.2360488097268939,40.174663,49.917929,43.869949
50,20,22,8,3,720.896,0.44,176,1000,0.9090909090909091,DSDV,AODV,0.6703626756667542,0.9862625621528268,0.016606243914565676,40.077862,39.930556,35.252525
50,20,22,8,4,720.896,0.44,176,1000,0.9090909090909091,DSDV,DSDV,0.1552977094787427,1.0,0.03737640069864097,51.41835,57.199074,50.275673
50,20,22,8,5,720.896,0.44,176,1000,0.9090909090909091,DSDV,DSDV,0.07635851704939463,1.0,0.15243932076708827,35.385101,40.425084,36.277357
50,20,25,3,1,307.2,0.5,75,1000,0.8,AOMDV,AOMDV,0.42475161298099673,0.55,0.7414064624045357,67.654321,59.679012,68.128395
50,20,25,3,2,307.2,0.5,75,1000,0.8,DSDV,AODV,0.44999999999999996,0.55,0.4144590826701753,82.854321,72.212346,78.967901
50,20,25,3,3,307.2,0.5,75,1000,0.8,AOMDV,AOMDV,0.4188270378465644,0.55,0.723686777843829,79.585185,68.77037,80.390123
50,20,25,3,4,307.2,0.5,75,1000,0.8,DSDV,AODV,0.44999999999999996,0.55,0.5284910276391189,87.269136,75.555556,84.25679
50,20,25,3,5,307.2,0.5,75,1000,0.8,AOMDV,AOMDV,0.42401313192200263,0.55,0.5877467543504803,71.71358,65.348148,72.103704
50,20,25,5,1,512.0,0.5,125,1000,0.8,AOMDV,AOMDV,0.25552486470663205,0.55,0.667535426464062,51.122963,48.382222,53.208889
50,20,25,5,2,512.0,0.5,125,1000,0.8,AODV,AODV,0.6187002439588757,0.55,0.04540644297282923,58.631111,57.973333,57.988148
50,20,25,5,3,512.0,0.5,125,1000,0.8,DSDV,DSDV,0.0887308746370328,1.0,0.12198885584055638,51.685926,53.641481,51.97037
50,20,25,5,4,512.0,0.5,125,1000,0.8,DSDV,DSDV,0.35432989309899815,1.0,0.02705688536761639,64.37037,64.743704,63.677037
50,20,25,5,5,512.0,0.5,125,1000,0.8,AODV,AODV,0.7004022861271905,0.55,0.25700605818999356,52.097778,48.29037,50.245926
50,20,25,6,1,614.4,0.5,150,1000,0.8,DSDV,AOMDV,0.18509003905211574,0.55,0.531065657346252,44.777778,43.987654,45.908642
50,20,25,6,2,614.4,0.5,150,1000,0.8,DSDV,DSDV,0.06840850506982708,1.0,0.18724393358310243,46.155556,54.538272,48.520988
50,20,25,6,3,614.4,0.5,150,1000,0.8,DSDV,DSDV,0.058932016764963374,1.0,0.16590122294213525,42.338272,45.839506,43.182716
50,20,25,6,4,614.4,0.5,150,1000,0.8,DSDV,DSDV,0.08364200214675085,1.0,0.05457938236417517,55.888889,60.074074,55.597531
50,20,25,6,5,614.4,0.5,150,1000,0.8,DSDV,DSDV,0.33570156072737306,1.0,0.023571756027959644,43.706173,48.180247,42.241975
50,30,5,3,1,61.44,0.1,15,1500,6.0,AODV,AODV,0.6902487050427195,0.1704527481852604,0.6297543279974823,83.111111,55.975309,66.814815
50,30,5,3,2,61.44,0.1,15,1500,6.0,AODV,AODV,0.7028064837901827,0.16455474812715437,0.6678529430141977,95.851852,53.876543,74.197531
50,30,5,3,3,61.44,0.1,15,1500,6.0,AODV,AODV,0.8568340140642474,0.1,0.6243685438685863,96.938272,53.925926,70.592593
50,30,5,3,4,61.44,0.1,15,1500,6.0,AOMDV,AODV,0.5499999999999999,0.5283065099602631,0.6406779051370597,99.654321,95.283951,97.135802
50,30,5,3,5,61.44,0.1,15,1500,6.0,AOMDV,AODV,0.5333767721130767,0.55,0.6529845826264805,88.888889,54.518519,75.012346
50,30,5,5,1,102.4,0.1,25,1500,6.0,AODV,AODV,0.7087427724025608,0.23473019228423384,0.6800420166725981,83.851852,52.118519,68.340741
50,30,5,5,2,102.4,0.1,25,1500,6.0,AODV,AODV,0.805547439263907,0.1,0.6488589201746466,98.074074,55.22963,74.162963
50,30,5,5,3,102.4,0.1,25,1500,6.0,AODV,AODV,0.7103796822403977,0.15420560683491707,0.6554597674431512,97.762963,51.362963,72.548148
50,30,5,5,4,102.4,0.1,25,1500,6.0,AOMDV,AODV,0.5499999999999999,0.5343490294531872,0.7258849232651227,99.2,94.666667,97.540741
50,30,5,5,5,102.4,0.1,25,1500,6.0,AOMDV,AODV,0.53201011230319,0.5348054510027171,0.6731482322702056,89.6,54.0,72.474074
50,30,5,6,1,122.88,0.1,30,1500,6.0,AODV,AODV,0.6638483593551525,0.27987121730998976,0.6575574602280259,83.876543,52.185185,66.802469
50,30,5,6,2,122.88,0.1,30,1500,6.0,AOMDV,AODV,0.6473347990601126,0.2733272118540102,0.649098839686766,97.0,54.530864,73.320988
50,30,5,6,3,122.88,0.1,30,1500,6.0,AODV,AODV,0.8672546067797144,0.1,0.6633401729359686,97.444444,49.320988,72.135802
50,30,5,6,4,122.88,0.1,30,1500,6.0,AOMDV,AODV,0.5499999999999999,0.533845979723026,0.623137461651738,99.395062,95.518519,97.333333
50,30,5,6,5,122.88,0.1,30,1500,6.0,AOMDV,AODV,0.6307917572093433,0.35,0.6781346238737385,90.259259,58.123457,74.419753
50,30,7,2,1,57.344,0.14,14,1500,4.285714285714286,AOMDV,AODV,0.5338471666279201,0.55,0.5969932722633395,81.798942,55.079365,65.502646
50,30,7,2,2,57.344,0.14,14,1500,4.285714285714286,AODV,AODV,0.8268344705007203,0.1,0.6401840446777478,96.507937,57.698413,74.100529
50,30,7,2,3,57.344,0.14,14,1500,4.285714285714286,DSDV,AODV,0.5303247700595004,0.55,0.5332884013502058,96.693122,59.047619,76.560847
50,30,7,2,4,57.344,0.14,14,1500,4.285714285714286,AOMDV,AODV,0.5397078991307427,0.55,0.624745435390653,96.216931,80.714286,87.883598
50,30,7,2,5,57.344,0.14,14,1500,4.285714285714286,AODV,AODV,0.6753405100804787,0.15870634024078126,0.6614048284315096,87.804233,52.777778,69.232804
50,30,7,3,1,86.016,0.14,21,1500,4.285714285714286,AODV,AODV,0.7037288787461125,0.18933576373238442,0.6829500802017134,83.880071,52.433862,68.712522
50,30,7,3,2,86.016,0.14,21,1500,4.285714285714286,AODV,AODV,0.8749562494317806,0.1,0.6671227326007944,97.689594,53.862434,75.008818
50,30,7,3,3,86.016,0.14,21,1500,4.285714285714286,AODV,AODV,0.8996564129345191,0.1,0.6636704183979185,97.795414,55.414462,75.537919
50,30,7,3,4,86.016,0.14,21,1500,4.285714285714286,AOMDV,AODV,0.5401779314455233,0.55,0.6228493344856246,96.984127,79.347443,87.742504
50,30,7,3,5,86.016,0.14,21,1500,4.285714285714286,AOMDV,AODV,0.5229555379947424,0.5422278052203745,0.6832508645295186,87.795414,50.705467,71.446208
50,30,7,4,1,114.688,0.14,28,1500,4.285714285714286,AOMDV,AODV,0.6912350542696014,0.22994153933775313,0.7015340375157801,82.195767,54.603175,70.026455
50,30,7,4,2,114.688,0.14,28,1500,4.285714285714286,AODV,AODV,0.683941269303808,0.23493390257158475,0.6823188401209037,97.566138,56.494709,77.698413
50,30,7,4,3,114.688,0.14,28,1500,4.285714285714286,AOMDV,AODV,0.5284742543545693,0.44158332420805635,0.6230793473057953,97.513228,58.439153,74.748677
50,30,7,4,4,114.688,0.14,28,1500,4.285714285714286,AOMDV,AODV,0.5440107345890695,0.55,0.5887835901529278,96.759259,79.801587,86.349206
50,30,7,4,5,114.688,0.14,28,1500,4.285714285714286,AOMDV,AODV,0.57657479400579,0.3316471706108194,0.6801313029462577,90.410053,52.12963,71.706349
50,30,7,5,1,143.36,0.14,35,1500,4.285714285714286,AOMDV,AODV,0.5254086603203886,0.55,0.5997884308351429,83.047619,53.417989,67.851852
50,30,7,5,2,143.36,0.14,35,1500,4.285714285714286,AODV,AODV,0.7137359543840339,0.23455983498999594,0.6340770074082874,96.666667,56.47619,73.777778
50,30,7,5,3,143.36,0.14,35,1500,4.285714285714286,AODV,AODV,0.8930458020571681,0.1,0.6592222218281449,97.513228,54.656085,74.582011
50,30,7,5,4,143.36,0.14,35,1500,4.285714285714286,AODV,AODV,0.6808113963048956,0.3249629773206143,0.6497957970939103,97.89418,79.756614,87.809524
50,30,7,5,5,143.36,0.14,35,1500,4.285714285714286,AOMDV,AODV,0.5095564476263262,0.55,0.5714012354093319,88.359788,51.84127,69.195767
50,30,7,6,1,172.032,0.14,42,1500,4.285714285714286,AOMDV,AODV,0.5181027767958206,0.55,0.591644544308495,81.269841,54.832451,68.042328
50,30,7,6,2,172.032,0.14,42,1500,4.285714285714286,AOMDV,AODV,0.4507439653151387,0.4427181554819154,0.688875412932928,92.601411,58.342152,77.231041
50,30,7,6,3,172.032,0.14,42,1500,4.285714285714286,AOMDV,AODV,0.5080054162696831,0.55,0.5766174304795758,97.116402,57.557319,75.149912
50,30,7,6,4,172.032,0.14,42,1500,4.285714285714286,AOMDV,AODV,0.535683502539354,0.55,0.5632930168237791,97.522046,79.294533,86.499118
50,30,7,6,5,172.032,0.14,42,1500,4.285714285714286,DSDV,AODV,0.4999621940867577,0.55,0.4929969022441623,82.733686,53.227513,68.024691
50,30,7,8,1,229.376,0.14,56,1500,4.285714285714286,AOMDV,AODV,0.4981686274690418,0.55,0.6421727962434362,77.751323,53.181217,66.924603
50,30,7,8,2,229.376,0.14,56,1500,4.285714285714286,AOMDV,AODV,0.44999999999999996,0.55,0.6199521959292609,85.939153,57.156085,72.797619
50,30,7,8,3,229.376,0.14,56,1500,4.285714285714286,AOMDV,AODV,0.44999999999999996,0.55,0.5606229118647285,88.531746,56.256614,73.64418
50,30,7,8,4,229.376,0.14,56,1500,4.285714285714286,AOMDV,AODV,0.6296122921773322,0.35,0.6477460526606367,96.818783,79.17328,87.374339
50,30,7,8,5,229.376,0.14,56,1500,4.285714285714286,DSDV,AODV,0.44999999999999996,0.55,0.48148812191154283,78.948413,50.654762,67.23545
50,30,10,3,1,122.88,0.2,30,1500,3.0,AOMDV,AODV,0.516972597577162,0.55,0.6388751919032101,86.419753,58.518519,72.641975
50,30,10,3,2,122.88,0.2,30,1500,3.0,AODV,AODV,0.708406860318892,0.5182821097445219,0.3995472710350204,96.740741,57.111111,75.469136
50,30,10,3,3,122.88,0.2,30,1500,3.0,DSDV,AODV,0.4996928418244735,0.55,0.39459558593854954,96.765432,54.222222,74.061728
50,30,10,3,4,122.88,0.2,30,1500,3.0,AOMDV,AODV,0.5372499587797993,0.55,0.6361370685673141,96.925926,80.197531,89.197531
50,30,10,3,5,122.88,0.2,30,1500,3.0,AOMDV,AODV,0.5587334519840622,0.32083088093981404,0.690899055291035,92.740741,53.604938,74.555556
50,30,10,5,1,204.8,0.2,50,1500,3.0,AOMDV,AODV,0.5015384019907306,0.55,0.6193839758162554,83.651852,60.622222,73.659259
50,30,10,5,2,204.8,0.2,50,1500,3.0,AOMDV,AODV,0.44999999999999996,0.43678675061276306,0.7018387444291722,87.251852,59.103704,76.4
50,30,10,5,3,204.8,0.2,50,1500,3.0,AOMDV,AODV,0.44999999999999996,0.4536423452561513,0.75007934180294,88.874074,52.385185,73.97037
50,30,10,5,4,204.8,0.2,50,1500,3.0,AOMDV,AODV,0.5339578858350951,0.55,0.7022099162470183,95.125926,80.518519,89.62963
50,30,10,5,5,204.8,0.2,50,1500,3.0,AOMDV,AODV,0.5181575399814572,0.3451883402610325,0.6873591569367801,87.82963,56.274074,72.918519
50,30,10,6,1,245.76,0.2,60,1500,3.0,DSDV,AODV,0.49346173454745573,0.55,0.47880712601960407,82.401235,60.407407,71.740741
50,30,10,6,2,245.76,0.2,60,1500,3.0,DSDV,AODV,0.44999999999999996,0.55,0.5117555788230924,80.271605,55.222222,71.018519
50,30,10,6,3,245.76,0.2,60,1500,3.0,AOMDV,AODV,0.5300630514869905,0.35,0.573397558377646,82.537037,51.876543,70.382716
50,30,10,6,4,245.76,0.2,60,1500,3.0,AOMDV,AODV,0.5287705667719804,0.5291090519304219,0.6531931750261454,96.308642,81.432099,88.530864
50,30,10,6,5,245.76,0.2,60,1500,3.0,AOMDV,AODV,0.44999999999999996,0.55,0.564469289990905,83.049383,56.740741,71.864198
50,30,12,2,1,98.304,0.24,24,1500,2.5,AOMDV,AODV,0.51670365473352,0.55,0.6185185438664671,82.777778,57.530864,70.200617
50,30,12,2,2,98.304,0.24,24,1500,2.5,AOMDV,AODV,0.6712343217905138,0.1331190952053297,0.6922769615120601,96.975309,62.20679,80.925926
50,30,12,2,3,98.304,0.24,24,1500,2.5,AODV,AODV,0.7455343532517239,0.1,0.6782448132792981,96.743827,52.87037,75.123457
50,30,12,2,4,98.304,0.24,24,1500,2.5,AOMDV,AODV,0.5550367362556474,0.32058316571645845,0.6960937490151171,95.108025,80.29321,88.395062
50,30,12,2,5,98.304,0.24,24,1500,2.5,AOMDV,AODV,0.6354125430587267,0.22326605273683953,0.6677190199792923,91.17284,52.067901,70.987654
50,30,12,3,1,147.456,0.24,36,1500,2.5,AOMDV,AODV,0.5108973526905505,0.55,0.6627522358082697,81.923868,57.520576,69.506173
50,30,12,3,2,147.456,0.24,36,1500,2.5,AOMDV,AODV,0.4878359157650786,0.4877349383940607,0.650395706854967,96.697531,63.13786,79.331276
50,30,12,3,3,147.456,0.24,36,1500,2.5,AODV,AODV,0.6388252156494997,0.20156871800921633,0.6265732348262956,96.985597,58.076132,73.343621
50,30,12,3,4,147.456,0.24,36,1500,2.5,AOMDV,AODV,0.5236802610253896,0.515768290995073,0.6431847119417538,95.58642,79.537037,87.078189
50,30,12,3,5,147.456,0.24,36,1500,2.5,AOMDV,AODV,0.5745197560597186,0.33228387037865836,0.6938799047129925,91.018519,50.925926,72.654321
50,30,12,4,1,196.608,0.24,48,1500,2.5,AOMDV,AODV,0.5324121583751292,0.35,0.6771802640906481,81.134259,57.044753,69.74537
50,30,12,4,2,196.608,0.24,48,1500,2.5,AOMDV,AODV,0.44999999999999996,0.4688442172999332,0.6767499916068274,92.79321,63.402778,78.996914
50,30,12,4,3,196.608,0.24,48,1500,2.5,AOMDV,AODV,0.5948080145686989,0.19772208109978934,0.7021716564035995,91.219136,54.830247,73.989198
50,30,12,4,4,196.608,0.24,48,1500,2.5,AOMDV,AODV,0.5170336566345998,0.55,0.6066074182922245,94.598765,80.416667,87.962963
50,30,12,4,5,196.608,0.24,48,1500,2.5,AOMDV,AODV,0.44999999999999996,0.55,0.7059200177577208,84.691358,50.748457,72.029321
50,30,12,5,1,245.76,0.24,60,1500,2.5,AOMDV,AODV,0.4924580833507308,0.55,0.6043219564217814,77.679012,57.58642,67.333333
50,30,12,5,2,245.76,0.24,60,1500,2.5,AOMDV,AODV,0.44999999999999996,0.5149553209885464,0.6625947395972968,87.302469,62.283951,75.067901
50,30,12,5,3,245.76,0.24,60,1500,2.5,AOMDV,AODV,0.44999999999999996,0.55,0.6342000831857648,80.993827,55.648148,72.203704
50,30,12,5,4,245.76,0.24,60,1500,2.5,DSDV,AODV,0.5171414970005661,0.55,0.4974543498605841,95.04321,78.907407,87.839506
50,30,12,5,5,245.76,0.24,60,1500,2.5,AOMDV,AODV,0.44999999999999996,0.5052641105424834,0.7115033278400217,77.080247,51.734568,69.598765
50,30,12,6,1,294.912,0.24,72,1500,2.5,DSDV,AODV,0.47815226647552816,0.49979981559123066,0.4509032077693657,74.079218,55.0,65.63786
50,30,12,6,2,294.912,0.24,72,1500,2.5,AOMDV,AODV,0.44999999999999996,0.5325706110999282,0.6063202814630132,79.140947,62.397119,72.314815
50,30,12,6,3,294.912,0.24,72,1500,2.5,AOMDV,AODV,0.44999999999999996,0.36516595860376333,0.7370999345120991,72.736626,53.333333,68.425926
50,30,12,6,4,294.912,0.24,72,1500,2.5,AOMDV,AODV,0.5518379249719841,0.35,0.6867714143510747,94.099794,78.765432,86.893004
50,30,12,6,5,294.912,0.24,72,1500,2.5,DSDV,AODV,0.45550553917779957,0.55,0.4730888034738157,70.298354,50.514403,62.932099
50,30,12,8,1,393.216,0.24,96,1500,2.5,DSDV,AODV,0.4628562793668956,0.55,0.3831533395199128,65.968364,52.438272,61.28858
50,30,12,8,2,393.216,0.24,96,1500,2.5,DSDV,AODV,0.45152281876307754,0.55,0.5047561349951958,66.871142,57.523148,65.335648
50,30,12,8,3,393.216,0.24,96,1500,2.5,DSDV,AODV,0.5149528567238544,0.55,0.49425869590346694,57.094907,48.352623,55.551698
50,30,12,8,4,393.216,0.24,96,1500,2.5,DSDV,AODV,0.4910006260208817,0.55,0.47938485310825885,91.83642,79.899691,85.810185
50,30,12,8,5,393.216,0.24,96,1500,2.5,DSDV,AODV,0.5143348899532209,0.55,0.48431410101410893,60.327932,46.682099,58.074846
50,30,15,3,1,184.32,0.3,45,1500,2.0,AOMDV,AODV,0.49597674798125263,0.5192632331638993,0.7015559533774869,79.45679,52.098765,67.81893
50,30,15,3,2,184.32,0.3,45,1500,2.0,AOMDV,AODV,0.4548988701537809,0.48645442555175056,0.676575269595778,94.213992,61.316872,78.296296
50,30,15,3,3,184.32,0.3,45,1500,2.0,AOMDV,AODV,0.44999999999999996,0.55,0.5863939037626668,92.625514,55.09465,74.148148
50,30,15,3,4,184.32,0.3,45,1500,2.0,AOMDV,AODV,0.4990271562905769,0.5301475578173764,0.6937984027134904,92.806584,73.876543,84.288066
50,30,15,3,5,184.32,0.3,45,1500,2.0,AOMDV,AODV,0.44999999999999996,0.36775962436942566,0.7180974963352132,84.691358,49.547325,70.115226
50,30,15,5,1,307.2,0.3,75,1500,2.0,DSDV,AODV,0.4516439091613658,0.55,0.41789072521818005,70.079012,51.837037,61.955556
50,30,15,5,2,307.2,0.3,75,1500,2.0,DSDV,AODV,0.44999999999999996,0.55,0.485707813039325,76.301235,62.365432,69.832099
50,30,15,5,3,307.2,0.3,75,1500,2.0,AOMDV,AODV,0.44999999999999996,0.55,0.6522063975847324,67.891358,49.432099,65.590123
50,30,15,5,4,307.2,0.3,75,1500,2.0,AOMDV,AODV,0.4795007364644216,0.55,0.5902170122094272,89.096296,72.108642,83.624691
50,30,15,5,5,307.2,0.3,75,1500,2.0,AOMDV,AODV,0.44999999999999996,0.55,0.6357484877114619,66.138272,48.888889,61.254321
50,30,15,6,1,368.64,0.3,90,1500,2.0,DSDV,AODV,0.44999999999999996,0.55,0.4274589862471225,63.049383,50.502058,58.489712
50,30,15,6,2,368.64,0.3,90,1500,2.0,AOMDV,AODV,0.44999999999999996,0.5414783566170901,0.7528663358521925,67.576132,57.666667,65.872428
50,30,15,6,3,368.64,0.3,90,1500,2.0,AOMDV,AODV,0.44999999999999996,0.55,0.5848011801645742,59.868313,47.967078,58.403292
50,30,15,6,4,368.64,0.3,90,1500,2.0,AOMDV,AODV,0.4689499481133697,0.55,0.6618556241202681,85.658436,72.473251,82.390947
50,30,15,6,5,368.64,0.3,90,1500,2.0,DSDV,AODV,0.44999999999999996,0.55,0.5263001217220645,60.226337,46.469136,58.065844
50,30,18,2,1,147.456,0.36,36,1500,1.6666666666666667,AOMDV,AODV,0.49979299521710363,0.39255352064644977,0.6707746531828236,81.141975,54.845679,67.746914
50,30,18,2,2,147.456,0.36,36,1500,1.6666666666666667,AODV,AODV,0.7007577864706127,0.1,0.687728345312226,95.967078,61.049383,79.495885
50,30,18,2,3,147.456,0.36,36,1500,1.6666666666666667,AODV,AODV,0.8095247567620166,0.1,0.6690495849824197,95.298354,57.952675,76.131687
50,30,18,2,4,147.456,0.36,36,1500,1.6666666666666667,AOMDV,AODV,0.5035657208750872,0.5461496821147194,0.7100310262231594,93.271605,72.911523,84.938272
50,30,18,2,5,147.456,0.36,36,1500,1.6666666666666667,AOMDV,AODV,0.47081342817099725,0.41386664590391886,0.7032388635236284,87.273663,51.697531,71.718107
50,30,18,3,1,221.184,0.36,54,1500,1.6666666666666667,AOMDV,AODV,0.47144431970350725,0.55,0.5761636073068516,77.174211,53.065844,65.775034
50,30,18,3,2,221.184,0.36,54,1500,1.6666666666666667,AOMDV,AODV,0.44999999999999996,0.5202758451213653,0.6829299234146391,88.525377,59.924554,76.00823
50,30,18,3,3,221.184,0.36,54,1500,1.6666666666666667,AOMDV,AODV,0.44999999999999996,0.55,0.685678501841815,86.70096,55.857339,73.052126
50,30,18,3,4,221.184,0.36,54,1500,1.6666666666666667,AOMDV,AODV,0.4854633653248568,0.5359037794034084,0.7237989956216941,91.769547,72.009602,84.451303
50,30,18,3,5,221.184,0.36,54,1500,1.6666666666666667,AOMDV,AODV,0.44999999999999996,0.55,0.6411778092521621,76.995885,50.672154,67.81893
50,30,18,4,1,294.912,0.36,72,1500,1.6666666666666667,DSDV,AODV,0.44999999999999996,0.55,0.48485275694811253,69.161523,52.026749,63.148148
50,30,18,4,2,294.912,0.36,72,1500,1.6666666666666667,AOMDV,AODV,0.44999999999999996,0.46094965614532346,0.706763425159455,76.270576,60.787037,71.244856
50,30,18,4,3,294.912,0.36,72,1500,1.6666666666666667,AOMDV,AODV,0.44999999999999996,0.55,0.6569091162135678,73.729424,55.390947,67.669753
50,30,18,4,4,294.912,0.36,72,1500,1.6666666666666667,AOMDV,AODV,0.4672074504953753,0.55,0.5981172782759838,90.010288,73.297325,83.395062
50,30,18,4,5,294.912,0.36,72,1500,1.6666666666666667,AOMDV,AODV,0.4701208807754004,0.55,0.573130801387448,67.505144,48.40535,63.276749
50,30,18,5,1,368.64,0.36,90,1500,1.6666666666666667,DSDV,AODV,0.44999999999999996,0.55,0.4856996166741296,60.99177,48.748971,57.744856
50,30,18,5,2,368.64,0.36,90,1500,1.6666666666666667,DSDV,AODV,0.48810732721485217,0.55,0.4029684480106454,67.209877,54.876543,62.699588
50,30,18,5,3,368.64,0.36,90,1500,1.6666666666666667,AOMDV,AOMDV,0.3876747519652,0.55,0.6549154553160395,58.90535,50.279835,61.17284
50,30,18,5,4,368.64,0.36,90,1500,1.6666666666666667,AOMDV,AODV,0.4512918255170551,0.47387786974423796,0.6804629743112033,87.139918,72.45679,82.115226
50,30,18,5,5,368.64,0.36,90,1500,1.6666666666666667,DSDV,AODV,0.44999999999999996,0.55,0.38402885984856383,60.288066,48.802469,55.596708
50,30,18,6,1,442.368,0.36,108,1500,1.6666666666666667,AOMDV,AOMDV,0.4026683534723491,0.55,0.6340240307324022,52.784636,46.86214,53.480796
50,30,18,6,2,442.368,0.36,108,1500,1.6666666666666667,DSDV,AODV,0.5150842181970247,0.55,0.17027884338129465,60.301783,54.482167,56.16941
50,30,18,6,3,442.368,0.36,108,1500,1.6666666666666667,AOMDV,AOMDV,0.29669338013863705,0.55,0.6217522052809803,50.010288,44.368999,52.92524
50,30,18,6,4,442.368,0.36,108,1500,1.6666666666666667,AOMDV,AODV,0.44999999999999996,0.55,0.6461194369387825,79.598765,71.296296,78.665981
50,30,18,6,5,442.368,0.36,108,1500,1.6666666666666667,DSDV,AODV,0.48229111794233837,0.55,0.33062307606745917,54.20096,44.955418,50.10631
50,30,18,8,1,589.824,0.36,144,1500,1.6666666666666667,DSDV,AODV,0.44999999999999996,0.7630319605400576,0.13925834702963252,42.721193,41.702675,40.787037
50,30,18,8,2,589.824,0.36,144,1500,1.6666666666666667,DSDV,DSDV,0.483198605162185,1.0,0.0311847566584686,48.950617,50.118313,45.6893
50,30,18,8,3,589.824,0.36,144,1500,1.6666666666666667,DSDV,AOMDV,0.07889729824323732,0.7266355235627562,0.5836893973969486,37.947531,38.271605,38.773148
50,30,18,8,4,589.824,0.36,144,1500,1.6666666666666667,AODV,AODV,0.5974348727524069,0.55,0.21105119023758173,72.183642,68.36677,70.156893
50,30,18,8,5,589.824,0.36,144,1500,1.6666666666666667,AODV,AODV,0.5978846046526982,0.55,0.11620820080523814,44.791667,40.30607,40.835905
50,30,20,3,1,245.76,0.4,60,1500,1.5,AOMDV,AODV,0.47038084349471515,0.5346552648349205,0.664970688441985,75.790123,50.895062,64.617284
50,30,20,3,2,245.76,0.4,60,1500,1.5,AOMDV,AODV,0.44999999999999996,0.46107248373719845,0.6426246415805499,85.765432,62.623457,77.141975
50,30,20,3,3,245.76,0.4,60,1500,1.5,AOMDV,AODV,0.44999999999999996,0.55,0.759364971144113,79.006173,56.067901,73.351852
50,30,20,3,4,245.76,0.4,60,1500,1.5,AOMDV,AODV,0.47845087631259875,0.55,0.6160335107973856,91.944444,71.067901,80.969136
50,30,20,3,5,245.76,0.4,60,1500,1.5,AOMDV,AODV,0.44999999999999996,0.55,0.563982926450841,73.685185,51.228395,65.54321
50,30,20,5,1,409.6,0.4,100,1500,1.5,AOMDV,AODV,0.44999999999999996,0.55,0.6099589201773363,56.518519,47.17037,55.059259
50,30,20,5,2,409.6,0.4,100,1500,1.5,DSDV,AODV,0.45104953754853994,0.55,0.33618396576006837,66.811111,57.511111,63.088889
50,30,20,5,3,409.6,0.4,100,1500,1.5,DSDV,AODV,0.48679447332563985,0.55,0.5130141370161364,56.477778,49.492593,55.411111
50,30,20,5,4,409.6,0.4,100,1500,1.5,AOMDV,AODV,0.44999999999999996,0.55,0.5982510535532298,79.362963,68.818519,77.114815
50,30,20,5,5,409.6,0.4,100,1500,1.5,DSDV,AODV,0.44999999999999996,0.55,0.4286725239698231,53.92963,44.888889,50.992593
50,30,20,6,1,491.52,0.4,120,1500,1.5,AOMDV,AODV,0.44999999999999996,0.55,0.6628903452632191,49.521605,45.092593,49.274691
50,30,20,6,2,491.52,0.4,120,1500,1.5,DSDV,AODV,0.5436894434088462,0.55,0.42544380490702377,56.280864,53.787037,55.820988
50,30,20,6,3,491.52,0.4,120,1500,1.5,AOMDV,AOMDV,0.27356051317226976,0.55,0.7003450565485563,44.712963,39.92284,47.802469
50,30,20,6,4,491.52,0.4,120,1500,1.5,AOMDV,AODV,0.44999999999999996,0.55,0.5767837634989997,74.046296,68.703704,73.450617
50,30,20,6,5,491.52,0.4,120,1500,1.5,DSDV,AODV,0.44999999999999996,0.55,0.4704351199803667,45.287037,40.219136,44.398148
50,30,22,2,1,180.224,0.44,44,1500,1.3636363636363635,AOMDV,AODV,0.48779414533439763,0.5024690387832953,0.6750000056860244,82.323232,55.942761,69.132997
50,30,22,2,2,180.224,0.44,44,1500,1.3636363636363635,AOMDV,AODV,0.44999999999999996,0.4955675116257604,0.6916557077214672,94.93266,61.035354,78.838384
50,30,22,2,3,180.224,0.44,44,1500,1.3636363636363635,AOMDV,AODV,0.5319513375517169,0.22501275830159984,0.6779829556817617,94.907407,59.351852,77.36532
50,30,22,2,4,180.224,0.44,44,1500,1.3636363636363635,AOMDV,AODV,0.5434877186715731,0.31768528617387376,0.7095764615172191,90.614478,68.156566,81.111111
50,30,22,2,5,180.224,0.44,44,1500,1.3636363636363635,AOMDV,AODV,0.44999999999999996,0.524960760528555,0.7276342513865555,81.700337,52.154882,69.335017
50,30,22,3,1,270.336,0.44,66,1500,1.3636363636363635,AOMDV,AODV,0.44999999999999996,0.55,0.59343618207,71.874299,55.808081,66.24018
50,30,22,3,2,270.336,0.44,66,1500,1.3636363636363635,AOMDV,AODV,0.44999999999999996,0.55,0.6712083302162691,81.57688,60.959596,74.983165
50,30,22,3,3,270.336,0.44,66,1500,1.3636363636363635,AOMDV,AODV,0.44999999999999996,0.5351571166369756,0.8106506760393012,78.058361,54.444444,74.090909
50,30,22,3,4,270.336,0.44,66,1500,1.3636363636363635,AOMDV,AODV,0.4566377182187519,0.55,0.6567356557058093,87.800224,67.272727,80.056117
50,30,22,3,5,270.336,0.44,66,1500,1.3636363636363635,AOMDV,AODV,0.44999999999999996,0.55,0.6399434980079578,65.757576,49.489338,62.154882
50,30,22,4,1,360.448,0.44,88,1500,1.3636363636363635,DSDV,AODV,0.44999999999999996,0.55,0.496770597386509,62.108586,53.219697,59.095118
50,30,22,4,2,360.448,0.44,88,1500,1.3636363636363635,AOMDV,AODV,0.44999999999999996,0.55,0.5948420186172049,67.045455,58.657407,64.894781
50,30,22,4,3,360.448,0.44,88,1500,1.3636363636363635,AOMDV,AOMDV,0.4228031153289274,0.5138528988646877,0.8132225405810197,61.767677,51.102694,62.453704
50,30,22,4,4,360.448,0.44,88,1500,1.3636363636363635,DSDV,AODV,0.44999999999999996,0.55,0.5322905647886372,79.89899,67.996633,75.462963
50,30,22,4,5,360.448,0.44,88,1500,1.3636363636363635,DSDV,AODV,0.45883339962255987,0.55,0.34856164195494943,59.137205,45.0,53.800505
50,30,22,5,1,450.56,0.44,110,1500,1.3636363636363635,DSDV,AODV,0.44999999999999996,0.55,0.3301031650660709,55.767677,49.353535,52.838384
50,30,22,5,2,450.56,0.44,110,1500,1.3636363636363635,DSDV,AODV,0.518105340435047,0.55,0.33887666692491725,61.232323,53.919192,58.279461
50,30,22,5,3,450.56,0.44,110,1500,1.3636363636363635,AOMDV,AOMDV,0.13072624431467017,0.55,0.6803918099147535,47.313131,45.037037,52.872054
50,30,22,5,4,450.56,0.44,110,1500,1.3636363636363635,DSDV,AODV,0.5361141428904415,0.55,0.35154575701081503,73.737374,64.962963,70.750842
50,30,22,5,5,450.56,0.44,110,1500,1.3636363636363635,DSDV,AODV,0.44999999999999996,0.55,0.2804244159946556,49.707071,42.86532,46.151515
50,30,22,6,1,540.672,0.44,132,1500,1.3636363636363635,DSDV,AODV,0.48508427792625775,0.6283303728847496,0.03929671274891517,48.77385,47.469136,47.194164
50,30,22,6,2,540.672,0.44,132,1500,1.3636363636363635,DSDV,AODV,0.44999999999999996,0.6032379275884497,0.08015758447331592,51.035354,49.048822,48.782267
50,30,22,6,3,540.672,0.44,132,1500,1.3636363636363635,AOMDV,AOMDV,0.20947415939802963,0.55,0.5656774987258973,44.654882,43.605499,46.537598
50,30,22,6,4,540.672,0.44,132,1500,1.3636363636363635,AOMDV,AODV,0.44999999999999996,0.55,0.6290385988586107,65.740741,62.407407,65.667789
50,30,22,6,5,540.672,0.44,132,1500,1.3636363636363635,DSDV,AODV,0.5276382285018024,0.55,0.065874139826068,42.721661,39.340629,39.377104
50,30,22,8,1,720.896,0.44,176,1500,1.3636363636363635,DSDV,DSDV,0.15808888636101326,1.0,0.10623301540480397,39.623316,40.326178,39.320286
50,30,22,8,2,720.896,0.44,176,1500,1.3636363636363635,DSDV,DSDV,0.2196167156792199,1.0,0.06107191787983156,38.867845,43.630051,37.779882
50,30,22,8,3,720.896,0.44,176,1500,1.3636363636363635,DSDV,DSDV,0.04297841677577905,1.0,0.11465279005085231,33.621633,36.517256,33.526936
50,30,22,8,4,720.896,0.44,176,1500,1.3636363636363635,DSDV,AODV,0.4911445245320508,0.55,0.14514719967476547,56.464646,55.465067,55.774411
50,30,22,8,5,720.896,0.44,176,1500,1.3636363636363635,DSDV,DSDV,0.1098607736009468,1.0,0.06651052416978498,31.529882,33.337542,31.207912
50,30,25,3,1,307.2,0.5,75,1500,1.2,DSDV,AODV,0.44999999999999996,0.55,0.45812347135619746,67.417284,52.034568,62.57284
50,30,25,3,2,307.2,0.5,75,1500,1.2,DSDV,AODV,0.44999999999999996,0.55,0.5442000806876189,75.066667,60.538272,70.750617
50,30,25,3,3,307.2,0.5,75,1500,1.2,AOMDV,AODV,0.44999999999999996,0.55,0.8052174926730917,71.125926,56.898765,71.05679
50,30,25,3,4,307.2,0.5,75,1500,1.2,AOMDV,AODV,0.44999999999999996,0.55,0.6081177204801953,79.165432,63.861728,74.612346
50,30,25,3,5,307.2,0.5,75,1500,1.2,AOMDV,AODV,0.44999999999999996,0.55,0.5805664463957181,63.471605,51.259259,60.261728
50,30,25,5,1,512.0,0.5,125,1500,1.2,AOMDV,AOMDV,0.11131724411778189,0.55,0.7764413273035946,45.813333,44.628148,49.419259
50,30,25,5,2,512.0,0.5,125,1500,1.2,DSDV,AODV,0.5111422126457514,0.55,0.07972746776158236,54.533333,51.084444,51.448889
50,30,25,5,3,512.0,0.5,125,1500,1.2,AOMDV,AOMDV,0.23395846900422565,0.55,0.631280938860754,45.111111,42.441481,47.576296
50,30,25,5,4,512.0,0.5,125,1500,1.2,AODV,AODV,0.557082619068409,0.55,0.19088857269848103,65.647407,59.745185,62.248889
50,30,25,5,5,512.0,0.5,125,1500,1.2,AODV,AODV,0.5507019394088201,0.55,0.04048801616319971,44.933333,42.456296,42.485926
50,30,25,6,1,614.4,0.5,150,1500,1.2,DSDV,AODV,0.511018267361086,0.55,0.2224745786315398,44.101235,40.049383,41.735802
50,30,25,6,2,614.4,0.5,150,1500,1.2,DSDV,DSDV,0.45712479159319724,1.0,0.017538364881481288,45.701235,46.562963,43.02716
50,30,25,6,3,614.4,0.5,150,1500,1.2,AOMDV,AOMDV,0.3745521889246582,0.55,0.5634483751152809,38.869136,37.261728,39.214815
50,30,25,6,4,614.4,0.5,150,1500,1.2,DSDV,AODV,0.49250136318596105,0.8495461502885825,0.0,58.046914,57.501235,56.414815
50,30,25,6,5,614.4,0.5,150,1500,1.2,DSDV,AODV,0.5026971029560584,0.6816258746181891,0.0014953312239716341,39.654321,37.301235,36.328395
50,40,5,3,1,61.44,0.1,15,2000,8.0,AOMDV,AODV,0.5398170115330296,0.47320875121349515,0.6306417412536506,87.753086,52.54321,67.012346
50,40,5,3,2,61.44,0.1,15,2000,8.0,AODV,AODV,0.6502211576403505,0.55,0.39560811122672424,93.753086,56.271605,73.333333
50,40,5,3,3,61.44,0.1,15,2000,8.0,AOMDV,AODV,0.5765415014775251,0.32939393301909986,0.6148514842768522,94.197531,49.308642,65.753086
50,40,5,3,4,61.44,0.1,15,2000,8.0,AODV,AODV,0.9812546292060571,0.5321501718059909,0.08076925367385882,99.530864,92.790123,94.0
50,40,5,3,5,61.44,0.1,15,2000,8.0,AODV,AODV,0.7433119081083907,0.379871989564587,0.4517056817824479,89.234568,59.555556,74.148148
50,40,5,5,1,102.4,0.1,25,2000,8.0,AOMDV,AODV,0.5334408567951252,0.55,0.5924792969297912,87.303704,54.281481,66.577778
50,40,5,5,2,102.4,0.1,25,2000,8.0,AODV,AODV,0.6803528051379913,0.2834339424939008,0.6771028055131659,92.148148,57.274074,74.874074
50,40,5,5,3,102.4,0.1,25,2000,8.0,AODV,AODV,0.8801048939292995,0.1,0.6517813275419284,97.081481,48.844444,70.474074
50,40,5,5,4,102.4,0.1,25,2000,8.0,AODV,AODV,0.5499999999999999,0.534514845272697,0.5334628006097846,99.748148,90.859259,94.37037
50,40,5,5,5,102.4,0.1,25,2000,8.0,AOMDV,AODV,0.5452368397367009,0.55,0.5557863256963373,87.62963,59.851852,72.607407
50,40,5,6,1,122.88,0.1,30,2000,8.0,DSDV,AODV,0.5353029362306045,0.55,0.49353547689006216,87.740741,54.481481,67.283951
50,40,5,6,2,122.88,0.1,30,2000,8.0,AODV,AODV,0.6692079247021033,0.35,0.6646112448901915,90.580247,56.839506,73.567901
50,40,5,6,3,122.88,0.1,30,2000,8.0,AODV,AODV,0.7172711164048363,0.220331518593971,0.6033202579174687,95.518519,51.45679,66.469136
50,40,5,6,4,122.88,0.1,30,2000,8.0,AODV,AODV,0.9680306980957529,0.08268727044338255,0.6494459767088363,99.753086,90.839506,94.790123
50,40,5,6,5,122.88,0.1,30,2000,8.0,AODV,AODV,0.6412058470378491,0.3374309656619178,0.6117521369331196,90.259259,64.259259,73.604938
50,40,7,2,1,57.344,0.14,14,2000,5.714285714285714,AODV,AODV,0.6509004395145324,0.25709129936477193,0.6134510819148374,83.042328,53.835979,64.444444
50,40,7,2,2,57.344,0.14,14,2000,5.714285714285714,AODV,AODV,0.6927333266013654,0.14837015734756978,0.6756696400932506,92.962963,57.407407,75.238095
50,40,7,2,3,57.344,0.14,14,2000,5.714285714285714,AOMDV,AODV,0.5247341014073313,0.55,0.5787142993986969,93.465608,58.068783,73.227513
50,40,7,2,4,57.344,0.14,14,2000,5.714285714285714,AODV,AODV,0.9985060820060165,0.24435411927931447,0.18802447273195957,98.042328,82.910053,89.232804
50,40,7,2,5,57.344,0.14,14,2000,5.714285714285714,AODV,AODV,0.6382909229663519,0.3039497515561357,0.6300851371227618,87.936508,59.973545,71.164021
50,40,7,3,1,86.016,0.14,21,2000,5.714285714285714,DSDV,AODV,0.5286929555608729,0.55,0.5496831219663824,84.356261,52.239859,63.03351
50,40,7,3,2,86.016,0.14,21,2000,5.714285714285714,AOMDV,AODV,0.5210214157697989,0.36238785082661795,0.6553632359458395,94.003527,57.830688,74.338624
50,40,7,3,3,86.016,0.14,21,2000,5.714285714285714,AOMDV,AODV,0.5195467982056787,0.4751568942114497,0.627528900744606,94.832451,58.218695,72.663139
50,40,7,3,4,86.016,0.14,21,2000,5.714285714285714,AODV,AODV,0.6774184787991971,0.548974426600403,0.28796466049898917,98.800705,80.811287,87.0194
50,40,7,3,5,86.016,0.14,21,2000,5.714285714285714,DSDV,AODV,0.5313685960918129,0.55,0.5209944599369274,89.135802,58.553792,70.705467
50,40,7,4,1,114.688,0.14,28,2000,5.714285714285714,AOMDV,AODV,0.5267534110519523,0.55,0.5737752893331189,84.497354,53.809524,66.309524
50,40,7,4,2,114.688,0.14,28,2000,5.714285714285714,AODV,AODV,0.6480323337400306,0.2865439353098509,0.6370307181876843,94.193122,59.312169,73.809524
50,40,7,4,3,114.688,0.14,28,2000,5.714285714285714,AODV,AODV,0.6980132733716453,0.55,0.38080651709001756,94.920635,55.132275,74.246032
50,40,7,4,4,114.688,0.14,28,2000,5.714285714285714,AOMDV,AODV,0.5408797265416395,0.55,0.6076879572273104,98.862434,82.089947,89.206349
50,40,7,4,5,114.688,0.14,28,2000,5.714285714285714,DSDV,AODV,0.5289009497747892,0.55,0.4800031827449087,89.378307,57.698413,71.177249
50,40,7,5,1,143.36,0.14,35,2000,5.714285714285714,AOMDV,AODV,0.5156427101295641,0.5375334149990056,0.6471520249142196,83.57672,51.174603,65.978836
50,40,7,5,2,143.36,0.14,35,2000,5.714285714285714,AOMDV,AODV,0.6627859847189441,0.3077530295205082,0.6811328788896571,93.142857,55.873016,75.015873
50,40,7,5,3,143.36,0.14,35,2000,5.714285714285714,AODV,AODV,0.7189875785058405,0.33655813574431515,0.6067303104933458,95.830688,55.407407,72.645503
50,40,7,5,4,143.36,0.14,35,2000,5.714285714285714,AODV,AODV,0.6762839205820941,0.5486530426725871,0.3768234822945177,98.529101,81.534392,88.433862
50,40,7,5,5,143.36,0.14,35,2000,5.714285714285714,DSDV,AODV,0.5253556638813095,0.55,0.5437963773610859,87.132275,57.73545,69.100529
50,40,7,6,1,172.032,0.14,42,2000,5.714285714285714,AOMDV,AODV,0.6288963579827996,0.28959811721969286,0.6472968747209292,80.634921,52.416226,64.78836
50,40,7,6,2,172.032,0.14,42,2000,5.714285714285714,AOMDV,AODV,0.6007324275499718,0.30107791178922516,0.6893476335338131,88.924162,58.915344,74.876543
50,40,7,6,3,172.032,0.14,42,2000,5.714285714285714,AOMDV,AODV,0.6335529825628936,0.31440417855625546,0.6676510059951242,95.220459,55.802469,74.867725
50,40,7,6,4,172.032,0.14,42,2000,5.714285714285714,AOMDV,AODV,0.5466993771375315,0.55,0.5584564190435832,99.391534,83.236332,89.585538
50,40,7,6,5,172.032,0.14,42,2000,5.714285714285714,AOMDV,AODV,0.5226454171679118,0.55,0.5677773994505627,88.747795,57.513228,72.539683
50,40,7,8,1,229.376,0.14,56,2000,5.714285714285714,DSDV,AODV,0.49741099852473014,0.55,0.5385178915456831,77.103175,50.330688,63.320106
50,40,7,8,2,229.376,0.14,56,2000,5.714285714285714,AOMDV,AODV,0.44999999999999996,0.55,0.6572198642183091,83.187831,57.691799,71.468254
50,40,7,8,3,229.376,0.14,56,2000,5.714285714285714,AOMDV,AODV,0.5162097375195092,0.35,0.6299214338431031,89.953704,56.587302,72.645503
50,40,7,8,4,229.376,0.14,56,2000,5.714285714285714,AODV,AODV,0.6685936576088436,0.55,0.290014834030768,99.318783,82.255291,87.771164
50,40,7,8,5,229.376,0.14,56,2000,5.714285714285714,DSDV,AODV,0.5057472581079046,0.55,0.5256485141805926,85.873016,57.070106,72.195767
50,40,10,3,1,122.88,0.2,30,2000,4.0,AODV,AODV,0.6293487001890811,0.55,0.3765047168492035,86.864198,58.530864,70.790123
50,40,10,3,2,122.88,0.2,30,2000,4.0,AOMDV,AODV,0.6302601663206373,0.3023524052595499,0.6617934794971505,92.234568,58.160494,74.197531
50,40,10,3,3,122.88,0.2,30,2000,4.0,AOMDV,AODV,0.6140523559632319,0.3072433223370874,0.6270376175698821,94.839506,55.45679,70.950617
50,40,10,3,4,122.88,0.2,30,2000,4.0,AODV,AODV,0.6890760203572652,0.29202024282453865,0.6507518753556749,96.82716,82.049383,88.641975
50,40,10,3,5,122.88,0.2,30,2000,4.0,AODV,AODV,0.7235060426673735,0.1,0.6375597141991691,91.148148,60.135802,73.061728
50,40,10,5,1,204.8,0.2,50,2000,4.0,AOMDV,AODV,0.496365523767926,0.41551039481193286,0.6508960109904594,84.451852,58.414815,70.748148
50,40,10,5,2,204.8,0.2,50,2000,4.0,AOMDV,AODV,0.48039311768671067,0.325877139775527,0.7261900325475754,84.592593,59.081481,73.177778
50,40,10,5,3,204.8,0.2,50,2000,4.0,AOMDV,AODV,0.44999999999999996,0.55,0.6412066215092085,88.385185,52.97037,71.155556
50,40,10,5,4,204.8,0.2,50,2000,4.0,AODV,AODV,0.6983616978137268,0.2998413706640221,0.6244444275325173,97.592593,82.592593,88.407407
50,40,10,5,5,204.8,0.2,50,2000,4.0,AOMDV,AODV,0.63878931959502,0.2820052514299326,0.6575314348471377,88.711111,61.614815,74.111111
50,40,10,6,1,245.76,0.2,60,2000,4.0,AOMDV,AODV,0.4888445351005113,0.55,0.5622533667492933,83.518519,59.364198,69.580247
50,40,10,6,2,245.76,0.2,60,2000,4.0,AOMDV,AODV,0.44999999999999996,0.55,0.6537720560869502,77.512346,53.598765,70.62963
50,40,10,6,3,245.76,0.2,60,2000,4.0,AOMDV,AODV,0.44999999999999996,0.3510825017446231,0.6771538621847041,80.753086,53.654321,69.993827
50,40,10,6,4,245.76,0.2,60,2000,4.0,AODV,AODV,0.7253328024685459,0.3125982822265011,0.6589591354289766,96.432099,83.444444,89.475309
50,40,10,6,5,245.76,0.2,60,2000,4.0,DSDV,AODV,0.47243644738309337,0.55,0.42977929478093657,86.716049,60.635802,71.555556
50,40,12,2,1,98.304,0.24,24,2000,3.3333333333333335,AOMDV,AODV,0.5122201759766531,0.44270783436593253,0.666559723194226,85.200617,53.935185,68.981481
50,40,12,2,2,98.304,0.24,24,2000,3.3333333333333335,AOMDV,AODV,0.5002893746690849,0.47414466119784926,0.6634090856244984,93.780864,63.225309,77.716049
50,40,12,2,3,98.304,0.24,24,2000,3.3333333333333335,AODV,AODV,0.773436060989959,0.1,0.6694145984390392,94.459877,52.808642,73.117284
50,40,12,2,4,98.304,0.24,24,2000,3.3333333333333335,AODV,AODV,0.717671988952325,0.55,0.1902631637972279,96.666667,79.074074,86.512346
50,40,12,2,5,98.304,0.24,24,2000,3.3333333333333335,AODV,AODV,0.6845096586649424,0.1552348623765715,0.6593515009357354,90.864198,58.024691,73.302469
50,40,12,3,1,147.456,0.24,36,2000,3.3333333333333335,AODV,AODV,0.6522725462578013,0.27857491640397614,0.6481972435605313,85.216049,56.111111,68.930041
50,40,12,3,2,147.456,0.24,36,2000,3.3333333333333335,AOMDV,AODV,0.5446578815695985,0.35,0.670602303844813,93.179012,62.736626,77.788066
50,40,12,3,3,147.456,0.24,36,2000,3.3333333333333335,AOMDV,AODV,0.6089937863323707,0.2545154754571758,0.6538993092073258,94.639918,52.952675,71.841564
50,40,12,3,4,147.456,0.24,36,2000,3.3333333333333335,AODV,AODV,0.6710571136720301,0.55,0.353537185355827,97.119342,79.09465,87.479424
50,40,12,3,5,147.456,0.24,36,2000,3.3333333333333335,AOMDV,AODV,0.5603032372615347,0.3047478792304821,0.6903473076876937,90.0,57.119342,74.68107
50,40,12,4,1,196.608,0.24,48,2000,3.3333333333333335,DSDV,AODV,0.4941231070729387,0.55,0.5164129187122733,83.564815,56.628086,68.526235
50,40,12,4,2,196.608,0.24,48,2000,3.3333333333333335,AOMDV,AODV,0.557845184848331,0.2844685034298491,0.673002216355366,90.092593,62.283951,76.064815
50,40,12,4,3,196.608,0.24,48,2000,3.3333333333333335,AOMDV,AODV,0.5247794930833174,0.35,0.6529577889196202,91.959877,52.978395,71.304012
50,40,12,4,4,196.608,0.24,48,2000,3.3333333333333335,AODV,AODV,0.6818587956820427,0.55,0.40930207432805576,97.283951,79.807099,87.260802
50,40,12,4,5,196.608,0.24,48,2000,3.3333333333333335,AOMDV,AODV,0.6159039954992749,0.21508256331343883,0.6660282244780931,89.96142,55.516975,72.052469
50,40,12,5,1,245.76,0.24,60,2000,3.3333333333333335,AOMDV,AODV,0.4862295290172549,0.55,0.5561391427053104,81.012346,57.580247,67.135802
50,40,12,5,2,245.76,0.24,60,2000,3.3333333333333335,AOMDV,AODV,0.44999999999999996,0.48927621967769175,0.6063057514835499,85.154321,61.290123,73.697531
50,40,12,5,3,245.76,0.24,60,2000,3.3333333333333335,AOMDV,AODV,0.44999999999999996,0.4637214599659827,0.789340832705131,81.030864,52.808642,72.135802
50,40,12,5,4,245.76,0.24,60,2000,3.3333333333333335,AOMDV,AODV,0.5090557926282434,0.55,0.5855232952655339,96.444444,79.17284,86.111111
50,40,12,5,5,245.76,0.24,60,2000,3.3333333333333335,AOMDV,AODV,0.5165421539856804,0.35,0.7504455581143479,79.802469,57.074074,71.148148
50,40,12,6,1,294.912,0.24,72,2000,3.3333333333333335,DSDV,AODV,0.4634904111365599,0.55,0.48341049497556166,76.018519,55.997942,66.085391
50,40,12,6,2,294.912,0.24,72,2000,3.3333333333333335,AOMDV,AODV,0.44999999999999996,0.55,0.7543286325033919,76.090535,61.363169,72.752058
50,40,12,6,3,294.912,0.24,72,2000,3.3333333333333335,AOMDV,AODV,0.44999999999999996,0.55,0.5594461649846609,72.340535,52.289095,66.805556
50,40,12,6,4,294.912,0.24,72,2000,3.3333333333333335,AOMDV,AODV,0.48850909116148,0.55,0.6539749281343689,95.643004,78.806584,87.5
50,40,12,6,5,294.912,0.24,72,2000,3.3333333333333335,AOMDV,AODV,0.44999999999999996,0.3669223083109374,0.6797618427594566,75.195473,59.130658,69.516461
50,40,12,8,1,393.216,0.24,96,2000,3.3333333333333335,AODV,AODV,0.7213368377004796,0.55,0.28990699384360674,68.719136,51.003086,61.651235
50,40,12,8,2,393.216,0.24,96,2000,3.3333333333333335,AOMDV,AODV,0.44999999999999996,0.5204241283651189,0.8693576957280054,63.136574,56.925154,63.117284
50,40,12,8,3,393.216,0.24,96,2000,3.3333333333333335,AOMDV,AOMDV,0.3562050067144421,0.55,0.7410546953507805,54.965278,46.057099,57.310957
50,40,12,8,4,393.216,0.24,96,2000,3.3333333333333335,AOMDV,AODV,0.44999999999999996,0.4643690400099798,0.7373993058160209,89.463735,79.92284,85.914352
50,40,12,8,5,393.216,0.24,96,2000,3.3333333333333335,AOMDV,AODV,0.44999999999999996,0.55,0.7734979334556424,63.69213,51.685957,62.071759
50,40,15,3,1,184.32,0.3,45,2000,2.6666666666666665,AOMDV,AODV,0.4807428706149435,0.3655155522837157,0.6455117837249825,82.197531,54.452675,67.572016
50,40,15,3,2,184.32,0.3,45,2000,2.6666666666666665,AOMDV,AODV,0.5437495141694426,0.28439603988102147,0.7007504672828921,90.666667,59.958848,77.069959
50,40,15,3,3,184.32,0.3,45,2000,2.6666666666666665,AOMDV,AODV,0.6491913682990151,0.16617875006540933,0.6896357608229554,91.547325,52.444444,72.296296
50,40,15,3,4,184.32,0.3,45,2000,2.6666666666666665,AODV,AODV,0.6939199621834489,0.55,0.38630830358938023,95.308642,75.028807,84.757202
50,40,15,3,5,184.32,0.3,45,2000,2.6666666666666665,AOMDV,AODV,0.5846203390549145,0.30221455177144974,0.6682835873963726,88.00823,52.716049,69.835391
50,40,15,5,1,307.2,0.3,75,2000,2.6666666666666665,AOMDV,AODV,0.44999999999999996,0.5041957861212394,0.5173264157088343,72.54321,50.91358,64.246914
50,40,15,5,2,307.2,0.3,75,2000,2.6666666666666665,AOMDV,AODV,0.44999999999999996,0.55,0.701251242291469,74.054321,61.925926,70.967901
50,40,15,5,3,307.2,0.3,75,2000,2.6666666666666665,AOMDV,AODV,0.44999999999999996,0.544991065194631,0.768856909235577,69.022222,49.550617,63.708642
50,40,15,5,4,307.2,0.3,75,2000,2.6666666666666665,AOMDV,AODV,0.4512580923608113,0.55,0.6105417265823687,90.938272,76.474074,83.624691
50,40,15,5,5,307.2,0.3,75,2000,2.6666666666666665,AOMDV,AODV,0.44999999999999996,0.55,0.6221695030088271,68.261728,53.851852,63.654321
50,40,15,6,1,368.64,0.3,90,2000,2.6666666666666665,AODV,AODV,0.5908073702536826,0.55,0.40336899688107675,65.843621,50.45679,60.057613
50,40,15,6,2,368.64,0.3,90,2000,2.6666666666666665,DSDV,AODV,0.44999999999999996,0.55,0.5066270073206129,70.786008,58.144033,66.621399
50,40,15,6,3,368.64,0.3,90,2000,2.6666666666666665,AOMDV,AODV,0.44999999999999996,0.4847995060889059,0.6138546858202073,59.650206,47.242798,56.897119
50,40,15,6,4,368.64,0.3,90,2000,2.6666666666666665,AOMDV,AODV,0.44999999999999996,0.55,0.7923445070420321,85.465021,73.17284,83.506173
50,40,15,6,5,368.64,0.3,90,2000,2.6666666666666665,AOMDV,AODV,0.44999999999999996,0.55,0.6257411378976889,60.349794,51.711934,58.465021
50,40,18,2,1,147.456,0.36,36,2000,2.2222222222222223,AOMDV,AODV,0.49037157642204277,0.4476280730919314,0.6709328572175063,85.298354,53.425926,69.074074
50,40,18,2,2,147.456,0.36,36,2000,2.2222222222222223,AOMDV,AODV,0.5933868453079103,0.2717302843257476,0.7017482544737438,91.347737,60.452675,77.736626
50,40,18,2,3,147.456,0.36,36,2000,2.2222222222222223,AOMDV,AODV,0.6082834514645968,0.2458427633821739,0.6726877496619924,93.014403,53.971193,73.292181
50,40,18,2,4,147.456,0.36,36,2000,2.2222222222222223,DSDV,AODV,0.4963347933532463,0.55,0.5471288731973832,95.308642,73.40535,83.919753
50,40,18,2,5,147.456,0.36,36,2000,2.2222222222222223,AOMDV,AODV,0.638354629633488,0.182780264597333,0.651523545147902,88.734568,55.308642,70.277778
50,40,18,3,1,221.184,0.36,54,2000,2.2222222222222223,AOMDV,AODV,0.5173224376014601,0.3487718600110833,0.6692930349699386,80.240055,54.821674,67.208505
50,40,18,3,2,221.184,0.36,54,2000,2.2222222222222223,AOMDV,AODV,0.44999999999999996,0.46392768343729185,0.7805177291396389,85.48011,59.403292,76.577503
50,40,18,3,3,221.184,0.36,54,2000,2.2222222222222223,AOMDV,AODV,0.44999999999999996,0.4806822831717069,0.7175371627760337,86.152263,53.676269,71.742112
50,40,18,3,4,221.184,0.36,54,2000,2.2222222222222223,AOMDV,AODV,0.5506624403854283,0.32938114123311146,0.6698529462119324,94.794239,73.806584,84.060357
50,40,18,3,5,221.184,0.36,54,2000,2.2222222222222223,AOMDV,AODV,0.44999999999999996,0.55,0.5689626531994005,82.434842,57.668038,70.384088
50,40,18,4,1,294.912,0.36,72,2000,2.2222222222222223,DSDV,AODV,0.44999999999999996,0.55,0.5108386550869854,72.325103,51.260288,64.619342
50,40,18,4,2,294.912,0.36,72,2000,2.2222222222222223,AOMDV,AODV,0.44999999999999996,0.55,0.6643336731993373,77.23251,61.610082,71.805556
50,40,18,4,3,294.912,0.36,72,2000,2.2222222222222223,AOMDV,AODV,0.44999999999999996,0.5317542862465884,0.7859901611661623,70.66358,51.471193,66.183128
50,40,18,4,4,294.912,0.36,72,2000,2.2222222222222223,AOMDV,AODV,0.44999999999999996,0.5143428210763882,0.6801532716648664,92.901235,74.356996,84.269547
50,40,18,4,5,294.912,0.36,72,2000,2.2222222222222223,DSDV,AODV,0.44999999999999996,0.55,0.5154679875890485,70.951646,54.768519,64.639918
50,40,18,5,1,368.64,0.36,90,2000,2.2222222222222223,AOMDV,AODV,0.44999999999999996,0.5186903448986803,0.6441396662536112,61.148148,48.736626,58.930041
50,40,18,5,2,368.64,0.36,90,2000,2.2222222222222223,AOMDV,AOMDV,0.39309826497543504,0.5276922574509232,0.8351315404263668,65.411523,58.27572,66.444444
50,40,18,5,3,368.64,0.36,90,2000,2.2222222222222223,AOMDV,AODV,0.49261552683761545,0.36211827447853484,0.6686131287721554,59.423868,47.452675,58.432099
50,40,18,5,4,368.64,0.36,90,2000,2.2222222222222223,AOMDV,AODV,0.44999999999999996,0.55,0.6277475495034956,84.790123,73.958848,80.222222
50,40,18,5,5,368.64,0.36,90,2000,2.2222222222222223,AOMDV,AODV,0.44999999999999996,0.5059253714970232,0.5492392090623032,62.650206,50.493827,58.55144
50,40,18,6,1,442.368,0.36,108,2000,2.2222222222222223,AOMDV,AODV,0.44999999999999996,0.55,0.7041270683900915,53.40535,44.866255,52.770919
50,40,18,6,2,442.368,0.36,108,2000,2.2222222222222223,AOMDV,AOMDV,0.4680606879005086,0.55,0.6072117153580263,59.14952,55.939643,59.293553
50,40,18,6,3,442.368,0.36,108,2000,2.2222222222222223,AOMDV,AOMDV,0.3908643161286037,0.55,0.6658192086982311,49.077503,44.293553,50.558985
50,40,18,6,4,442.368,0.36,108,2000,2.2222222222222223,AOMDV,AOMDV,0.3633479272030422,0.55,0.774639350278323,76.718107,70.390947,78.227023
50,40,18,6,5,442.368,0.36,108,2000,2.2222222222222223,AOMDV,AOMDV,0.42078573731541863,0.4316940824656563,0.6917471785261988,53.03155,47.76749,53.415638
50,40,18,8,1,589.824,0.36,144,2000,2.2222222222222223,AOMDV,AOMDV,0.306133516227923,0.55,0.6277308162186035,40.625,39.40072,41.682099
50,40,18,8,2,589.824,0.36,144,2000,2.2222222222222223,AODV,AODV,0.7984107050248413,0.35,0.0905178696989675,51.774691,48.999486,49.061214
50,40,18,8,3,589.824,0.36,144,2000,2.2222222222222223,AODV,AODV,0.5407056908603419,0.37713038369567053,0.43136059819416345,38.778292,36.417181,37.440844
50,40,18,8,4,589.824,0.36,144,2000,2.2222222222222223,DSDV,AOMDV,0.3180601164304421,0.55,0.4609309695177133,66.635802,64.480453,68.533951
50,40,18,8,5,589.824,0.36,144,2000,2.2222222222222223,DSDV,AODV,0.538561254003925,0.6737697771772919,0.02835105463346251,44.418724,42.296811,41.49177
50,40,20,3,1,245.76,0.4,60,2000,2.0,DSDV,AODV,0.44999999999999996,0.55,0.4809566421587316,79.290123,52.012346,65.95679
50,40,20,3,2,245.76,0.4,60,2000,2.0,AOMDV,AODV,0.44999999999999996,0.4814080251447521,0.6975295056569705,85.740741,64.512346,76.160494
50,40,20,3,3,245.76,0.4,60,2000,2.0,AOMDV,AODV,0.44999999999999996,0.46237207175925965,0.7699917398370071,80.753086,54.074074,70.561728
50,40,20,3,4,245.76,0.4,60,2000,2.0,AOMDV,AODV,0.4649750722406808,0.3887592033683305,0.6766609957125971,94.882716,73.141975,84.092593
50,40,20,3,5,245.76,0.4,60,2000,2.0,AOMDV,AODV,0.44999999999999996,0.47804721412733,0.7771743139039389,76.277778,54.135802,68.845679
50,40,20,5,1,409.6,0.4,100,2000,2.0,AOMDV,AODV,0.44999999999999996,0.55,0.5776860796828058,57.848148,48.166667,56.125926
50,40,20,5,2,409.6,0.4,100,2000,2.0,AOMDV,AODV,0.46285411301908164,0.55,0.6213906406400995,63.82963,58.977778,63.588889
50,40,20,5,3,409.6,0.4,100,2000,2.0,AOMDV,AOMDV,0.41230670228992217,0.55,0.7323281409267998,54.42963,43.896296,55.392593
50,40,20,5,4,409.6,0.4,100,2000,2.0,AOMDV,AODV,0.44999999999999996,0.55,0.7065434763464024,79.959259,70.459259,78.222222
50,40,20,5,5,409.6,0.4,100,2000,2.0,AOMDV,AOMDV,0.4435779665991224,0.55,0.6352173256920601,52.025926,48.444444,52.077778
50,40,20,6,1,491.52,0.4,120,2000,2.0,AOMDV,AOMDV,0.4478615017147441,0.55,0.6110358548308008,48.944444,44.419753,48.966049
50,40,20,6,2,491.52,0.4,120,2000,2.0,DSDV,AODV,0.5484977432512482,0.771392769740688,0.10453493550537818,58.169753,56.604938,55.089506
50,40,20,6,3,491.52,0.4,120,2000,2.0,AODV,AODV,0.610899555094477,0.55,0.4107305263042173,46.478395,40.685185,45.404321
50,40,20,6,4,491.52,0.4,120,2000,2.0,AOMDV,AOMDV,0.395391235803634,0.55,0.7971335539772579,71.503086,67.41358,72.067901
50,40,20,6,5,491.52,0.4,120,2000,2.0,AODV,AODV,0.5543396391640177,0.55,0.5232897024741199,48.388889,42.367284,47.438272
50,40,22,2,1,180.224,0.44,44,2000,1.8181818181818181,AOMDV,AODV,0.5577772101188085,0.24588039396230993,0.6603434175904928,85.505051,54.621212,69.057239
50,40,22,2,2,180.224,0.44,44,2000,1.8181818181818181,AOMDV,AODV,0.5268540037446637,0.31707912708489233,0.6400613002224326,91.818182,62.979798,75.159933
50,40,22,2,3,180.224,0.44,44,2000,1.8181818181818181,AODV,AODV,0.7363414742798927,0.1,0.6662073678992981,93.543771,56.279461,74.183502
50,40,22,2,4,180.224,0.44,44,2000,1.8181818181818181,AOMDV,AODV,0.5499120484960491,0.29223278346353854,0.6653209782999602,94.856902,69.419192,81.590909
50,40,22,2,5,180.224,0.44,44,2000,1.8181818181818181,AOMDV,AODV,0.5208165767670556,0.2678463046856041,0.6725204782862517,85.016835,55.227273,69.957912
50,40,22,3,1,270.336,0.44,66,2000,1.8181818181818181,AOMDV,AODV,0.44999999999999996,0.5004952049167434,0.7010598688926467,74.584736,53.810325,66.896745
50,40,22,3,2,270.336,0.44,66,2000,1.8181818181818181,AOMDV,AODV,0.44999999999999996,0.55,0.6690472718711838,80.224467,60.533109,72.749719
50,40,22,3,3,270.336,0.44,66,2000,1.8181818181818181,AOMDV,AODV,0.44999999999999996,0.4479405394720001,0.7300949366198783,78.866442,54.483726,69.753086
50,40,22,3,4,270.336,0.44,66,2000,1.8181818181818181,AOMDV,AODV,0.44999999999999996,0.55,0.7112739368075416,88.787879,68.799102,80.594837
50,40,22,3,5,270.336,0.44,66,2000,1.8181818181818181,AOMDV,AODV,0.44999999999999996,0.5310703373983209,0.8124609552354154,67.946128,52.087542,65.448934
50,40,22,4,1,360.448,0.44,88,2000,1.8181818181818181,AOMDV,AODV,0.44999999999999996,0.55,0.5868164045838276,62.760943,51.515152,59.995791
50,40,22,4,2,360.448,0.44,88,2000,1.8181818181818181,AOMDV,AODV,0.44999999999999996,0.55,0.6815898443934134,65.833333,60.715488,65.648148
50,40,22,4,3,360.448,0.44,88,2000,1.8181818181818181,AOMDV,AOMDV,0.41406654114264607,0.45969471498876335,0.8780102729542493,61.41835,50.942761,62.327441
50,40,22,4,4,360.448,0.44,88,2000,1.8181818181818181,AOMDV,AODV,0.44999999999999996,0.547249746245388,0.7777144392255747,79.835859,68.030303,76.094276
50,40,22,4,5,360.448,0.44,88,2000,1.8181818181818181,AOMDV,AODV,0.44999999999999996,0.55,0.6497036529038935,56.005892,49.633838,55.820707
50,40,22,5,1,450.56,0.44,110,2000,1.8181818181818181,DSDV,AODV,0.44999999999999996,0.55,0.5186211832433534,55.228956,46.511785,53.090909
50,40,22,5,2,450.56,0.44,110,2000,1.8181818181818181,AOMDV,AODV,0.44999999999999996,0.55,0.622007148836901,58.43771,55.03367,58.333333
50,40,22,5,3,450.56,0.44,110,2000,1.8181818181818181,AOMDV,AOMDV,0.4096215858210742,0.55,0.6480496364458385,51.821549,45.373737,52.686869
50,40,22,5,4,450.56,0.44,110,2000,1.8181818181818181,AOMDV,AOMDV,0.4497652575276444,0.55,0.5833351807934741,71.023569,64.572391,71.026936
50,40,22,5,5,450.56,0.44,110,2000,1.8181818181818181,AOMDV,AOMDV,0.36338632357483597,0.55,0.7214674435318559,47.488215,45.609428,47.936027
50,40,22,6,1,540.672,0.44,132,2000,1.8181818181818181,AODV,AODV,0.5202781259551059,0.38491322430798025,0.3842750073190044,50.625701,42.034231,45.277778
50,40,22,6,2,540.672,0.44,132,2000,1.8181818181818181,DSDV,AODV,0.5258926276230189,0.5858784784412052,0.08287734695041962,52.842312,50.931538,50.765993
50,40,22,6,3,540.672,0.44,132,2000,1.8181818181818181,AOMDV,AOMDV,0.14320983134751417,0.55,0.6182171355809423,42.180135,40.808081,46.004489
50,40,22,6,4,540.672,0.44,132,2000,1.8181818181818181,DSDV,AODV,0.5125538694201094,0.55,0.4603801755640624,63.627946,60.507856,63.445567
50,40,22,6,5,540.672,0.44,132,2000,1.8181818181818181,DSDV,AODV,0.5797413734768899,0.7483247395145113,0.02543711575470525,43.291246,42.073513,41.113917
50,40,22,8,1,720.896,0.44,176,2000,1.8181818181818181,AODV,AODV,0.641382972134813,0.55,0.13299814671534715,38.920455,35.349327,36.388889
50,40,22,8,2,720.896,0.44,176,2000,1.8181818181818181,DSDV,DSDV,0.3667119583673969,1.0,0.011585625622015878,43.560606,46.386785,41.058502
50,40,22,8,3,720.896,0.44,176,2000,1.8181818181818181,DSDV,DSDV,0.15028502401365887,1.0,0.16955105430917314,35.021044,36.588805,34.507576
50,40,22,8,4,720.896,0.44,176,2000,1.8181818181818181,DSDV,DSDV,0.11387062837484084,1.0,0.053733854142438635,53.055556,55.500842,52.619949
50,40,22,8,5,720.896,0.44,176,2000,1.8181818181818181,DSDV,AODV,0.5775000650647957,0.6832278799200668,0.07736922908148329,35.675505,33.569024,32.683081
50,40,25,3,1,307.2,0.5,75,2000,1.6,AOMDV,AODV,0.44999999999999996,0.55,0.5936358925441989,66.977778,52.345679,61.42716
50,40,25,3,2,307.2,0.5,75,2000,1.6,AOMDV,AOMDV,0.41858908974630504,0.55,0.8326852381694373,70.37037,61.091358,71.066667
50,40,25,3,3,307.2,0.5,75,2000,1.6,AOMDV,AODV,0.44999999999999996,0.5151048054928811,0.8862103913107923,70.987654,55.733333,70.044444
50,40,25,3,4,307.2,0.5,75,2000,1.6,AOMDV,AODV,0.44999999999999996,0.4957004857497197,0.7124805884593411,83.654321,67.634568,77.703704
50,40,25,3,5,307.2,0.5,75,2000,1.6,AOMDV,AODV,0.44999999999999996,0.55,0.6118687120814924,64.148148,54.004938,61.34321
50,40,25,5,1,512.0,0.5,125,2000,1.6,AOMDV,AOMDV,0.32030570099840283,0.55,0.6792384427040858,45.632593,43.700741,46.414815
50,40,25,5,2,512.0,0.5,125,2000,1.6,DSDV,AODV,0.4570630340849394,0.7184131301421771,0.09681497580373584,52.222222,51.602963,51.232593
50,40,25,5,3,512.0,0.5,125,2000,1.6,DSDV,AOMDV,0.515784541193803,0.55,0.48716664899287276,47.253333,42.782222,47.36
50,40,25,5,4,512.0,0.5,125,2000,1.6,DSDV,AOMDV,0.238506492062863,0.55,0.4939612535459696,61.294815,60.222222,62.494815
50,40,25,5,5,512.0,0.5,125,2000,1.6,DSDV,AODV,0.4837843499106027,0.55,0.25492583804523017,44.847407,41.822222,43.277037
50,40,25,6,1,614.4,0.5,150,2000,1.6,AODV,AODV,0.5501083341468092,0.55,0.38770016823595893,41.730864,37.306173,40.765432
50,40,25,6,2,614.4,0.5,150,2000,1.6,DSDV,DSDV,0.27718480941352486,1.0,0.06772769559198674,46.14321,48.098765,44.565432
50,40,25,6,3,614.4,0.5,150,2000,1.6,DSDV,AODV,0.5529481834515528,0.7555627486019326,0.030687705446520944,40.938272,39.91358,39.051852
50,40,25,6,4,614.4,0.5,150,2000,1.6,DSDV,AODV,0.618035239068701,0.694827613166585,0.0034832842737600616,57.348148,54.871605,53.696296
50,40,25,6,5,614.4,0.5,150,2000,1.6,DSDV,DSDV,0.08438089330513114,1.0,0.4736669865558791,36.162963,39.214815,38.128395
50,50,5,3,1,61.44,0.1,15,2500,10.0,AODV,AODV,0.6717031632731958,0.2652345026900389,0.6237623768682171,89.185185,54.271605,67.753086
50,50,5,3,2,61.44,0.1,15,2500,10.0,AODV,AODV,0.6762489854649778,0.2982737855602485,0.6697314092297484,88.074074,52.222222,69.728395
50,50,5,3,3,61.44,0.1,15,2500,10.0,DSDV,AODV,0.5384465815282856,0.55,0.5411184470120196,95.925926,50.148148,70.148148
50,50,5,3,4,61.44,0.1,15,2500,10.0,AODV,AODV,0.5499999999999999,0.5365110818112387,0.5340740393219366,99.407407,92.0,94.222222
50,50,5,3,5,61.44,0.1,15,2500,10.0,AODV,AODV,0.6682275300614088,0.28167531983056393,0.6454053991182706,91.333333,63.925926,75.82716
50,50,5,5,1,102.4,0.1,25,2500,10.0,AODV,AODV,0.6827457103057112,0.3147608722112158,0.5472808970956509,90.325926,57.362963,64.488889
50,50,5,5,2,102.4,0.1,25,2500,10.0,AODV,AODV,0.6110996622385014,0.35,0.6015373621767555,87.303704,55.481481,67.274074
50,50,5,5,3,102.4,0.1,25,2500,10.0,AODV,AODV,0.6880469639447092,0.2424240414917914,0.6271214102829592,95.777778,50.385185,68.251852
50,50,5,5,4,102.4,0.1,25,2500,10.0,AODV,AODV,0.5499999999999999,0.5361301284577038,0.5156898008936046,99.644444,91.925926,94.622222
50,50,5,5,5,102.4,0.1,25,2500,10.0,AOMDV,AODV,0.5321200464285907,0.55,0.6119275947257631,92.044444,61.407407,76.281481
50,50,5,6,1,122.88,0.1,30,2500,10.0,AODV,AODV,0.7110987839986764,0.2452539614812721,0.6212512970247676,88.530864,52.716049,66.345679
50,50,5,6,2,122.88,0.1,30,2500,10.0,AOMDV,AODV,0.5226166999972168,0.55,0.5523982235102998,83.851852,53.888889,66.679012
50,50,5,6,3,122.88,0.1,30,2500,10.0,DSDV,AODV,0.5227942569327461,0.55,0.47374397534006296,97.074074,51.901235,69.876543
50,50,5,6,4,122.88,0.1,30,2500,10.0,AODV,AODV,0.5499999999999999,0.5377699069727746,0.5419914461273244,99.580247,92.037037,95.049383
50,50,5,6,5,122.88,0.1,30,2500,10.0,AOMDV,AODV,0.5363093643720425,0.55,0.6143262858761402,92.493827,62.530864,74.975309
50,50,7,2,1,57.344,0.14,14,2500,7.142857142857143,AODV,AODV,0.7214174728502388,0.38060629934499746,0.3498439726480526,84.153439,51.719577,65.026455
50,50,7,2,2,57.344,0.14,14,2500,7.142857142857143,AODV,AODV,0.7232394790345256,0.30515038827934005,0.5842909771095134,89.920635,56.904762,70.793651
50,50,7,2,3,57.344,0.14,14,2500,7.142857142857143,AODV,AODV,0.812598829210731,0.1,0.6796745226748745,94.365079,56.164021,75.661376
50,50,7,2,4,57.344,0.14,14,2500,7.142857142857143,AOMDV,AODV,0.5440299191436423,0.55,0.6257865623370387,97.857143,79.365079,88.968254
50,50,7,2,5,57.344,0.14,14,2500,7.142857142857143,AODV,AODV,0.6724229799155438,0.20851540866218915,0.6423267306226977,89.550265,57.486772,71.190476
50,50,7,3,1,86.016,0.14,21,2500,7.142857142857143,AOMDV,AODV,0.5297155476965189,0.5256260922935915,0.6161906304364279,85.079365,49.188713,62.87478
50,50,7,3,2,86.016,0.14,21,2500,7.142857142857143,AODV,AODV,0.661725183358638,0.22192615077622674,0.6508150772770526,89.488536,54.867725,70.31746
50,50,7,3,3,86.016,0.14,21,2500,7.142857142857143,AODV,AODV,0.881982526357234,0.1,0.6366891949260712,96.455026,57.301587,73.544974
50,50,7,3,4,86.016,0.14,21,2500,7.142857142857143,AODV,AODV,0.7456535533367264,0.4537331189714713,0.320126748524725,98.324515,80.123457,86.17284
50,50,7,3,5,86.016,0.14,21,2500,7.142857142857143,AOMDV,AODV,0.5198727097607717,0.4891805037001329,0.6480897029956346,90.899471,59.047619,73.068783
50,50,7,4,1,114.688,0.14,28,2500,7.142857142857143,AODV,AODV,0.6359973870702689,0.55,0.367135374599929,86.005291,51.785714,64.166667
50,50,7,4,2,114.688,0.14,28,2500,7.142857142857143,AOMDV,AODV,0.6575893932657181,0.3271894909960448,0.6650561762586475,89.550265,54.232804,71.111111
50,50,7,4,3,114.688,0.14,28,2500,7.142857142857143,AODV,AODV,0.7511922996541823,0.1,0.6432906261274041,97.18254,57.949735,74.801587
50,50,7,4,4,114.688,0.14,28,2500,7.142857142857143,AOMDV,AODV,0.5398126973178043,0.5383179079814154,0.6348178564178315,98.716931,78.267196,86.878307
50,50,7,4,5,114.688,0.14,28,2500,7.142857142857143,AOMDV,AODV,0.519233306750417,0.5481154199945617,0.5920893716799376,89.854497,61.825397,72.275132
50,50,7,5,1,143.36,0.14,35,2500,7.142857142857143,AODV,AODV,0.7135892686612375,0.55,0.4116164895541722,84.592593,49.365079,64.740741
50,50,7,5,2,143.36,0.14,35,2500,7.142857142857143,AODV,AODV,0.6703995352122443,0.33004616006743337,0.6415316615692637,85.777778,57.037037,69.269841
50,50,7,5,3,143.36,0.14,35,2500,7.142857142857143,AODV,AODV,0.6929827313651219,0.18711764521575847,0.6240451881149679,97.661376,58.31746,73.534392
50,50,7,5,4,143.36,0.14,35,2500,7.142857142857143,AODV,AODV,0.7372302752037712,0.33387742281725974,0.6268810839342873,98.26455,79.216931,86.772487
50,50,7,5,5,143.36,0.14,35,2500,7.142857142857143,AODV,AODV,0.6941527516185302,0.25022209503806453,0.6167254767503922,89.851852,59.862434,70.973545
50,50,7,6,1,172.032,0.14,42,2500,7.142857142857143,AODV,AODV,0.6295189450711851,0.55,0.3796522036775847,83.253968,49.003527,62.248677
50,50,7,6,2,172.032,0.14,42,2500,7.142857142857143,AOMDV,AODV,0.6380857592786501,0.30275356085295047,0.6725836193064423,84.470899,55.731922,69.94709
50,50,7,6,3,172.032,0.14,42,2500,7.142857142857143,AODV,AODV,0.6235024100062504,0.267442420284892,0.6177760281066312,96.428571,57.213404,71.834215
50,50,7,6,4,172.032,0.14,42,2500,7.142857142857143,AODV,AODV,0.7145271561203407,0.2539493794222968,0.6061180361409688,98.29806,79.920635,86.296296
50,50,7,6,5,172.032,0.14,42,2500,7.142857142857143,AOMDV,AODV,0.5092398185726456,0.5256488343233193,0.5377798358194014,89.955908,60.061728,71.984127
50,50,7,8,1,229.376,0.14,56,2500,7.142857142857143,AOMDV,AODV,0.6203495717685226,0.35,0.6697485323493734,80.337302,47.863757,63.862434
50,50,7,8,2,229.376,0.14,56,2500,7.142857142857143,DSDV,AODV,0.469081538186808,0.55,0.5197673164662735,78.48545,55.998677,69.52381
50,50,7,8,3,229.376,0.14,56,2500,7.142857142857143,AOMDV,AODV,0.6094892013781126,0.2974378807649235,0.6847862448432898,90.846561,55.26455,73.829365
50,50,7,8,4,229.376,0.14,56,2500,7.142857142857143,AOMDV,AODV,0.5356243436434214,0.36875581982386263,0.5905107664724389,98.029101,81.838624,87.096561
50,50,7,8,5,229.376,0.14,56,2500,7.142857142857143,AOMDV,AODV,0.4907268352832335,0.5466276245488534,0.6237258719337341,89.034392,55.780423,70.873016
50,50,10,3,1,122.88,0.2,30,2500,5.0,AODV,AODV,0.7096351035695172,0.35,0.461800460594604,86.419753,53.407407,66.666667
50,50,10,3,2,122.88,0.2,30,2500,5.0,AOMDV,AODV,0.6042982869164395,0.3246047408464878,0.616952865369804,88.777778,57.864198,69.333333
50,50,10,3,3,122.88,0.2,30,2500,5.0,AOMDV,AODV,0.6252043461667004,0.27715664777181714,0.660076901546974,95.901235,57.37037,75.358025
50,50,10,3,4,122.88,0.2,30,2500,5.0,AODV,AODV,0.6664751306537333,0.2650887185589122,0.6464012284855883,97.061728,80.938272,87.975309
50,50,10,3,5,122.88,0.2,30,2500,5.0,AOMDV,AODV,0.5401736951539469,0.3127827138451472,0.6669239693046541,92.481481,60.493827,75.91358
50,50,10,5,1,204.8,0.2,50,2500,5.0,AODV,AODV,0.6482894902782442,0.55,0.35461294154945044,83.837037,54.444444,66.844444
50,50,10,5,2,204.8,0.2,50,2500,5.0,AOMDV,AODV,0.6516586257358471,0.3183926776450498,0.6652865950046294,81.888889,57.355556,69.888889
50,50,10,5,3,204.8,0.2,50,2500,5.0,AOMDV,AODV,0.44999999999999996,0.380269251599899,0.6919233051763749,89.755556,54.614815,74.037037
50,50,10,5,4,204.8,0.2,50,2500,5.0,AOMDV,AODV,0.6162285946905277,0.35,0.6359275427474489,97.140741,80.614815,87.518519
50,50,10,5,5,204.8,0.2,50,2500,5.0,AOMDV,AODV,0.49674057275422273,0.5354712832984465,0.6686822680828962,90.622222,60.548148,75.162963
50,50,10,6,1,245.76,0.2,60,2500,5.0,AODV,AODV,0.5643943942917617,0.55,0.3398419532054443,83.018519,56.0,66.111111
50,50,10,6,2,245.76,0.2,60,2500,5.0,AOMDV,AODV,0.44999999999999996,0.4496423765420049,0.7309171839504656,75.790123,57.716049,69.666667
50,50,10,6,3,245.76,0.2,60,2500,5.0,DSDV,AODV,0.44999999999999996,0.55,0.5332707054407639,83.166667,55.04321,69.888889
50,50,10,6,4,245.76,0.2,60,2500,5.0,AODV,AODV,0.7239259505107497,0.27357458608143637,0.6007206643997953,96.716049,81.345679,87.320988
50,50,10,6,5,245.76,0.2,60,2500,5.0,AOMDV,AODV,0.47710672023374723,0.47475176649650497,0.6570725241725471,89.987654,61.475309,75.080247
50,50,12,2,1,98.304,0.24,24,2500,4.166666666666667,AODV,AODV,0.7078918153226698,0.32858435226710964,0.54047434100842,83.410494,51.759259,64.830247
50,50,12,2,2,98.304,0.24,24,2500,4.166666666666667,AOMDV,AODV,0.573167350814066,0.24287529783706255,0.643560415526662,91.790123,60.756173,74.104938
50,50,12,2,3,98.304,0.24,24,2500,4.166666666666667,AOMDV,AODV,0.5154733008288508,0.3285408662438839,0.6389416813537213,94.783951,59.058642,74.058642
50,50,12,2,4,98.304,0.24,24,2500,4.166666666666667,AODV,AODV,0.6486997724566814,0.2929446699077011,0.6105218130010356,96.404321,78.364198,84.799383
50,50,12,2,5,98.304,0.24,24,2500,4.166666666666667,AODV,AODV,0.6845394673156854,0.19890096520079942,0.6126770928381035,93.070988,61.481481,72.901235
50,50,12,3,1,147.456,0.24,36,2500,4.166666666666667,AODV,AODV,0.6433585412920504,0.2876238130196348,0.5978350502650572,84.187243,54.248971,64.084362
50,50,12,3,2,147.456,0.24,36,2500,4.166666666666667,AOMDV,AODV,0.5720804965507362,0.32888271599887775,0.6509165277296161,91.039095,59.609053,73.641975
50,50,12,3,3,147.456,0.24,36,2500,4.166666666666667,AODV,AODV,0.6769491111778121,0.44812359476488506,0.3540195798336087,95.123457,58.477366,72.644033
50,50,12,3,4,147.456,0.24,36,2500,4.166666666666667,AOMDV,AODV,0.5185511233552286,0.49722214488210603,0.6421720886999088,97.098765,76.460905,85.329218
50,50,12,3,5,147.456,0.24,36,2500,4.166666666666667,AOMDV,AODV,0.6069223700500342,0.22939853406584113,0.6374212910615807,92.654321,58.343621,72.633745
50,50,12,4,1,196.608,0.24,48,2500,4.166666666666667,AOMDV,AODV,0.49594431130555994,0.3433317701102445,0.6186723698453558,81.929012,53.973765,64.45216
50,50,12,4,2,196.608,0.24,48,2500,4.166666666666667,AOMDV,AODV,0.4682012948629037,0.402247651553822,0.6779809827051481,87.337963,60.54784,74.12037
50,50,12,4,3,196.608,0.24,48,2500,4.166666666666667,AODV,AODV,0.65,0.32763248695866987,0.6111536447929822,91.666667,58.765432,73.919753
50,50,12,4,4,196.608,0.24,48,2500,4.166666666666667,AODV,AODV,0.6460341960123346,0.28347639066315217,0.634257457539609,97.12963,77.229938,85.378086
50,50,12,4,5,196.608,0.24,48,2500,4.166666666666667,AOMDV,AODV,0.4655100177071967,0.39032523670228547,0.6649901113090969,91.304012,60.084877,75.0
50,50,12,5,1,245.76,0.24,60,2500,4.166666666666667,AOMDV,AODV,0.4707454888418457,0.48291728974314496,0.5794004156024284,79.197531,54.703704,65.438272
50,50,12,5,2,245.76,0.24,60,2500,4.166666666666667,AOMDV,AODV,0.47621742276434476,0.35,0.7093844964853098,81.067901,59.820988,72.185185
50,50,12,5,3,245.76,0.24,60,2500,4.166666666666667,AOMDV,AODV,0.44999999999999996,0.5465403622399646,0.6306117510687842,85.209877,56.962963,71.037037
50,50,12,5,4,245.76,0.24,60,2500,4.166666666666667,AOMDV,AODV,0.6461740192444365,0.2576255412845804,0.6554886413771305,95.462963,77.524691,85.716049
50,50,12,5,5,245.76,0.24,60,2500,4.166666666666667,AOMDV,AODV,0.4771775199846172,0.3323150104776287,0.6816764862838647,84.944444,61.450617,71.777778
50,50,12,6,1,294.912,0.24,72,2500,4.166666666666667,AOMDV,AODV,0.44999999999999996,0.4380825140021898,0.6615958734409412,72.937243,52.757202,64.897119
50,50,12,6,2,294.912,0.24,72,2500,4.166666666666667,AOMDV,AODV,0.44999999999999996,0.55,0.6315336253827613,74.320988,60.061728,69.171811
50,50,12,6,3,294.912,0.24,72,2500,4.166666666666667,AOMDV,AODV,0.44999999999999996,0.55,0.6332920573191233,75.853909,56.656379,70.0
50,50,12,6,4,294.912,0.24,72,2500,4.166666666666667,AOMDV,AODV,0.470045938675682,0.55,0.6831534668299659,92.700617,77.263374,86.003086
50,50,12,6,5,294.912,0.24,72,2500,4.166666666666667,AOMDV,AODV,0.44999999999999996,0.4759794366852652,0.8885109652556037,72.505144,56.332305,70.493827
50,50,12,8,1,393.216,0.24,96,2500,4.166666666666667,AOMDV,AODV,0.44999999999999996,0.4049793710694116,0.8048787592371764,61.496914,50.810185,60.034722
50,50,12,8,2,393.216,0.24,96,2500,4.166666666666667,AOMDV,AOMDV,0.4522921846199478,0.55,0.6370301021402609,63.302469,56.400463,63.530093
50,50,12,8,3,393.216,0.24,96,2500,4.166666666666667,AOMDV,AOMDV,0.4067307585502127,0.55,0.7738415206517439,61.103395,50.042438,62.280093
50,50,12,8,4,393.216,0.24,96,2500,4.166666666666667,AOMDV,AODV,0.44999999999999996,0.45456660955304884,0.7705137490457518,87.689043,76.350309,85.590278
50,50,12,8,5,393.216,0.24,96,2500,4.166666666666667,AOMDV,AOMDV,0.4129294596554679,0.55,0.7431021832881637,63.869599,54.286265,64.729938
50,50,15,3,1,184.32,0.3,45,2500,3.3333333333333335,AOMDV,AODV,0.5511942964503014,0.32548267948506554,0.6597926255070707,83.366255,51.218107,66.205761
50,50,15,3,2,184.32,0.3,45,2500,3.3333333333333335,AOMDV,AODV,0.49234380378463827,0.3390036627707688,0.6746162614351355,89.802469,60.847737,75.300412
50,50,15,3,3,184.32,0.3,45,2500,3.3333333333333335,AOMDV,AODV,0.44999999999999996,0.47679544186357514,0.6703882181918718,92.814815,55.695473,73.753086
50,50,15,3,4,184.32,0.3,45,2500,3.3333333333333335,AOMDV,AODV,0.6155309123160781,0.2861531947218051,0.6321428540713783,96.757202,73.251029,82.765432
50,50,15,3,5,184.32,0.3,45,2500,3.3333333333333335,AOMDV,AODV,0.4661453753021277,0.46350591455288626,0.6683376566081658,88.683128,56.995885,72.37037
50,50,15,5,1,307.2,0.3,75,2500,3.3333333333333335,AOMDV,AODV,0.44999999999999996,0.5041892898353526,0.6284965741659904,70.681481,53.145679,63.185185
50,50,15,5,2,307.2,0.3,75,2500,3.3333333333333335,AOMDV,AODV,0.44999999999999996,0.55,0.6503459775320486,76.395062,60.558025,70.251852
50,50,15,5,3,307.2,0.3,75,2500,3.3333333333333335,AOMDV,AODV,0.44999999999999996,0.4725311476755062,0.5751683429153164,73.451852,54.839506,63.165432
50,50,15,5,4,307.2,0.3,75,2500,3.3333333333333335,AOMDV,AODV,0.4745185985622469,0.33612228153053664,0.7249056987323289,90.316049,72.607407,83.224691
50,50,15,5,5,307.2,0.3,75,2500,3.3333333333333335,AOMDV,AODV,0.44999999999999996,0.3772698952269993,0.7514644364513398,73.155556,55.190123,66.8
50,50,15,6,1,368.64,0.3,90,2500,3.3333333333333335,AOMDV,AODV,0.44999999999999996,0.55,0.5790021744131355,63.806584,48.168724,58.847737
50,50,15,6,2,368.64,0.3,90,2500,3.3333333333333335,AOMDV,AODV,0.44999999999999996,0.47773613609978394,0.7353432675575812,68.613169,59.419753,65.82716
50,50,15,6,3,368.64,0.3,90,2500,3.3333333333333335,AOMDV,AOMDV,0.3969265518139317,0.45270340582893587,0.8651406905853849,60.954733,46.427984,62.897119
50,50,15,6,4,368.64,0.3,90,2500,3.3333333333333335,AOMDV,AODV,0.44999999999999996,0.45789538019624076,0.7696214978985544,86.061728,71.880658,81.740741
50,50,15,6,5,368.64,0.3,90,2500,3.3333333333333335,AOMDV,AODV,0.44999999999999996,0.55,0.7773286612478453,62.399177,53.386831,62.300412
50,50,18,2,1,147.456,0.36,36,2500,2.7777777777777777,AODV,AODV,0.6788219176346028,0.3488634945409823,0.644995077491244,84.454733,51.069959,66.522634
50,50,18,2,2,147.456,0.36,36,2500,2.7777777777777777,AOMDV,AODV,0.55646808625447,0.3268558487117761,0.6423474712472732,91.574074,61.728395,74.485597
50,50,18,2,3,147.456,0.36,36,2500,2.7777777777777777,AODV,AODV,0.6750835350017901,0.1,0.672332474454192,94.41358,54.495885,74.218107
50,50,18,2,4,147.456,0.36,36,2500,2.7777777777777777,AOMDV,AODV,0.5533982679739514,0.31520401224962163,0.6694332050351267,94.979424,72.109053,83.261317
50,50,18,2,5,147.456,0.36,36,2500,2.7777777777777777,AOMDV,AODV,0.4786599917754459,0.33626742303895063,0.6542318797160547,89.609053,57.397119,72.016461
50,50,18,3,1,221.184,0.36,54,2500,2.7777777777777777,AOMDV,AODV,0.4543496084327561,0.4730164488753118,0.5943944042659381,80.816187,52.455418,65.322359
50,50,18,3,2,221.184,0.36,54,2500,2.7777777777777777,AOMDV,AODV,0.46658058064551344,0.35,0.6671053212697763,84.540466,63.285322,73.285322
50,50,18,3,3,221.184,0.36,54,2500,2.7777777777777777,AOMDV,AODV,0.44999999999999996,0.4532661667949551,0.7350957987737666,86.234568,54.039781,71.467764
50,50,18,3,4,221.184,0.36,54,2500,2.7777777777777777,AODV,AODV,0.682316600284468,0.36009754329041055,0.473984530516493,94.060357,72.784636,83.374486
50,50,18,3,5,221.184,0.36,54,2500,2.7777777777777777,AOMDV,AODV,0.5200865443387536,0.2709821270556083,0.7552639002129933,82.462277,57.613169,72.695473
50,50,18,4,1,294.912,0.36,72,2500,2.7777777777777777,AOMDV,AODV,0.44999999999999996,0.45776281360408155,0.6946715837663439,69.845679,52.875514,62.42284
50,50,18,4,2,294.912,0.36,72,2500,2.7777777777777777,DSDV,AODV,0.44999999999999996,0.55,0.5188729614453201,77.5,60.63786,69.542181
50,50,18,4,3,294.912,0.36,72,2500,2.7777777777777777,AOMDV,AODV,0.44999999999999996,0.5374148608094356,0.7293200463954376,74.557613,52.566872,67.314815
50,50,18,4,4,294.912,0.36,72,2500,2.7777777777777777,AOMDV,AODV,0.44999999999999996,0.55,0.6330078650338355,91.471193,71.923868,80.992798
50,50,18,4,5,294.912,0.36,72,2500,2.7777777777777777,AOMDV,AODV,0.44999999999999996,0.5398911254173442,0.7061759106245717,71.759259,57.109053,66.970165
50,50,18,5,1,368.64,0.36,90,2500,2.7777777777777777,DSDV,AODV,0.44999999999999996,0.55,0.5211898049969607,60.917695,50.711934,57.567901
50,50,18,5,2,368.64,0.36,90,2500,2.7777777777777777,DSDV,AODV,0.4849262215342871,0.55,0.30592946628539264,68.687243,57.707819,62.888889
50,50,18,5,3,368.64,0.36,90,2500,2.7777777777777777,AOMDV,AOMDV,0.42134608402514656,0.5196337893315416,0.9083475250677491,60.415638,48.736626,61.209877
50,50,18,5,4,368.64,0.36,90,2500,2.7777777777777777,AOMDV,AODV,0.44999999999999996,0.55,0.7336273497785917,86.176955,71.176955,81.753086
50,50,18,5,5,368.64,0.36,90,2500,2.7777777777777777,AOMDV,AODV,0.44999999999999996,0.55,0.7402748857347695,62.613169,51.691358,61.666667
50,50,18,6,1,442.368,0.36,108,2500,2.7777777777777777,AOMDV,AOMDV,0.3358006119709571,0.5419892741383499,0.8675115888705419,52.585734,47.503429,54.314129
50,50,18,6,2,442.368,0.36,108,2500,2.7777777777777777,DSDV,AODV,0.5163643784184453,0.55,0.34263008521862726,58.453361,54.420439,56.0631
50,50,18,6,3,442.368,0.36,108,2500,2.7777777777777777,AOMDV,AOMDV,0.36487850174622816,0.55,0.6527167183127985,51.639232,44.20096,53.374486
50,50,18,6,4,442.368,0.36,108,2500,2.7777777777777777,AOMDV,AOMDV,0.3707423640063624,0.55,0.8556793496583517,77.150206,71.32716,78.395062
50,50,18,6,5,442.368,0.36,108,2500,2.7777777777777777,AOMDV,AOMDV,0.3206090725080381,0.55,0.6612206700062716,54.862826,49.687929,56.951303
50,50,18,8,1,589.824,0.36,144,2500,2.7777777777777777,AOMDV,AOMDV,0.3699192159083957,0.5094953888512147,0.7279595288429195,42.587449,40.496399,43.040123
50,50,18,8,2,589.824,0.36,144,2500,2.7777777777777777,DSDV,AODV,0.7887757889743959,0.8735444248196865,0.009705060042620457,50.033436,49.544753,48.004115
50,50,18,8,3,589.824,0.36,144,2500,2.7777777777777777,AOMDV,AOMDV,0.12309387870509655,0.55,0.5913279953933887,38.906893,38.41821,40.961934
50,50,18,8,4,589.824,0.36,144,2500,2.7777777777777777,DSDV,AOMDV,0.15312685075472654,0.55,0.5238585992974222,66.044239,65.208333,68.924897
50,50,18,8,5,589.824,0.36,144,2500,2.7777777777777777,AODV,AODV,0.5750543267527172,0.55,0.5347308545962459,45.897634,42.466564,44.96142
50,50,20,3,1,245.76,0.4,60,2500,2.5,AOMDV,AODV,0.44999999999999996,0.55,0.568053069576,77.746914,50.648148,65.907407
50,50,20,3,2,245.76,0.4,60,2500,2.5,AOMDV,AODV,0.44999999999999996,0.3971910540823792,0.6806068574856924,82.475309,61.259259,71.654321
50,50,20,3,3,245.76,0.4,60,2500,2.5,AOMDV,AODV,0.519906357003241,0.3109886677544738,0.7190360709223094,83.993827,54.074074,69.320988
50,50,20,3,4,245.76,0.4,60,2500,2.5,AOMDV,AODV,0.5101792996748151,0.31418033228243425,0.6401265791196489,93.67284,71.728395,81.0
50,50,20,3,5,245.76,0.4,60,2500,2.5,AOMDV,AODV,0.44999999999999996,0.5017939157732417,0.7580530490390192,76.864198,54.277778,69.32716
50,50,20,5,1,409.6,0.4,100,2500,2.5,AOMDV,AODV,0.44999999999999996,0.55,0.6955783490732336,57.188889,47.396296,55.1
50,50,20,5,2,409.6,0.4,100,2500,2.5,AOMDV,AOMDV,0.27082788142905645,0.55,0.7283680912217958,59.418519,56.025926,61.662963
50,50,20,5,3,409.6,0.4,100,2500,2.5,AOMDV,AODV,0.44999999999999996,0.4254127575091007,0.6910763627964926,56.955556,47.055556,55.507407
50,50,20,5,4,409.6,0.4,100,2500,2.5,AOMDV,AODV,0.44999999999999996,0.55,0.6126785823058293,79.937037,70.325926,77.948148
50,50,20,5,5,409.6,0.4,100,2500,2.5,AOMDV,AOMDV,0.3224865031190038,0.55,0.6020989622236502,53.314815,50.185185,54.82963
50,50,20,6,1,491.52,0.4,120,2500,2.5,AOMDV,AODV,0.44999999999999996,0.4856291135624581,0.7620463533881651,49.796296,43.033951,49.429012
50,50,20,6,2,491.52,0.4,120,2500,2.5,DSDV,AODV,0.5092807991035696,0.5605563202248433,0.06356917140547608,57.885802,53.388889,53.280864
50,50,20,6,3,491.52,0.4,120,2500,2.5,AOMDV,AOMDV,0.45823429436573765,0.55,0.5700194915497157,47.388889,42.104938,47.657407
50,50,20,6,4,491.52,0.4,120,2500,2.5,AOMDV,AODV,0.44999999999999996,0.55,0.6420682460849203,72.194444,67.506173,71.796296
50,50,20,6,5,491.52,0.4,120,2500,2.5,AODV,AODV,0.5845954953033601,0.55,0.41261053012735555,49.524691,44.490741,47.734568
50,50,22,2,1,180.224,0.44,44,2500,2.272727272727273,AOMDV,AODV,0.56816057163113,0.27813500047006356,0.6658038106913989,84.410774,53.518519,68.333333
50,50,22,2,2,180.224,0.44,44,2500,2.272727272727273,AOMDV,AODV,0.46445314143338357,0.3534290371732931,0.6592500045065569,88.400673,59.781145,73.089226
50,50,22,2,3,180.224,0.44,44,2500,2.272727272727273,AOMDV,AODV,0.5506929739051798,0.20706233284418127,0.6760594965583434,93.476431,57.09596,74.402357
50,50,22,2,4,180.224,0.44,44,2500,2.272727272727273,AOMDV,AODV,0.6055620172142815,0.20130245672239383,0.6356742536385002,94.351852,70.319865,80.23569
50,50,22,2,5,180.224,0.44,44,2500,2.272727272727273,AOMDV,AODV,0.4567111424086797,0.3066467845394828,0.6651319327856601,85.16835,57.037037,70.43771
50,50,22,3,1,270.336,0.44,66,2500,2.272727272727273,AOMDV,AODV,0.44999999999999996,0.4449327585612448,0.7118847877628904,74.719416,52.783389,65.735129
50,50,22,3,2,270.336,0.44,66,2500,2.272727272727273,AOMDV,AODV,0.44999999999999996,0.55,0.7498961225947874,76.060606,58.608305,70.998878
50,50,22,3,3,270.336,0.44,66,2500,2.272727272727273,AOMDV,AODV,0.44999999999999996,0.4679886365288374,0.793726571091795,78.641975,55.594837,71.4422
50,50,22,3,4,270.336,0.44,66,2500,2.272727272727273,AOMDV,AODV,0.44999999999999996,0.3657451790624785,0.7175288554474353,90.095398,68.821549,80.387205
50,50,22,3,5,270.336,0.44,66,2500,2.272727272727273,AOMDV,AODV,0.44999999999999996,0.55,0.6796261224726932,71.790123,54.186308,66.150393
50,50,22,4,1,360.448,0.44,88,2500,2.272727272727273,AOMDV,AODV,0.44999999999999996,0.55,0.6608902932209318,63.110269,52.714646,59.734848
50,50,22,4,2,360.448,0.44,88,2500,2.272727272727273,DSDV,AODV,0.44999999999999996,0.55,0.4966844076053825,65.618687,55.172559,62.70202
50,50,22,4,3,360.448,0.44,88,2500,2.272727272727273,AOMDV,AOMDV,0.34554151825003443,0.55,0.8544239690647332,62.06229,53.110269,64.768519
50,50,22,4,4,360.448,0.44,88,2500,2.272727272727273,AOMDV,AODV,0.44999999999999996,0.55,0.6249115255183126,81.043771,67.390572,76.902357
50,50,22,4,5,360.448,0.44,88,2500,2.272727272727273,AOMDV,AOMDV,0.33969268041579426,0.55,0.7763214133175829,58.068182,53.829966,59.444444
50,50,22,5,1,450.56,0.44,110,2500,2.272727272727273,AOMDV,AODV,0.44999999999999996,0.4712231291844886,0.7334086365293365,54.639731,47.121212,53.47138
50,50,22,5,2,450.56,0.44,110,2500,2.272727272727273,AOMDV,AODV,0.44999999999999996,0.47806612140264226,0.6301909306885489,57.915825,53.013468,56.659933
50,50,22,5,3,450.56,0.44,110,2500,2.272727272727273,AOMDV,AOMDV,0.28295721006563257,0.55,0.6948254486593703,50.784512,45.343434,53.996633
50,50,22,5,4,450.56,0.44,110,2500,2.272727272727273,AOMDV,AOMDV,0.4382758656033635,0.55,0.6825315730649668,69.003367,64.723906,69.117845
50,50,22,5,5,450.56,0.44,110,2500,2.272727272727273,AOMDV,AODV,0.44999999999999996,0.5239570282411327,0.6402218564988029,52.053872,48.622896,51.377104
50,50,22,6,1,540.672,0.44,132,2500,2.272727272727273,AOMDV,AOMDV,0.41014894210750674,0.5361096852321128,0.7550472440986565,46.921998,43.65881,47.239057
50,50,22,6,2,540.672,0.44,132,2500,2.272727272727273,AODV,AODV,0.700133219117242,0.5578835256388716,0.007064611029787321,53.372615,47.550505,47.446689
50,50,22,6,3,540.672,0.44,132,2500,2.272727272727273,AOMDV,AODV,0.4924788995136682,0.55,0.5798680970972405,44.41358,41.473064,44.118967
50,50,22,6,4,540.672,0.44,132,2500,2.272727272727273,AOMDV,AOMDV,0.0,0.5546392384906944,0.6686933678337547,60.182379,60.207632,62.631874
50,50,22,6,5,540.672,0.44,132,2500,2.272727272727273,DSDV,DSDV,0.1599822528877244,1.0,0.40957559630576684,43.877666,45.387205,44.980359
50,50,22,8,1,720.896,0.44,176,2500,2.272727272727273,DSDV,AOMDV,0.3565899699933189,0.55,0.5182425263017809,35.151515,34.766414,35.427189
50,50,22,8,2,720.896,0.44,176,2500,2.272727272727273,DSDV,DSDV,0.392852635445863,1.0,0.1291271869490395,40.406145,41.959175,38.743687
50,50,22,8,3,720.896,0.44,176,2500,2.272727272727273,DSDV,AODV,0.7408139944406414,0.8257272024857009,0.015020944346357968,35.3367,34.440236,32.098064
50,50,22,8,4,720.896,0.44,176,2500,2.272727272727273,DSDV,DSDV,0.018882490048428627,0.855473272412838,0.3235223318714725,50.875421,53.811027,51.662458
50,50,22,8,5,720.896,0.44,176,2500,2.272727272727273,DSDV,DSDV,0.49529974190377773,1.0,0.025156710834118707,36.616162,37.07702,34.739057
50,50,25,3,1,307.2,0.5,75,2500,2.0,AOMDV,AODV,0.44999999999999996,0.55,0.6458573229662192,68.024691,51.066667,64.009877
50,50,25,3,2,307.2,0.5,75,2500,2.0,AOMDV,AOMDV,0.4115993961408948,0.55,0.8182927899608864,66.202469,57.362963,67.02716
50,50,25,3,3,307.2,0.5,75,2500,2.0,AOMDV,AODV,0.44999999999999996,0.5125734350475218,0.7896781888159355,73.74321,57.432099,70.879012
50,50,25,3,4,307.2,0.5,75,2500,2.0,AOMDV,AODV,0.44999999999999996,0.55,0.6155879384207436,81.441975,67.387654,75.002469
50,50,25,3,5,307.2,0.5,75,2500,2.0,AOMDV,AODV,0.44999999999999996,0.55,0.7339426092110719,65.254321,54.088889,63.279012
50,50,25,5,1,512.0,0.5,125,2500,2.0,AOMDV,AOMDV,0.3088361993511234,0.55,0.56502862490245,46.352593,43.641481,47.878519
50,50,25,5,2,512.0,0.5,125,2500,2.0,DSDV,AODV,0.47616157073250376,0.674875040140797,0.10478830321264195,49.982222,49.125926,48.797037
50,50,25,5,3,512.0,0.5,125,2500,2.0,AOMDV,AOMDV,0.24451250769128002,0.55,0.6808588586959949,47.22963,43.943704,49.991111
50,50,25,5,4,512.0,0.5,125,2500,2.0,DSDV,AOMDV,0.1732142724583011,0.55,0.47364429881594045,60.877037,60.302222,61.795556
50,50,25,5,5,512.0,0.5,125,2500,2.0,AOMDV,AOMDV,0.21903373287992992,0.55,0.562433778841545,43.285926,42.37037,45.084444
50,50,25,6,1,614.4,0.5,150,2500,2.0,DSDV,DSDV,0.0,1.0,0.5238201930202709,38.528395,40.577778,39.985185
50,50,25,6,2,614.4,0.5,150,2500,2.0,DSDV,AODV,0.5670489535585782,0.9255356949649148,0.07722228433943294,44.511111,44.167901,42.437037
50,50,25,6,3,614.4,0.5,150,2500,2.0,AOMDV,AOMDV,0.48290993114949615,0.3901210777362032,0.6869807831740056,42.879012,39.101235,43.140741
50,50,25,6,4,614.4,0.5,150,2500,2.0,DSDV,DSDV,0.11951180311884721,1.0,0.4502246752971462,54.283951,54.785185,54.77037
50,50,25,6,5,614.4,0.5,150,2500,2.0,DSDV,DSDV,0.07177677239558014,1.0,0.1700036135746374,39.553086,40.046914,39.693827
100,20,5,3,1,61.44,0.05,15,2000,4.0,AOMDV,AODV,0.6382875332945057,0.2918716428849859,0.673185479315964,95.283951,76.91358,86.024691
100,20,5,3,2,61.44,0.05,15,2000,4.0,AOMDV,AODV,0.5499999999999999,0.5437209726434145,0.5880627333722661,98.617284,74.469136,86.024691
100,20,5,3,3,61.44,0.05,15,2000,4.0,AOMDV,AODV,0.5499999999999999,0.37181504762177464,0.7485000097411227,98.962963,84.148148,93.975309
100,20,5,3,4,61.44,0.05,15,2000,4.0,AOMDV,AODV,0.5499999999999999,0.5412507983146062,0.7385299427256514,99.209877,78.0,92.024691
100,20,5,3,5,61.44,0.05,15,2000,4.0,DSDV,AODV,0.5480227099014825,0.55,0.4488637695799036,98.345679,80.320988,81.45679
100,20,5,5,1,102.4,0.05,25,2000,4.0,AODV,AODV,0.7279285584411757,0.23058876895950692,0.6744023929644464,96.074074,73.762963,84.888889
100,20,5,5,2,102.4,0.05,25,2000,4.0,AOMDV,AODV,0.5417528331380393,0.55,0.6779218495017758,95.6,72.844444,85.125926
100,20,5,5,3,102.4,0.05,25,2000,4.0,AOMDV,AODV,0.5499999999999999,0.5206472401537333,0.6923355717870621,98.118519,87.925926,93.466667
100,20,5,5,4,102.4,0.05,25,2000,4.0,AOMDV,AODV,0.5499999999999999,0.5471407314487262,0.6504957922872624,97.688889,79.896296,90.577778
100,20,5,5,5,102.4,0.05,25,2000,4.0,AOMDV,AODV,0.5499999999999999,0.5495912232490091,0.5866512886409808,98.177778,75.096296,85.540741
100,20,5,6,1,122.88,0.05,30,2000,4.0,AOMDV,AODV,0.5473049618020764,0.55,0.6201947647087896,97.296296,74.728395,85.91358
100,20,5,6,2,122.88,0.05,30,2000,4.0,AOMDV,AODV,0.5485493774573342,0.55,0.6434297106185293,98.160494,75.567901,85.925926
100,20,5,6,3,122.88,0.05,30,2000,4.0,AOMDV,AODV,0.5499999999999999,0.536439733048875,0.7058569028793932,94.691358,86.444444,91.148148
100,20,5,6,4,122.88,0.05,30,2000,4.0,AOMDV,AODV,0.5426063826942659,0.55,0.7924521976211778,92.333333,78.814815,90.049383
100,20,5,6,5,122.88,0.05,30,2000,4.0,AOMDV,AODV,0.5422912969773874,0.5237472898622133,0.6489129978326955,96.765432,76.666667,85.62963
100,20,7,2,1,57.344,0.07,14,2000,2.857142857142857,AOMDV,AODV,0.535159326092009,0.43381627477651885,0.6756410218111604,97.328042,69.470899,83.439153
100,20,7,2,2,57.344,0.07,14,2000,2.857142857142857,AOMDV,AODV,0.5481394182787258,0.55,0.6830815949271446,96.957672,76.031746,87.698413
100,20,7,2,3,57.344,0.07,14,2000,2.857142857142857,AOMDV,AODV,0.5499999999999999,0.5463794642918794,0.7013908578484525,98.888889,82.619048,91.984127
100,20,7,2,4,57.344,0.07,14,2000,2.857142857142857,AODV,AODV,0.6964578624031336,0.17140043945951108,0.6735370526726423,97.063492,76.719577,86.825397
100,20,7,2,5,57.344,0.07,14,2000,2.857142857142857,AOMDV,AODV,0.536274122334342,0.55,0.6152589967594476,97.169312,74.259259,84.761905
100,20,7,3,1,86.016,0.07,21,2000,2.857142857142857,AODV,AODV,0.6973395185985373,0.55,0.4856905442110131,96.27866,68.853616,84.726631
100,20,7,3,2,86.016,0.07,21,2000,2.857142857142857,AOMDV,AODV,0.6635989272791315,0.22128413065109637,0.6645118712424597,98.818342,78.765432,88.324515
100,20,7,3,3,86.016,0.07,21,2000,2.857142857142857,AODV,AODV,0.7071870229108845,0.22285175579949523,0.6969173976365088,96.737213,82.433862,90.282187
100,20,7,3,4,86.016,0.07,21,2000,2.857142857142857,AOMDV,AODV,0.5400533138475166,0.55,0.6036493013759018,98.853616,77.178131,87.037037
100,20,7,3,5,86.016,0.07,21,2000,2.857142857142857,AOMDV,AODV,0.5401574431067415,0.55,0.631514105709724,98.747795,76.155203,87.178131
100,20,7,4,1,114.688,0.07,28,2000,2.857142857142857,AOMDV,AODV,0.5259314493551468,0.40315231327829537,0.7257770219572709,92.195767,72.619048,84.616402
100,20,7,4,2,114.688,0.07,28,2000,2.857142857142857,AOMDV,AODV,0.5417576232541023,0.3865612502225325,0.6842664103317818,96.216931,75.661376,86.362434
100,20,7,4,3,114.688,0.07,28,2000,2.857142857142857,AOMDV,AODV,0.5499999999999999,0.5458499602949094,0.7286652066266761,98.425926,82.367725,92.632275
100,20,7,4,4,114.688,0.07,28,2000,2.857142857142857,AOMDV,AODV,0.6512873203055899,0.3196947575757418,0.7263461556405603,97.314815,76.679894,89.351852
100,20,7,4,5,114.688,0.07,28,2000,2.857142857142857,AOMDV,AODV,0.5253814663533922,0.55,0.6032096175363697,97.275132,77.989418,85.595238
100,20,7,5,1,143.36,0.07,35,2000,2.857142857142857,AOMDV,AODV,0.5330350353880733,0.55,0.6466125029851939,95.015873,72.074074,85.439153
100,20,7,5,2,143.36,0.07,35,2000,2.857142857142857,AOMDV,AODV,0.6352841133761062,0.34181596249230917,0.7034558908851344,99.047619,77.460317,89.619048
100,20,7,5,3,143.36,0.07,35,2000,2.857142857142857,AOMDV,AODV,0.5998874072129602,0.33435531519588707,0.6543512588305332,98.518519,85.142857,91.216931
100,20,7,5,4,143.36,0.07,35,2000,2.857142857142857,AOMDV,AODV,0.5163381680333349,0.4772333016026895,0.7067380433695072,95.068783,78.26455,87.851852
100,20,7,5,5,143.36,0.07,35,2000,2.857142857142857,AOMDV,AODV,0.5242184320943406,0.55,0.6827675407626329,94.804233,74.973545,86.634921
100,20,7,6,1,172.032,0.07,42,2000,2.857142857142857,AOMDV,AODV,0.52520266594172,0.43371410622656836,0.7023318059678635,94.94709,72.680776,85.220459
100,20,7,6,2,172.032,0.07,42,2000,2.857142857142857,AODV,AODV,0.6761407573957526,0.55,0.41809425094846214,98.659612,79.532628,87.636684
100,20,7,6,3,172.032,0.07,42,2000,2.857142857142857,AOMDV,AODV,0.5447514734318764,0.5393528330926153,0.7615135342235564,98.677249,80.943563,93.40388
100,20,7,6,4,172.032,0.07,42,2000,2.857142857142857,AOMDV,AODV,0.5232800223623298,0.55,0.5793936383459607,96.525573,76.349206,87.354497
100,20,7,6,5,172.032,0.07,42,2000,2.857142857142857,AOMDV,AODV,0.6409448504950537,0.28384087974227756,0.651942774675912,97.160494,76.507937,85.776014
100,20,7,8,1,229.376,0.07,56,2000,2.857142857142857,AOMDV,AODV,0.5956628404738712,0.35,0.7079674581262148,89.583333,69.662698,82.546296
100,20,7,8,2,229.376,0.07,56,2000,2.857142857142857,AOMDV,AODV,0.5516115176209435,0.35,0.5840672715640505,96.765873,76.011905,83.974868
100,20,7,8,3,229.376,0.07,56,2000,2.857142857142857,AOMDV,AODV,0.5258443137259678,0.55,0.6240121361164559,97.275132,84.279101,89.861111
100,20,7,8,4,229.376,0.07,56,2000,2.857142857142857,AOMDV,AODV,0.46717313629232243,0.55,0.552907913720351,89.861111,76.130952,85.152116
100,20,7,8,5,229.376,0.07,56,2000,2.857142857142857,AOMDV,AODV,0.590039238059119,0.2230511762272644,0.7633099408975667,90.357143,74.332011,85.489418
100,20,10,3,1,122.88,0.1,30,2000,2.0,AOMDV,AODV,0.5214070786675685,0.49541611776170313,0.6514519130012363,94.358025,73.950617,83.08642
100,20,10,3,2,122.88,0.1,30,2000,2.0,AOMDV,AODV,0.5272000063195467,0.4858886703097396,0.6843447933533939,98.62963,77.432099,88.580247
100,20,10,3,3,122.88,0.1,30,2000,2.0,AOMDV,AODV,0.5484377768282388,0.37609444569886963,0.6859160079500811,98.975309,81.925926,90.864198
100,20,10,3,4,122.88,0.1,30,2000,2.0,AOMDV,AODV,0.5068171792444677,0.55,0.6290982078478043,97.08642,75.580247,85.345679
100,20,10,3,5,122.88,0.1,30,2000,2.0,AODV,AODV,0.6783130237456656,0.15773831650599837,0.6358474671490779,97.45679,75.604938,84.62963
100,20,10,5,1,204.8,0.1,50,2000,2.0,AOMDV,AODV,0.4960670367625671,0.55,0.6512362070772768,91.266667,71.896296,85.177778
100,20,10,5,2,204.8,0.1,50,2000,2.0,AOMDV,AODV,0.614821519081245,0.3465372042865632,0.7150727528349867,96.155556,74.777778,87.37037
100,20,10,5,3,204.8,0.1,50,2000,2.0,AOMDV,AODV,0.512324879167341,0.55,0.6769847579999316,97.274074,82.792593,90.859259
100,20,10,5,4,204.8,0.1,50,2000,2.0,AOMDV,AODV,0.44999999999999996,0.55,0.6664942840652018,89.422222,73.37037,83.466667
100,20,10,5,5,204.8,0.1,50,2000,2.0,AOMDV,AODV,0.5501061442297783,0.26846615249765077,0.7112776956140477,92.992593,75.948148,85.844444
100,20,10,6,1,245.76,0.1,60,2000,2.0,AOMDV,AODV,0.4629916017466486,0.55,0.5530453609292716,87.203704,71.777778,80.67284
100,20,10,6,2,245.76,0.1,60,2000,2.0,DSDV,AODV,0.47202353992515017,0.55,0.5488219540600305,93.487654,76.851852,85.37037
100,20,10,6,3,245.76,0.1,60,2000,2.0,AOMDV,AODV,0.5565930162191772,0.32991862650982007,0.7088883136097492,95.833333,83.783951,90.716049
100,20,10,6,4,245.76,0.1,60,2000,2.0,AOMDV,AODV,0.44999999999999996,0.55,0.7050043983934601,80.901235,72.154321,80.635802
100,20,10,6,5,245.76,0.1,60,2000,2.0,AOMDV,AODV,0.48946293655283113,0.25740517107452787,0.7563887020155002,87.975309,75.203704,83.302469
100,20,12,2,1,98.304,0.12,24,2000,1.6666666666666667,AOMDV,AODV,0.5109132742128234,0.3694481188174834,0.6951827203183472,94.228395,71.003086,83.657407
100,20,12,2,2,98.304,0.12,24,2000,1.6666666666666667,AOMDV,AODV,0.5498754017155312,0.31967978158382654,0.6918641774482168,97.777778,73.688272,86.635802
100,20,12,2,3,98.304,0.12,24,2000,1.6666666666666667,AOMDV,AODV,0.7201290266731766,0.1,0.7592456232335493,98.364198,81.589506,93.117284
100,20,12,2,4,98.304,0.12,24,2000,1.6666666666666667,AOMDV,AODV,0.5026395676740758,0.55,0.6117607200660516,97.145062,73.904321,84.475309
100,20,12,2,5,98.304,0.12,24,2000,1.6666666666666667,AOMDV,AODV,0.5103845561617448,0.2955788856079774,0.6333333356241545,96.743827,77.160494,85.138889
100,20,12,3,1,147.456,0.12,36,2000,1.6666666666666667,AOMDV,AODV,0.49264164175700753,0.3913029783029237,0.7087500056206164,93.816872,69.94856,83.67284
100,20,12,3,2,147.456,0.12,36,2000,1.6666666666666667,AOMDV,AODV,0.49209196149506623,0.4263586467920407,0.7084897478037261,97.530864,73.960905,87.5
100,20,12,3,3,147.456,0.12,36,2000,1.6666666666666667,AOMDV,AODV,0.6997985510205456,0.15812317428924078,0.7081710816562312,98.611111,83.816872,92.304527
100,20,12,3,4,147.456,0.12,36,2000,1.6666666666666667,AOMDV,AODV,0.4797656102258514,0.55,0.5879032718337809,94.670782,74.372428,83.549383
100,20,12,3,5,147.456,0.12,36,2000,1.6666666666666667,AOMDV,AODV,0.4979830737333013,0.4544087858788096,0.6654016635914183,96.337449,77.76749,86.656379
100,20,12,4,1,196.608,0.12,48,2000,1.6666666666666667,AOMDV,AODV,0.48110522204352907,0.32368613403641605,0.713696799223978,88.04784,70.640432,80.841049
100,20,12,4,2,196.608,0.12,48,2000,1.6666666666666667,AOMDV,AODV,0.499867553609343,0.35832373080193414,0.6697324419361261,95.123457,74.359568,84.498457
100,20,12,4,3,196.608,0.12,48,2000,1.6666666666666667,AOMDV,AODV,0.5017631375465741,0.4415321461050925,0.7229087615015436,97.584877,80.655864,91.859568
100,20,12,4,4,196.608,0.12,48,2000,1.6666666666666667,AOMDV,AODV,0.44999999999999996,0.55,0.6528169872312329,88.16358,74.737654,81.134259
100,20,12,4,5,196.608,0.12,48,2000,1.6666666666666667,AOMDV,AODV,0.5830758222159349,0.3164769410564896,0.6697204303528086,94.737654,79.282407,86.828704
100,20,12,5,1,245.76,0.12,60,2000,1.6666666666666667,DSDV,AODV,0.45285146225576134,0.55,0.5093948466786239,83.012346,68.246914,78.253086
100,20,12,5,2,245.76,0.12,60,2000,1.6666666666666667,DSDV,AODV,0.44999999999999996,0.55,0.4320325162091666,92.487654,75.993827,80.290123
100,20,12,5,3,245.76,0.12,60,2000,1.6666666666666667,AOMDV,AODV,0.45939786683884526,0.5235591060651434,0.7344289719568201,95.277778,82.302469,90.790123
100,20,12,5,4,245.76,0.12,60,2000,1.6666666666666667,AOMDV,AODV,0.44999999999999996,0.55,0.6538062473121745,82.58642,71.351852,78.493827
100,20,12,5,5,245.76,0.12,60,2000,1.6666666666666667,AOMDV,AODV,0.44999999999999996,0.55,0.6759106485729244,89.111111,76.425926,84.32716
100,20,12,6,1,294.912,0.12,72,2000,1.6666666666666667,AOMDV,AODV,0.44999999999999996,0.43746712979721536,0.786406493190116,77.186214,66.995885,74.650206
100,20,12,6,2,294.912,0.12,72,2000,1.6666666666666667,AOMDV,AODV,0.44999999999999996,0.55,0.8281825183022988,81.409465,74.218107,81.399177
100,20,12,6,3,294.912,0.12,72,2000,1.6666666666666667,AOMDV,AOMDV,0.44647495501439666,0.30271139352939846,0.9479199368646372,88.945473,82.942387,89.079218
100,20,12,6,4,294.912,0.12,72,2000,1.6666666666666667,AOMDV,AOMDV,0.27809942766389395,0.49758707242212374,0.8259390258828444,73.72428,68.67284,76.846708
100,20,12,6,5,294.912,0.12,72,2000,1.6666666666666667,AOMDV,AOMDV,0.4500451098071182,0.35,0.9352552544362436,82.186214,72.073045,82.79321
100,20,12,8,1,393.216,0.12,96,2000,1.6666666666666667,AODV,AODV,0.6013805457069242,0.55,0.32789641333856884,59.112654,56.682099,58.333333
100,20,12,8,2,393.216,0.12,96,2000,1.6666666666666667,AOMDV,AOMDV,0.30948569393139896,0.55,0.6453698396594394,68.607253,66.199846,70.401235
100,20,12,8,3,393.216,0.12,96,2000,1.6666666666666667,AOMDV,AOMDV,0.038439966665935445,0.55,0.6816544198524269,78.707562,78.668981,83.946759
100,20,12,8,4,393.216,0.12,96,2000,1.6666666666666667,AODV,AOMDV,0.7288527540113049,0.35,0.6955127158478381,63.742284,59.112654,64.070216
100,20,12,8,5,393.216,0.12,96,2000,1.6666666666666667,AOMDV,AOMDV,0.2462372200780077,0.4285933813306302,0.8996619866195075,71.454475,66.489198,75.563272
100,20,15,3,1,184.32,0.15,45,2000,1.3333333333333333,AOMDV,AODV,0.4766890740208203,0.47045045414067466,0.6923373306401371,93.209877,73.983539,84.337449
100,20,15,3,2,184.32,0.15,45,2000,1.3333333333333333,AOMDV,AODV,0.4809619637382721,0.4768266514828907,0.6659635931438984,96.452675,79.102881,87.539095
100,20,15,3,3,184.32,0.15,45,2000,1.3333333333333333,AOMDV,AODV,0.5608441998336451,0.3214145508344111,0.6919328585543201,98.090535,82.888889,91.061728
100,20,15,3,4,184.32,0.15,45,2000,1.3333333333333333,AOMDV,AODV,0.44999999999999996,0.55,0.6671545800164733,88.773663,71.580247,80.930041
100,20,15,3,5,184.32,0.15,45,2000,1.3333333333333333,AOMDV,AODV,0.4897739057997449,0.3464567906139522,0.6424542007964376,92.477366,75.407407,82.707819
100,20,15,5,1,307.2,0.15,75,2000,1.3333333333333333,AOMDV,AOMDV,0.15596589648784331,0.55,0.698378543359342,73.550617,72.345679,75.822222
100,20,15,5,2,307.2,0.15,75,2000,1.3333333333333333,DSDV,AODV,0.44999999999999996,0.55,0.5190597938294105,83.6,77.214815,81.506173
100,20,15,5,3,307.2,0.15,75,2000,1.3333333333333333,AOMDV,AODV,0.5824374540986743,0.20734255783258154,0.8504970836539401,93.412346,84.597531,91.753086
100,20,15,5,4,307.2,0.15,75,2000,1.3333333333333333,AOMDV,AOMDV,0.1650198954676778,0.5181449730895036,0.7890416773331854,67.6,64.869136,72.316049
100,20,15,5,5,307.2,0.15,75,2000,1.3333333333333333,AOMDV,AOMDV,0.2722409420842186,0.55,0.7995217430167304,77.446914,73.007407,80.345679
100,20,15,6,1,368.64,0.15,90,2000,1.3333333333333333,AOMDV,AOMDV,0.011192356134345835,0.55,0.7836404569120102,65.004115,64.864198,70.489712
100,20,15,6,2,368.64,0.15,90,2000,1.3333333333333333,DSDV,AOMDV,0.0,0.7258684580217897,0.7130810274742659,68.069959,70.662551,74.703704
100,20,15,6,3,368.64,0.15,90,2000,1.3333333333333333,AOMDV,AOMDV,0.08343348368587745,0.55,0.8613250618238074,84.716049,83.82716,88.621399
100,20,15,6,4,368.64,0.15,90,2000,1.3333333333333333,DSDV,AOMDV,0.0,0.8668019362934187,0.6733024297194007,56.271605,61.625514,63.876543
100,20,15,6,5,368.64,0.15,90,2000,1.3333333333333333,AOMDV,AOMDV,0.1829387731876299,0.55,0.7840076338164925,73.530864,71.481481,76.522634
100,20,18,2,1,147.456,0.18,36,2000,1.1111111111111112,AOMDV,AODV,0.47895295036149516,0.55,0.6686312561019081,94.609053,73.364198,85.195473
100,20,18,2,2,147.456,0.18,36,2000,1.1111111111111112,AOMDV,AODV,0.4950363409241608,0.5184600337066764,0.6531963372172325,97.44856,77.170782,86.32716
100,20,18,2,3,147.456,0.18,36,2000,1.1111111111111112,AODV,AODV,0.6372184755910496,0.2617395887481228,0.547459904259546,98.559671,83.168724,86.502058
100,20,18,2,4,147.456,0.18,36,2000,1.1111111111111112,AOMDV,AODV,0.459645400805274,0.41104084376534233,0.6612973134904825,93.045267,70.606996,81.244856
100,20,18,2,5,147.456,0.18,36,2000,1.1111111111111112,AOMDV,AODV,0.6487945034638661,0.2802166430925165,0.6525705272492257,94.639918,78.230453,85.617284
100,20,18,3,1,221.184,0.18,54,2000,1.1111111111111112,AOMDV,AODV,0.44999999999999996,0.55,0.7778471293695359,84.499314,73.703704,82.949246
100,20,18,3,2,221.184,0.18,54,2000,1.1111111111111112,AOMDV,AODV,0.44999999999999996,0.55,0.6783744088944643,93.978052,78.607682,87.592593
100,20,18,3,3,221.184,0.18,54,2000,1.1111111111111112,AOMDV,AODV,0.5554560712145786,0.23975723654878475,0.7521517739276914,95.884774,81.0631,91.015089
100,20,18,3,4,221.184,0.18,54,2000,1.1111111111111112,AOMDV,AODV,0.44999999999999996,0.55,0.8236948536411648,81.639232,70.665295,80.994513
100,20,18,3,5,221.184,0.18,54,2000,1.1111111111111112,AOMDV,AODV,0.46310381041157,0.36044940478246534,0.645434316433885,89.657064,77.33882,82.688615
100,20,18,4,1,294.912,0.18,72,2000,1.1111111111111112,AOMDV,AODV,0.44999999999999996,0.55,0.6261139488416954,76.610082,71.805556,75.679012
100,20,18,4,2,294.912,0.18,72,2000,1.1111111111111112,AOMDV,AODV,0.44999999999999996,0.55,0.7344306220380956,84.542181,75.684156,83.487654
100,20,18,4,3,294.912,0.18,72,2000,1.1111111111111112,AOMDV,AOMDV,0.344859823756242,0.3909398392661344,0.9520406271518619,87.021605,82.381687,88.436214
100,20,18,4,4,294.912,0.18,72,2000,1.1111111111111112,AOMDV,AOMDV,0.25676625911002804,0.55,0.8485676393500128,69.866255,64.855967,73.636831
100,20,18,4,5,294.912,0.18,72,2000,1.1111111111111112,AOMDV,AODV,0.44999999999999996,0.55,0.6920629717558634,82.726337,78.034979,81.712963
100,20,18,5,1,368.64,0.18,90,2000,1.1111111111111112,DSDV,AOMDV,0.41996398903549004,0.55,0.4825372797939377,65.979424,65.54321,66.148148
100,20,18,5,2,368.64,0.18,90,2000,1.1111111111111112,DSDV,AOMDV,0.0,0.7883899859268511,0.7748532146643081,68.032922,72.135802,75.777778
100,20,18,5,3,368.64,0.18,90,2000,1.1111111111111112,AOMDV,AOMDV,0.0,0.667793225055013,0.8951462431988915,76.123457,78.962963,84.452675
100,20,18,5,4,368.64,0.18,90,2000,1.1111111111111112,DSDV,AOMDV,0.08508093995957454,0.8031857335880934,0.5872767214096434,57.0,59.144033,60.8107
100,20,18,5,5,368.64,0.18,90,2000,1.1111111111111112,AOMDV,AOMDV,0.0,0.7303824585082295,0.7509093090925519,69.534979,73.028807,78.251029
100,20,18,6,1,442.368,0.18,108,2000,1.1111111111111112,DSDV,DSDV,0.0,1.0,0.5699178960582757,51.577503,57.318244,56.608368
100,20,18,6,2,442.368,0.18,108,2000,1.1111111111111112,DSDV,AOMDV,0.10036201984935832,0.9252767529258494,0.49195874554609603,66.145405,68.470508,68.933471
100,20,18,6,3,442.368,0.18,108,2000,1.1111111111111112,AOMDV,AOMDV,0.0,0.5931545919639025,0.9112465978528301,69.327846,71.292867,77.421125
100,20,18,6,4,442.368,0.18,108,2000,1.1111111111111112,DSDV,AODV,0.8221412021439066,0.9429768319047648,0.031375752167503906,53.120713,52.825789,49.554184
100,20,18,6,5,442.368,0.18,108,2000,1.1111111111111112,DSDV,DSDV,0.121416463117488,1.0,0.36106212160300405,66.27915,68.175583,67.654321
100,20,18,8,1,589.824,0.18,144,2000,1.1111111111111112,DSDV,DSDV,0.0091555405523144,1.0,0.18311717394528973,40.264918,47.618313,42.083333
100,20,18,8,2,589.824,0.18,144,2000,1.1111111111111112,DSDV,DSDV,0.2819127562667324,1.0,0.020769900052427563,51.867284,58.258745,51.177984
100,20,18,8,3,589.824,0.18,144,2000,1.1111111111111112,DSDV,DSDV,0.1834401919514182,1.0,0.37033519865726594,56.337449,61.25,59.740226
100,20,18,8,4,589.824,0.18,144,2000,1.1111111111111112,DSDV,DSDV,0.12162082095491797,1.0,0.2328101363706817,37.314815,44.683642,38.796296
100,20,18,8,5,589.824,0.18,144,2000,1.1111111111111112,DSDV,DSDV,0.18624138206639065,1.0,0.031976674508956415,50.570988,56.358025,49.938272
100,20,20,3,1,245.76,0.2,60,2000,1.0,AOMDV,AODV,0.44999999999999996,0.55,0.6131944287817983,84.611111,71.512346,81.32716
100,20,20,3,2,245.76,0.2,60,2000,1.0,AOMDV,AODV,0.44999999999999996,0.55,0.7264886244356087,88.932099,77.598765,85.493827
100,20,20,3,3,245.76,0.2,60,2000,1.0,AOMDV,AODV,0.4518203692090722,0.4861077171214999,0.7142804777151318,95.0,82.888889,90.080247
100,20,20,3,4,245.76,0.2,60,2000,1.0,AOMDV,AOMDV,0.37181145103385743,0.5352269494830992,0.9109023639233726,77.074074,71.555556,78.234568
100,20,20,3,5,245.76,0.2,60,2000,1.0,AOMDV,AODV,0.44999999999999996,0.4818417346010119,0.7432053562099361,89.45679,79.45679,85.981481
100,20,20,5,1,409.6,0.2,100,2000,1.0,DSDV,DSDV,0.06789699635673759,1.0,0.33920559511120757,58.881481,62.22963,60.533333
100,20,20,5,2,409.6,0.2,100,2000,1.0,DSDV,AOMDV,0.0,0.8496293975936038,0.6983997453887374,65.281481,69.274074,71.277778
100,20,20,5,3,409.6,0.2,100,2000,1.0,DSDV,AOMDV,0.009869762389132538,0.8299152530747566,0.6492808843151876,74.4,78.477778,80.955556
100,20,20,5,4,409.6,0.2,100,2000,1.0,DSDV,DSDV,0.1962351634779376,1.0,0.26328078191273613,54.511111,56.866667,55.666667
100,20,20,5,5,409.6,0.2,100,2000,1.0,AOMDV,AOMDV,0.0,0.7637707895297612,0.7929087389373725,71.7,72.651852,73.703704
100,20,20,6,1,491.52,0.2,120,2000,1.0,DSDV,DSDV,0.2702353797044475,1.0,0.02524811180057044,50.694444,55.438272,48.546296
100,20,20,6,2,491.52,0.2,120,2000,1.0,DSDV,DSDV,0.18120442508117954,1.0,0.03614136925959007,57.391975,61.87963,57.299383
100,20,20,6,3,491.52,0.2,120,2000,1.0,DSDV,AOMDV,0.0,0.7581555130875627,0.6126341633845905,66.361111,70.308642,74.895062
100,20,20,6,4,491.52,0.2,120,2000,1.0,DSDV,DSDV,0.3305923482538044,0.9550621047217858,0.03646166318343889,43.398148,47.25,43.364198
100,20,20,6,5,491.52,0.2,120,2000,1.0,DSDV,DSDV,0.306693566199582,1.0,0.20852027073925283,61.740741,64.679012,62.888889
100,20,22,2,1,180.224,0.22,44,2000,0.9090909090909091,AOMDV,AODV,0.4720084007241014,0.3375958060510478,0.7247035528772292,92.272727,73.106061,84.806397
100,20,22,2,2,180.224,0.22,44,2000,0.9090909090909091,AOMDV,AODV,0.4620354280208714,0.33552810525457655,0.7260638314952317,94.469697,77.853535,88.047138
100,20,22,2,3,180.224,0.22,44,2000,0.9090909090909091,AOMDV,AODV,0.6051401306124508,0.2643253782291677,0.6379908936745599,97.5,82.710438,88.888889
100,20,22,2,4,180.224,0.22,44,2000,0.9090909090909091,AOMDV,AODV,0.44999999999999996,0.55,0.5667431874888563,90.942761,73.114478,81.893939
100,20,22,2,5,180.224,0.22,44,2000,0.9090909090909091,AOMDV,AODV,0.6013893483176103,0.3304469666038624,0.6769585279421895,95.23569,78.796296,87.087542
100,20,22,3,1,270.336,0.22,66,2000,0.9090909090909091,AOMDV,AOMDV,0.21187764460937883,0.55,0.7421926721366912,75.903479,74.046016,77.991021
100,20,22,3,2,270.336,0.22,66,2000,0.9090909090909091,AOMDV,AOMDV,0.4343230216445274,0.502471309547703,0.9411740593871393,84.943883,78.103255,85.190797
100,20,22,3,3,270.336,0.22,66,2000,0.9090909090909091,AOMDV,AODV,0.44999999999999996,0.4958993143537641,0.8087152968850869,91.40853,80.982043,88.653199
100,20,22,3,4,270.336,0.22,66,2000,0.9090909090909091,AOMDV,AOMDV,0.0,0.5735213195930335,0.8890220881042192,70.291807,70.718294,78.451178
100,20,22,3,5,270.336,0.22,66,2000,0.9090909090909091,AOMDV,AODV,0.44999999999999996,0.55,0.6231377582008084,86.032548,77.676768,83.501684
100,20,22,4,1,360.448,0.22,88,2000,0.9090909090909091,DSDV,DSDV,0.00034887060483605834,1.0,0.5108090716807139,59.461279,65.757576,65.037879
100,20,22,4,2,360.448,0.22,88,2000,0.9090909090909091,DSDV,AOMDV,0.0,0.977429478511631,0.76658960283541,68.44697,73.54798,73.81734
100,20,22,4,3,360.448,0.22,88,2000,0.9090909090909091,AOMDV,AOMDV,0.0,0.7826839500453672,0.9582977611590182,76.649832,80.530303,83.838384
100,20,22,4,4,360.448,0.22,88,2000,0.9090909090909091,DSDV,DSDV,0.0993163925191504,1.0,0.3635788123265517,59.15404,63.863636,62.074916
100,20,22,4,5,360.448,0.22,88,2000,0.9090909090909091,DSDV,AOMDV,0.25894333389834157,0.55,0.5330397334138528,74.183502,72.617845,76.25
100,20,22,5,1,450.56,0.22,110,2000,0.9090909090909091,DSDV,DSDV,0.2106234141173588,1.0,0.02660381811850912,51.936027,59.191919,51.639731
100,20,22,5,2,450.56,0.22,110,2000,0.9090909090909091,DSDV,DSDV,0.23630420533889435,1.0,0.030612911545547423,62.478114,65.222222,62.252525
100,20,22,5,3,450.56,0.22,110,2000,0.9090909090909091,DSDV,AOMDV,0.0,0.843062492343196,0.8242746056433436,65.181818,70.444444,73.262626
100,20,22,5,4,450.56,0.22,110,2000,0.9090909090909091,DSDV,DSDV,0.00663856609063319,1.0,0.47931476400430406,42.52862,56.683502,50.683502
100,20,22,5,5,450.56,0.22,110,2000,0.9090909090909091,DSDV,DSDV,0.22406623186948138,1.0,0.030171795784831607,62.750842,66.589226,62.76431
100,20,22,6,1,540.672,0.22,132,2000,0.9090909090909091,DSDV,DSDV,0.22734737963458482,1.0,0.13258612683348978,42.180135,49.904602,43.810325
100,20,22,6,2,540.672,0.22,132,2000,0.9090909090909091,DSDV,DSDV,0.6077917418127214,1.0,0.018821993299944627,54.682941,56.574074,50.928732
100,20,22,6,3,540.672,0.22,132,2000,0.9090909090909091,DSDV,DSDV,0.0,0.9986970885275506,0.6326488837667061,52.685185,61.523569,59.517396
100,20,22,6,4,540.672,0.22,132,2000,0.9090909090909091,DSDV,DSDV,0.07633781682197946,1.0,0.20104548347862453,39.927048,49.029181,41.523569
100,20,22,6,5,540.672,0.22,132,2000,0.9090909090909091,DSDV,DSDV,0.46063896275236643,1.0,0.026882309136581906,53.829966,59.001122,52.138047
100,20,22,8,1,720.896,0.22,176,2000,0.9090909090909091,DSDV,DSDV,0.29879059593403245,1.0,0.01352272528688644,31.11532,37.830387,29.406566
100,20,22,8,2,720.896,0.22,176,2000,0.9090909090909091,DSDV,DSDV,0.12386700214525664,1.0,0.14705482722415625,38.034512,47.438973,39.541246
100,20,22,8,3,720.896,0.22,176,2000,0.9090909090909091,DSDV,DSDV,0.15256180630494648,1.0,0.08121297850628692,46.746633,55.193603,47.436869
100,20,22,8,4,720.896,0.22,176,2000,0.9090909090909091,DSDV,DSDV,0.24422336965689959,1.0,0.034886810151192535,28.613215,38.703704,27.615741
100,20,22,8,5,720.896,0.22,176,2000,0.9090909090909091,DSDV,DSDV,0.23714780559907203,1.0,0.012053179572873999,41.569865,46.090067,40.229377
100,20,25,3,1,307.2,0.25,75,2000,0.8,DSDV,DSDV,0.0,1.0,0.6276411218748981,66.316049,71.471605,70.849383
100,20,25,3,2,307.2,0.25,75,2000,0.8,AOMDV,AOMDV,0.06676556578077632,0.55,0.7099306581000022,78.207407,77.71358,81.041975
100,20,25,3,3,307.2,0.25,75,2000,0.8,AOMDV,AOMDV,0.34506300400856593,0.2663078659257095,0.9565800819359199,85.259259,79.851852,86.903704
100,20,25,3,4,307.2,0.25,75,2000,0.8,DSDV,AOMDV,0.0,0.9648341593641322,0.7817510773832032,59.061728,69.081481,69.930864
100,20,25,3,5,307.2,0.25,75,2000,0.8,AOMDV,AOMDV,0.19725058430169085,0.55,0.8599069937777913,80.311111,77.555556,83.841975
100,20,25,5,1,512.0,0.25,125,2000,0.8,DSDV,DSDV,0.45351211338498465,1.0,0.017774901071676345,43.318519,49.662222,41.297778
100,20,25,5,2,512.0,0.25,125,2000,0.8,DSDV,DSDV,0.18232432821112268,1.0,0.028509963885337244,57.096296,62.577778,56.397037
100,20,25,5,3,512.0,0.25,125,2000,0.8,DSDV,DSDV,0.048845153427188315,1.0,0.3868464566406273,57.244444,66.165926,63.14963
100,20,25,5,4,512.0,0.25,125,2000,0.8,DSDV,DSDV,0.216615838198606,1.0,0.033428317824020025,40.074074,49.68,39.262222
100,20,25,5,5,512.0,0.25,125,2000,0.8,DSDV,DSDV,0.45433359742012996,0.9707723086811064,0.02365021152837425,51.979259,59.647407,49.502222
100,20,25,6,1,614.4,0.25,150,2000,0.8,DSDV,DSDV,0.16954213619930392,1.0,0.013210942218819917,33.481481,41.217284,32.879012
100,20,25,6,2,614.4,0.25,150,2000,0.8,DSDV,DSDV,0.1928062902684734,1.0,0.16984364727546297,47.476543,53.382716,49.175309
100,20,25,6,3,614.4,0.25,150,2000,0.8,DSDV,DSDV,0.10366393181469705,1.0,0.1957944964814988,48.145679,59.37284,51.708642
100,20,25,6,4,614.4,0.25,150,2000,0.8,DSDV,DSDV,0.15575966418004875,1.0,0.03373492803865357,33.985185,43.560494,33.795062
100,20,25,6,5,614.4,0.25,150,2000,0.8,DSDV,DSDV,0.4825342033151587,0.9274807064655175,0.027620007464466315,43.488889,50.666667,41.595062
100,30,5,3,1,61.44,0.05,15,3000,6.0,AOMDV,AODV,0.5499999999999999,0.5439454710568189,0.6133506028291706,98.17284,69.08642,82.592593
100,30,5,3,2,61.44,0.05,15,3000,6.0,AODV,AODV,0.7194421334693909,0.17351109965353234,0.6941095906111316,96.419753,69.382716,84.049383
100,30,5,3,3,61.44,0.05,15,3000,6.0,AOMDV,AODV,0.5837335798517763,0.32639086144544355,0.6504780048397749,96.938272,71.111111,82.617284
100,30,5,3,4,61.44,0.05,15,3000,6.0,AOMDV,AODV,0.5484509446572434,0.4185901234625028,0.5947590310547157,98.197531,77.703704,84.296296
100,30,5,3,5,61.44,0.05,15,3000,6.0,AODV,AODV,0.6267076042782842,0.28205680763871505,0.6043630934629247,98.345679,73.728395,82.17284
100,30,5,5,1,102.4,0.05,25,3000,6.0,AODV,AODV,0.6080999284851079,0.5471926226784213,0.3472076424139542,97.318519,75.511111,81.422222
100,30,5,5,2,102.4,0.05,25,3000,6.0,AODV,AODV,0.6954858247492455,0.2772830023512523,0.6064486011888703,98.459259,74.681481,82.948148
100,30,5,5,3,102.4,0.05,25,3000,6.0,AODV,AODV,0.75,0.24946542596918903,0.4712817544728097,98.844444,75.377778,77.896296
100,30,5,5,4,102.4,0.05,25,3000,6.0,AODV,AODV,0.5499999999999999,0.5472060079115283,0.4492815165269135,96.992593,73.585185,83.451852
100,30,5,5,5,102.4,0.05,25,3000,6.0,AODV,AODV,0.6671206199408799,0.2738129446305701,0.5912988701564849,98.296296,74.8,82.177778
100,30,5,6,1,122.88,0.05,30,3000,6.0,AODV,AODV,0.7079577051931412,0.55,0.4227981490125031,97.765432,68.604938,82.407407
100,30,5,6,2,122.88,0.05,30,3000,6.0,AOMDV,AODV,0.5499999999999999,0.5465976145444736,0.6336495750288298,98.444444,73.148148,83.864198
100,30,5,6,3,122.88,0.05,30,3000,6.0,AODV,AODV,0.6604339743976674,0.2779970890008049,0.49035626020479656,97.444444,77.345679,79.148148
100,30,5,6,4,122.88,0.05,30,3000,6.0,AODV,AODV,0.6703637666058659,0.28068732924246986,0.6339434246647659,96.037037,73.777778,82.876543
100,30,5,6,5,122.88,0.05,30,3000,6.0,AOMDV,AODV,0.5202322139028985,0.55,0.6705570403292498,94.777778,73.061728,84.358025
100,30,7,2,1,57.344,0.07,14,3000,4.285714285714286,AOMDV,AODV,0.6508569967095166,0.3247967577709377,0.6967576837886799,96.269841,73.015873,85.767196
100,30,7,2,2,57.344,0.07,14,3000,4.285714285714286,AODV,AODV,0.710663827396043,0.13121750494314732,0.6623198051536744,97.433862,77.248677,86.772487
100,30,7,2,3,57.344,0.07,14,3000,4.285714285714286,AOMDV,AODV,0.5420491859171342,0.55,0.6101664405730891,94.179894,75.661376,83.095238
100,30,7,2,4,57.344,0.07,14,3000,4.285714285714286,AOMDV,AODV,0.6971551943697062,0.20914811512547152,0.7024911092700429,93.306878,71.005291,83.518519
100,30,7,2,5,57.344,0.07,14,3000,4.285714285714286,AODV,AODV,0.6948663401925685,0.1813076715928979,0.6650735328243614,95.15873,73.571429,83.888889
100,30,7,3,1,86.016,0.07,21,3000,4.285714285714286,AODV,AODV,0.729685778482538,0.2068600503725883,0.5761372200621898,96.96649,73.45679,83.633157
100,30,7,3,2,86.016,0.07,21,3000,4.285714285714286,AOMDV,AODV,0.6302128772337163,0.2934434127189128,0.6510723772699802,96.948854,77.213404,86.031746
100,30,7,3,3,86.016,0.07,21,3000,4.285714285714286,AODV,AODV,0.6304721403734775,0.55,0.38516172289468953,97.724868,73.227513,83.968254
100,30,7,3,4,86.016,0.07,21,3000,4.285714285714286,AOMDV,AODV,0.6395251435469769,0.2950897075984914,0.6524663644930014,92.257496,68.659612,79.276896
100,30,7,3,5,86.016,0.07,21,3000,4.285714285714286,AOMDV,AODV,0.5425948994082324,0.55,0.5736729801424069,98.059965,72.522046,81.604938
100,30,7,4,1,114.688,0.07,28,3000,4.285714285714286,AOMDV,AODV,0.5422668933450809,0.34062133215381313,0.6647282559390717,95.410053,71.071429,82.685185
100,30,7,4,2,114.688,0.07,28,3000,4.285714285714286,AODV,AODV,0.6648373580930865,0.32230365784801884,0.6581632623225833,98.518519,77.12963,87.02381
100,30,7,4,3,114.688,0.07,28,3000,4.285714285714286,AOMDV,AODV,0.5980264854093278,0.3044185406595304,0.6760904608336469,95.634921,71.071429,83.412698
100,30,7,4,4,114.688,0.07,28,3000,4.285714285714286,AOMDV,AODV,0.5376522722119438,0.5059098828166235,0.6684037144700525,92.050265,69.153439,80.37037
100,30,7,4,5,114.688,0.07,28,3000,4.285714285714286,AODV,AODV,0.6415444871915877,0.3322038005026802,0.6202569740991702,96.732804,72.539683,81.693122
100,30,7,5,1,143.36,0.07,35,3000,4.285714285714286,AOMDV,AODV,0.6111420236189893,0.34619853442880305,0.6408429055116801,97.417989,73.439153,83.608466
100,30,7,5,2,143.36,0.07,35,3000,4.285714285714286,AOMDV,AODV,0.5964879211507419,0.3307719367417127,0.6863395287763121,98.031746,74.095238,86.666667
100,30,7,5,3,143.36,0.07,35,3000,4.285714285714286,AOMDV,AODV,0.5267829476797669,0.3571605926251218,0.6229653497556601,98.486772,72.222222,82.31746
100,30,7,5,4,143.36,0.07,35,3000,4.285714285714286,AODV,AODV,0.6442968888083043,0.55,0.47491886574074904,93.502646,68.814815,83.343915
100,30,7,5,5,143.36,0.07,35,3000,4.285714285714286,AOMDV,AODV,0.5348416219463857,0.55,0.5740680216669578,98.328042,74.529101,82.37037
100,30,7,6,1,172.032,0.07,42,3000,4.285714285714286,AODV,AODV,0.7369500216065858,0.35,0.47511422244477647,97.998236,73.395062,81.763668
100,30,7,6,2,172.032,0.07,42,3000,4.285714285714286,AOMDV,AODV,0.5453268994711269,0.48924048606870385,0.6920698731302941,96.040564,75.458554,86.569665
100,30,7,6,3,172.032,0.07,42,3000,4.285714285714286,AOMDV,AODV,0.5230768766424267,0.45666514408882797,0.6413988684632832,94.638448,75.978836,83.915344
100,30,7,6,4,172.032,0.07,42,3000,4.285714285714286,AOMDV,AODV,0.5144499125333215,0.3819470528354433,0.6521822765150765,91.719577,71.111111,80.37037
100,30,7,6,5,172.032,0.07,42,3000,4.285714285714286,AOMDV,AODV,0.482008772152914,0.55,0.6662229915279853,94.065256,71.067019,82.583774
100,30,7,8,1,229.376,0.07,56,3000,4.285714285714286,DSDV,AODV,0.5238598869135361,0.55,0.5177088416325666,91.851852,73.452381,83.412698
100,30,7,8,2,229.376,0.07,56,3000,4.285714285714286,DSDV,AODV,0.5328235992423382,0.55,0.4704116076530628,95.482804,79.980159,85.548942
100,30,7,8,3,229.376,0.07,56,3000,4.285714285714286,AOMDV,AODV,0.45324886304800677,0.37228512825042537,0.7154783859318088,90.291005,72.387566,82.949735
100,30,7,8,4,229.376,0.07,56,3000,4.285714285714286,AOMDV,AODV,0.6717715355892537,0.12473908044426624,0.7116149033655708,88.373016,67.07672,79.457672
100,30,7,8,5,229.376,0.07,56,3000,4.285714285714286,AOMDV,AODV,0.5700893803704683,0.19181766127142474,0.781054400336017,85.866402,65.509259,80.310847
100,30,10,3,1,122.88,0.1,30,3000,3.0,AOMDV,AODV,0.6373705376914129,0.24309280390263588,0.6711664521630162,95.802469,67.54321,81.432099
100,30,10,3,2,122.88,0.1,30,3000,3.0,AOMDV,AODV,0.5238423327537002,0.4245464442630794,0.6676963277080309,98.320988,74.740741,86.148148
100,30,10,3,3,122.88,0.1,30,3000,3.0,AOMDV,AODV,0.537725664456826,0.55,0.5504187106446322,98.197531,74.320988,82.604938
100,30,10,3,4,122.88,0.1,30,3000,3.0,AOMDV,AODV,0.6325082387838523,0.19508221934129416,0.6505335352749592,94.839506,70.54321,81.37037
100,30,10,3,5,122.88,0.1,30,3000,3.0,AOMDV,AODV,0.5251081494336569,0.3014685267007394,0.6246978897417771,96.0,71.481481,81.0
100,30,10,5,1,204.8,0.1,50,3000,3.0,AOMDV,AODV,0.6150289697787849,0.28020559622896457,0.6941008965982246,92.711111,65.4,80.214815
100,30,10,5,2,204.8,0.1,50,3000,3.0,AOMDV,AODV,0.49811598565864534,0.5479544134234636,0.6670605173001012,94.222222,74.007407,84.8
100,30,10,5,3,204.8,0.1,50,3000,3.0,AOMDV,AODV,0.6667634710951642,0.1,0.6904841645172065,96.555556,72.22963,85.22963
100,30,10,5,4,204.8,0.1,50,3000,3.0,AODV,AODV,0.6086799761297529,0.21603007453253714,0.6022819505959671,91.081481,69.17037,76.585185
100,30,10,5,5,204.8,0.1,50,3000,3.0,AOMDV,AODV,0.4526345289840532,0.2950424475443163,0.6608934165302653,89.888889,72.362963,80.02963
100,30,10,6,1,245.76,0.1,60,3000,3.0,AOMDV,AODV,0.5187450747519808,0.35,0.7823147091254425,83.771605,66.154321,79.055556
100,30,10,6,2,245.76,0.1,60,3000,3.0,AOMDV,AODV,0.45413024246863315,0.309115640275146,0.6607899355930131,91.487654,74.037037,84.203704
100,30,10,6,3,245.76,0.1,60,3000,3.0,AOMDV,AODV,0.44999999999999996,0.35013044931800974,0.7186504750817166,89.623457,73.0,81.709877
100,30,10,6,4,245.76,0.1,60,3000,3.0,AODV,AODV,0.5519894669022553,0.5388725338445918,0.43263888287951274,86.623457,70.623457,77.117284
100,30,10,6,5,245.76,0.1,60,3000,3.0,AOMDV,AODV,0.6411861300917815,0.1,0.7499946653369524,84.728395,68.135802,77.864198
100,30,12,2,1,98.304,0.12,24,3000,2.5,AODV,AODV,0.8145505329069732,0.1,0.6793677212301572,94.737654,66.91358,81.095679
100,30,12,2,2,98.304,0.12,24,3000,2.5,AOMDV,AODV,0.5078366402991618,0.55,0.5837055052639617,96.17284,72.438272,81.867284
100,30,12,2,3,98.304,0.12,24,3000,2.5,AOMDV,AODV,0.6048008970864426,0.21545775808669737,0.6369100140891247,97.098765,72.57716,82.762346
100,30,12,2,4,98.304,0.12,24,3000,2.5,AOMDV,AODV,0.6409076146991031,0.23064390433322485,0.6563076931092825,94.305556,69.228395,80.725309
100,30,12,2,5,98.304,0.12,24,3000,2.5,AOMDV,AODV,0.6105782493942542,0.34278408438791375,0.6278106563033381,97.12963,73.657407,82.932099
100,30,12,3,1,147.456,0.12,36,3000,2.5,AOMDV,AODV,0.4917996155139705,0.55,0.645731013593463,92.644033,64.94856,80.308642
100,30,12,3,2,147.456,0.12,36,3000,2.5,AOMDV,AODV,0.5256993975761796,0.3309237942835421,0.682006304707546,96.409465,70.308642,83.765432
100,30,12,3,3,147.456,0.12,36,3000,2.5,AODV,AODV,0.6857811189019216,0.2225784520172689,0.6299999944421505,98.323045,73.065844,83.168724
100,30,12,3,4,147.456,0.12,36,3000,2.5,DSDV,AODV,0.5239658000928252,0.55,0.3829196979502303,95.26749,72.057613,80.31893
100,30,12,3,5,147.456,0.12,36,3000,2.5,AOMDV,AODV,0.5071388569611566,0.3630064675325292,0.6049415575414453,94.578189,75.216049,81.882716
100,30,12,4,1,196.608,0.12,48,3000,2.5,AOMDV,AODV,0.5688734581847265,0.32389852346821446,0.6692546639626987,89.675926,67.314815,78.209877
100,30,12,4,2,196.608,0.12,48,3000,2.5,AOMDV,AODV,0.5276298345980878,0.17287643108669143,0.6011570791748467,93.989198,71.983025,79.375
100,30,12,4,3,196.608,0.12,48,3000,2.5,AOMDV,AODV,0.5909182546375871,0.2296071940359539,0.67520774995363,95.393519,70.324074,82.87037
100,30,12,4,4,196.608,0.12,48,3000,2.5,AODV,AODV,0.8727044263237876,0.1,0.5859575520617698,93.395062,69.359568,79.058642
100,30,12,4,5,196.608,0.12,48,3000,2.5,AOMDV,AODV,0.591300119157755,0.1,0.727450558262855,93.248457,71.782407,84.143519
100,30,12,5,1,245.76,0.12,60,3000,2.5,AOMDV,AODV,0.4598292467350926,0.3521682270887948,0.7303565013511579,85.0,67.512346,78.407407
100,30,12,5,2,245.76,0.12,60,3000,2.5,AOMDV,AODV,0.44999999999999996,0.23983746589994,0.7522101347690678,88.308642,71.240741,81.734568
100,30,12,5,3,245.76,0.12,60,3000,2.5,AOMDV,AODV,0.44999999999999996,0.22282768914563925,0.6839288725864819,90.080247,74.462963,81.808642
100,30,12,5,4,245.76,0.12,60,3000,2.5,AOMDV,AODV,0.5672614410381064,0.1,0.8114287242329297,85.87037,66.37037,80.530864
100,30,12,5,5,245.76,0.12,60,3000,2.5,AOMDV,AODV,0.7259816957476323,0.1,0.7922281405682223,86.919753,70.253086,81.709877
100,30,12,6,1,294.912,0.12,72,3000,2.5,DSDV,AODV,0.44999999999999996,0.55,0.44303442481894456,73.770576,64.238683,69.799383
100,30,12,6,2,294.912,0.12,72,3000,2.5,AOMDV,AODV,0.49547203363157444,0.253840072921358,0.913119163090778,80.93107,66.440329,79.969136
100,30,12,6,3,294.912,0.12,72,3000,2.5,AOMDV,AODV,0.44999999999999996,0.40241957262386097,0.9504392560157215,81.49177,71.17284,81.471193
100,30,12,6,4,294.912,0.12,72,3000,2.5,AOMDV,AOMDV,0.4342135059576203,0.23616127343932317,0.950760583414717,73.384774,60.226337,73.863169
100,30,12,6,5,294.912,0.12,72,3000,2.5,AOMDV,AOMDV,0.5327843373972355,0.1,0.9576746935299277,77.42284,65.411523,77.510288
100,30,12,8,1,393.216,0.12,96,3000,2.5,AODV,AODV,0.7153541345321895,0.35,0.4875329448709018,62.665895,53.472222,59.741512
100,30,12,8,2,393.216,0.12,96,3000,2.5,AODV,AOMDV,0.8533293243539943,0.4111248946505589,0.4865730090164963,67.989969,59.209105,68.101852
100,30,12,8,3,393.216,0.12,96,3000,2.5,AOMDV,AOMDV,0.32393888802328263,0.5354955466038517,0.8104390179239614,70.138889,63.595679,72.685185
100,30,12,8,4,393.216,0.12,96,3000,2.5,AOMDV,AOMDV,0.1809661404012619,0.398393800672582,0.7645867323633839,58.738426,54.98071,64.324846
100,30,12,8,5,393.216,0.12,96,3000,2.5,AOMDV,AOMDV,0.3011359249532434,0.5164586808927905,0.7325673774063581,66.963735,60.486111,70.165895
100,30,15,3,1,184.32,0.15,45,3000,2.0,AOMDV,AODV,0.5888424946614534,0.2805115735170926,0.6968232559671574,92.73251,68.378601,81.736626
100,30,15,3,2,184.32,0.15,45,3000,2.0,AOMDV,AODV,0.5868103922599313,0.17079688934309029,0.7258355583714131,91.26749,68.090535,82.090535
100,30,15,3,3,184.32,0.15,45,3000,2.0,AOMDV,AODV,0.6195285855606766,0.15397338633059515,0.6794892263369087,95.99177,75.366255,85.884774
100,30,15,3,4,184.32,0.15,45,3000,2.0,AOMDV,AODV,0.4939998711639676,0.24106747398830514,0.7188175472305307,87.44856,67.835391,78.238683
100,30,15,3,5,184.32,0.15,45,3000,2.0,AODV,AODV,0.6890504729229263,0.1058409363813903,0.4616995074477902,92.213992,72.164609,81.596708
100,30,15,5,1,307.2,0.15,75,3000,2.0,AODV,AODV,0.56984210700725,0.45594687092722175,0.5554542569358445,72.365432,63.649383,70.069136
100,30,15,5,2,307.2,0.15,75,3000,2.0,AOMDV,AOMDV,0.21183356207982534,0.3299852761673213,0.9609344354580625,72.088889,68.51358,76.108642
100,30,15,5,3,307.2,0.15,75,3000,2.0,AOMDV,AODV,0.44999999999999996,0.28901957960568986,0.8643278388567496,85.491358,74.859259,83.614815
100,30,15,5,4,307.2,0.15,75,3000,2.0,AOMDV,AOMDV,0.37536634613655717,0.15029857015853437,0.9622920412847665,65.609877,59.333333,69.17037
100,30,15,5,5,307.2,0.15,75,3000,2.0,AOMDV,AOMDV,0.42345546415923474,0.1,0.9477095392196252,75.590123,67.62963,77.506173
100,30,15,6,1,368.64,0.15,90,3000,2.0,AODV,AODV,0.5446813828926532,0.3679088394548127,0.38826396517805034,66.90535,60.436214,62.897119
100,30,15,6,2,368.64,0.15,90,3000,2.0,AOMDV,AOMDV,0.3472534770166631,0.5400064642943366,0.741650621968141,65.831276,61.032922,67.251029
100,30,15,6,3,368.64,0.15,90,3000,2.0,AOMDV,AOMDV,0.26795008489632055,0.35,0.9320104024344066,75.62963,71.353909,79.27572
100,30,15,6,4,368.64,0.15,90,3000,2.0,AOMDV,AOMDV,0.0771055114785554,0.4799848627126525,0.9615841651847784,54.37037,52.91358,61.415638
100,30,15,6,5,368.64,0.15,90,3000,2.0,AODV,AODV,0.8550129392856544,0.24377746929330013,0.5710738718607982,72.102881,62.497942,69.62963
100,30,18,2,1,147.456,0.18,36,3000,1.6666666666666667,AOMDV,AODV,0.4842096333722451,0.37960954673381697,0.7034205133168195,93.230453,67.623457,82.427984
100,30,18,2,2,147.456,0.18,36,3000,1.6666666666666667,AODV,AODV,0.5776141784950073,0.5235338519882458,0.45528961526747896,94.742798,73.251029,83.055556
100,30,18,2,3,147.456,0.18,36,3000,1.6666666666666667,AOMDV,AODV,0.49268093379771444,0.39561063070234015,0.6550149796577399,96.779835,76.162551,85.555556
100,30,18,2,4,147.456,0.18,36,3000,1.6666666666666667,AOMDV,AODV,0.625525780390815,0.1673666479555908,0.6610472270627201,94.207819,69.156379,80.90535
100,30,18,2,5,147.456,0.18,36,3000,1.6666666666666667,AODV,AODV,0.717698889121646,0.1,0.664169822843601,94.526749,75.504115,84.557613
100,30,18,3,1,221.184,0.18,54,3000,1.6666666666666667,AOMDV,AODV,0.44999999999999996,0.3610984624534901,0.6706599279810266,86.11797,70.390947,78.120713
100,30,18,3,2,221.184,0.18,54,3000,1.6666666666666667,AOMDV,AODV,0.5491027087114158,0.16596925839164176,0.731236013507864,89.986283,72.565158,82.736626
100,30,18,3,3,221.184,0.18,54,3000,1.6666666666666667,AOMDV,AODV,0.5801069746657319,0.3199983478586088,0.6295839691174417,96.241427,78.436214,85.541838
100,30,18,3,4,221.184,0.18,54,3000,1.6666666666666667,AOMDV,AODV,0.44999999999999996,0.28374554460405194,0.8510608700600899,80.0,68.40192,77.290809
100,30,18,3,5,221.184,0.18,54,3000,1.6666666666666667,AODV,AODV,0.6417158029268567,0.1,0.5593441335514054,91.817558,74.458162,78.676269
100,30,18,4,1,294.912,0.18,72,3000,1.6666666666666667,AOMDV,AOMDV,0.43221475292865846,0.4521770082746389,0.9199067685125607,73.909465,67.283951,74.182099
100,30,18,4,2,294.912,0.18,72,3000,1.6666666666666667,AOMDV,AODV,0.44999999999999996,0.31305306326986027,0.8355183061144772,80.596708,69.490741,77.824074
100,30,18,4,3,294.912,0.18,72,3000,1.6666666666666667,AOMDV,AODV,0.44999999999999996,0.47547225274147953,0.8779048883317226,85.282922,75.776749,83.996914
100,30,18,4,4,294.912,0.18,72,3000,1.6666666666666667,AOMDV,AOMDV,0.06735309207286022,0.25596833586219647,0.9715138768265024,63.894033,62.361111,72.602881
100,30,18,4,5,294.912,0.18,72,3000,1.6666666666666667,AOMDV,AODV,0.44999999999999996,0.22335453869974126,0.9187919368992707,80.6893,71.358025,80.195473
100,30,18,5,1,368.64,0.18,90,3000,1.6666666666666667,AOMDV,AODV,0.5137369574887773,0.35,0.6990685876939554,63.81893,58.366255,62.707819
100,30,18,5,2,368.64,0.18,90,3000,1.6666666666666667,AOMDV,AOMDV,0.22877962956511472,0.55,0.7763513740810125,68.716049,64.481481,72.8107
100,30,18,5,3,368.64,0.18,90,3000,1.6666666666666667,AOMDV,AOMDV,0.2823275837683028,0.39925334047428973,0.952856707728299,76.765432,71.374486,79.967078
100,30,18,5,4,368.64,0.18,90,3000,1.6666666666666667,AOMDV,AOMDV,0.0,0.6728422933663496,0.8066487125874686,57.0,58.876543,63.477366
100,30,18,5,5,368.64,0.18,90,3000,1.6666666666666667,AOMDV,AOMDV,0.08384570510829938,0.4845072316250151,0.9043719866110964,68.847737,67.625514,74.185185
100,30,18,6,1,442.368,0.18,108,3000,1.6666666666666667,DSDV,AOMDV,0.07237519335657672,0.9274056456861607,0.48704887878994085,50.003429,53.052126,53.638546
100,30,18,6,2,442.368,0.18,108,3000,1.6666666666666667,AOMDV,AODV,0.517269295229795,0.41274335342307233,0.6434108372810001,62.016461,60.192044,61.831276
100,30,18,6,3,442.368,0.18,108,3000,1.6666666666666667,DSDV,AOMDV,0.08183899613842982,0.5872565511281448,0.5035401881068763,67.078189,67.427984,71.303155
100,30,18,6,4,442.368,0.18,108,3000,1.6666666666666667,AOMDV,AOMDV,0.3842962919965054,0.48207100584676177,0.7036677028664371,50.404664,51.255144,53.302469
100,30,18,6,5,442.368,0.18,108,3000,1.6666666666666667,DSDV,AOMDV,0.30568605010356237,0.55,0.5015889735655624,61.460905,60.747599,62.733196
100,30,18,8,1,589.824,0.18,144,3000,1.6666666666666667,DSDV,DSDV,0.20206010229473678,0.8344640965992794,0.2200780918113659,39.673354,41.800412,38.397634
100,30,18,8,2,589.824,0.18,144,3000,1.6666666666666667,DSDV,DSDV,0.20287568378921486,1.0,0.07823072657191175,47.523148,49.819959,47.764918
100,30,18,8,3,589.824,0.18,144,3000,1.6666666666666667,AODV,AODV,0.8019864063151082,0.6385066944217648,0.13942134228434644,57.379115,56.19856,54.089506
100,30,18,8,4,589.824,0.18,144,3000,1.6666666666666667,DSDV,DSDV,0.07501112252538514,0.9363359480446247,0.3937670473406694,37.937243,44.853395,40.167181
100,30,18,8,5,589.824,0.18,144,3000,1.6666666666666667,DSDV,DSDV,0.11242222939910211,1.0,0.08844961363762645,50.105453,53.428498,50.378086
100,30,20,3,1,245.76,0.2,60,3000,1.5,AOMDV,AODV,0.44999999999999996,0.3825062918927461,0.8188723907097216,81.54321,67.345679,77.882716
100,30,20,3,2,245.76,0.2,60,3000,1.5,AOMDV,AODV,0.44999999999999996,0.3983122874678404,0.7194584769839948,87.080247,72.074074,79.901235
100,30,20,3,3,245.76,0.2,60,3000,1.5,AOMDV,AODV,0.6123540747782216,0.1,0.6607443067161011,93.487654,75.395062,83.388889
100,30,20,3,4,245.76,0.2,60,3000,1.5,AOMDV,AOMDV,0.36105028648226817,0.16697987864613573,0.9671889266767786,74.82716,66.259259,77.320988
100,30,20,3,5,245.76,0.2,60,3000,1.5,AOMDV,AODV,0.472850535792134,0.14063673991618628,0.7053687729441944,90.864198,75.012346,83.45679
100,30,20,5,1,409.6,0.2,100,3000,1.5,DSDV,DSDV,0.2819637161679692,1.0,0.019735873195768833,52.896296,56.885185,51.896296
100,30,20,5,2,409.6,0.2,100,3000,1.5,AOMDV,AOMDV,0.2815450940283927,0.55,0.5613968615877585,64.903704,63.155556,66.981481
100,30,20,5,3,409.6,0.2,100,3000,1.5,AOMDV,AOMDV,0.02968953683021127,0.55,0.6008115165373653,67.348148,66.97037,72.696296
100,30,20,5,4,409.6,0.2,100,3000,1.5,AOMDV,AOMDV,0.2376235497733384,0.528466963864455,0.7048351353916456,52.922222,52.07037,54.677778
100,30,20,5,5,409.6,0.2,100,3000,1.5,AOMDV,AOMDV,0.1426513052337977,0.55,0.7058805054010309,67.462963,66.648148,69.218519
100,30,20,6,1,491.52,0.2,120,3000,1.5,DSDV,DSDV,0.0,1.0,0.21240422293168182,44.41358,49.805556,45.675926
100,30,20,6,2,491.52,0.2,120,3000,1.5,DSDV,AOMDV,0.16101156417507523,0.8655380018143041,0.49085482555800775,55.225309,55.768519,56.0
100,30,20,6,3,491.52,0.2,120,3000,1.5,DSDV,AOMDV,0.05325584644022962,0.7889930315113541,0.6990713839543288,57.175926,60.638889,62.70679
100,30,20,6,4,491.52,0.2,120,3000,1.5,DSDV,DSDV,0.12581145265178145,1.0,0.39742775707993494,44.709877,49.262346,46.771605
100,30,20,6,5,491.52,0.2,120,3000,1.5,AOMDV,AOMDV,0.0,0.6893390757414818,0.779203763691951,56.506173,60.290123,63.243827
100,30,22,2,1,180.224,0.22,44,3000,1.3636363636363635,AOMDV,AODV,0.45776610509776533,0.4126563567420347,0.6666666687694145,90.328283,69.191919,79.368687
100,30,22,2,2,180.224,0.22,44,3000,1.3636363636363635,AODV,AODV,0.7693599994268631,0.1,0.6221281692304209,94.040404,73.156566,81.144781
100,30,22,2,3,180.224,0.22,44,3000,1.3636363636363635,AOMDV,AODV,0.4644335397126473,0.41588861492913887,0.6303370700665613,96.001684,75.774411,83.880471
100,30,22,2,4,180.224,0.22,44,3000,1.3636363636363635,AOMDV,AODV,0.5345398583266675,0.2792389365036701,0.6508088153721824,90.227273,70.521886,78.442761
100,30,22,2,5,180.224,0.22,44,3000,1.3636363636363635,AOMDV,AODV,0.4893471767104677,0.4673763208484667,0.6248835035994406,94.276094,76.212121,83.232323
100,30,22,3,1,270.336,0.22,66,3000,1.3636363636363635,AOMDV,AOMDV,0.3657165634723433,0.55,0.8447066453456625,71.296296,68.496072,71.941639
100,30,22,3,2,270.336,0.22,66,3000,1.3636363636363635,AOMDV,AODV,0.6269731707162063,0.1,0.7714636016202177,83.125701,70.218855,78.338945
100,30,22,3,3,270.336,0.22,66,3000,1.3636363636363635,AOMDV,AODV,0.44999999999999996,0.44484882826510896,0.7960452066421612,86.380471,72.452301,81.71156
100,30,22,3,4,270.336,0.22,66,3000,1.3636363636363635,AOMDV,AOMDV,0.14963430918951365,0.4431535480604828,0.9691579669525187,68.933782,65.106622,76.616162
100,30,22,3,5,270.336,0.22,66,3000,1.3636363636363635,AOMDV,AODV,0.44999999999999996,0.22776185904203228,0.8576195625131118,85.308642,71.139169,82.772166
100,30,22,4,1,360.448,0.22,88,3000,1.3636363636363635,AOMDV,AOMDV,0.08389839949285748,0.5462060664624827,0.7848629673285039,60.416667,60.185185,61.426768
100,30,22,4,2,360.448,0.22,88,3000,1.3636363636363635,AOMDV,AODV,0.44999999999999996,0.55,0.6829690600289324,70.639731,64.553872,70.513468
100,30,22,4,3,360.448,0.22,88,3000,1.3636363636363635,AOMDV,AOMDV,0.03689270728346014,0.55,0.9056350906356003,69.301347,68.960438,73.118687
100,30,22,4,4,360.448,0.22,88,3000,1.3636363636363635,AOMDV,AOMDV,0.0,0.6153676868781963,0.8348848980255542,53.143939,55.382997,63.085017
100,30,22,4,5,360.448,0.22,88,3000,1.3636363636363635,AOMDV,AOMDV,0.0,0.40198432561645203,0.959093374775336,66.994949,68.653199,75.20202
100,30,22,5,1,450.56,0.22,110,3000,1.3636363636363635,DSDV,DSDV,0.31678585213632515,1.0,0.031332388033146606,50.821549,54.794613,50.713805
100,30,22,5,2,450.56,0.22,110,3000,1.3636363636363635,AODV,AODV,0.8193473014679008,0.4623224317530843,0.022676856811606173,61.010101,58.286195,58.10101
100,30,22,5,3,450.56,0.22,110,3000,1.3636363636363635,DSDV,DSDV,0.03245595788688227,1.0,0.42097917793963247,53.59596,62.542088,59.693603
100,30,22,5,4,450.56,0.22,110,3000,1.3636363636363635,DSDV,AOMDV,0.0,0.9383391430946034,0.5905256958427646,47.319865,51.518519,52.185185
100,30,22,5,5,450.56,0.22,110,3000,1.3636363636363635,DSDV,DSDV,0.3304899577080024,0.8,0.6298518197909687,57.713805,62.329966,62.286195
100,30,22,6,1,540.672,0.22,132,3000,1.3636363636363635,DSDV,DSDV,0.38140875552991593,1.0,0.02060465037437642,43.198653,48.580247,40.505051
100,30,22,6,2,540.672,0.22,132,3000,1.3636363636363635,DSDV,DSDV,0.6516082475014676,0.8,0.06340047097088919,51.666667,52.090348,50.900673
100,30,22,6,3,540.672,0.22,132,3000,1.3636363636363635,DSDV,DSDV,0.05157361271927804,1.0,0.53525397723536,47.76936,54.497755,52.696409
100,30,22,6,4,540.672,0.22,132,3000,1.3636363636363635,DSDV,AOMDV,0.0,0.8828707917722199,0.7381273061764446,38.569024,45.701459,46.111111
100,30,22,6,5,540.672,0.22,132,3000,1.3636363636363635,DSDV,AOMDV,0.07129027958096784,0.9270410808890812,0.6948776115338243,49.59596,53.891695,54.539843
100,30,22,8,1,720.896,0.22,176,3000,1.3636363636363635,DSDV,DSDV,0.2968378125611398,1.0,0.029519614210143034,32.950337,39.040404,29.854798
100,30,22,8,2,720.896,0.22,176,3000,1.3636363636363635,DSDV,DSDV,0.3430442941906699,1.0,0.021076667500920656,39.166667,44.627525,36.487795
100,30,22,8,3,720.896,0.22,176,3000,1.3636363636363635,DSDV,DSDV,0.29984385179016665,1.0,0.026887109108630916,41.296296,45.896465,39.951599
100,30,22,8,4,720.896,0.22,176,3000,1.3636363636363635,DSDV,DSDV,0.2343601207220179,1.0,0.26108554808494716,31.210017,36.601431,33.71633
100,30,22,8,5,720.896,0.22,176,3000,1.3636363636363635,DSDV,DSDV,0.6181939246498325,1.0,0.027960221658151232,44.280303,45.433502,42.224327
100,30,25,3,1,307.2,0.25,75,3000,1.2,AOMDV,AODV,0.44999999999999996,0.55,0.6971092023258573,68.148148,63.046914,68.074074
100,30,25,3,2,307.2,0.25,75,3000,1.2,AOMDV,AODV,0.44999999999999996,0.24945622647661397,0.8978419219223885,77.940741,67.644444,77.012346
100,30,25,3,3,307.2,0.25,75,3000,1.2,AOMDV,AOMDV,0.34958417869738895,0.4134473755803574,0.9562041886434549,77.659259,72.123457,79.249383
100,30,25,3,4,307.2,0.25,75,3000,1.2,AOMDV,AOMDV,0.016328694663681337,0.49706453621052604,0.9324703689465842,64.187654,64.019753,68.646914
100,30,25,3,5,307.2,0.25,75,3000,1.2,AOMDV,AOMDV,0.18094214245796916,0.3684497268010135,0.9556083528446934,73.22963,70.004938,78.024691
100,30,25,5,1,512.0,0.25,125,3000,1.2,DSDV,DSDV,0.38152946405190885,1.0,0.03035785798979857,40.382222,45.442963,39.022222
100,30,25,5,2,512.0,0.25,125,3000,1.2,DSDV,DSDV,0.1340431432530274,1.0,0.2761686342503576,52.903704,56.213333,54.717037
100,30,25,5,3,512.0,0.25,125,3000,1.2,DSDV,DSDV,0.11565784051384502,1.0,0.37982059714689514,52.444444,58.05037,56.21037
100,30,25,5,4,512.0,0.25,125,3000,1.2,DSDV,DSDV,0.12208809601486113,1.0,0.37306993098841923,42.515556,47.111111,44.595556
100,30,25,5,5,512.0,0.25,125,3000,1.2,DSDV,DSDV,0.32927836170303815,1.0,0.03732574859062299,52.311111,56.204444,51.365926
100,30,25,6,1,614.4,0.25,150,3000,1.2,DSDV,DSDV,0.08245162703111235,1.0,0.06679992486552658,29.508642,40.254321,30.298765
100,30,25,6,2,614.4,0.25,150,3000,1.2,DSDV,DSDV,0.35506098523217644,1.0,0.03147630276356483,46.444444,50.246914,45.353086
100,30,25,6,3,614.4,0.25,150,3000,1.2,DSDV,DSDV,0.13599046246580734,1.0,0.2716293558925162,44.62716,53.118519,47.562963
100,30,25,6,4,614.4,0.25,150,3000,1.2,DSDV,DSDV,0.15366167453595386,1.0,0.33952387837544334,30.77284,43.308642,35.358025
100,30,25,6,5,614.4,0.25,150,3000,1.2,DSDV,DSDV,0.08817813191745398,1.0,0.47570754521311764,42.893827,51.209877,47.824691
100,40,5,3,1,61.44,0.05,15,4000,8.0,AODV,AODV,0.6786542780512302,0.29899809777358943,0.6534146307382419,97.975309,67.604938,81.333333
100,40,5,3,2,61.44,0.05,15,4000,8.0,AODV,AODV,0.586634097365716,0.5489849058698617,0.3995365653413475,96.592593,72.641975,82.345679
100,40,5,3,3,61.44,0.05,15,4000,8.0,AODV,AODV,0.7143656908666378,0.1874410399677231,0.5964439660327558,94.617284,71.703704,79.160494
100,40,5,3,4,61.44,0.05,15,4000,8.0,AOMDV,AODV,0.5499999999999999,0.5454373299002936,0.5732970849132032,99.061728,81.259259,86.666667
100,40,5,3,5,61.44,0.05,15,4000,8.0,AODV,AODV,0.6998518401725567,0.25544579870296935,0.6702216050679894,96.197531,69.45679,82.54321
100,40,5,5,1,102.4,0.05,25,4000,8.0,AODV,AODV,0.6506112690042584,0.3308895830857565,0.6373614788360102,94.325926,66.251852,77.940741
100,40,5,5,2,102.4,0.05,25,4000,8.0,AOMDV,AODV,0.6069066003052204,0.3217908596150344,0.6195185406133916,96.82963,74.059259,82.637037
100,40,5,5,3,102.4,0.05,25,4000,8.0,AODV,AODV,0.712496356742574,0.533467841022707,0.35518801774229547,98.340741,72.488889,81.614815
100,40,5,5,4,102.4,0.05,25,4000,8.0,AODV,AODV,0.6709057427295565,0.28631436655808445,0.627432888313631,97.851852,80.192593,87.155556
100,40,5,5,5,102.4,0.05,25,4000,8.0,AOMDV,AODV,0.5454723446455165,0.4328931444529145,0.5966581754795386,95.185185,71.911111,79.496296
100,40,5,6,1,122.88,0.05,30,4000,8.0,AOMDV,AODV,0.5411027097538972,0.55,0.6312262614276257,97.839506,64.765432,81.024691
100,40,5,6,2,122.88,0.05,30,4000,8.0,AOMDV,AODV,0.5499999999999999,0.5342182230848146,0.6296835867686563,92.333333,73.839506,81.320988
100,40,5,6,3,122.88,0.05,30,4000,8.0,AODV,AODV,0.8274622728697059,0.08449085694795819,0.6610376395649846,95.518519,71.246914,82.62963
100,40,5,6,4,122.88,0.05,30,4000,8.0,AODV,AODV,0.6438409291174847,0.541765560540677,0.37055046177993767,98.45679,81.82716,86.814815
100,40,5,6,5,122.88,0.05,30,4000,8.0,AOMDV,AODV,0.5394996512105256,0.5485890976543732,0.6814180833340346,96.246914,65.641975,81.876543
100,40,7,2,1,57.344,0.07,14,4000,5.714285714285714,AODV,AODV,0.729588102230309,0.14469273491936233,0.5700687686958174,95.714286,69.603175,80.529101
100,40,7,2,2,57.344,0.07,14,4000,5.714285714285714,AOMDV,AODV,0.5376147812304646,0.5219668358330815,0.6813333347460534,94.57672,76.719577,85.899471
100,40,7,2,3,57.344,0.07,14,4000,5.714285714285714,AODV,AODV,0.9871079020326492,0.11165663818766222,0.3796373064961787,97.566138,72.037037,79.391534
100,40,7,2,4,57.344,0.07,14,4000,5.714285714285714,AODV,AODV,0.8354232379052215,0.1,0.6582474214648947,98.201058,75.10582,85.793651
100,40,7,2,5,57.344,0.07,14,4000,5.714285714285714,AODV,AODV,0.6495964466609881,0.14361548274170857,0.6059602675311089,95.37037,71.402116,79.708995
100,40,7,3,1,86.016,0.07,21,4000,5.714285714285714,AODV,AODV,0.7383425807697409,0.3431556533342898,0.4608703853852472,97.689594,64.973545,77.619048
100,40,7,3,2,86.016,0.07,21,4000,5.714285714285714,DSDV,AODV,0.5307351638066559,0.55,0.43565292575150444,98.395062,78.183422,83.19224
100,40,7,3,3,86.016,0.07,21,4000,5.714285714285714,AODV,AODV,0.6320293247639013,0.28463625398351156,0.5891591438616421,98.095238,72.716049,80.564374
100,40,7,3,4,86.016,0.07,21,4000,5.714285714285714,AODV,AODV,0.738838701220826,0.19054346456190274,0.6549554761953169,97.266314,76.825397,86.825397
100,40,7,3,5,86.016,0.07,21,4000,5.714285714285714,AOMDV,AODV,0.5748793220004089,0.32630650410697765,0.6728915628548928,95.590829,69.241623,82.292769
100,40,7,4,1,114.688,0.07,28,4000,5.714285714285714,AODV,AODV,0.7185665929872176,0.16445800711709158,0.6807851286663161,95.806878,66.997354,81.772487
100,40,7,4,2,114.688,0.07,28,4000,5.714285714285714,AODV,AODV,0.6421486996193908,0.2802346118380994,0.5812758620214454,98.240741,79.060847,84.656085
100,40,7,4,3,114.688,0.07,28,4000,5.714285714285714,AODV,AODV,0.6728965008635941,0.1,0.6204141985149616,97.526455,72.936508,82.248677
100,40,7,4,4,114.688,0.07,28,4000,5.714285714285714,AODV,AODV,0.7633499267023797,0.1,0.6348648687216149,98.822751,76.798942,85.846561
100,40,7,4,5,114.688,0.07,28,4000,5.714285714285714,AOMDV,AODV,0.5107144911907887,0.55,0.6000363673660716,94.933862,72.169312,81.256614
100,40,7,5,1,143.36,0.07,35,4000,5.714285714285714,AOMDV,AODV,0.513087365091691,0.55,0.6113028988994467,95.121693,64.603175,77.693122
100,40,7,5,2,143.36,0.07,35,4000,5.714285714285714,AODV,AODV,0.6555322361274064,0.31652304226615513,0.5709544826683013,98.634921,79.343915,84.529101
100,40,7,5,3,143.36,0.07,35,4000,5.714285714285714,AODV,AODV,0.6564310829480586,0.1918596236009032,0.5962500052897354,96.26455,70.021164,78.550265
100,40,7,5,4,143.36,0.07,35,4000,5.714285714285714,AODV,AODV,0.7323080159470065,0.3607102137502394,0.45252843433524775,95.619048,78.878307,86.412698
100,40,7,5,5,143.36,0.07,35,4000,5.714285714285714,AOMDV,AODV,0.5233993398683581,0.5096911436139641,0.6119585232724748,93.84127,70.878307,79.142857
100,40,7,6,1,172.032,0.07,42,4000,5.714285714285714,AODV,AODV,0.8394411777325466,0.1,0.6637978963033544,94.638448,67.275132,80.449735
100,40,7,6,2,172.032,0.07,42,4000,5.714285714285714,DSDV,AODV,0.5331496044488991,0.55,0.5499894967654801,97.548501,77.733686,83.880071
100,40,7,6,3,172.032,0.07,42,4000,5.714285714285714,AODV,AODV,0.7511905802796444,0.1,0.6271983343972752,96.313933,68.835979,79.656085
100,40,7,6,4,172.032,0.07,42,4000,5.714285714285714,AODV,AODV,0.7053700455859094,0.2393065293450487,0.6357606602582596,96.507937,77.495591,85.343915
100,40,7,6,5,172.032,0.07,42,4000,5.714285714285714,AOMDV,AODV,0.6506833330210128,0.18551703712589546,0.6842960962610427,92.363316,69.312169,81.313933
100,40,7,8,1,229.376,0.07,56,4000,5.714285714285714,AOMDV,AODV,0.5308943178610779,0.2509753101589971,0.6820407616810367,88.816138,65.972222,77.731481
100,40,7,8,2,229.376,0.07,56,4000,5.714285714285714,AODV,AODV,0.7923526327405538,0.1,0.6776892417776765,94.52381,74.603175,84.68254
100,40,7,8,3,229.376,0.07,56,4000,5.714285714285714,AODV,AODV,0.7266632686776099,0.1,0.6791594776468844,92.109788,65.277778,78.941799
100,40,7,8,4,229.376,0.07,56,4000,5.714285714285714,AOMDV,AODV,0.6766898267794694,0.14242650716521585,0.6972881362089223,93.677249,76.117725,85.767196
100,40,7,8,5,229.376,0.07,56,4000,5.714285714285714,AOMDV,AODV,0.5418333048505102,0.1,0.6915232297395544,90.403439,67.347884,79.722222
100,40,10,3,1,122.88,0.1,30,4000,4.0,AODV,AODV,0.6438165928866195,0.24642897949197173,0.6297186386034304,96.580247,64.987654,77.604938
100,40,10,3,2,122.88,0.1,30,4000,4.0,AODV,AODV,0.7043994804891042,0.35207738816050027,0.43814119335290436,96.358025,73.975309,83.333333
100,40,10,3,3,122.88,0.1,30,4000,4.0,AODV,AODV,0.7225752534420209,0.38782865380711873,0.4131824250056335,97.012346,69.197531,79.283951
100,40,10,3,4,122.88,0.1,30,4000,4.0,AODV,AODV,0.697476688278869,0.30062872322020295,0.6509264739801777,94.209877,73.555556,82.777778
100,40,10,3,5,122.88,0.1,30,4000,4.0,AODV,AODV,0.6075248634896803,0.24480119595687827,0.5945440609058729,95.888889,71.790123,79.530864
100,40,10,5,1,204.8,0.1,50,4000,4.0,AOMDV,AODV,0.5916184328199661,0.26177738129869577,0.6742614849025614,89.822222,62.740741,76.237037
100,40,10,5,2,204.8,0.1,50,4000,4.0,AODV,AODV,0.6573982391378084,0.11822612001836576,0.6089057083376526,95.303704,76.214815,82.955556
100,40,10,5,3,204.8,0.1,50,4000,4.0,AODV,AODV,0.7542882942417578,0.1,0.6190454189351671,94.725926,70.748148,79.755556
100,40,10,5,4,204.8,0.1,50,4000,4.0,AODV,AODV,0.7030859434063886,0.10336721929898361,0.6994632904256036,92.918519,71.525926,83.385185
100,40,10,5,5,204.8,0.1,50,4000,4.0,AOMDV,AODV,0.5162189589699211,0.13336365373452053,0.6693072248435119,92.340741,67.748148,79.733333
100,40,10,6,1,245.76,0.1,60,4000,4.0,AOMDV,AODV,0.5990382473403166,0.35,0.7019900268108165,81.58642,60.283951,72.376543
100,40,10,6,2,245.76,0.1,60,4000,4.0,AOMDV,AODV,0.5770184855352394,0.10959011769625904,0.7111111653341433,88.987654,71.512346,80.901235
100,40,10,6,3,245.76,0.1,60,4000,4.0,AOMDV,AODV,0.6511620475823197,0.1,0.7472415837077344,88.91358,66.530864,80.555556
100,40,10,6,4,245.76,0.1,60,4000,4.0,AOMDV,AODV,0.5582576529324104,0.30355230740833006,0.6966296380560527,89.419753,73.302469,82.135802
100,40,10,6,5,245.76,0.1,60,4000,4.0,AOMDV,AODV,0.45446541660397777,0.2589543172637557,0.6946407329105834,86.635802,70.203704,77.703704
100,40,12,2,1,98.304,0.12,24,4000,3.3333333333333335,AODV,AODV,0.7958870323746686,0.1,0.635551946176455,94.012346,65.493827,77.253086
100,40,12,2,2,98.304,0.12,24,4000,3.3333333333333335,AODV,AODV,0.6680069765853529,0.2980477868204043,0.5782274319993828,95.95679,72.885802,79.459877
100,40,12,2,3,98.304,0.12,24,4000,3.3333333333333335,AODV,AODV,0.8784350382186954,0.1,0.5974104190224301,96.990741,72.407407,81.203704
100,40,12,2,4,98.304,0.12,24,4000,3.3333333333333335,AODV,AODV,0.6655973693448325,0.20374464025962807,0.6455910022871528,95.833333,71.157407,81.882716
100,40,12,2,5,98.304,0.12,24,4000,3.3333333333333335,AOMDV,AODV,0.5413607645257313,0.3128005443314915,0.5990729302546138,95.308642,70.339506,78.611111
100,40,12,3,1,147.456,0.12,36,4000,3.3333333333333335,AOMDV,AODV,0.6625000946101579,0.1539604347739275,0.6729386928152635,92.55144,63.353909,77.81893
100,40,12,3,2,147.456,0.12,36,4000,3.3333333333333335,AODV,AODV,0.6780489479753777,0.1,0.6182909227347846,94.537037,73.106996,81.121399
100,40,12,3,3,147.456,0.12,36,4000,3.3333333333333335,AODV,AODV,0.7148021874294027,0.22870147865063895,0.5469961773448853,97.469136,75.792181,81.707819
100,40,12,3,4,147.456,0.12,36,4000,3.3333333333333335,AODV,AODV,0.6944084852821736,0.22285549290096646,0.663168191543351,95.195473,71.522634,82.736626
100,40,12,3,5,147.456,0.12,36,4000,3.3333333333333335,AODV,AODV,0.7680743213440385,0.1,0.6282312941346732,96.255144,69.032922,79.814815
100,40,12,4,1,196.608,0.12,48,4000,3.3333333333333335,AODV,AODV,0.6291294031757146,0.27095589951382837,0.61613080884938,86.782407,64.722222,72.800926
100,40,12,4,2,196.608,0.12,48,4000,3.3333333333333335,AODV,AODV,0.8098603063264315,0.1,0.6291666145849951,93.341049,70.686728,80.169753
100,40,12,4,3,196.608,0.12,48,4000,3.3333333333333335,AODV,AODV,0.8952937491247478,0.1,0.619602653818711,96.157407,72.692901,82.175926
100,40,12,4,4,196.608,0.12,48,4000,3.3333333333333335,AOMDV,AODV,0.6337209643834154,0.24872066956200153,0.6640962059477958,93.217593,71.404321,81.782407
100,40,12,4,5,196.608,0.12,48,4000,3.3333333333333335,AODV,AODV,0.6913549930274739,0.1,0.6732577382998838,93.148148,69.390432,81.003086
100,40,12,5,1,245.76,0.12,60,4000,3.3333333333333335,AOMDV,AODV,0.5317140196877357,0.23940159729437055,0.7690212897773089,81.41358,60.240741,74.814815
100,40,12,5,2,245.76,0.12,60,4000,3.3333333333333335,AODV,AODV,0.8433799251654345,0.1,0.7009591966009446,90.87037,68.45679,79.814815
100,40,12,5,3,245.76,0.12,60,4000,3.3333333333333335,AOMDV,AODV,0.6823301954971571,0.1,0.7018349187715007,91.296296,69.808642,80.82716
100,40,12,5,4,245.76,0.12,60,4000,3.3333333333333335,AOMDV,AODV,0.6128537442961597,0.1,0.8051091492921856,85.802469,71.160494,82.506173
100,40,12,5,5,245.76,0.12,60,4000,3.3333333333333335,AOMDV,AODV,0.6445221722526343,0.1,0.7031460655592774,89.04321,71.283951,79.660494
100,40,12,6,1,294.912,0.12,72,4000,3.3333333333333335,AOMDV,AODV,0.5470901797550413,0.35,0.6440315367229622,74.259259,58.096708,71.316872
100,40,12,6,2,294.912,0.12,72,4000,3.3333333333333335,AOMDV,AODV,0.5986494376474268,0.1,0.9231983604360658,79.845679,64.969136,79.01749
100,40,12,6,3,294.912,0.12,72,4000,3.3333333333333335,AOMDV,AOMDV,0.4705844959383431,0.1,0.961901363576297,80.987654,65.936214,82.386831
100,40,12,6,4,294.912,0.12,72,4000,3.3333333333333335,AOMDV,AOMDV,0.4361793691094741,0.30494244174306306,0.9244477551908262,80.910494,68.734568,81.296296
100,40,12,6,5,294.912,0.12,72,4000,3.3333333333333335,AOMDV,AODV,0.6499891074931503,0.1,0.854998706193489,81.30144,63.806584,77.705761
100,40,12,8,1,393.216,0.12,96,4000,3.3333333333333335,AOMDV,AODV,0.5319669329507881,0.3757947151713201,0.6703121372014252,56.072531,52.040895,55.99537
100,40,12,8,2,393.216,0.12,96,4000,3.3333333333333335,AOMDV,AODV,0.5330857805810832,0.12943527884755415,0.8953805726503449,69.861111,60.07716,68.958333
100,40,12,8,3,393.216,0.12,96,4000,3.3333333333333335,AOMDV,AOMDV,0.4980573315451201,0.1,0.9527215326878993,70.767747,62.16821,72.310957
100,40,12,8,4,393.216,0.12,96,4000,3.3333333333333335,AOMDV,AOMDV,0.32926081218426156,0.16149792588036732,0.940181696836937,68.341049,60.25463,73.638117
100,40,12,8,5,393.216,0.12,96,4000,3.3333333333333335,AOMDV,AOMDV,0.38429275733558915,0.4513079705350814,0.7099720828294146,62.897377,56.54321,65.783179
100,40,15,3,1,184.32,0.15,45,4000,2.6666666666666665,AODV,AODV,0.719395583447743,0.1,0.6366141698726128,93.127572,68.041152,78.444444
100,40,15,3,2,184.32,0.15,45,4000,2.6666666666666665,AOMDV,AODV,0.5992654301302649,0.2668841192051217,0.6648140587199625,90.847737,70.485597,80.205761
100,40,15,3,3,184.32,0.15,45,4000,2.6666666666666665,AODV,AODV,0.7539245324830941,0.1,0.6062065179401913,96.72428,74.246914,82.049383
100,40,15,3,4,184.32,0.15,45,4000,2.6666666666666665,AODV,AODV,0.702883685502277,0.1,0.6581467089795735,91.8107,70.493827,80.353909
100,40,15,3,5,184.32,0.15,45,4000,2.6666666666666665,AOMDV,AODV,0.6441807698878941,0.24065835213158554,0.6476980012779523,91.144033,70.049383,79.316872
100,40,15,5,1,307.2,0.15,75,4000,2.6666666666666665,AOMDV,AODV,0.5390037180545421,0.2746828678055079,0.894955566417435,73.728395,60.859259,72.597531
100,40,15,5,2,307.2,0.15,75,4000,2.6666666666666665,AOMDV,AODV,0.5286419333180304,0.1,0.8170049792207258,80.419753,66.009877,76.449383
100,40,15,5,3,307.2,0.15,75,4000,2.6666666666666665,AOMDV,AODV,0.6246721402650585,0.1,0.9048172257547505,79.758025,68.77037,78.474074
100,40,15,5,4,307.2,0.15,75,4000,2.6666666666666665,AOMDV,AODV,0.4631295690576518,0.23038184343347784,0.9127319053727702,75.580247,66.948148,75.081481
100,40,15,5,5,307.2,0.15,75,4000,2.6666666666666665,AOMDV,AODV,0.5380512073616137,0.16009617750175148,0.9100215639751393,77.249383,65.471605,76.414815
100,40,15,6,1,368.64,0.15,90,4000,2.6666666666666665,AOMDV,AODV,0.44999999999999996,0.4249158078194911,0.7288767650265348,66.345679,57.860082,65.802469
100,40,15,6,2,368.64,0.15,90,4000,2.6666666666666665,AOMDV,AOMDV,0.6588682640562545,0.1,0.9527916364477333,71.345679,60.748971,72.193416
100,40,15,6,3,368.64,0.15,90,4000,2.6666666666666665,AOMDV,AOMDV,0.37874660546446726,0.10144603198892653,0.9627395198871136,72.36214,64.316872,75.790123
100,40,15,6,4,368.64,0.15,90,4000,2.6666666666666665,AODV,AOMDV,0.8667065781364661,0.155700324558044,0.6933834669019132,68.098765,59.62963,68.316872
100,40,15,6,5,368.64,0.15,90,4000,2.6666666666666665,AOMDV,AOMDV,0.44381682341376216,0.11146743142147823,0.9406627563715912,68.950617,61.106996,70.168724
100,40,18,2,1,147.456,0.18,36,4000,2.2222222222222223,AODV,AODV,0.7114110259786057,0.1,0.6335061510469726,92.685185,67.664609,78.014403
100,40,18,2,2,147.456,0.18,36,4000,2.2222222222222223,AODV,AODV,0.6841642495588222,0.1803710460097385,0.5970372290713559,93.858025,74.187243,81.234568
100,40,18,2,3,147.456,0.18,36,4000,2.2222222222222223,AODV,AODV,0.6839062936742656,0.1,0.6210426548202026,96.234568,74.526749,82.777778
100,40,18,2,4,147.456,0.18,36,4000,2.2222222222222223,AOMDV,AODV,0.598880061605174,0.14894689093769597,0.6415017206599715,92.283951,68.374486,78.549383
100,40,18,2,5,147.456,0.18,36,4000,2.2222222222222223,AODV,AODV,0.6940916597048564,0.28909605411069295,0.461469254767935,93.559671,71.32716,80.462963
100,40,18,3,1,221.184,0.18,54,4000,2.2222222222222223,AOMDV,AODV,0.5559549169609466,0.250763532558541,0.672658233232902,86.364883,68.580247,76.865569
100,40,18,3,2,221.184,0.18,54,4000,2.2222222222222223,AODV,AODV,0.65,0.18545597465773728,0.5960591547883035,89.595336,71.502058,81.262003
100,40,18,3,3,221.184,0.18,54,4000,2.2222222222222223,AOMDV,AODV,0.5502733138435714,0.1,0.6595504842369516,93.772291,74.026063,82.331962
100,40,18,3,4,221.184,0.18,54,4000,2.2222222222222223,AOMDV,AODV,0.5342212124968713,0.16743536190860264,0.8037856447710723,82.489712,66.303155,77.510288
100,40,18,3,5,221.184,0.18,54,4000,2.2222222222222223,AODV,AODV,0.8227742442223593,0.1,0.6669032704194323,92.02332,71.248285,81.262003
100,40,18,4,1,294.912,0.18,72,4000,2.2222222222222223,AOMDV,AOMDV,0.39307689915430705,0.37123693999740504,0.9342387752474126,72.391975,64.506173,73.533951
100,40,18,4,2,294.912,0.18,72,4000,2.2222222222222223,AOMDV,AODV,0.44999999999999996,0.16134719612780624,0.9324313825394844,78.909465,68.215021,78.446502
100,40,18,4,3,294.912,0.18,72,4000,2.2222222222222223,AOMDV,AODV,0.450699646157269,0.1771865157971368,0.8280122622929048,83.559671,69.917695,79.912551
100,40,18,4,4,294.912,0.18,72,4000,2.2222222222222223,AOMDV,AOMDV,0.23372438808857215,0.2561015373767376,0.9599100872645154,68.004115,62.777778,73.034979
100,40,18,4,5,294.912,0.18,72,4000,2.2222222222222223,AOMDV,AODV,0.44999999999999996,0.36121026152538294,0.8323764204132609,81.471193,69.567901,78.585391
100,40,18,5,1,368.64,0.18,90,4000,2.2222222222222223,DSDV,AOMDV,0.48096760375028125,0.55,0.528860391562678,61.27572,58.333333,61.341564
100,40,18,5,2,368.64,0.18,90,4000,2.2222222222222223,AOMDV,AOMDV,0.1280829854921758,0.4688813438340199,0.956221215037685,67.218107,65.213992,72.255144
100,40,18,5,3,368.64,0.18,90,4000,2.2222222222222223,AOMDV,AOMDV,0.09147615645373262,0.299694069954794,0.9615484477419102,70.069959,68.386831,76.666667
100,40,18,5,4,368.64,0.18,90,4000,2.2222222222222223,AOMDV,AOMDV,0.0,0.34814906702495785,0.9603904075409979,54.246914,55.386831,64.596708
100,40,18,5,5,368.64,0.18,90,4000,2.2222222222222223,AOMDV,AOMDV,0.4976680596172842,0.35,0.6876111686541134,71.703704,62.366255,72.806584
100,40,18,6,1,442.368,0.18,108,4000,2.2222222222222223,DSDV,DSDV,0.032155884746797536,0.9222650071533945,0.6698759173049935,48.028121,53.374486,53.065844
100,40,18,6,2,442.368,0.18,108,4000,2.2222222222222223,AODV,AOMDV,0.616444155410002,0.4592333560750207,0.49502454383617017,61.375171,59.187243,63.803155
100,40,18,6,3,442.368,0.18,108,4000,2.2222222222222223,AOMDV,AOMDV,0.0,0.46479374015440567,0.7452672342655502,60.572702,60.679012,65.991084
100,40,18,6,4,442.368,0.18,108,4000,2.2222222222222223,AOMDV,AOMDV,0.3214404243051301,0.5173807130087705,0.70466120757113,47.544582,50.164609,54.588477
100,40,18,6,5,442.368,0.18,108,4000,2.2222222222222223,AODV,AOMDV,0.7010353260395241,0.3528896015534678,0.48269505012310165,61.635802,60.545267,62.078189
100,40,18,8,1,589.824,0.18,144,4000,2.2222222222222223,DSDV,DSDV,0.47489247319315164,0.8,0.20824088402187604,41.496914,44.104938,40.249486
100,40,18,8,2,589.824,0.18,144,4000,2.2222222222222223,AODV,AODV,0.8780077534797858,0.733925087865284,0.14184634622923847,50.144033,49.750514,47.463992
100,40,18,8,3,589.824,0.18,144,4000,2.2222222222222223,DSDV,DSDV,0.14734136175895463,1.0,0.4880788874218052,48.595679,52.821502,51.875
100,40,18,8,4,589.824,0.18,144,4000,2.2222222222222223,DSDV,DSDV,0.6459779469165325,0.8,0.1507937867174172,42.186214,44.061214,40.313786
100,40,18,8,5,589.824,0.18,144,4000,2.2222222222222223,AODV,AODV,0.876363557622689,0.3655466056434823,0.03434729515501098,53.922325,49.652778,49.647634
100,40,20,3,1,245.76,0.2,60,4000,2.0,AOMDV,AODV,0.5420454628407012,0.28541190804794214,0.7425063225053128,80.888889,65.08642,74.154321
100,40,20,3,2,245.76,0.2,60,4000,2.0,AOMDV,AODV,0.5580834488554082,0.1,0.8248465852029859,84.654321,70.191358,80.790123
100,40,20,3,3,245.76,0.2,60,4000,2.0,AOMDV,AODV,0.6616494905331719,0.1,0.7680335171801776,89.450617,71.771605,82.512346
100,40,20,3,4,245.76,0.2,60,4000,2.0,AOMDV,AOMDV,0.24847826786276622,0.2529891682188522,0.9627664133356396,72.858025,65.018519,79.216049
100,40,20,3,5,245.76,0.2,60,4000,2.0,AOMDV,AODV,0.44999999999999996,0.2862870024823376,0.801946450975657,86.37037,70.320988,81.722222
100,40,20,5,1,409.6,0.2,100,4000,2.0,DSDV,AOMDV,0.12083630265296318,0.821467343695671,0.5917687983398386,49.977778,51.622222,52.703704
100,40,20,5,2,409.6,0.2,100,4000,2.0,AOMDV,AOMDV,0.0,0.6499047900330598,0.8011149347884151,58.311111,60.47037,68.037037
100,40,20,5,3,409.6,0.2,100,4000,2.0,AOMDV,AOMDV,0.503089702717637,0.55,0.6128505006956417,66.318519,63.27037,67.918519
100,40,20,5,4,409.6,0.2,100,4000,2.0,DSDV,AOMDV,0.0,0.7474028821011829,0.7078804814329638,47.114815,53.511111,56.781481
100,40,20,5,5,409.6,0.2,100,4000,2.0,AOMDV,AOMDV,0.5200962979707716,0.35,0.6981903884710248,65.662963,63.437037,66.766667
100,40,20,6,1,491.52,0.2,120,4000,2.0,DSDV,DSDV,0.06967241837576374,1.0,0.512902861821141,41.231481,49.175926,46.512346
100,40,20,6,2,491.52,0.2,120,4000,2.0,AODV,AODV,0.8754413824917125,0.628454049468641,0.03645062328592478,55.990741,55.759259,55.623457
100,40,20,6,3,491.52,0.2,120,4000,2.0,DSDV,AOMDV,0.0,0.7592076584896755,0.7521123642206653,50.873457,55.253086,59.740741
100,40,20,6,4,491.52,0.2,120,4000,2.0,DSDV,DSDV,0.009110216814163772,0.9257242667177238,0.6956343280776763,40.37963,45.740741,45.700617
100,40,20,6,5,491.52,0.2,120,4000,2.0,AODV,AODV,0.8595505708492824,0.35,0.3624926566878791,58.981481,55.54321,57.648148
100,40,22,2,1,180.224,0.22,44,4000,1.8181818181818181,AOMDV,AODV,0.6342723493584504,0.16118400088765972,0.7210150980680804,89.360269,67.441077,80.042088
100,40,22,2,2,180.224,0.22,44,4000,1.8181818181818181,AOMDV,AODV,0.5447807831780992,0.16585815945322954,0.6315074443101646,91.085859,72.340067,79.511785
100,40,22,2,3,180.224,0.22,44,4000,1.8181818181818181,AODV,AODV,0.6880301637484085,0.1,0.6093850359653257,95.06734,71.464646,80.993266
100,40,22,2,4,180.224,0.22,44,4000,1.8181818181818181,AOMDV,AODV,0.5567446422832126,0.2133051026990292,0.6626186272646263,90.176768,68.451178,78.005051
100,40,22,2,5,180.224,0.22,44,4000,1.8181818181818181,AOMDV,AODV,0.5786700122925631,0.35,0.6198364813546327,94.200337,71.077441,80.892256
100,40,22,3,1,270.336,0.22,66,4000,1.8181818181818181,AOMDV,AOMDV,0.3759920065164071,0.35,0.9385958400444786,70.735129,64.579125,72.295174
100,40,22,3,2,270.336,0.22,66,4000,1.8181818181818181,AOMDV,AODV,0.44999999999999996,0.3629561002426439,0.9251397369568974,78.602694,67.615039,77.878788
100,40,22,3,3,270.336,0.22,66,4000,1.8181818181818181,AOMDV,AODV,0.58996889515997,0.1,0.8355307635451249,82.732884,70.381594,79.534231
100,40,22,3,4,270.336,0.22,66,4000,1.8181818181818181,AOMDV,AOMDV,0.2933750877287025,0.2461762719963543,0.9554536339543417,70.286195,64.736251,73.249158
100,40,22,3,5,270.336,0.22,66,4000,1.8181818181818181,AOMDV,AODV,0.44999999999999996,0.27507422569205,0.7183772574094947,84.725028,71.992144,78.496072
100,40,22,4,1,360.448,0.22,88,4000,1.8181818181818181,AOMDV,AOMDV,0.04493019239283533,0.35,0.7100390701508253,56.965488,56.607744,62.411616
100,40,22,4,2,360.448,0.22,88,4000,1.8181818181818181,AOMDV,AOMDV,0.3864343444791634,0.35,0.8113459615309855,66.258418,62.807239,68.893098
100,40,22,4,3,360.448,0.22,88,4000,1.8181818181818181,AOMDV,AOMDV,0.09505080695501221,0.19018131311635206,0.9599441443536113,64.810606,62.798822,72.323232
100,40,22,4,4,360.448,0.22,88,4000,1.8181818181818181,AOMDV,AOMDV,0.0,0.4995734871220556,0.9165220718730618,55.374579,57.083333,64.726431
100,40,22,4,5,360.448,0.22,88,4000,1.8181818181818181,AOMDV,AOMDV,0.4007865140825195,0.55,0.8132885214003447,70.627104,65.622896,71.241582
100,40,22,5,1,450.56,0.22,110,4000,1.8181818181818181,DSDV,DSDV,0.028531694074486344,0.9893353782635913,0.38486160002788133,45.93266,51.26936,47.659933
100,40,22,5,2,450.56,0.22,110,4000,1.8181818181818181,AOMDV,AOMDV,0.3320258633043457,0.35,0.6896792801064308,58.447811,56.232323,60.242424
100,40,22,5,3,450.56,0.22,110,4000,1.8181818181818181,AOMDV,AOMDV,0.12547798700048157,0.4524105520293693,0.70423708686843,55.013468,56.491582,61.508418
100,40,22,5,4,450.56,0.22,110,4000,1.8181818181818181,DSDV,DSDV,0.11452686097095668,0.8535611278831079,0.48093106269567076,47.13468,52.114478,49.717172
100,40,22,5,5,450.56,0.22,110,4000,1.8181818181818181,DSDV,AOMDV,0.09945328690606088,0.6172757090546004,0.5255488867016974,59.646465,59.79798,60.659933
100,40,22,6,1,540.672,0.22,132,4000,1.8181818181818181,DSDV,DSDV,0.12253408993677326,0.9316121363886902,0.3432773842420007,38.136925,43.9422,39.492144
100,40,22,6,2,540.672,0.22,132,4000,1.8181818181818181,DSDV,DSDV,0.3542376129630129,0.8,0.2260994902160283,47.755331,51.891134,47.791807
100,40,22,6,3,540.672,0.22,132,4000,1.8181818181818181,DSDV,AOMDV,0.07715949240962808,0.7101350464961532,0.7023384200513396,46.186869,49.767116,51.689113
100,40,22,6,4,540.672,0.22,132,4000,1.8181818181818181,DSDV,DSDV,0.1682615946538598,1.0,0.291653904521529,37.36532,46.815376,41.585297
100,40,22,6,5,540.672,0.22,132,4000,1.8181818181818181,DSDV,DSDV,0.19460308116091743,0.8,0.6829751749281098,49.329405,52.376543,52.286756
100,40,22,8,1,720.896,0.22,176,4000,1.8181818181818181,DSDV,DSDV,0.12378452286732772,1.0,0.2959896784700978,28.552189,36.02904,30.290404
100,40,22,8,2,720.896,0.22,176,4000,1.8181818181818181,DSDV,DSDV,0.6801293935389794,0.7780913408285182,0.10109474149659686,40.862795,44.200337,37.369529
100,40,22,8,3,720.896,0.22,176,4000,1.8181818181818181,DSDV,DSDV,0.17062186579314842,0.8576704792170673,0.4745142821235776,35.534512,42.018098,38.81734
100,40,22,8,4,720.896,0.22,176,4000,1.8181818181818181,DSDV,DSDV,0.30447812975104466,0.8,0.41371384021285673,26.961279,34.816919,29.783249
100,40,22,8,5,720.896,0.22,176,4000,1.8181818181818181,DSDV,DSDV,0.5245542752651086,0.8,0.17107757286461125,40.753367,42.885101,40.079966
100,40,25,3,1,307.2,0.25,75,4000,1.6,AOMDV,AOMDV,0.05829545649530998,0.55,0.8179083125326785,59.382716,58.819753,63.165432
100,40,25,3,2,307.2,0.25,75,4000,1.6,AOMDV,AODV,0.4798582322397539,0.24204691547521906,0.8990199481524578,76.691358,66.049383,75.649383
100,40,25,3,3,307.2,0.25,75,4000,1.6,AOMDV,AOMDV,0.4523176408675137,0.15916708514287617,0.9590738282780316,78.785185,70.158025,79.846914
100,40,25,3,4,307.2,0.25,75,4000,1.6,AOMDV,AOMDV,0.0,0.5858823923679591,0.9683217012020119,59.560494,62.819753,72.059259
100,40,25,3,5,307.2,0.25,75,4000,1.6,AOMDV,AODV,0.5081541498439006,0.2748931641289273,0.8257627540084339,76.567901,67.353086,74.118519
100,40,25,5,1,512.0,0.25,125,4000,1.6,DSDV,DSDV,0.06964503228895115,1.0,0.3473852009742553,34.014815,46.453333,38.957037
100,40,25,5,2,512.0,0.25,125,4000,1.6,DSDV,DSDV,0.5574812613847561,1.0,0.02692104825388554,53.377778,57.128889,50.725926
100,40,25,5,3,512.0,0.25,125,4000,1.6,AOMDV,AOMDV,0.06583159282173985,0.6318330222371141,0.699163149309277,52.0,54.346667,56.257778
100,40,25,5,4,512.0,0.25,125,4000,1.6,DSDV,DSDV,0.40294810247700336,0.9712331143902175,0.22608466839844676,40.367407,50.337778,44.281481
100,40,25,5,5,512.0,0.25,125,4000,1.6,DSDV,DSDV,0.04803527508526748,1.0,0.5157275541737802,43.354074,53.517037,50.0
100,40,25,6,1,614.4,0.25,150,4000,1.6,DSDV,DSDV,0.5800665845111944,0.9440790470536482,0.015397903541652106,33.02963,38.995062,28.516049
100,40,25,6,2,614.4,0.25,150,4000,1.6,DSDV,DSDV,0.5299812406238907,0.9624093974082766,0.02576557971394843,44.730864,49.222222,42.57284
100,40,25,6,3,614.4,0.25,150,4000,1.6,DSDV,DSDV,0.4061099707160482,0.8,0.27992456476117156,45.558025,50.854321,47.123457
100,40,25,6,4,614.4,0.25,150,4000,1.6,DSDV,DSDV,0.07811517360298735,0.9205391442952073,0.5027283048827861,29.861728,42.925926,36.958025
100,40,25,6,5,614.4,0.25,150,4000,1.6,DSDV,DSDV,0.3853957838768162,1.0,0.035870389436768256,42.488889,46.950617,41.520988
100,50,5,3,1,61.44,0.05,15,5000,10.0,AODV,AODV,0.6678371521477358,0.2967485010528176,0.6229952784476857,95.283951,63.876543,75.950617
100,50,5,3,2,61.44,0.05,15,5000,10.0,AOMDV,AODV,0.5499999999999999,0.5477381222455179,0.5579950615450426,97.580247,71.580247,78.0
100,50,5,3,3,61.44,0.05,15,5000,10.0,DSDV,AODV,0.5427172235064509,0.55,0.44636310755993075,95.333333,69.037037,75.802469
100,50,5,3,4,61.44,0.05,15,5000,10.0,AODV,AODV,0.75,0.3050257686553464,0.5943000181633601,97.802469,69.62963,79.135802
100,50,5,3,5,61.44,0.05,15,5000,10.0,AODV,AODV,0.6155180393363743,0.32048247298070964,0.5867549696901728,93.975309,60.419753,70.617284
100,50,5,5,1,102.4,0.05,25,5000,10.0,AODV,AODV,0.6991369157840527,0.3222394148902964,0.6007324188209955,93.955556,63.614815,73.777778
100,50,5,5,2,102.4,0.05,25,5000,10.0,AODV,AODV,0.6857241273496495,0.3092212563182568,0.5433622340637582,96.548148,74.340741,78.948148
100,50,5,5,3,102.4,0.05,25,5000,10.0,AODV,AODV,0.6748422367594183,0.3130808778272465,0.5953645551173912,98.311111,67.62963,77.540741
100,50,5,5,4,102.4,0.05,25,5000,10.0,AODV,AODV,0.7173720118945278,0.21447705292446684,0.5780565931322302,98.162963,70.414815,78.311111
100,50,5,5,5,102.4,0.05,25,5000,10.0,AODV,AODV,0.6640095442047478,0.2845226831397051,0.5515632572555829,94.42963,64.103704,70.948148
100,50,5,6,1,122.88,0.05,30,5000,10.0,AODV,AODV,0.5684976167632476,0.55,0.46966504081201643,95.222222,60.493827,78.62963
100,50,5,6,2,122.88,0.05,30,5000,10.0,AODV,AODV,0.6209605093564312,0.3022518103169216,0.5955945033453689,95.555556,69.493827,77.925926
100,50,5,6,3,122.88,0.05,30,5000,10.0,AODV,AODV,0.6718359329730383,0.28036180662172316,0.6020570605546562,93.950617,71.444444,79.049383
100,50,5,6,4,122.88,0.05,30,5000,10.0,AODV,AODV,0.7202345170858498,0.55,0.41924427924983076,94.209877,71.888889,81.567901
100,50,5,6,5,122.88,0.05,30,5000,10.0,AOMDV,AODV,0.527656243657147,0.3110041441472444,0.6063589578672444,90.506173,59.345679,70.17284
100,50,7,2,1,57.344,0.07,14,5000,7.142857142857143,AODV,AODV,0.6892018562494122,0.29627035180421435,0.6703420271210211,92.222222,62.830688,77.222222
100,50,7,2,2,57.344,0.07,14,5000,7.142857142857143,AODV,AODV,0.6429106778022332,0.3043437546760186,0.6293662082787341,94.814815,76.031746,83.518519
100,50,7,2,3,57.344,0.07,14,5000,7.142857142857143,AODV,AODV,0.7305804332433337,0.23049839812970016,0.588705994676328,95.37037,66.693122,75.820106
100,50,7,2,4,57.344,0.07,14,5000,7.142857142857143,AODV,AODV,0.9784831005714635,0.1,0.5796478392755875,97.089947,70.767196,80.42328
100,50,7,2,5,57.344,0.07,14,5000,7.142857142857143,AODV,AODV,0.6711313016944568,0.2305481207778828,0.5749999983344701,93.465608,61.084656,70.079365
100,50,7,3,1,86.016,0.07,21,5000,7.142857142857143,AODV,AODV,0.7317571646353652,0.10748219855711552,0.5330615475399949,94.620811,65.908289,72.610229
100,50,7,3,2,86.016,0.07,21,5000,7.142857142857143,AODV,AODV,0.6151304639724346,0.32582913111679146,0.540350878780007,96.91358,78.818342,82.451499
100,50,7,3,3,86.016,0.07,21,5000,7.142857142857143,AODV,AODV,0.6685225023136628,0.2648685952550339,0.5622070283113649,96.86067,69.770723,76.525573
100,50,7,3,4,86.016,0.07,21,5000,7.142857142857143,AODV,AODV,0.723163806699515,0.2376131185780804,0.6018507213094731,97.12522,68.536155,78.183422
100,50,7,3,5,86.016,0.07,21,5000,7.142857142857143,AODV,AODV,0.7183431308476684,0.2459254309285881,0.5138896214987898,95.978836,61.499118,70.987654
100,50,7,4,1,114.688,0.07,28,5000,7.142857142857143,AODV,AODV,0.6714146379806801,0.2885415889584482,0.6617300082523582,92.433862,62.156085,76.402116
100,50,7,4,2,114.688,0.07,28,5000,7.142857142857143,AODV,AODV,0.6923850532602279,0.265961098407514,0.5742883087161907,97.777778,75.939153,81.970899
100,50,7,4,3,114.688,0.07,28,5000,7.142857142857143,AODV,AODV,0.633940773499105,0.23093752553429853,0.5795486917823635,95.449735,67.60582,75.621693
100,50,7,4,4,114.688,0.07,28,5000,7.142857142857143,AODV,AODV,0.8473776799573508,0.1,0.6091247284601047,97.18254,66.957672,77.645503
100,50,7,4,5,114.688,0.07,28,5000,7.142857142857143,AODV,AODV,0.66187844133853,0.1529002727971627,0.6184802654728287,96.018519,60.15873,73.584656
100,50,7,5,1,143.36,0.07,35,5000,7.142857142857143,AODV,AODV,0.6837913822137031,0.18556048333025,0.614423075117959,92.984127,59.968254,72.031746
100,50,7,5,2,143.36,0.07,35,5000,7.142857142857143,AODV,AODV,0.7873232677010554,0.1,0.5170434718621691,96.994709,78.740741,81.460317
100,50,7,5,3,143.36,0.07,35,5000,7.142857142857143,AODV,AODV,0.6802919219090456,0.2256854164786343,0.6349569731750602,94.169312,63.428571,76.063492
100,50,7,5,4,143.36,0.07,35,5000,7.142857142857143,AODV,AODV,0.8520323539546137,0.1,0.6531960741813468,96.962963,68.634921,81.52381
100,50,7,5,5,143.36,0.07,35,5000,7.142857142857143,AOMDV,AODV,0.6116288158332326,0.1,0.6349090898425371,90.634921,55.714286,70.063492
100,50,7,6,1,172.032,0.07,42,5000,7.142857142857143,AODV,AODV,0.7031099677357682,0.23354366946784233,0.6591360755359236,92.169312,61.27866,75.952381
100,50,7,6,2,172.032,0.07,42,5000,7.142857142857143,AODV,AODV,0.7326629834248656,0.1,0.6131516628009832,94.356261,75.749559,82.495591
100,50,7,6,3,172.032,0.07,42,5000,7.142857142857143,AOMDV,AODV,0.554672845981545,0.23192346155633503,0.5582807802781866,95.220459,68.650794,75.044092
100,50,7,6,4,172.032,0.07,42,5000,7.142857142857143,AODV,AODV,0.7612456739007673,0.1,0.6771428522493053,94.303351,65.599647,80.088183
100,50,7,6,5,172.032,0.07,42,5000,7.142857142857143,AOMDV,AODV,0.6197379918009779,0.1,0.6338919515051199,87.160494,56.878307,68.40388
100,50,7,8,1,229.376,0.07,56,5000,7.142857142857143,AOMDV,AODV,0.6929703581951309,0.1,0.7348466715764017,85.899471,57.678571,75.039683
100,50,7,8,2,229.376,0.07,56,5000,7.142857142857143,AODV,AODV,0.9143401832145981,0.1,0.6159313692276535,95.462963,71.177249,80.132275
100,50,7,8,3,229.376,0.07,56,5000,7.142857142857143,AOMDV,AODV,0.577611847657727,0.1962748282941695,0.8410868250533946,82.39418,59.973545,77.34127
100,50,7,8,4,229.376,0.07,56,5000,7.142857142857143,AOMDV,AODV,0.6798327529027725,0.2482797023900978,0.6976655345520352,90.720899,67.347884,80.21164
100,50,7,8,5,229.376,0.07,56,5000,7.142857142857143,AOMDV,AODV,0.5721608981479103,0.1,0.7738911902520723,75.555556,55.608466,68.009259
100,50,10,3,1,122.88,0.1,30,5000,5.0,AODV,AODV,0.6801476863754451,0.15288528591388936,0.6143085287281512,94.962963,67.91358,77.790123
100,50,10,3,2,122.88,0.1,30,5000,5.0,AOMDV,AODV,0.5289571418596279,0.27341138319660013,0.5728352728896671,97.08642,73.703704,80.08642
100,50,10,3,3,122.88,0.1,30,5000,5.0,DSDV,AODV,0.5000979471896179,0.5412303183156049,0.4316511674635347,93.740741,72.382716,80.123457
100,50,10,3,4,122.88,0.1,30,5000,5.0,AODV,AODV,0.6983635596214122,0.13838520216074485,0.6353612152963736,93.728395,64.506173,76.54321
100,50,10,3,5,122.88,0.1,30,5000,5.0,AODV,AODV,0.6337084314147513,0.2052611334230634,0.5973767849954873,92.728395,61.666667,71.839506
100,50,10,5,1,204.8,0.1,50,5000,5.0,AODV,AODV,0.7027775986793521,0.1,0.6693980470488523,89.933333,66.42963,77.888889
100,50,10,5,2,204.8,0.1,50,5000,5.0,AODV,AODV,0.7909121050297861,0.1,0.5806779681899747,94.133333,74.466667,80.177778
100,50,10,5,3,204.8,0.1,50,5000,5.0,AODV,AODV,0.6204910095850715,0.1,0.6151014773996367,92.274074,73.659259,80.488889
100,50,10,5,4,204.8,0.1,50,5000,5.0,AOMDV,AODV,0.6641591114861146,0.10761690060205903,0.6987882378444796,90.103704,65.651852,79.17037
100,50,10,5,5,204.8,0.1,50,5000,5.0,AOMDV,AODV,0.558034458219864,0.13194464342506296,0.8310444594165655,74.251852,57.822222,69.674074
100,50,10,6,1,245.76,0.1,60,5000,5.0,AOMDV,AODV,0.5852009672575809,0.1,0.7524435778566866,80.061728,63.567901,73.475309
100,50,10,6,2,245.76,0.1,60,5000,5.0,AODV,AODV,0.7820761490351849,0.1,0.6822637045447619,86.895062,71.024691,79.216049
100,50,10,6,3,245.76,0.1,60,5000,5.0,AOMDV,AODV,0.44999999999999996,0.267213447366459,0.7827530229552471,86.790123,71.635802,81.598765
100,50,10,6,4,245.76,0.1,60,5000,5.0,AOMDV,AODV,0.578322523613323,0.2601479794750368,0.6823743702329831,84.080247,65.197531,74.876543
100,50,10,6,5,245.76,0.1,60,5000,5.0,AOMDV,AODV,0.48482623567885397,0.11834047278516921,0.8663923167347303,69.12963,52.808642,65.623457
100,50,12,2,1,98.304,0.12,24,5000,4.166666666666667,AODV,AODV,0.6800893672269128,0.11238026326772986,0.6336950085122173,92.345679,66.033951,76.774691
100,50,12,2,2,98.304,0.12,24,5000,4.166666666666667,AODV,AODV,0.8706987784668712,0.1,0.594916235943556,94.70679,71.080247,79.475309
100,50,12,2,3,98.304,0.12,24,5000,4.166666666666667,AODV,AODV,0.6305110158703114,0.1565299877569467,0.6007164142828686,96.32716,70.478395,79.135802
100,50,12,2,4,98.304,0.12,24,5000,4.166666666666667,AODV,AODV,0.7053975163602497,0.12291522275010192,0.6063479243523459,92.824074,66.91358,76.635802
100,50,12,2,5,98.304,0.12,24,5000,4.166666666666667,AODV,AODV,0.8821500499204593,0.1,0.4924811184614944,92.561728,62.083333,68.533951
100,50,12,3,1,147.456,0.12,36,5000,4.166666666666667,AODV,AODV,0.6612261827718846,0.1625999216351496,0.6203725937705725,92.078189,66.399177,76.121399
100,50,12,3,2,147.456,0.12,36,5000,4.166666666666667,AODV,AODV,0.6880034638487603,0.2705466168350917,0.5291150164024272,96.131687,73.179012,78.755144
100,50,12,3,3,147.456,0.12,36,5000,4.166666666666667,AODV,AODV,0.6688164614580879,0.23087273997411617,0.6284774414887455,96.069959,68.703704,79.557613
100,50,12,3,4,147.456,0.12,36,5000,4.166666666666667,AODV,AODV,0.803618605669616,0.1,0.6298980777956266,92.726337,65.473251,76.368313
100,50,12,3,5,147.456,0.12,36,5000,4.166666666666667,AODV,AODV,0.6531890175239357,0.1,0.6081407035965288,89.907407,59.197531,69.989712
100,50,12,4,1,196.608,0.12,48,5000,4.166666666666667,AODV,AODV,0.6774662104205658,0.1,0.61058631092895,86.118827,64.799383,72.407407
100,50,12,4,2,196.608,0.12,48,5000,4.166666666666667,AOMDV,AODV,0.6106572573175882,0.1,0.685742025421227,92.584877,70.964506,81.54321
100,50,12,4,3,196.608,0.12,48,5000,4.166666666666667,AODV,AODV,0.7510703578679739,0.1,0.6153247991242479,90.563272,71.381173,78.425926
100,50,12,4,4,196.608,0.12,48,5000,4.166666666666667,AODV,AODV,0.7224872102404053,0.1,0.6365351676375611,90.810185,63.819444,75.007716
100,50,12,4,5,196.608,0.12,48,5000,4.166666666666667,AOMDV,AODV,0.5273619608268254,0.12369049772399995,0.7354401240264136,79.868827,57.314815,69.729938
100,50,12,5,1,245.76,0.12,60,5000,4.166666666666667,AOMDV,AODV,0.5299565155489947,0.17994809938821713,0.7500377867713667,81.895062,61.790123,74.228395
100,50,12,5,2,245.76,0.12,60,5000,4.166666666666667,AOMDV,AODV,0.47186684135480705,0.12314006362074342,0.7741970323643362,85.660494,67.425926,79.549383
100,50,12,5,3,245.76,0.12,60,5000,4.166666666666667,AOMDV,AODV,0.44999999999999996,0.18903756593606802,0.8221445181258019,82.993827,67.722222,78.740741
100,50,12,5,4,245.76,0.12,60,5000,4.166666666666667,AOMDV,AODV,0.5091591037559065,0.15163212418141306,0.8083540568006806,81.858025,61.0,76.734568
100,50,12,5,5,245.76,0.12,60,5000,4.166666666666667,AOMDV,AODV,0.7189171335865678,0.1,0.8161213777631724,72.234568,54.462963,66.623457
100,50,12,6,1,294.912,0.12,72,5000,4.166666666666667,AOMDV,AODV,0.5153558807768891,0.25406012963872837,0.8061903198058614,76.903292,61.059671,72.44856
100,50,12,6,2,294.912,0.12,72,5000,4.166666666666667,AOMDV,AODV,0.6085564327027757,0.1,0.945932953590959,79.516461,64.660494,79.403292
100,50,12,6,3,294.912,0.12,72,5000,4.166666666666667,AOMDV,AODV,0.6991891418872437,0.1,0.8255349467582451,79.963992,66.069959,76.25
100,50,12,6,4,294.912,0.12,72,5000,4.166666666666667,AOMDV,AODV,0.651668878056955,0.1,0.841564410736747,74.341564,59.670782,72.201646
100,50,12,6,5,294.912,0.12,72,5000,4.166666666666667,AOMDV,AOMDV,0.3186456366655873,0.14181555639579957,0.9672611555850287,60.421811,52.031893,64.449588
100,50,12,8,1,393.216,0.12,96,5000,4.166666666666667,AODV,AODV,0.6818451047555061,0.35,0.668361921799246,61.469907,51.95216,61.033951
100,50,12,8,2,393.216,0.12,96,5000,4.166666666666667,AOMDV,AOMDV,0.5844733503637748,0.1,0.9524292736925666,68.175154,58.113426,68.958333
100,50,12,8,3,393.216,0.12,96,5000,4.166666666666667,AODV,AODV,0.8497410668642174,0.16296068127167423,0.588388314013417,67.928241,58.549383,65.679012
100,50,12,8,4,393.216,0.12,96,5000,4.166666666666667,AOMDV,AOMDV,0.40928410993526376,0.35,0.6834393807501862,56.624228,54.236111,58.722994
100,50,12,8,5,393.216,0.12,96,5000,4.166666666666667,AOMDV,AOMDV,0.5785647781318175,0.35,0.7089153249455453,54.158951,45.60571,56.126543
100,50,15,3,1,184.32,0.15,45,5000,3.3333333333333335,AOMDV,AODV,0.6557464048795166,0.10933326753867346,0.6791099314023101,89.580247,64.798354,77.415638
100,50,15,3,2,184.32,0.15,45,5000,3.3333333333333335,AOMDV,AODV,0.5733893706913993,0.13798452068715508,0.6815796820168495,87.958848,70.164609,78.979424
100,50,15,3,3,184.32,0.15,45,5000,3.3333333333333335,AODV,AODV,0.6048685642534515,0.1,0.6009918202694065,91.028807,69.119342,75.481481
100,50,15,3,4,184.32,0.15,45,5000,3.3333333333333335,AOMDV,AODV,0.5816120468072759,0.15334687768813224,0.6534044519546539,88.493827,64.73251,74.938272
100,50,15,3,5,184.32,0.15,45,5000,3.3333333333333335,AODV,AODV,0.6980264664302709,0.1,0.6929517435210462,83.382716,59.950617,70.485597
100,50,15,5,1,307.2,0.15,75,5000,3.3333333333333335,AOMDV,AOMDV,0.3651222906578517,0.27568344082807716,0.9508294041114596,69.585185,61.066667,71.565432
100,50,15,5,2,307.2,0.15,75,5000,3.3333333333333335,AOMDV,AOMDV,0.3748288588899381,0.3259382709830495,0.9596719937466461,72.903704,63.891358,74.711111
100,50,15,5,3,307.2,0.15,75,5000,3.3333333333333335,AOMDV,AOMDV,0.5680679093810597,0.1,0.9619632914785824,72.720988,60.162963,73.318519
100,50,15,5,4,307.2,0.15,75,5000,3.3333333333333335,AOMDV,AOMDV,0.7042285255245285,0.1,0.9537774723788081,69.792593,54.044444,69.906173
100,50,15,5,5,307.2,0.15,75,5000,3.3333333333333335,AOMDV,AOMDV,0.2706080965759364,0.1672879611565818,0.9684354586071678,58.839506,50.488889,64.375309
100,50,15,6,1,368.64,0.15,90,5000,3.3333333333333335,AOMDV,AOMDV,0.6141287146751881,0.35,0.6959924358520688,64.292181,55.329218,66.358025
100,50,15,6,2,368.64,0.15,90,5000,3.3333333333333335,AOMDV,AOMDV,0.5116929753799044,0.19474497760845194,0.9538309022084682,66.621399,58.436214,67.440329
100,50,15,6,3,368.64,0.15,90,5000,3.3333333333333335,AOMDV,AOMDV,0.24636428076577,0.41208690194596,0.9637887449192821,62.777778,56.395062,68.053498
100,50,15,6,4,368.64,0.15,90,5000,3.3333333333333335,AOMDV,AOMDV,0.40492160535564514,0.39305280885331007,0.7041059639333815,55.604938,51.353909,56.078189
100,50,15,6,5,368.64,0.15,90,5000,3.3333333333333335,AOMDV,AOMDV,0.48092177632844335,0.3745270820771417,0.7140436644711088,54.786008,49.534979,54.99177
100,50,18,2,1,147.456,0.18,36,5000,2.7777777777777777,AODV,AODV,0.6892111554000666,0.1,0.6048366520239826,93.77572,69.526749,77.87037
100,50,18,2,2,147.456,0.18,36,5000,2.7777777777777777,AODV,AODV,0.6365195880686109,0.19338851744681088,0.6132333127582286,94.825103,71.851852,80.185185
100,50,18,2,3,147.456,0.18,36,5000,2.7777777777777777,AODV,AODV,0.6159141040393269,0.17252107113012025,0.5425352116958048,95.534979,73.621399,78.127572
100,50,18,2,4,147.456,0.18,36,5000,2.7777777777777777,AODV,AODV,0.7281354317578212,0.1,0.5985538045844198,90.339506,63.662551,72.469136
100,50,18,2,5,147.456,0.18,36,5000,2.7777777777777777,AODV,AODV,0.6417421435054241,0.1,0.5929410975442644,89.331276,63.395062,71.49177
100,50,18,3,1,221.184,0.18,54,5000,2.7777777777777777,AOMDV,AODV,0.5673074905450676,0.20356412986314348,0.7086206572822302,85.048011,65.418381,75.493827
100,50,18,3,2,221.184,0.18,54,5000,2.7777777777777777,AOMDV,AODV,0.5315713273657576,0.2621341455096644,0.7017269594817599,88.374486,69.348422,78.449931
100,50,18,3,3,221.184,0.18,54,5000,2.7777777777777777,AODV,AODV,0.7250895212703429,0.1,0.6370097729012092,88.82716,69.938272,76.268861
100,50,18,3,4,221.184,0.18,54,5000,2.7777777777777777,AOMDV,AODV,0.5366832122403116,0.15564319926160078,0.8341321950855731,75.898491,62.716049,72.482853
100,50,18,3,5,221.184,0.18,54,5000,2.7777777777777777,AOMDV,AODV,0.44999999999999996,0.18162258970666054,0.8436316550595072,74.725652,55.967078,69.780521
100,50,18,4,1,294.912,0.18,72,5000,2.7777777777777777,AOMDV,AODV,0.5611273524887697,0.18608668826748492,0.8660038011327483,71.56893,60.082305,69.393004
100,50,18,4,2,294.912,0.18,72,5000,2.7777777777777777,AOMDV,AODV,0.5567337545681236,0.12525559597845154,0.8956194397316575,77.854938,66.234568,76.244856
100,50,18,4,3,294.912,0.18,72,5000,2.7777777777777777,AOMDV,AODV,0.5285270545472199,0.17346081712379308,0.957233007232648,74.799383,64.398148,74.763374
100,50,18,4,4,294.912,0.18,72,5000,2.7777777777777777,AOMDV,AOMDV,0.24475509313739308,0.3338492317578243,0.9540393712112528,60.581276,54.526749,65.658436
100,50,18,4,5,294.912,0.18,72,5000,2.7777777777777777,AOMDV,AOMDV,0.5075440424855951,0.1437814114698529,0.965147281158888,64.465021,52.782922,64.819959
100,50,18,5,1,368.64,0.18,90,5000,2.7777777777777777,AOMDV,AOMDV,0.10900531389461653,0.35,0.7365269557178501,57.209877,56.218107,63.477366
100,50,18,5,2,368.64,0.18,90,5000,2.7777777777777777,AOMDV,AOMDV,0.053180212153128195,0.3234089560480816,0.9671849438964606,62.469136,61.230453,71.711934
100,50,18,5,3,368.64,0.18,90,5000,2.7777777777777777,AOMDV,AOMDV,0.1824896205692184,0.3640909026588295,0.7068856584071076,60.917695,58.572016,66.493827
100,50,18,5,4,368.64,0.18,90,5000,2.7777777777777777,AOMDV,AOMDV,0.40250849763014074,0.35,0.7800092409802853,51.345679,46.1893,54.609053
100,50,18,5,5,368.64,0.18,90,5000,2.7777777777777777,AOMDV,AOMDV,0.1696524267388823,0.37842419056447507,0.8033289604814899,51.156379,48.255144,55.950617
100,50,18,6,1,442.368,0.18,108,5000,2.7777777777777777,AOMDV,AOMDV,0.5283094619682434,0.35,0.6993104291305765,51.59808,49.927984,54.766804
100,50,18,6,2,442.368,0.18,108,5000,2.7777777777777777,AOMDV,AOMDV,0.1674469816916806,0.3754381956898686,0.7065671896989386,57.410837,56.724966,61.313443
100,50,18,6,3,442.368,0.18,108,5000,2.7777777777777777,AOMDV,AOMDV,0.0992497550589224,0.6935222887802943,0.7067093151792311,53.326475,55.037723,58.220165
100,50,18,6,4,442.368,0.18,108,5000,2.7777777777777777,AOMDV,AOMDV,0.3054135553372666,0.35,0.6948899637601866,42.901235,42.455418,44.914266
100,50,18,6,5,442.368,0.18,108,5000,2.7777777777777777,AOMDV,AOMDV,0.38326426671707264,0.5000993942515725,0.7063688866310824,46.004801,43.463649,47.085048
100,50,18,8,1,589.824,0.18,144,5000,2.7777777777777777,DSDV,DSDV,0.1569547386298849,0.9261426276814025,0.38397570240966983,38.590535,45.411523,40.699588
100,50,18,8,2,589.824,0.18,144,5000,2.7777777777777777,DSDV,DSDV,0.20394957463288987,1.0,0.22004756631616876,46.144547,50.002572,47.638889
100,50,18,8,3,589.824,0.18,144,5000,2.7777777777777777,DSDV,DSDV,0.3502509204730637,0.8,0.21184803588787335,42.718621,47.785494,42.903807
100,50,18,8,4,589.824,0.18,144,5000,2.7777777777777777,AODV,AODV,0.8469291475558072,0.5387995502685148,0.14195160068225893,36.872428,34.459877,32.716049
100,50,18,8,5,589.824,0.18,144,5000,2.7777777777777777,AODV,AODV,0.8687157713467447,0.7399838898358362,0.03599257448662981,39.832819,38.531379,34.997428
100,50,20,3,1,245.76,0.2,60,5000,2.5,AOMDV,AOMDV,0.44766696232679315,0.15636308071940594,0.9511500984736311,73.901235,64.148148,74.67284
100,50,20,3,2,245.76,0.2,60,5000,2.5,AOMDV,AODV,0.495270737676628,0.20296377828740203,0.7621937852101576,84.58642,69.82716,78.475309
100,50,20,3,3,245.76,0.2,60,5000,2.5,AOMDV,AODV,0.4797617758513958,0.22975084130155057,0.8481179460245387,80.808642,67.080247,77.555556
100,50,20,3,4,245.76,0.2,60,5000,2.5,AOMDV,AOMDV,0.33558141192041097,0.31882863749512097,0.9552720971606746,65.808642,59.87037,67.833333
100,50,20,3,5,245.76,0.2,60,5000,2.5,AOMDV,AODV,0.44999999999999996,0.274336240715645,0.9556210822329733,68.246914,56.049383,68.024691
100,50,20,5,1,409.6,0.2,100,5000,2.5,AOMDV,AOMDV,0.033606706592113664,0.5726420143878668,0.8215108333354475,49.362963,52.685185,56.077778
100,50,20,5,2,409.6,0.2,100,5000,2.5,AOMDV,AOMDV,0.0,0.6342573178925008,0.7419065514762588,57.833333,59.159259,64.914815
100,50,20,5,3,409.6,0.2,100,5000,2.5,AOMDV,AOMDV,0.6450354973441923,0.35,0.6973283741485957,59.725926,57.477778,60.044444
100,50,20,5,4,409.6,0.2,100,5000,2.5,DSDV,DSDV,0.22697448999706862,1.0,0.23062930183088348,41.688889,46.759259,43.714815
100,50,20,5,5,409.6,0.2,100,5000,2.5,AOMDV,AOMDV,0.0,0.524271836455731,0.7263580602539607,42.718519,44.833333,50.033333
100,50,20,6,1,491.52,0.2,120,5000,2.5,DSDV,DSDV,0.3986095932685021,0.8,0.3267438217840681,45.57716,47.472222,46.54321
100,50,20,6,2,491.52,0.2,120,5000,2.5,AOMDV,AOMDV,0.4625338096717547,0.35,0.7039604185889736,52.037037,50.824074,56.280864
100,50,20,6,3,491.52,0.2,120,5000,2.5,AOMDV,AOMDV,0.04359288156166179,0.6741365740673687,0.7014844294305344,49.876543,50.969136,52.145062
100,50,20,6,4,491.52,0.2,120,5000,2.5,DSDV,DSDV,0.502323805844796,0.8292423750087442,0.033064519985321957,36.108025,39.058642,34.354938
100,50,20,6,5,491.52,0.2,120,5000,2.5,DSDV,DSDV,0.16576398992709143,1.0,0.47721804699024206,37.783951,42.179012,41.20679
100,50,22,2,1,180.224,0.22,44,5000,2.272727272727273,AOMDV,AODV,0.6047739749794431,0.17485309449695358,0.6622713773926907,89.907407,68.038721,78.190236
100,50,22,2,2,180.224,0.22,44,5000,2.272727272727273,AODV,AODV,0.6828415871033306,0.1,0.6370765814902355,91.725589,71.245791,79.040404
100,50,22,2,3,180.224,0.22,44,5000,2.272727272727273,AODV,AODV,0.707180758858536,0.1,0.648248261671733,91.792929,69.191919,77.66835
100,50,22,2,4,180.224,0.22,44,5000,2.272727272727273,AODV,AODV,0.7278667457703664,0.1,0.6795672345019111,87.744108,64.006734,75.025253
100,50,22,2,5,180.224,0.22,44,5000,2.272727272727273,AOMDV,AODV,0.44999999999999996,0.17120254177493227,0.7285490071499885,78.063973,59.452862,68.804714
100,50,22,3,1,270.336,0.22,66,5000,2.272727272727273,AOMDV,AOMDV,0.24240398347440295,0.29464156957992305,0.95442763459888,69.601571,64.169473,74.253648
100,50,22,3,2,270.336,0.22,66,5000,2.272727272727273,AOMDV,AOMDV,0.5057688819824481,0.15185932228334392,0.9577394293287812,74.668911,64.983165,75.117845
100,50,22,3,3,270.336,0.22,66,5000,2.272727272727273,AOMDV,AOMDV,0.34676861497381695,0.2902551590046035,0.9658042317432376,72.699214,63.933782,75.308642
100,50,22,3,4,270.336,0.22,66,5000,2.272727272727273,AOMDV,AOMDV,0.16802323407172828,0.3963481941371022,0.9587369186846171,60.095398,56.851852,65.538721
100,50,22,3,5,270.336,0.22,66,5000,2.272727272727273,AOMDV,AOMDV,0.4023789874478541,0.24318747368834373,0.9627641219889995,60.533109,53.754209,62.250281
100,50,22,4,1,360.448,0.22,88,5000,2.272727272727273,AOMDV,AOMDV,0.011999988782913747,0.46362936283491907,0.9134014397625098,57.529461,57.361111,63.674242
100,50,22,4,2,360.448,0.22,88,5000,2.272727272727273,AOMDV,AOMDV,0.21279243955420352,0.25457588749442017,0.9545292353102748,61.388889,57.390572,65.84596
100,50,22,4,3,360.448,0.22,88,5000,2.272727272727273,AOMDV,AOMDV,0.0,0.6203819089689784,0.7895260030905737,59.099327,60.307239,66.279461
100,50,22,4,4,360.448,0.22,88,5000,2.272727272727273,AOMDV,AOMDV,0.0905575191118122,0.5143835106866375,0.700848857304019,47.420034,49.103535,52.02862
100,50,22,4,5,360.448,0.22,88,5000,2.272727272727273,AOMDV,AOMDV,0.0,0.6901686139229734,0.8257818816932873,43.148148,46.851852,50.513468
100,50,22,5,1,450.56,0.22,110,5000,2.272727272727273,DSDV,DSDV,0.1061359361010626,1.0,0.5216587046985123,48.521886,51.481481,51.400673
100,50,22,5,2,450.56,0.22,110,5000,2.272727272727273,AOMDV,AOMDV,0.0,0.5515185417118509,0.7662858230061217,50.198653,52.127946,57.003367
100,50,22,5,3,450.56,0.22,110,5000,2.272727272727273,DSDV,DSDV,0.2902214451288189,0.8,0.5294963596981531,51.279461,52.417508,51.986532
100,50,22,5,4,450.56,0.22,110,5000,2.272727272727273,AOMDV,AOMDV,0.14085284728881012,0.6978648706071319,0.6990460776694444,39.909091,41.454545,42.282828
100,50,22,5,5,450.56,0.22,110,5000,2.272727272727273,DSDV,AOMDV,0.11182693593214114,0.9286009433490333,0.7107843239570577,37.094276,40.464646,40.639731
100,50,22,6,1,540.672,0.22,132,5000,2.272727272727273,DSDV,DSDV,0.10994695503533372,1.0,0.30092880474659367,40.345118,46.568462,42.645903
100,50,22,6,2,540.672,0.22,132,5000,2.272727272727273,DSDV,DSDV,0.07007016802856858,1.0,0.47687072550769066,45.510662,49.222783,48.030303
100,50,22,6,3,540.672,0.22,132,5000,2.272727272727273,DSDV,DSDV,0.4009910534339281,0.8063917126025393,0.04867047867800464,43.083614,47.309203,42.741302
100,50,22,6,4,540.672,0.22,132,5000,2.272727272727273,DSDV,DSDV,0.44390163012871237,0.8,0.22956832812817557,34.130191,36.865881,32.160494
100,50,22,6,5,540.672,0.22,132,5000,2.272727272727273,DSDV,DSDV,0.3092910785406682,0.8,0.38329603477854185,32.376543,36.966891,33.695286
100,50,22,8,1,720.896,0.22,176,5000,2.272727272727273,DSDV,DSDV,0.10362874188730951,1.0,0.13375859321467853,28.916246,39.749579,30.848064
100,50,22,8,2,720.896,0.22,176,5000,2.272727272727273,DSDV,DSDV,0.11336673095307408,1.0,0.3457822646358625,34.370791,40.841751,36.191077
100,50,22,8,3,720.896,0.22,176,5000,2.272727272727273,DSDV,DSDV,0.44259569647784003,0.9820761061455668,0.04146416681955753,33.324916,39.755892,31.858165
100,50,22,8,4,720.896,0.22,176,5000,2.272727272727273,DSDV,DSDV,0.5732284579580468,0.9145019678999009,0.031842032443910005,24.246633,30.646044,21.725589
100,50,22,8,5,720.896,0.22,176,5000,2.272727272727273,DSDV,DSDV,0.21341010648798775,1.0,0.1910333308533522,23.253367,30.124158,25.330387
100,50,25,3,1,307.2,0.25,75,5000,2.0,AOMDV,AOMDV,0.08910152472927929,0.29319831921138145,0.9521591161136567,59.101235,57.925926,63.861728
100,50,25,3,2,307.2,0.25,75,5000,2.0,AOMDV,AOMDV,0.34050851774648616,0.20979507321994328,0.9523065772804613,68.883951,63.288889,71.580247
100,50,25,3,3,307.2,0.25,75,5000,2.0,AOMDV,AOMDV,0.20313765285314028,0.3559154317520191,0.9639401335325971,69.125926,64.720988,74.479012
100,50,25,3,4,307.2,0.25,75,5000,2.0,AOMDV,AOMDV,0.0,0.5762639852545195,0.9281169494671756,53.787654,57.130864,62.671605
100,50,25,3,5,307.2,0.25,75,5000,2.0,AOMDV,AOMDV,0.023817743723920412,0.3029202482443031,0.9705827987611995,49.945679,50.607407,58.997531
100,50,25,5,1,512.0,0.25,125,5000,2.0,DSDV,DSDV,0.12163328613507436,1.0,0.35398148557664366,38.168889,45.271111,41.342222
100,50,25,5,2,512.0,0.25,125,5000,2.0,DSDV,DSDV,0.4021074919910022,1.0,0.030840233269471964,49.214815,51.561481,47.357037
100,50,25,5,3,512.0,0.25,125,5000,2.0,DSDV,DSDV,0.05639966027976156,1.0,0.5308559160332404,42.939259,51.614815,48.571852
100,50,25,5,4,512.0,0.25,125,5000,2.0,DSDV,DSDV,0.12221003135501465,1.0,0.34359004530718706,30.571852,41.345185,34.805926
100,50,25,5,5,512.0,0.25,125,5000,2.0,DSDV,DSDV,0.3422423456217688,0.8,0.40199946467340264,32.933333,40.992593,35.825185
100,50,25,6,1,614.4,0.25,150,5000,2.0,DSDV,DSDV,0.18244973852626087,1.0,0.040452316483567015,31.906173,40.37284,31.674074
100,50,25,6,2,614.4,0.25,150,5000,2.0,DSDV,DSDV,0.125450659896512,0.9537415191858907,0.4541631022494017,36.654321,44.82963,40.45679
100,50,25,6,3,614.4,0.25,150,5000,2.0,DSDV,DSDV,0.42552425432707847,0.8323253711666204,0.21159329077734046,36.866667,44.451852,39.530864
100,50,25,6,4,614.4,0.25,150,5000,2.0,DSDV,DSDV,0.3319212365556951,1.0,0.14107120966420145,25.358025,35.540741,27.42716
100,50,25,6,5,614.4,0.25,150,5000,2.0,DSDV,DSDV,0.3767916201979843,0.8,0.4359249707716526,29.037037,35.237037,31.476543
150,20,5,3,1,61.44,0.03333333333333333,15,3000,4.0,AOMDV,AODV,0.5499999999999999,0.45041535204054045,0.8507142834812239,93.160494,77.604938,91.45679
150,20,5,3,2,61.44,0.03333333333333333,15,3000,4.0,AOMDV,AODV,0.5499999999999999,0.5186812909012015,0.744472471887645,98.518519,77.777778,91.506173
150,20,5,3,3,61.44,0.03333333333333333,15,3000,4.0,AOMDV,AODV,0.5499999999999999,0.5203690328949413,0.6330769376259046,97.08642,82.641975,88.518519
150,20,5,3,4,61.44,0.03333333333333333,15,3000,4.0,AOMDV,AODV,0.5499999999999999,0.4906670206014567,0.8280000136457706,95.530864,81.950617,93.358025
150,20,5,3,5,61.44,0.03333333333333333,15,3000,4.0,AOMDV,AODV,0.5499999999999999,0.3287676660236612,0.7398414861115001,98.197531,81.061728,92.098765
150,20,5,5,1,102.4,0.03333333333333333,25,3000,4.0,AOMDV,AODV,0.5499999999999999,0.34425312529131225,0.7666945530127843,97.125926,79.422222,91.881481
150,20,5,5,2,102.4,0.03333333333333333,25,3000,4.0,AOMDV,AODV,0.5499999999999999,0.37912177276311915,0.7746159268867706,99.022222,77.807407,93.111111
150,20,5,5,3,102.4,0.03333333333333333,25,3000,4.0,AOMDV,AODV,0.5499999999999999,0.45816007935592146,0.6670212848732933,95.748148,85.303704,90.340741
150,20,5,5,4,102.4,0.03333333333333333,25,3000,4.0,AOMDV,AODV,0.5930892831111871,0.2587109274507654,0.7710144956416694,96.592593,78.192593,91.318519
150,20,5,5,5,102.4,0.03333333333333333,25,3000,4.0,AOMDV,AODV,0.5499999999999999,0.34503085806772665,0.8083333417302837,92.962963,80.962963,90.518519
150,20,5,6,1,122.88,0.03333333333333333,30,3000,4.0,AODV,AODV,0.9021385138091988,0.07226206177026008,0.7499166253416152,99.37037,77.160494,91.962963
150,20,5,6,2,122.88,0.03333333333333333,30,3000,4.0,AOMDV,AODV,0.5567464753186201,0.32469064041052864,0.8597161734847809,94.876543,83.567901,93.864198
150,20,5,6,3,122.88,0.03333333333333333,30,3000,4.0,AOMDV,AODV,0.6717256576578404,0.25379323026878026,0.7537878808924633,94.308642,79.641975,89.54321
150,20,5,6,4,122.88,0.03333333333333333,30,3000,4.0,AOMDV,AODV,0.7505413104481028,0.07671257701322104,0.757687496682468,98.777778,79.024691,92.530864
150,20,5,6,5,122.88,0.03333333333333333,30,3000,4.0,AOMDV,AODV,0.5846258358717472,0.27484040644102875,0.8054045128991267,95.469136,76.851852,91.555556
150,20,7,2,1,57.344,0.04666666666666667,14,3000,2.857142857142857,AODV,AODV,0.6970476437145076,0.2525662494706307,0.6009803791576734,96.904762,84.761905,88.835979
150,20,7,2,2,57.344,0.04666666666666667,14,3000,2.857142857142857,AOMDV,AODV,0.5499999999999999,0.5214558236040936,0.6731999975151584,97.513228,77.671958,87.513228
150,20,7,2,3,57.344,0.04666666666666667,14,3000,2.857142857142857,AOMDV,AODV,0.5394864591604236,0.5266113191055212,0.6523199977033206,97.275132,80.740741,88.174603
150,20,7,2,4,57.344,0.04666666666666667,14,3000,2.857142857142857,AOMDV,AODV,0.5749451364075848,0.2947011029384612,0.79090909135114,95.026455,81.931217,91.851852
150,20,7,2,5,57.344,0.04666666666666667,14,3000,2.857142857142857,AODV,AODV,0.7628910184860429,0.09065602039349761,0.6477707146304614,97.777778,85.31746,90.793651
150,20,7,3,1,86.016,0.04666666666666667,21,3000,2.857142857142857,AOMDV,AODV,0.6889124023191375,0.224234927511608,0.7245569622065176,94.603175,80.670194,89.171076
150,20,7,3,2,86.016,0.04666666666666667,21,3000,2.857142857142857,AOMDV,AODV,0.5449124348060767,0.4419535125958097,0.6713414605107588,96.014109,78.659612,87.195767
150,20,7,3,3,86.016,0.04666666666666667,21,3000,2.857142857142857,AOMDV,AODV,0.6326271988123623,0.23762833187706042,0.7557174931152844,94.673721,78.941799,89.62963
150,20,7,3,4,86.016,0.04666666666666667,21,3000,2.857142857142857,AOMDV,AODV,0.5499999999999999,0.5471016486438802,0.589172716101552,98.253968,81.058201,92.469136
150,20,7,3,5,86.016,0.04666666666666667,21,3000,2.857142857142857,AOMDV,AODV,0.6053291946889168,0.1913335229261257,0.7718237710521094,95.396825,78.183422,90.493827
150,20,7,4,1,114.688,0.04666666666666667,28,3000,2.857142857142857,AOMDV,AODV,0.7062272198417385,0.1707173984974622,0.740389980035961,96.746032,82.5,91.693122
150,20,7,4,2,114.688,0.04666666666666667,28,3000,2.857142857142857,AOMDV,AODV,0.5441408399010896,0.5093560852359243,0.6353531525664269,98.201058,80.410053,87.738095
150,20,7,4,3,114.688,0.04666666666666667,28,3000,2.857142857142857,AOMDV,AODV,0.5369508704313307,0.5147315678172746,0.5894121127918208,97.738095,83.518519,88.002646
150,20,7,4,4,114.688,0.04666666666666667,28,3000,2.857142857142857,AOMDV,AODV,0.5276945804540772,0.3314520297185423,0.855952380975409,94.298942,84.298942,93.320106
150,20,7,4,5,114.688,0.04666666666666667,28,3000,2.857142857142857,AOMDV,AODV,0.6801925700671314,0.14172840031324313,0.7415113267496778,98.068783,78.201058,91.071429
150,20,7,5,1,143.36,0.04666666666666667,35,3000,2.857142857142857,AOMDV,AODV,0.571264352728765,0.24963660564505946,0.8385814057907816,93.957672,74.26455,91.269841
150,20,7,5,2,143.36,0.04666666666666667,35,3000,2.857142857142857,AOMDV,AODV,0.6949538840062611,0.2621798829294396,0.8200903049992743,91.153439,77.089947,88.656085
150,20,7,5,3,143.36,0.04666666666666667,35,3000,2.857142857142857,AOMDV,AODV,0.516699392712286,0.4003042888566125,0.7132020683239473,95.68254,79.291005,88.878307
150,20,7,5,4,143.36,0.04666666666666667,35,3000,2.857142857142857,AOMDV,AODV,0.5076437617489363,0.4121975664495132,0.78918538201488,94.0,82.698413,91.216931
150,20,7,5,5,143.36,0.04666666666666667,35,3000,2.857142857142857,AOMDV,AODV,0.655966183140008,0.28853330302470326,0.7372767835182037,97.037037,78.074074,90.179894
150,20,7,6,1,172.032,0.04666666666666667,42,3000,2.857142857142857,AOMDV,AODV,0.46891939786450293,0.3094971807607334,0.8803889350665317,90.767196,71.948854,89.94709
150,20,7,6,2,172.032,0.04666666666666667,42,3000,2.857142857142857,AOMDV,AODV,0.5038274419848316,0.40298498651330505,0.83928571396703,90.590829,71.70194,88.042328
150,20,7,6,3,172.032,0.04666666666666667,42,3000,2.857142857142857,AOMDV,AODV,0.5262029412395397,0.3601912721045164,0.7217502553831971,93.862434,76.631393,87.037037
150,20,7,6,4,172.032,0.04666666666666667,42,3000,2.857142857142857,AOMDV,AODV,0.6245012066396418,0.2109557749626228,0.7976458913168452,91.455026,78.156966,88.430335
150,20,7,6,5,172.032,0.04666666666666667,42,3000,2.857142857142857,AOMDV,AODV,0.6805617971049139,0.17882736137183428,0.7867039038462403,97.777778,74.100529,91.816578
150,20,7,8,1,229.376,0.04666666666666667,56,3000,2.857142857142857,AOMDV,AOMDV,0.4053354339652776,0.4474740750103101,0.8987447613959992,86.746032,71.560847,88.419312
150,20,7,8,2,229.376,0.04666666666666667,56,3000,2.857142857142857,AODV,AODV,0.8875183478429262,0.35,0.543082885107558,91.230159,67.374339,85.562169
150,20,7,8,3,229.376,0.04666666666666667,56,3000,2.857142857142857,AOMDV,AODV,0.4792496252259256,0.3286210110860749,0.7729046977268739,92.427249,75.145503,87.546296
150,20,7,8,4,229.376,0.04666666666666667,56,3000,2.857142857142857,AOMDV,AOMDV,0.6052832080921747,0.35,0.65,87.34127,71.851852,88.452381
150,20,7,8,5,229.376,0.04666666666666667,56,3000,2.857142857142857,AOMDV,AODV,0.4893918229019573,0.21007911258204742,0.8632386254489,90.648148,70.165344,88.974868
150,20,10,3,1,122.88,0.06666666666666667,30,3000,2.0,AODV,AODV,0.7431051724387172,0.3208311070827915,0.5143683317237393,97.888889,81.839506,90.419753
150,20,10,3,2,122.88,0.06666666666666667,30,3000,2.0,AOMDV,AODV,0.5225829088730832,0.38926745809394325,0.82472845397365,91.320988,74.271605,88.469136
150,20,10,3,3,122.88,0.06666666666666667,30,3000,2.0,AOMDV,AODV,0.6439144276053143,0.27526889968760326,0.6963730507351349,95.728395,74.283951,86.024691
150,20,10,3,4,122.88,0.06666666666666667,30,3000,2.0,AOMDV,AODV,0.498282545599548,0.484646095961874,0.8243181708889374,91.17284,80.308642,89.345679
150,20,10,3,5,122.88,0.06666666666666667,30,3000,2.0,AOMDV,AODV,0.5425171661159601,0.2970083217654513,0.7086554688487899,98.691358,76.654321,89.320988
150,20,10,5,1,204.8,0.06666666666666667,50,3000,2.0,AOMDV,AODV,0.5647679912727737,0.2126271203556434,0.8786283648517912,89.659259,67.355556,88.6
150,20,10,5,2,204.8,0.06666666666666667,50,3000,2.0,AOMDV,AODV,0.4982787494041526,0.4311378634490718,0.7457345825501756,89.933333,68.088889,84.8
150,20,10,5,3,204.8,0.06666666666666667,50,3000,2.0,AOMDV,AODV,0.44999999999999996,0.46806782248530077,0.8898508062058118,86.962963,66.822222,85.192593
150,20,10,5,4,204.8,0.06666666666666667,50,3000,2.0,AOMDV,AOMDV,0.331924195577102,0.43307126437233145,0.9162504896186332,82.333333,71.088889,86.333333
150,20,10,5,5,204.8,0.06666666666666667,50,3000,2.0,AOMDV,AODV,0.5907234107581096,0.2683371143251484,0.7563735242421006,96.444444,73.955556,89.266667
150,20,10,6,1,245.76,0.06666666666666667,60,3000,2.0,AOMDV,AODV,0.44999999999999996,0.26666947167743116,0.8526613623140646,87.734568,68.0,85.092593
150,20,10,6,2,245.76,0.06666666666666667,60,3000,2.0,DSDV,AODV,0.4792569766147735,0.55,0.47886774271626475,82.148148,64.932099,81.919753
150,20,10,6,3,245.76,0.06666666666666667,60,3000,2.0,AOMDV,AODV,0.4892803212675385,0.3112381351920305,0.8465285510063286,86.382716,66.820988,82.925926
150,20,10,6,4,245.76,0.06666666666666667,60,3000,2.0,AOMDV,AOMDV,0.4456566071504249,0.17681088193358796,0.919052731905035,83.376543,66.080247,86.820988
150,20,10,6,5,245.76,0.06666666666666667,60,3000,2.0,AOMDV,AODV,0.49832705555302725,0.23388214356227757,0.8455263207242895,89.925926,69.987654,87.512346
150,20,12,2,1,98.304,0.08,24,3000,1.6666666666666667,AODV,AODV,0.7089163845507526,0.2425901677683601,0.6752385913156458,98.410494,83.858025,91.141975
150,20,12,2,2,98.304,0.08,24,3000,1.6666666666666667,AOMDV,AODV,0.6196799323895312,0.17474759630333397,0.7502527367149345,95.169753,76.851852,89.074074
150,20,12,2,3,98.304,0.08,24,3000,1.6666666666666667,AOMDV,AODV,0.6054786618427563,0.2910632516211237,0.7149468884523585,95.401235,75.061728,87.037037
150,20,12,2,4,98.304,0.08,24,3000,1.6666666666666667,AOMDV,AODV,0.7223230784766169,0.1,0.7319054109100995,96.512346,73.996914,88.101852
150,20,12,2,5,98.304,0.08,24,3000,1.6666666666666667,AOMDV,AODV,0.5393629107883846,0.396528794173024,0.7071428621801052,97.762346,80.58642,90.401235
150,20,12,3,1,147.456,0.08,36,3000,1.6666666666666667,AOMDV,AODV,0.6568021607572618,0.22952789576850005,0.7442424284434269,97.685185,82.407407,92.397119
150,20,12,3,2,147.456,0.08,36,3000,1.6666666666666667,AOMDV,AODV,0.46588161161380376,0.4254397036371971,0.7832340211854729,92.417695,73.425926,87.489712
150,20,12,3,3,147.456,0.08,36,3000,1.6666666666666667,AODV,AODV,0.6801189287897429,0.2862307713929093,0.6662061904461593,93.415638,73.67284,83.436214
150,20,12,3,4,147.456,0.08,36,3000,1.6666666666666667,AOMDV,AODV,0.4670150120504222,0.48721186360728375,0.7473214166946661,93.549383,74.537037,87.098765
150,20,12,3,5,147.456,0.08,36,3000,1.6666666666666667,AOMDV,AODV,0.6924004159392109,0.17947979496226676,0.7539634109161648,94.320988,79.135802,89.393004
150,20,12,4,1,196.608,0.08,48,3000,1.6666666666666667,AOMDV,AOMDV,0.47634411895556245,0.2667101408487984,0.9,90.246914,78.587963,90.648148
150,20,12,4,2,196.608,0.08,48,3000,1.6666666666666667,AOMDV,AODV,0.5742214682167435,0.27795002265706253,0.8438569404134648,88.256173,68.611111,84.845679
150,20,12,4,3,196.608,0.08,48,3000,1.6666666666666667,AOMDV,AODV,0.483320903230154,0.2742655598570518,0.8623654759615523,87.237654,68.425926,84.41358
150,20,12,4,4,196.608,0.08,48,3000,1.6666666666666667,AOMDV,AODV,0.44999999999999996,0.3861860889260472,0.8085583600448739,89.884259,66.682099,87.137346
150,20,12,4,5,196.608,0.08,48,3000,1.6666666666666667,AOMDV,AODV,0.572368872112972,0.2850534660205706,0.8223109876914017,93.395062,73.595679,89.976852
150,20,12,5,1,245.76,0.08,60,3000,1.6666666666666667,AOMDV,AODV,0.6210847193280401,0.25649530490806893,0.8694881922879238,91.259259,77.148148,90.302469
150,20,12,5,2,245.76,0.08,60,3000,1.6666666666666667,AOMDV,AODV,0.44999999999999996,0.5047330296870366,0.6383724816893404,83.179012,72.234568,81.135802
150,20,12,5,3,245.76,0.08,60,3000,1.6666666666666667,AOMDV,AOMDV,0.4055456609143576,0.43680038001751054,0.9596531086560467,79.734568,64.135802,81.444444
150,20,12,5,4,245.76,0.08,60,3000,1.6666666666666667,AOMDV,AOMDV,0.3581512943768634,0.4535383215533869,0.8754609834681351,82.117284,67.049383,85.981481
150,20,12,5,5,245.76,0.08,60,3000,1.6666666666666667,AOMDV,AODV,0.4968119320559839,0.29805478879529557,0.8122003343188717,93.925926,67.919753,88.851852
150,20,12,6,1,294.912,0.08,72,3000,1.6666666666666667,AOMDV,AOMDV,0.4502612221780089,0.24585945462032616,0.9314328010747683,83.425926,65.339506,86.538066
150,20,12,6,2,294.912,0.08,72,3000,1.6666666666666667,AOMDV,AOMDV,0.6880439718193947,0.35,0.6904653464753289,76.86214,62.062757,77.247942
150,20,12,6,3,294.912,0.08,72,3000,1.6666666666666667,AOMDV,AOMDV,0.3434749743711861,0.55,0.7947407416317496,72.309671,59.372428,76.322016
150,20,12,6,4,294.912,0.08,72,3000,1.6666666666666667,AOMDV,AOMDV,0.3428141892382218,0.4376964872994483,0.8799254894354044,70.684156,56.995885,74.963992
150,20,12,6,5,294.912,0.08,72,3000,1.6666666666666667,AOMDV,AODV,0.44999999999999996,0.37465535602221567,0.820667079567583,87.690329,69.182099,86.363169
150,20,12,8,1,393.216,0.08,96,3000,1.6666666666666667,AOMDV,AOMDV,0.13886718865271316,0.2868117263380545,0.9670453444805236,64.463735,58.368056,78.121142
150,20,12,8,2,393.216,0.08,96,3000,1.6666666666666667,AOMDV,AOMDV,0.4287400953337974,0.52386492882478,0.6947063583739583,64.74537,52.685185,67.750772
150,20,12,8,3,393.216,0.08,96,3000,1.6666666666666667,AOMDV,AOMDV,0.31444059636305427,0.4822347428950162,0.7214772408609743,51.512346,48.298611,59.417438
150,20,12,8,4,393.216,0.08,96,3000,1.6666666666666667,AOMDV,AOMDV,0.6529929878471106,0.35,0.6776300907469016,58.4375,51.902006,61.747685
150,20,12,8,5,393.216,0.08,96,3000,1.6666666666666667,DSDV,AOMDV,0.5228423068558743,0.55,0.5071889451127068,77.565586,60.748457,78.06713
150,20,15,3,1,184.32,0.1,45,3000,1.3333333333333333,AOMDV,AODV,0.563276379213854,0.2153296833193447,0.8986141700906274,89.053498,70.345679,88.995885
150,20,15,3,2,184.32,0.1,45,3000,1.3333333333333333,AOMDV,AODV,0.44999999999999996,0.366011364553269,0.836766957893995,87.432099,69.687243,83.761317
150,20,15,3,3,184.32,0.1,45,3000,1.3333333333333333,AOMDV,AODV,0.44999999999999996,0.3853812747994314,0.7973211511952639,87.045267,65.769547,80.576132
150,20,15,3,4,184.32,0.1,45,3000,1.3333333333333333,AOMDV,AODV,0.44999999999999996,0.37656869171872553,0.8649478484609605,90.584362,69.325103,87.8107
150,20,15,3,5,184.32,0.1,45,3000,1.3333333333333333,AOMDV,AODV,0.5019814936490363,0.29388542244862004,0.8324550922512607,93.868313,73.251029,90.773663
150,20,15,5,1,307.2,0.1,75,3000,1.3333333333333333,AODV,AOMDV,0.7453079914219128,0.35,0.6929651960005078,76.864198,59.683951,78.325926
150,20,15,5,2,307.2,0.1,75,3000,1.3333333333333333,AODV,AOMDV,0.6540516031851515,0.55,0.4980463367543948,74.276543,56.009877,75.649383
150,20,15,5,3,307.2,0.1,75,3000,1.3333333333333333,AOMDV,AOMDV,0.0,0.5724096461696849,0.8878340273368518,57.422222,58.034568,69.718519
150,20,15,5,4,307.2,0.1,75,3000,1.3333333333333333,AOMDV,AOMDV,0.3961093065318869,0.35,0.7403217512546845,66.217284,53.649383,71.234568
150,20,15,5,5,307.2,0.1,75,3000,1.3333333333333333,AOMDV,AOMDV,0.48708255316689575,0.2825087981604525,0.9405617448318055,83.432099,64.94321,85.392593
150,20,15,6,1,368.64,0.1,90,3000,1.3333333333333333,AOMDV,AOMDV,0.556271054855694,0.35,0.6918658416503812,62.427984,53.341564,67.304527
150,20,15,6,2,368.64,0.1,90,3000,1.3333333333333333,AOMDV,AOMDV,0.27578545594222575,0.55,0.6347591801832367,58.27572,50.041152,64.534979
150,20,15,6,3,368.64,0.1,90,3000,1.3333333333333333,AOMDV,AOMDV,0.0,0.6544035521985238,0.6559197067861807,49.777778,52.683128,62.300412
150,20,15,6,4,368.64,0.1,90,3000,1.3333333333333333,AOMDV,AOMDV,0.5635647315563788,0.55,0.5887613881750148,56.526749,47.901235,58.168724
150,20,15,6,5,368.64,0.1,90,3000,1.3333333333333333,AOMDV,AOMDV,0.2994031371889031,0.40221463454903483,0.8792950129288621,70.106996,57.032922,76.683128
150,20,18,2,1,147.456,0.12,36,3000,1.1111111111111112,AOMDV,AODV,0.628093427584351,0.18438519726475133,0.7679723568185162,95.679012,75.58642,89.783951
150,20,18,2,2,147.456,0.12,36,3000,1.1111111111111112,AOMDV,AODV,0.5339896681629829,0.1953385040582336,0.759117914235548,92.685185,70.174897,85.63786
150,20,18,2,3,147.456,0.12,36,3000,1.1111111111111112,AOMDV,AODV,0.4756604945714706,0.2660354274673206,0.7475069253070189,92.088477,69.804527,84.537037
150,20,18,2,4,147.456,0.12,36,3000,1.1111111111111112,AOMDV,AODV,0.5021590226664499,0.37237499282000386,0.6512926774671404,96.8107,75.720165,85.154321
150,20,18,2,5,147.456,0.12,36,3000,1.1111111111111112,AOMDV,AODV,0.6415676497002916,0.1053750073226069,0.7763736282197693,97.150206,70.936214,89.94856
150,20,18,3,1,221.184,0.12,54,3000,1.1111111111111112,AOMDV,AODV,0.5944143528276071,0.1531510481781758,0.8755499916880177,88.772291,72.537723,87.030178
150,20,18,3,2,221.184,0.12,54,3000,1.1111111111111112,AOMDV,AODV,0.5639542853921469,0.35,0.8001998487991049,83.847737,65.63786,80.624143
150,20,18,3,3,221.184,0.12,54,3000,1.1111111111111112,AOMDV,AOMDV,0.40268513534706263,0.458928373444338,0.9541424625852357,80.164609,69.30727,81.440329
150,20,18,3,4,221.184,0.12,54,3000,1.1111111111111112,AOMDV,AODV,0.44999999999999996,0.5305514150678946,0.7977893828096723,87.613169,70.69273,83.058985
150,20,18,3,5,221.184,0.12,54,3000,1.1111111111111112,AOMDV,AODV,0.44999999999999996,0.3369526519697845,0.8969421020793535,90.322359,71.021948,89.485597
150,20,18,4,1,294.912,0.12,72,3000,1.1111111111111112,AOMDV,AOMDV,0.32024325403839066,0.28373463653687014,0.9518413268528272,76.707819,64.547325,82.042181
150,20,18,4,2,294.912,0.12,72,3000,1.1111111111111112,DSDV,AOMDV,0.5064840145067702,0.55,0.519907087951241,72.114198,59.41358,72.515432
150,20,18,4,3,294.912,0.12,72,3000,1.1111111111111112,AOMDV,AOMDV,0.23120037796019924,0.55,0.7575602401153823,66.064815,60.406379,71.419753
150,20,18,4,4,294.912,0.12,72,3000,1.1111111111111112,AOMDV,AOMDV,0.39039863462746843,0.55,0.6119205764329072,67.453704,57.042181,69.04321
150,20,18,4,5,294.912,0.12,72,3000,1.1111111111111112,AOMDV,AOMDV,0.39239606729846577,0.512234639143046,0.8434131097225682,81.239712,64.840535,83.647119
150,20,18,5,1,368.64,0.12,90,3000,1.1111111111111112,AOMDV,AOMDV,0.4121456309757192,0.55,0.6493760028179364,64.176955,57.55144,69.004115
150,20,18,5,2,368.64,0.12,90,3000,1.1111111111111112,AOMDV,AOMDV,0.54208035517785,0.35,0.6993391659163232,59.074074,48.041152,60.802469
150,20,18,5,3,368.64,0.12,90,3000,1.1111111111111112,AOMDV,AOMDV,0.2870808549530678,0.55,0.6081948322439327,55.790123,50.617284,62.156379
150,20,18,5,4,368.64,0.12,90,3000,1.1111111111111112,AOMDV,AOMDV,0.5124993892979564,0.55,0.5615988255678295,53.757202,47.91358,54.971193
150,20,18,5,5,368.64,0.12,90,3000,1.1111111111111112,AOMDV,AOMDV,0.3682586575054379,0.5445094743454482,0.8477867054060849,70.794239,58.242798,73.580247
150,20,18,6,1,442.368,0.12,108,3000,1.1111111111111112,AOMDV,AOMDV,0.6921076886516851,0.1,0.8001767226778407,59.749657,47.808642,65.233196
150,20,18,6,2,442.368,0.12,108,3000,1.1111111111111112,AODV,AOMDV,0.6234923267155268,0.55,0.4994669415155659,50.113169,42.572016,51.004801
150,20,18,6,3,442.368,0.12,108,3000,1.1111111111111112,DSDV,AOMDV,0.09057565625604178,0.780757427152161,0.595433689706038,43.600823,47.037037,50.301783
150,20,18,6,4,442.368,0.12,108,3000,1.1111111111111112,DSDV,AOMDV,0.046641691669863615,0.77195944657316,0.6642979086233051,40.209191,42.211934,44.269547
150,20,18,6,5,442.368,0.12,108,3000,1.1111111111111112,AODV,AOMDV,0.8015794668552316,0.35,0.669261567875453,61.570645,48.741427,61.947874
150,20,18,8,1,589.824,0.12,144,3000,1.1111111111111112,AODV,AODV,0.9,0.28263310427869626,0.324322390732321,49.660494,39.884259,45.105453
150,20,18,8,2,589.824,0.12,144,3000,1.1111111111111112,AODV,AODV,0.6831391572479054,0.636475472319026,0.03419251249492526,36.792695,34.511317,33.968621
150,20,18,8,3,589.824,0.12,144,3000,1.1111111111111112,AODV,AODV,0.7612339116344148,0.6296150621489067,0.03699017407263843,36.851852,36.30144,36.183128
150,20,18,8,4,589.824,0.12,144,3000,1.1111111111111112,DSDV,AOMDV,0.17926343604232642,0.8874278215369223,0.6894896707607708,31.190844,32.178498,32.397119
150,20,18,8,5,589.824,0.12,144,3000,1.1111111111111112,AODV,AODV,0.8497925812718438,0.35,0.6196909816180026,50.987654,39.385288,50.056584
150,20,20,3,1,245.76,0.13333333333333333,60,3000,1.0,AOMDV,AOMDV,0.4580306718502189,0.2953287441049862,0.9442026760555035,85.277778,72.808642,86.320988
150,20,20,3,2,245.76,0.13333333333333333,60,3000,1.0,AOMDV,AOMDV,0.42735607707502843,0.36440159362507396,0.9247051851040626,76.839506,63.092593,77.567901
150,20,20,3,3,245.76,0.13333333333333333,60,3000,1.0,AOMDV,AOMDV,0.11274511565442577,0.5276699578436674,0.9342023263117673,68.018519,65.179012,76.512346
150,20,20,3,4,245.76,0.13333333333333333,60,3000,1.0,AOMDV,AOMDV,0.34891303186419054,0.4987636777953999,0.9403859455076572,73.87037,63.302469,76.932099
150,20,20,3,5,245.76,0.13333333333333333,60,3000,1.0,AOMDV,AOMDV,0.44789648891905265,0.3191476950497938,0.9399913221284396,87.567901,69.166667,87.654321
150,20,20,5,1,409.6,0.13333333333333333,100,3000,1.0,AODV,AOMDV,0.783801811957685,0.430535053552374,0.4976472886320605,62.955556,53.577778,65.022222
150,20,20,5,2,409.6,0.13333333333333333,100,3000,1.0,AODV,AODV,0.5990753373374991,0.55,0.4213973790968397,52.47037,46.222222,51.0
150,20,20,5,3,409.6,0.13333333333333333,100,3000,1.0,DSDV,AOMDV,0.10036909475864483,0.7588440935363623,0.6137858412517357,45.318519,47.281481,49.548148
150,20,20,5,4,409.6,0.13333333333333333,100,3000,1.0,AODV,AODV,0.6743764123731628,0.6438722690031123,0.035078561664150985,45.6,43.351852,42.759259
150,20,20,5,5,409.6,0.13333333333333333,100,3000,1.0,AOMDV,AOMDV,0.22051170580209867,0.49133519769109124,0.7303131702745443,59.348148,50.977778,68.059259
150,20,20,6,1,491.52,0.13333333333333333,120,3000,1.0,AODV,AODV,0.8998617455864223,0.35,0.5478124441205301,56.731481,47.574074,55.787037
150,20,20,6,2,491.52,0.13333333333333333,120,3000,1.0,AODV,AODV,0.6945734011692117,0.55,0.08655140431129572,42.648148,39.259259,39.626543
150,20,20,6,3,491.52,0.13333333333333333,120,3000,1.0,DSDV,DSDV,0.16178429697531913,1.0,0.32078573820800804,39.895062,40.32716,40.157407
150,20,20,6,4,491.52,0.13333333333333333,120,3000,1.0,AOMDV,AOMDV,0.28908054137269656,0.55,0.6657539143881407,35.388889,35.166667,35.746914
150,20,20,6,5,491.52,0.13333333333333333,120,3000,1.0,AODV,AODV,0.9,0.32717262254399215,0.5241935115724209,57.669753,48.564815,56.623457
150,20,22,2,1,180.224,0.14666666666666667,44,3000,0.9090909090909091,AOMDV,AODV,0.5906017537409802,0.2016820802734553,0.7809339130160584,92.87037,77.786195,88.653199
150,20,22,2,2,180.224,0.14666666666666667,44,3000,0.9090909090909091,AOMDV,AODV,0.57970692672938,0.18899752916159698,0.7849885902528805,89.646465,71.986532,84.402357
150,20,22,2,3,180.224,0.14666666666666667,44,3000,0.9090909090909091,AOMDV,AODV,0.5747822196928517,0.22639388490500728,0.7484337614335667,88.526936,70.420875,82.020202
150,20,22,2,4,180.224,0.14666666666666667,44,3000,0.9090909090909091,AOMDV,AODV,0.44999999999999996,0.42477219757259,0.8563297063888001,87.491582,69.191919,84.309764
150,20,22,2,5,180.224,0.14666666666666667,44,3000,0.9090909090909091,AOMDV,AODV,0.5641010625031562,0.24452655199999995,0.7370149264377372,95.496633,78.577441,89.368687
150,20,22,3,1,270.336,0.14666666666666667,66,3000,0.9090909090909091,AOMDV,AOMDV,0.38742139511135576,0.21732998704120937,0.9553749706694525,81.200898,67.772166,85.364759
150,20,22,3,2,270.336,0.14666666666666667,66,3000,0.9090909090909091,AOMDV,AOMDV,0.20387321941246944,0.49892813227148436,0.8929839036005836,70.43771,65.022447,76.975309
150,20,22,3,3,270.336,0.14666666666666667,66,3000,0.9090909090909091,AOMDV,AOMDV,0.22692828427025935,0.55,0.8684311912814542,66.835017,60.561167,73.002245
150,20,22,3,4,270.336,0.14666666666666667,66,3000,0.9090909090909091,AOMDV,AOMDV,0.08552133338743008,0.55,0.7966354501881769,60.976431,58.72615,70.566779
150,20,22,3,5,270.336,0.14666666666666667,66,3000,0.9090909090909091,AOMDV,AOMDV,0.35196254248486614,0.3872978850553974,0.9482805726576994,83.484848,71.296296,86.87991
150,20,22,4,1,360.448,0.14666666666666667,88,3000,0.9090909090909091,AODV,AOMDV,0.5830467844002514,0.55,0.5003714108695352,70.576599,61.982323,73.4133
150,20,22,4,2,360.448,0.14666666666666667,88,3000,0.9090909090909091,AOMDV,AOMDV,0.10479455490594874,0.55,0.6186861042658884,56.393098,54.962121,61.106902
150,20,22,4,3,360.448,0.14666666666666667,88,3000,0.9090909090909091,AODV,AOMDV,0.6212189508985013,0.55,0.49544737043837034,55.13468,49.920034,55.185185
150,20,22,4,4,360.448,0.14666666666666667,88,3000,0.9090909090909091,DSDV,AOMDV,0.11838448644517847,0.9770291102109502,0.57070668379257,42.243266,50.06734,50.488215
150,20,22,4,5,360.448,0.14666666666666667,88,3000,0.9090909090909091,AOMDV,AOMDV,0.21712278198510943,0.46736332192914776,0.8371558290245107,65.643939,57.407407,74.478114
150,20,22,5,1,450.56,0.14666666666666667,110,3000,0.9090909090909091,AOMDV,AOMDV,0.27072651376585616,0.35,0.7113527486779064,54.225589,52.279461,64.390572
150,20,22,5,2,450.56,0.14666666666666667,110,3000,0.9090909090909091,DSDV,AOMDV,0.1347603568562361,0.5824386956053195,0.501713312473979,44.255892,44.572391,48.646465
150,20,22,5,3,450.56,0.14666666666666667,110,3000,0.9090909090909091,DSDV,AOMDV,0.16579801514547451,0.9600845020515397,0.547409700833137,37.0,42.811448,43.377104
150,20,22,5,4,450.56,0.14666666666666667,110,3000,0.9090909090909091,DSDV,AOMDV,0.14137439290814877,0.8928722350653427,0.7188043164143748,28.767677,38.154882,39.754209
150,20,22,5,5,450.56,0.14666666666666667,110,3000,0.9090909090909091,AOMDV,AOMDV,0.5260952904179454,0.41308676892346585,0.6980418752532443,59.087542,49.380471,61.252525
150,20,22,6,1,540.672,0.14666666666666667,132,3000,0.9090909090909091,DSDV,AOMDV,0.34512934337367895,0.7817840355614302,0.496433093658168,45.249719,45.824916,46.366442
150,20,22,6,2,540.672,0.14666666666666667,132,3000,0.9090909090909091,AODV,AODV,0.9,0.5142317789872868,0.1351532707830635,42.685185,37.283951,38.571829
150,20,22,6,3,540.672,0.14666666666666667,132,3000,0.9090909090909091,DSDV,DSDV,0.218609634786462,1.0,0.2062108983566157,32.645903,36.113917,33.849607
150,20,22,6,4,540.672,0.14666666666666667,132,3000,0.9090909090909091,DSDV,DSDV,0.2432937693991323,1.0,0.5476058013057694,27.578563,32.948934,31.624579
150,20,22,6,5,540.672,0.14666666666666667,132,3000,0.9090909090909091,AODV,AODV,0.886983070331408,0.35,0.3853166830567956,52.065095,46.770483,50.056117
150,20,22,8,1,720.896,0.14666666666666667,176,3000,0.9090909090909091,AODV,AODV,0.9,0.5131102806870848,0.026788260251142584,37.7883,35.073653,34.147727
150,20,22,8,2,720.896,0.14666666666666667,176,3000,0.9090909090909091,DSDV,AODV,0.8661774357394199,0.8715810568099048,0.016212405958984395,31.289983,29.903199,26.361532
150,20,22,8,3,720.896,0.14666666666666667,176,3000,0.9090909090909091,AODV,AODV,0.9,0.6434427583960008,0.016920400118497735,28.486953,27.596801,24.276094
150,20,22,8,4,720.896,0.14666666666666667,176,3000,0.9090909090909091,DSDV,DSDV,0.22472106742362843,0.9468714020864485,0.4390748973286041,20.719697,27.632576,23.611111
150,20,22,8,5,720.896,0.14666666666666667,176,3000,0.9090909090909091,AOMDV,AOMDV,0.6555290407070254,0.2341056103043184,0.6902310725373749,35.380892,33.640572,36.921296
150,20,25,3,1,307.2,0.16666666666666666,75,3000,0.8,AOMDV,AOMDV,0.21364540990879022,0.46550028966301626,0.9268862567407462,71.585185,64.523457,79.397531
150,20,25,3,2,307.2,0.16666666666666666,75,3000,0.8,AOMDV,AOMDV,0.23823530905587037,0.55,0.8024832583691979,68.523457,64.745679,71.881481
150,20,25,3,3,307.2,0.16666666666666666,75,3000,0.8,DSDV,AOMDV,0.4332641397061593,0.55,0.535608432780139,60.014815,52.632099,61.308642
150,20,25,3,4,307.2,0.16666666666666666,75,3000,0.8,DSDV,AOMDV,0.0,0.7832109010537246,0.7717258211945941,44.296296,55.096296,65.135802
150,20,25,3,5,307.2,0.16666666666666666,75,3000,0.8,AOMDV,AOMDV,0.24790523788029614,0.4829241177037149,0.9226306941596352,73.041975,66.093827,78.706173
150,20,25,5,1,512.0,0.16666666666666666,125,3000,0.8,DSDV,AOMDV,0.19706652252787318,0.8213351022128814,0.5172682890437121,45.582222,47.62963,48.977778
150,20,25,5,2,512.0,0.16666666666666666,125,3000,0.8,AODV,AODV,0.9,0.5906565908509074,0.02533061676591032,43.887407,41.86963,40.020741
150,20,25,5,3,512.0,0.16666666666666666,125,3000,0.8,DSDV,DSDV,0.17476274814295295,1.0,0.23359436406012707,34.044444,40.580741,36.725926
150,20,25,5,4,512.0,0.16666666666666666,125,3000,0.8,DSDV,DSDV,0.1860627244915416,1.0,0.35652523947126447,27.605926,37.537778,33.268148
150,20,25,5,5,512.0,0.16666666666666666,125,3000,0.8,AODV,AODV,0.7550037550773154,0.55,0.44022764139288073,49.718519,45.167407,49.217778
150,20,25,6,1,614.4,0.16666666666666666,150,3000,0.8,DSDV,DSDV,0.6067118474246973,0.9792638199947226,0.03627106438351609,40.101235,41.676543,38.775309
150,20,25,6,2,614.4,0.16666666666666666,150,3000,0.8,AOMDV,AOMDV,0.642450256657202,0.26622470116260954,0.665468871430818,33.948148,32.780247,35.511111
150,20,25,6,3,614.4,0.16666666666666666,150,3000,0.8,DSDV,DSDV,0.7877570571682304,0.8696898487736382,0.024893145986707388,32.051852,33.009877,27.888889
150,20,25,6,4,614.4,0.16666666666666666,150,3000,0.8,DSDV,DSDV,0.258632855236246,1.0,0.03798912665041357,24.22963,32.992593,24.017284
150,20,25,6,5,614.4,0.16666666666666666,150,3000,0.8,AODV,AOMDV,0.8111482556813134,0.28701583865339525,0.5460533431616265,40.797531,37.535802,41.6
150,30,5,3,1,61.44,0.03333333333333333,15,4500,6.0,AOMDV,AODV,0.5499999999999999,0.48241672084994763,0.5777602515097136,94.691358,79.037037,83.481481
150,30,5,3,2,61.44,0.03333333333333333,15,4500,6.0,AODV,AODV,0.7109884394972416,0.5071287456332656,0.5670984547529124,93.654321,65.061728,85.209877
150,30,5,3,3,61.44,0.03333333333333333,15,4500,6.0,AOMDV,AODV,0.549604460387876,0.5353218021484161,0.6728418713220156,95.111111,72.54321,83.753086
150,30,5,3,4,61.44,0.03333333333333333,15,4500,6.0,AOMDV,AODV,0.7034499057701051,0.27765484568957355,0.7042630011717144,95.975309,78.888889,88.54321
150,30,5,3,5,61.44,0.03333333333333333,15,4500,6.0,AOMDV,AODV,0.6039897082373186,0.29271339519206824,0.685609030988828,93.037037,67.901235,81.061728
150,30,5,5,1,102.4,0.03333333333333333,25,4500,6.0,AOMDV,AODV,0.5499999999999999,0.3943663940379933,0.6414386600778491,93.911111,77.125926,84.266667
150,30,5,5,2,102.4,0.03333333333333333,25,4500,6.0,AOMDV,AODV,0.5499999999999999,0.26550044432582437,0.7751530881095849,95.777778,64.325926,87.051852
150,30,5,5,3,102.4,0.03333333333333333,25,4500,6.0,AODV,AODV,0.8187683808737465,0.06426241485788796,0.7179147691584353,97.822222,62.014815,83.333333
150,30,5,5,4,102.4,0.03333333333333333,25,4500,6.0,AODV,AODV,0.5499999999999999,0.5416865735098506,0.47803757284680753,96.607407,78.637037,87.185185
150,30,5,5,5,102.4,0.03333333333333333,25,4500,6.0,AOMDV,AODV,0.5499999999999999,0.28416054529194334,0.7990105270021994,94.637037,59.451852,86.740741
150,30,5,6,1,122.88,0.03333333333333333,30,4500,6.0,AOMDV,AODV,0.5499999999999999,0.4266875290112008,0.6343839659651692,91.753086,78.82716,84.123457
150,30,5,6,2,122.88,0.03333333333333333,30,4500,6.0,AOMDV,AODV,0.5499999999999999,0.5211747917666297,0.7226248750874644,91.962963,66.333333,84.493827
150,30,5,6,3,122.88,0.03333333333333333,30,4500,6.0,AOMDV,AODV,0.6677768396456132,0.24225956172795218,0.7747220860524072,93.37037,67.82716,86.259259
150,30,5,6,4,122.88,0.03333333333333333,30,4500,6.0,AOMDV,AODV,0.5499999999999999,0.3563479304722958,0.788455413209062,94.259259,71.0,88.493827
150,30,5,6,5,122.88,0.03333333333333333,30,4500,6.0,AOMDV,AODV,0.6681208497497741,0.22014603162582166,0.8151068591527152,89.135802,55.62963,82.814815
150,30,7,2,1,57.344,0.04666666666666667,14,4500,4.285714285714286,AOMDV,AODV,0.5501125905674976,0.30911792946840627,0.5826235134297881,94.94709,79.417989,83.994709
150,30,7,2,2,57.344,0.04666666666666667,14,4500,4.285714285714286,AODV,AODV,0.8615243634735542,0.1,0.7694042499535689,90.449735,59.365079,81.428571
150,30,7,2,3,57.344,0.04666666666666667,14,4500,4.285714285714286,AOMDV,AODV,0.6241681084147197,0.1987726062230007,0.691554402339918,93.597884,68.068783,81.772487
150,30,7,2,4,57.344,0.04666666666666667,14,4500,4.285714285714286,AOMDV,AODV,0.6684879544313865,0.31771497606394483,0.7456310497171895,93.862434,77.513228,88.253968
150,30,7,2,5,57.344,0.04666666666666667,14,4500,4.285714285714286,AOMDV,AODV,0.6802962779324587,0.24003752251009156,0.7225888269501249,93.862434,78.227513,87.698413
150,30,7,3,1,86.016,0.04666666666666667,21,4500,4.285714285714286,AOMDV,AODV,0.533242516011025,0.4487978443312429,0.6442587219480265,91.922399,79.78836,85.026455
150,30,7,3,2,86.016,0.04666666666666667,21,4500,4.285714285714286,AOMDV,AODV,0.5350264681932521,0.41822911662191076,0.7142479529226062,96.59612,59.89418,81.446208
150,30,7,3,3,86.016,0.04666666666666667,21,4500,4.285714285714286,AOMDV,AODV,0.6255685201020931,0.27218519383849504,0.7541046946034784,95.643739,65.996473,86.031746
150,30,7,3,4,86.016,0.04666666666666667,21,4500,4.285714285714286,AOMDV,AODV,0.6132992895235031,0.29714842416561305,0.7282157563571521,95.961199,78.959436,89.470899
150,30,7,3,5,86.016,0.04666666666666667,21,4500,4.285714285714286,AODV,AODV,0.8073394656182715,0.08256963759212875,0.7420105037118709,95.643739,72.134039,87.389771
150,30,7,4,1,114.688,0.04666666666666667,28,4500,4.285714285714286,AOMDV,AOMDV,0.4736765618492288,0.5142669407115638,0.9,85.357143,78.544974,86.203704
150,30,7,4,2,114.688,0.04666666666666667,28,4500,4.285714285714286,AOMDV,AODV,0.5317372493367063,0.35666980773770784,0.7287913868787201,95.410053,55.462963,80.21164
150,30,7,4,3,114.688,0.04666666666666667,28,4500,4.285714285714286,AOMDV,AODV,0.6604182927047454,0.266648898991966,0.7088477314979728,94.642857,65.714286,82.354497
150,30,7,4,4,114.688,0.04666666666666667,28,4500,4.285714285714286,AOMDV,AODV,0.5943123310795344,0.27512392045757195,0.8136986289672248,94.351852,69.246032,89.537037
150,30,7,4,5,114.688,0.04666666666666667,28,4500,4.285714285714286,AOMDV,AODV,0.6550053431122645,0.23233546777229674,0.836299030890317,91.560847,68.293651,88.267196
150,30,7,5,1,143.36,0.04666666666666667,35,4500,4.285714285714286,AOMDV,AODV,0.6164287669135649,0.32352325059997844,0.6818535344442149,91.798942,75.470899,83.883598
150,30,7,5,2,143.36,0.04666666666666667,35,4500,4.285714285714286,AOMDV,AODV,0.6051807133516834,0.3118433659794677,0.7702777792641923,90.772487,56.486772,80.888889
150,30,7,5,3,143.36,0.04666666666666667,35,4500,4.285714285714286,AOMDV,AODV,0.573328519526543,0.13532758198397304,0.7924823200084992,89.037037,60.603175,82.243386
150,30,7,5,4,143.36,0.04666666666666667,35,4500,4.285714285714286,AOMDV,AOMDV,0.6318679722153819,0.30823259318226226,0.9,89.724868,74.497354,90.095238
150,30,7,5,5,143.36,0.04666666666666667,35,4500,4.285714285714286,AOMDV,AODV,0.5992009353194654,0.2651657986321877,0.7539809670629893,95.873016,74.740741,89.015873
150,30,7,6,1,172.032,0.04666666666666667,42,4500,4.285714285714286,AOMDV,AODV,0.6709096583582134,0.28429083699346064,0.7969090926947513,89.312169,67.486772,84.312169
150,30,7,6,2,172.032,0.04666666666666667,42,4500,4.285714285714286,AOMDV,AODV,0.47678263724183023,0.3962713695548822,0.7851962464714066,86.049383,55.044092,78.13933
150,30,7,6,3,172.032,0.04666666666666667,42,4500,4.285714285714286,AOMDV,AODV,0.53707843034089,0.1681233294227884,0.875531597018957,83.45679,58.72134,81.75485
150,30,7,6,4,172.032,0.04666666666666667,42,4500,4.285714285714286,AOMDV,AODV,0.7069716921314979,0.1522436304718896,0.7966235415717179,94.761905,66.816578,88.342152
150,30,7,6,5,172.032,0.04666666666666667,42,4500,4.285714285714286,AOMDV,AODV,0.6427623735293708,0.23606898457422595,0.896283660429745,89.991182,65.432099,89.78836
150,30,7,8,1,229.376,0.04666666666666667,56,4500,4.285714285714286,AOMDV,AODV,0.6896320581110109,0.35,0.807437653699794,83.75,64.232804,82.44709
150,30,7,8,2,229.376,0.04666666666666667,56,4500,4.285714285714286,AOMDV,AODV,0.5194983251819337,0.29364521268273347,0.6980936044754366,84.007937,47.407407,67.585979
150,30,7,8,3,229.376,0.04666666666666667,56,4500,4.285714285714286,AOMDV,AODV,0.602594849788103,0.21405148498945878,0.7588869608190965,85.674603,58.994709,77.308201
150,30,7,8,4,229.376,0.04666666666666667,56,4500,4.285714285714286,AOMDV,AODV,0.7225049237953862,0.22206914495100988,0.8144441504899349,91.527778,66.481481,86.765873
150,30,7,8,5,229.376,0.04666666666666667,56,4500,4.285714285714286,AOMDV,AODV,0.5077168227865936,0.1,0.8806404937522597,87.890212,62.797619,86.527778
150,30,10,3,1,122.88,0.06666666666666667,30,4500,3.0,AOMDV,AODV,0.6597780866985608,0.31432809175741827,0.818812643791286,91.54321,75.530864,88.654321
150,30,10,3,2,122.88,0.06666666666666667,30,4500,3.0,AOMDV,AODV,0.6299684006781932,0.290451749214095,0.7713693604982498,93.234568,53.024691,81.740741
150,30,10,3,3,122.88,0.06666666666666667,30,4500,3.0,AOMDV,AODV,0.5319546843497013,0.27686852554670627,0.7194306369769299,95.123457,67.802469,84.160494
150,30,10,3,4,122.88,0.06666666666666667,30,4500,3.0,AODV,AODV,0.7274993263664447,0.35768086532846577,0.4989730387106118,96.864198,77.62963,88.271605
150,30,10,3,5,122.88,0.06666666666666667,30,4500,3.0,AOMDV,AODV,0.6936961703799003,0.2191994463199587,0.7541066259613833,94.864198,77.728395,89.308642
150,30,10,5,1,204.8,0.06666666666666667,50,4500,3.0,AOMDV,AODV,0.5241384707761853,0.4232833150910833,0.7849451842879265,91.903704,72.985185,87.066667
150,30,10,5,2,204.8,0.06666666666666667,50,4500,3.0,AOMDV,AODV,0.44999999999999996,0.46325089747711357,0.848011043661761,82.074074,54.607407,76.762963
150,30,10,5,3,204.8,0.06666666666666667,50,4500,3.0,AOMDV,AODV,0.44999999999999996,0.3340717830755324,0.8352710461888294,89.274074,64.503704,85.622222
150,30,10,5,4,204.8,0.06666666666666667,50,4500,3.0,AOMDV,AODV,0.7166566092535301,0.24964550612896227,0.8257662327451858,92.37037,67.718519,88.303704
150,30,10,5,5,204.8,0.06666666666666667,50,4500,3.0,AOMDV,AODV,0.47924651546084246,0.22779331658442495,0.808174357071324,93.925926,63.251852,87.666667
150,30,10,6,1,245.76,0.06666666666666667,60,4500,3.0,AOMDV,AOMDV,0.5534987179184504,0.3255817791066424,0.9,84.962963,72.259259,85.290123
150,30,10,6,2,245.76,0.06666666666666667,60,4500,3.0,AOMDV,AODV,0.65,0.35,0.8664971887789235,76.895062,48.87037,74.234568
150,30,10,6,3,245.76,0.06666666666666667,60,4500,3.0,AOMDV,AODV,0.5877517147987972,0.3312262167985417,0.9091968336716181,84.5,61.925926,83.41358
150,30,10,6,4,245.76,0.06666666666666667,60,4500,3.0,AOMDV,AOMDV,0.6550550480254478,0.16237827841191227,0.9,84.444444,62.253086,85.932099
150,30,10,6,5,245.76,0.06666666666666667,60,4500,3.0,AOMDV,AODV,0.6227395794825206,0.1359673680046095,0.820541760601923,91.993827,67.382716,87.648148
150,30,12,2,1,98.304,0.08,24,4500,2.5,AOMDV,AODV,0.5433770034373635,0.3022047339676146,0.6448744783845468,95.910494,81.157407,87.546296
150,30,12,2,2,98.304,0.08,24,4500,2.5,AODV,AODV,0.7812473065226446,0.1,0.7160841373862271,95.694444,59.506173,80.95679
150,30,12,2,3,98.304,0.08,24,4500,2.5,AOMDV,AODV,0.6669844109940172,0.18510517544344868,0.7076777546021301,94.552469,74.151235,85.833333
150,30,12,2,4,98.304,0.08,24,4500,2.5,AOMDV,AODV,0.6100602312661871,0.26629311515028997,0.7000884979406976,94.876543,77.438272,87.12963
150,30,12,2,5,98.304,0.08,24,4500,2.5,AODV,AODV,0.8889185333947428,0.1,0.7121415033351803,97.716049,73.503086,87.608025
150,30,12,3,1,147.456,0.08,36,4500,2.5,AOMDV,AODV,0.5154546909761528,0.4347309988911118,0.7666224773658448,94.04321,74.639918,88.292181
150,30,12,3,2,147.456,0.08,36,4500,2.5,AOMDV,AODV,0.6909755483554697,0.1,0.722576179479183,92.829218,59.403292,79.650206
150,30,12,3,3,147.456,0.08,36,4500,2.5,AOMDV,AODV,0.6464992351361093,0.23907677088397192,0.7467721511254821,93.127572,68.744856,84.825103
150,30,12,3,4,147.456,0.08,36,4500,2.5,AOMDV,AODV,0.6250509689967497,0.12829244625956399,0.7746855908381217,96.769547,68.13786,88.796296
150,30,12,3,5,147.456,0.08,36,4500,2.5,AODV,AODV,0.8364550944764143,0.1,0.784757933601709,94.403292,63.590535,86.512346
150,30,12,4,1,196.608,0.08,48,4500,2.5,AOMDV,AODV,0.4992559147011703,0.36473252694310676,0.8190465857659164,90.393519,72.507716,87.175926
150,30,12,4,2,196.608,0.08,48,4500,2.5,AOMDV,AODV,0.5311164718930538,0.2409002971976923,0.9196057535324389,81.83642,53.45679,80.046296
150,30,12,4,3,196.608,0.08,48,4500,2.5,AOMDV,AODV,0.5206787955486039,0.2768332133594944,0.868584641288804,86.257716,63.395062,84.089506
150,30,12,4,4,196.608,0.08,48,4500,2.5,AOMDV,AODV,0.5904360902187493,0.259205946541487,0.8452685419526345,90.70216,63.549383,87.399691
150,30,12,4,5,196.608,0.08,48,4500,2.5,AOMDV,AODV,0.6641162427104328,0.1,0.7898548626933621,93.719136,66.072531,86.95216
150,30,12,5,1,245.76,0.08,60,4500,2.5,AOMDV,AODV,0.4632602632603471,0.3952963162962051,0.8170010522728427,89.95679,72.419753,86.722222
150,30,12,5,2,245.76,0.08,60,4500,2.5,AOMDV,AOMDV,0.4592663029891476,0.35,0.90921345779527,75.37037,52.530864,75.765432
150,30,12,5,3,245.76,0.08,60,4500,2.5,DSDV,AODV,0.44999999999999996,0.55,0.4131375964101153,84.790123,65.209877,78.024691
150,30,12,5,4,245.76,0.08,60,4500,2.5,AOMDV,AODV,0.6017614938766088,0.24491540642894474,0.8805585872214348,85.932099,57.641975,84.709877
150,30,12,5,5,245.76,0.08,60,4500,2.5,AOMDV,AODV,0.5875403204267587,0.1,0.8723445939248209,88.037037,58.185185,83.648148
150,30,12,6,1,294.912,0.08,72,4500,2.5,AOMDV,AOMDV,0.39393263139986967,0.55,0.8242146496710252,83.935185,72.839506,85.514403
150,30,12,6,2,294.912,0.08,72,4500,2.5,AOMDV,AOMDV,0.42046633127113114,0.4397007469593258,0.7501107985122508,68.369342,48.888889,69.737654
150,30,12,6,3,294.912,0.08,72,4500,2.5,AOMDV,AODV,0.5741497397122055,0.3564885939057125,0.6269719749482874,78.811728,58.729424,76.028807
150,30,12,6,4,294.912,0.08,72,4500,2.5,AOMDV,AOMDV,0.6427920175983772,0.35,0.8327612506496896,77.433128,56.893004,77.76749
150,30,12,6,5,294.912,0.08,72,4500,2.5,AOMDV,AOMDV,0.5204339846130935,0.22820651105654308,0.9510922241404355,81.784979,55.504115,83.11214
150,30,12,8,1,393.216,0.08,96,4500,2.5,AOMDV,AOMDV,0.33124243619231575,0.35989492868836004,0.7270598279048434,73.18287,63.78858,76.550926
150,30,12,8,2,393.216,0.08,96,4500,2.5,AOMDV,AOMDV,0.529984074947218,0.55,0.6504781769109694,54.178241,42.337963,55.212191
150,30,12,8,3,393.216,0.08,96,4500,2.5,AODV,AODV,0.8061993568886495,0.35,0.5781857472104991,67.314815,53.719136,66.350309
150,30,12,8,4,393.216,0.08,96,4500,2.5,AODV,AODV,0.9,0.2872010536583279,0.4389499371059489,67.341821,47.727623,64.205247
150,30,12,8,5,393.216,0.08,96,4500,2.5,AOMDV,AOMDV,0.2977024749587954,0.4193803810289627,0.9168637307622634,66.057099,53.892747,72.280093
150,30,15,3,1,184.32,0.1,45,4500,2.0,AOMDV,AODV,0.47302295039048226,0.29055007717558834,0.7932628059490934,90.699588,68.526749,85.440329
150,30,15,3,2,184.32,0.1,45,4500,2.0,AOMDV,AODV,0.5953300202902945,0.14572334303727236,0.8122094899850354,86.864198,53.695473,77.99177
150,30,15,3,3,184.32,0.1,45,4500,2.0,AOMDV,AODV,0.5388575651749439,0.23297932712018804,0.8043494189021594,88.592593,63.382716,82.00823
150,30,15,3,4,184.32,0.1,45,4500,2.0,AOMDV,AODV,0.5238051988417933,0.25883382633927066,0.8158459229202734,91.934156,64.691358,86.839506
150,30,15,3,5,184.32,0.1,45,4500,2.0,AOMDV,AODV,0.4590229141986766,0.244700574949558,0.9332033497241737,87.958848,59.506173,87.63786
150,30,15,5,1,307.2,0.1,75,4500,2.0,AOMDV,AODV,0.49669157212052295,0.35,0.7424524533104658,79.224691,60.760494,77.17037
150,30,15,5,2,307.2,0.1,75,4500,2.0,DSDV,AODV,0.4780729441202042,0.55,0.4688951705263212,64.701235,51.797531,63.723457
150,30,15,5,3,307.2,0.1,75,4500,2.0,AODV,AODV,0.6028743384058791,0.55,0.41929727520797905,75.77284,55.204938,72.859259
150,30,15,5,4,307.2,0.1,75,4500,2.0,AOMDV,AOMDV,0.2756540030466158,0.3510144387780403,0.967160456845336,72.883951,57.041975,82.903704
150,30,15,5,5,307.2,0.1,75,4500,2.0,AOMDV,AOMDV,0.3002637409809515,0.3729305562320875,0.961240893274396,70.212346,55.219753,77.688889
150,30,15,6,1,368.64,0.1,90,4500,2.0,AODV,AOMDV,0.84614004513397,0.31194016859672996,0.6681933732834626,70.465021,58.358025,72.111111
150,30,15,6,2,368.64,0.1,90,4500,2.0,AODV,AODV,0.8373710293448556,0.35,0.3709916018236559,56.08642,42.358025,51.399177
150,30,15,6,3,368.64,0.1,90,4500,2.0,AODV,AOMDV,0.7039714268685587,0.35,0.6962534666410565,64.176955,49.098765,65.304527
150,30,15,6,4,368.64,0.1,90,4500,2.0,AODV,AOMDV,0.8625165207796764,0.269474027757072,0.6288427215095468,70.802469,53.683128,72.358025
150,30,15,6,5,368.64,0.1,90,4500,2.0,AOMDV,AOMDV,0.4398277472943948,0.26619139080313253,0.9672896697413073,67.711934,49.82716,70.090535
150,30,18,2,1,147.456,0.12,36,4500,1.6666666666666667,AOMDV,AODV,0.6566122502724822,0.19662657100831987,0.7538694996201164,93.251029,72.911523,86.646091
150,30,18,2,2,147.456,0.12,36,4500,1.6666666666666667,AOMDV,AODV,0.6793567119237037,0.1,0.7411846599291498,93.45679,60.195473,81.718107
150,30,18,2,3,147.456,0.12,36,4500,1.6666666666666667,AOMDV,AODV,0.5491199558191672,0.25459654587023695,0.7727688731078308,91.193416,64.917695,83.158436
150,30,18,2,4,147.456,0.12,36,4500,1.6666666666666667,AOMDV,AODV,0.6772554140932052,0.11387863444045612,0.7702188961743617,93.436214,66.646091,85.709877
150,30,18,2,5,147.456,0.12,36,4500,1.6666666666666667,AOMDV,AODV,0.6490869107626439,0.1,0.7804321193810433,95.26749,61.697531,86.347737
150,30,18,3,1,221.184,0.12,54,4500,1.6666666666666667,AOMDV,AODV,0.44999999999999996,0.46693067565075275,0.862909797266058,88.319616,65.068587,85.891632
150,30,18,3,2,221.184,0.12,54,4500,1.6666666666666667,AOMDV,AOMDV,0.3996229729702706,0.42713076336992484,0.9640835406719158,76.097394,55.096022,78.744856
150,30,18,3,3,221.184,0.12,54,4500,1.6666666666666667,AOMDV,AODV,0.44999999999999996,0.383533926264627,0.8857172408595166,84.348422,57.386831,81.028807
150,30,18,3,4,221.184,0.12,54,4500,1.6666666666666667,AOMDV,AODV,0.5847866093625022,0.21026471074997397,0.8498914300917217,89.691358,63.998628,85.500686
150,30,18,3,5,221.184,0.12,54,4500,1.6666666666666667,AOMDV,AOMDV,0.48178942370961664,0.3410819958213276,0.9421362992801385,84.368999,63.689986,85.061728
150,30,18,4,1,294.912,0.12,72,4500,1.6666666666666667,AOMDV,AOMDV,0.3760607862467211,0.43497454162334925,0.9553587227670286,77.093621,62.808642,79.902263
150,30,18,4,2,294.912,0.12,72,4500,1.6666666666666667,AOMDV,AOMDV,0.3941871347719441,0.55,0.6279889307973615,67.170782,52.674897,69.223251
150,30,18,4,3,294.912,0.12,72,4500,1.6666666666666667,AOMDV,AOMDV,0.3524258747353941,0.55,0.7773901951670138,68.251029,54.799383,71.975309
150,30,18,4,4,294.912,0.12,72,4500,1.6666666666666667,AOMDV,AODV,0.5383985515521935,0.35,0.7335023317258064,79.94856,57.716049,78.919753
150,30,18,4,5,294.912,0.12,72,4500,1.6666666666666667,AOMDV,AOMDV,0.42320441598779934,0.35,0.9397893806807341,73.729424,51.347737,75.478395
150,30,18,5,1,368.64,0.12,90,4500,1.6666666666666667,AOMDV,AOMDV,0.47157347404816174,0.39540271399116,0.7084168327079368,71.45679,59.251029,74.209877
150,30,18,5,2,368.64,0.12,90,4500,1.6666666666666667,AOMDV,AOMDV,0.4074506373194515,0.55,0.5640761273923551,54.349794,45.218107,57.061728
150,30,18,5,3,368.64,0.12,90,4500,1.6666666666666667,AODV,AODV,0.573509737415271,0.55,0.46518278570219973,59.99177,50.609053,59.395062
150,30,18,5,4,368.64,0.12,90,4500,1.6666666666666667,AODV,AODV,0.8903471616466733,0.5469655489666121,0.40361170442134603,68.604938,51.658436,65.666667
150,30,18,5,5,368.64,0.12,90,4500,1.6666666666666667,AOMDV,AOMDV,0.3211798840023302,0.55,0.6798179365890367,60.773663,51.123457,67.135802
150,30,18,6,1,442.368,0.12,108,4500,1.6666666666666667,AODV,AOMDV,0.871534913815416,0.5362295138462226,0.49735812505911237,63.089849,53.305898,63.556241
150,30,18,6,2,442.368,0.12,108,4500,1.6666666666666667,AODV,AODV,0.7967746940282902,0.538246524461777,0.3376705003835416,46.217421,38.700274,43.535665
150,30,18,6,3,442.368,0.12,108,4500,1.6666666666666667,AOMDV,AOMDV,0.36453317976013055,0.5140302089789155,0.7001739327203063,51.951303,45.596708,55.21262
150,30,18,6,4,442.368,0.12,108,4500,1.6666666666666667,AOMDV,AOMDV,0.28399103233153405,0.5227922886576375,0.6959228940430454,52.575446,48.576818,55.675583
150,30,18,6,5,442.368,0.12,108,4500,1.6666666666666667,AODV,AOMDV,0.6217758029602959,0.5237713640907845,0.5138082857812135,52.016461,45.836763,56.817558
150,30,18,8,1,589.824,0.12,144,4500,1.6666666666666667,AODV,AODV,0.9,0.2501583084844148,0.4097634874897138,51.748971,41.147119,49.36214
150,30,18,8,2,589.824,0.12,144,4500,1.6666666666666667,AODV,AODV,0.7204120207832101,0.55,0.2719598739218029,37.317387,30.185185,33.8143
150,30,18,8,3,589.824,0.12,144,4500,1.6666666666666667,AODV,AODV,0.6638089477548673,0.55,0.16184117118865893,43.125,40.102881,40.987654
150,30,18,8,4,589.824,0.12,144,4500,1.6666666666666667,DSDV,AOMDV,0.22518662757936622,0.9187970679162636,0.5229938859355888,38.477366,39.318416,39.503601
150,30,18,8,5,589.824,0.12,144,4500,1.6666666666666667,AODV,AODV,0.9,0.42701592855277604,0.34620174811274435,42.651749,38.572531,41.25
150,30,20,3,1,245.76,0.13333333333333333,60,4500,1.5,AOMDV,AOMDV,0.5043994470881423,0.3104551509301957,0.9449163215801439,84.425926,65.993827,84.765432
150,30,20,3,2,245.76,0.13333333333333333,60,4500,1.5,AOMDV,AOMDV,0.3281838189490424,0.5339119877681658,0.9665551864538504,70.123457,55.771605,75.450617
150,30,20,3,3,245.76,0.13333333333333333,60,4500,1.5,AOMDV,AODV,0.44999999999999996,0.5340419159490154,0.8004407309670469,75.845679,57.833333,73.987654
150,30,20,3,4,245.76,0.13333333333333333,60,4500,1.5,AOMDV,AOMDV,0.3840354702709521,0.3662640116496133,0.9632555653644477,78.567901,57.185185,82.240741
150,30,20,3,5,245.76,0.13333333333333333,60,4500,1.5,AOMDV,AOMDV,0.45672224323447397,0.2825238685678113,0.9531023514274802,80.981481,59.401235,81.851852
150,30,20,5,1,409.6,0.13333333333333333,100,4500,1.5,AOMDV,AOMDV,0.23298600178661294,0.55,0.6116615144135599,62.485185,56.596296,67.97037
150,30,20,5,2,409.6,0.13333333333333333,100,4500,1.5,AODV,AOMDV,0.5801855504462639,0.55,0.5299943954237044,44.418519,41.688889,44.462963
150,30,20,5,3,409.6,0.13333333333333333,100,4500,1.5,AODV,AODV,0.7917852002003523,0.533967076753345,0.368383556356948,58.114815,48.496296,55.651852
150,30,20,5,4,409.6,0.13333333333333333,100,4500,1.5,AODV,AOMDV,0.7687184396956421,0.35,0.6116818819444987,54.311111,45.003704,55.922222
150,30,20,5,5,409.6,0.13333333333333333,100,4500,1.5,AOMDV,AOMDV,0.23658057455990592,0.55,0.6761589925535663,53.166667,46.42963,61.396296
150,30,20,6,1,491.52,0.13333333333333333,120,4500,1.5,AODV,AOMDV,0.7782001819000374,0.47973306934306625,0.500487094957825,56.666667,50.719136,58.475309
150,30,20,6,2,491.52,0.13333333333333333,120,4500,1.5,AODV,AODV,0.646853066024531,0.55,0.11384914519059017,40.373457,36.54321,37.12963
150,30,20,6,3,491.52,0.13333333333333333,120,4500,1.5,AODV,AODV,0.6075306223337534,0.6050915388533424,0.0363604031638708,46.996914,44.62963,44.299383
150,30,20,6,4,491.52,0.13333333333333333,120,4500,1.5,AOMDV,AODV,0.6331641794390176,0.4399281070705542,0.6756896776387141,44.58642,41.435185,44.466049
150,30,20,6,5,491.52,0.13333333333333333,120,4500,1.5,AODV,AOMDV,0.8087451316593137,0.45496086007356307,0.5014764045082667,49.753086,43.320988,50.432099
150,30,22,2,1,180.224,0.14666666666666667,44,4500,1.3636363636363635,AOMDV,AODV,0.6235556135098488,0.24015505052254538,0.7030659464616551,94.856902,74.814815,86.085859
150,30,22,2,2,180.224,0.14666666666666667,44,4500,1.3636363636363635,AOMDV,AODV,0.5962806795170443,0.11455809409744679,0.7475108926758637,90.462963,61.220539,79.713805
150,30,22,2,3,180.224,0.14666666666666667,44,4500,1.3636363636363635,AOMDV,AODV,0.564217146951385,0.21254670179926768,0.84320560561212,86.035354,62.003367,81.161616
150,30,22,2,4,180.224,0.14666666666666667,44,4500,1.3636363636363635,AOMDV,AODV,0.6332330074565814,0.1,0.8423060334457058,91.069024,61.161616,85.580808
150,30,22,2,5,180.224,0.14666666666666667,44,4500,1.3636363636363635,AOMDV,AODV,0.5810924656866212,0.2638949092611246,0.7920302048648324,92.188552,62.087542,84.96633
150,30,22,3,1,270.336,0.14666666666666667,66,4500,1.3636363636363635,AOMDV,AOMDV,0.446947285430329,0.41040998545372376,0.8851302524030006,84.270483,66.195286,84.393939
150,30,22,3,2,270.336,0.14666666666666667,66,4500,1.3636363636363635,AOMDV,AOMDV,0.1510583032996789,0.55,0.8492195438686088,60.858586,55.785634,70.897868
150,30,22,3,3,270.336,0.14666666666666667,66,4500,1.3636363636363635,AOMDV,AOMDV,0.3362546215656911,0.55,0.7528109206422436,68.552189,57.188552,72.396184
150,30,22,3,4,270.336,0.14666666666666667,66,4500,1.3636363636363635,AOMDV,AODV,0.45483871452778013,0.35,0.8117474509504409,76.67789,58.136925,75.0
150,30,22,3,5,270.336,0.14666666666666667,66,4500,1.3636363636363635,AOMDV,AOMDV,0.27302098024147703,0.41161084720509966,0.9698103582871734,70.13468,57.962963,78.024691
150,30,22,4,1,360.448,0.14666666666666667,88,4500,1.3636363636363635,DSDV,AOMDV,0.49302460104294943,0.55,0.5043398395409416,74.124579,61.422559,76.085859
150,30,22,4,2,360.448,0.14666666666666667,88,4500,1.3636363636363635,AOMDV,AOMDV,0.2692858301163417,0.55,0.6103733300832999,50.260943,47.563131,53.442761
150,30,22,4,3,360.448,0.14666666666666667,88,4500,1.3636363636363635,DSDV,AOMDV,0.5139320677305748,0.55,0.5254849615562993,59.057239,52.579966,59.15404
150,30,22,4,4,360.448,0.14666666666666667,88,4500,1.3636363636363635,AODV,AOMDV,0.5767766605657056,0.55,0.49302093073137815,57.819865,49.440236,58.459596
150,30,22,4,5,360.448,0.14666666666666667,88,4500,1.3636363636363635,AOMDV,AOMDV,0.39301839913213865,0.35,0.7071757916307395,58.152357,53.834175,63.901515
150,30,22,5,1,450.56,0.14666666666666667,110,4500,1.3636363636363635,AODV,AOMDV,0.7089494771907903,0.55,0.4968828376123593,60.983165,55.713805,61.62963
150,30,22,5,2,450.56,0.14666666666666667,110,4500,1.3636363636363635,DSDV,AOMDV,0.36476591142472314,0.55,0.5029153919816173,40.259259,39.670034,41.326599
150,30,22,5,3,450.56,0.14666666666666667,110,4500,1.3636363636363635,AODV,AODV,0.6793348206664945,0.55,0.3573484560616528,48.73064,45.700337,47.83165
150,30,22,5,4,450.56,0.14666666666666667,110,4500,1.3636363636363635,AODV,AODV,0.8804874045289949,0.41628290904454446,0.26570981549792083,52.548822,42.478114,47.777778
150,30,22,5,5,450.56,0.14666666666666667,110,4500,1.3636363636363635,AODV,AOMDV,0.5698107765706546,0.55,0.5090477523402266,48.693603,44.491582,52.397306
150,30,22,6,1,540.672,0.14666666666666667,132,4500,1.3636363636363635,AODV,AODV,0.9,0.4893477119309244,0.2620668250262598,56.481481,47.031425,51.899551
150,30,22,6,2,540.672,0.14666666666666667,132,4500,1.3636363636363635,DSDV,DSDV,0.13441627971909723,1.0,0.5553565372612862,32.766554,36.4422,36.141975
150,30,22,6,3,540.672,0.14666666666666667,132,4500,1.3636363636363635,AODV,AODV,0.7880055557556297,0.55,0.22454138749629696,44.186308,39.326599,41.346801
150,30,22,6,4,540.672,0.14666666666666667,132,4500,1.3636363636363635,AODV,AODV,0.7841152604814127,0.6113636266769131,0.03965383303282581,37.629068,36.776094,36.641414
150,30,22,6,5,540.672,0.14666666666666667,132,4500,1.3636363636363635,AODV,AODV,0.847804431898577,0.5472051473560922,0.2975350079564399,42.797419,38.164983,40.777217
150,30,22,8,1,720.896,0.14666666666666667,176,4500,1.3636363636363635,AODV,AODV,0.9,0.34402226241399525,0.021212369415513136,42.944024,37.074916,36.254209
150,30,22,8,2,720.896,0.14666666666666667,176,4500,1.3636363636363635,DSDV,AODV,0.8313293405861396,0.8602234152614128,0.045087722609287506,30.212542,29.627525,28.329125
150,30,22,8,3,720.896,0.14666666666666667,176,4500,1.3636363636363635,AODV,AODV,0.9,0.7803655644884102,0.001220915170436345,33.819444,32.851431,27.462121
150,30,22,8,4,720.896,0.14666666666666667,176,4500,1.3636363636363635,AODV,AODV,0.885094533705921,0.8719281453984983,0.019856374757737636,30.079966,29.328704,26.422559
150,30,22,8,5,720.896,0.14666666666666667,176,4500,1.3636363636363635,DSDV,DSDV,0.2878254185385285,1.0,0.3368569302045181,28.007155,30.3367,29.47601
150,30,25,3,1,307.2,0.16666666666666666,75,4500,1.2,AOMDV,AOMDV,0.3967630786172488,0.43362869368616863,0.8224919468855644,77.264198,64.014815,79.041975
150,30,25,3,2,307.2,0.16666666666666666,75,4500,1.2,AOMDV,AOMDV,0.11082474098580199,0.55,0.6997023625166633,54.65679,52.533333,61.155556
150,30,25,3,3,307.2,0.16666666666666666,75,4500,1.2,AOMDV,AODV,0.44999999999999996,0.55,0.6931349193596532,68.592593,56.582716,68.508642
150,30,25,3,4,307.2,0.16666666666666666,75,4500,1.2,AOMDV,AOMDV,0.2517333708582624,0.55,0.8356163637524937,64.750617,55.985185,71.654321
150,30,25,3,5,307.2,0.16666666666666666,75,4500,1.2,AOMDV,AOMDV,0.32376839043321926,0.55,0.6744423573015172,69.283951,59.619753,73.051852
150,30,25,5,1,512.0,0.16666666666666666,125,4500,1.2,AODV,AODV,0.6929570692527829,0.55,0.4266069936964526,53.028148,49.321481,52.456296
150,30,25,5,2,512.0,0.16666666666666666,125,4500,1.2,AODV,AODV,0.8581897700595494,0.7585694621300069,0.029703577236472628,40.96,38.091852,34.441481
150,30,25,5,3,512.0,0.16666666666666666,125,4500,1.2,AODV,AODV,0.8905269836527562,0.6473821013035469,0.02208106968225753,46.862222,43.38963,41.285926
150,30,25,5,4,512.0,0.16666666666666666,125,4500,1.2,DSDV,AOMDV,0.250279475404413,0.814647577852644,0.505794887905225,37.078519,39.451852,41.114074
150,30,25,5,5,512.0,0.16666666666666666,125,4500,1.2,DSDV,DSDV,0.14466915275787204,1.0,0.39829577180259207,36.826667,42.411852,41.025185
150,30,25,6,1,614.4,0.16666666666666666,150,4500,1.2,DSDV,DSDV,0.46960990299778016,0.9474248946310524,0.04427780974857469,43.602469,43.950617,43.483951
150,30,25,6,2,614.4,0.16666666666666666,150,4500,1.2,DSDV,DSDV,0.6468939758288517,1.0,0.03468154751107537,32.745679,32.977778,28.281481
150,30,25,6,3,614.4,0.16666666666666666,150,4500,1.2,AODV,AODV,0.9,0.3435067829765466,0.24429882879261153,39.639506,34.834568,37.138272
150,30,25,6,4,614.4,0.16666666666666666,150,4500,1.2,DSDV,AODV,0.8994632056086699,0.9113053271378173,0.013428716273844822,33.881481,33.281481,29.022222
150,30,25,6,5,614.4,0.16666666666666666,150,4500,1.2,DSDV,AOMDV,0.22841424108999858,0.9721483647204842,0.510468527072626,30.051852,34.580247,34.879012
150,40,5,3,1,61.44,0.03333333333333333,15,6000,8.0,AOMDV,AODV,0.5499999999999999,0.4870007485265661,0.737982413459936,92.91358,81.901235,88.962963
150,40,5,3,2,61.44,0.03333333333333333,15,6000,8.0,AODV,AODV,0.7494381362949296,0.24910464977588564,0.6402089077246819,92.54321,69.283951,80.888889
150,40,5,3,3,61.44,0.03333333333333333,15,6000,8.0,AOMDV,AODV,0.6367663927705197,0.2954452596690752,0.6699664518550574,95.82716,73.753086,84.54321
150,40,5,3,4,61.44,0.03333333333333333,15,6000,8.0,AOMDV,AODV,0.5518771425037878,0.30712595382103797,0.7791044874485026,93.876543,69.061728,87.209877
150,40,5,3,5,61.44,0.03333333333333333,15,6000,8.0,AOMDV,AODV,0.5415948426744062,0.33849185141698784,0.745360817140648,93.777778,72.222222,86.37037
150,40,5,5,1,102.4,0.03333333333333333,25,6000,8.0,AOMDV,AODV,0.5523464359398002,0.2918961447096318,0.7208972408516803,95.866667,76.548148,88.177778
150,40,5,5,2,102.4,0.03333333333333333,25,6000,8.0,AODV,AODV,0.5992036358714038,0.44798502209751784,0.5014393666168185,95.17037,63.777778,81.318519
150,40,5,5,3,102.4,0.03333333333333333,25,6000,8.0,AOMDV,AODV,0.6689995465399474,0.15023300565721873,0.6849664448240514,97.437037,64.325926,81.614815
150,40,5,5,4,102.4,0.03333333333333333,25,6000,8.0,AOMDV,AODV,0.6738520097285136,0.2906122694227908,0.7687261161810017,93.303704,70.044444,86.518519
150,40,5,5,5,102.4,0.03333333333333333,25,6000,8.0,AOMDV,AODV,0.5509105827150373,0.2952124191939006,0.8588215985060357,87.911111,65.407407,85.851852
150,40,5,6,1,122.88,0.03333333333333333,30,6000,8.0,AOMDV,AODV,0.5717486930922722,0.2862552665357317,0.7383785261037521,94.728395,72.419753,86.716049
150,40,5,6,2,122.88,0.03333333333333333,30,6000,8.0,AOMDV,AODV,0.6416322310794452,0.09089593976875504,0.7671936673425706,90.320988,62.209877,82.024691
150,40,5,6,3,122.88,0.03333333333333333,30,6000,8.0,AODV,AODV,0.7339962608316651,0.27398451884049846,0.6934277117778155,96.493827,72.074074,85.283951
150,40,5,6,4,122.88,0.03333333333333333,30,6000,8.0,AOMDV,AODV,0.6505866510943903,0.23814981244837877,0.7871010660159041,94.259259,66.407407,87.271605
150,40,5,6,5,122.88,0.03333333333333333,30,6000,8.0,AOMDV,AODV,0.6841946934003245,0.24011563135371877,0.7385200183684266,93.308642,68.950617,84.567901
150,40,7,2,1,57.344,0.04666666666666667,14,6000,5.714285714285714,AOMDV,AODV,0.5303106537529618,0.55,0.6993946220928934,91.005291,82.698413,87.857143
150,40,7,2,2,57.344,0.04666666666666667,14,6000,5.714285714285714,AODV,AODV,0.7404697521496688,0.1,0.6668216405133557,95.21164,63.915344,78.994709
150,40,7,2,3,57.344,0.04666666666666667,14,6000,5.714285714285714,AODV,AODV,0.7380622215971366,0.1,0.709900992834265,95.661376,71.613757,85.502646
150,40,7,2,4,57.344,0.04666666666666667,14,6000,5.714285714285714,AOMDV,AODV,0.7036813865692583,0.2754668807402273,0.7087962943974675,97.777778,72.063492,86.851852
150,40,7,2,5,57.344,0.04666666666666667,14,6000,5.714285714285714,AODV,AODV,0.75,0.2907774599592228,0.5617465991634585,97.010582,73.042328,87.724868
150,40,7,3,1,86.016,0.04666666666666667,21,6000,5.714285714285714,AOMDV,AODV,0.5499999999999999,0.3718980362539609,0.7750425787621857,90.687831,80.335097,87.813051
150,40,7,3,2,86.016,0.04666666666666667,21,6000,5.714285714285714,AOMDV,AODV,0.6413223541029891,0.33367749695749827,0.6527357415356131,96.507937,66.208113,79.858907
150,40,7,3,3,86.016,0.04666666666666667,21,6000,5.714285714285714,AODV,AODV,0.7182896639230808,0.15796818944816665,0.6995798301333322,97.724868,70.440917,85.573192
150,40,7,3,4,86.016,0.04666666666666667,21,6000,5.714285714285714,AOMDV,AODV,0.6073993365221099,0.2841936955848399,0.7445155472238909,92.222222,72.92769,85.555556
150,40,7,3,5,86.016,0.04666666666666667,21,6000,5.714285714285714,AODV,AODV,0.5793237731172782,0.5398854126803391,0.5089437757684431,95.626102,78.553792,88.959436
150,40,7,4,1,114.688,0.04666666666666667,28,6000,5.714285714285714,AOMDV,AODV,0.6132857305463725,0.3240903254147384,0.7617497424216404,92.354497,79.351852,88.359788
150,40,7,4,2,114.688,0.04666666666666667,28,6000,5.714285714285714,AOMDV,AODV,0.6739078226429194,0.24778351610848837,0.6895956129954045,93.452381,62.050265,78.769841
150,40,7,4,3,114.688,0.04666666666666667,28,6000,5.714285714285714,AOMDV,AODV,0.6453917022515703,0.17347617085752556,0.7719880972396075,92.460317,63.584656,84.246032
150,40,7,4,4,114.688,0.04666666666666667,28,6000,5.714285714285714,AOMDV,AODV,0.5878980281997117,0.31063952927548444,0.7730829778844728,93.571429,68.386243,86.468254
150,40,7,4,5,114.688,0.04666666666666667,28,6000,5.714285714285714,AOMDV,AODV,0.5478134939543227,0.47494374217487834,0.6766291167717232,97.23545,80.793651,89.074074
150,40,7,5,1,143.36,0.04666666666666667,35,6000,5.714285714285714,AOMDV,AODV,0.5499999999999999,0.3501955019449798,0.7490486244802135,92.677249,77.661376,87.640212
150,40,7,5,2,143.36,0.04666666666666667,35,6000,5.714285714285714,AOMDV,AODV,0.5831886953796594,0.29163578516701705,0.6994885495638972,90.338624,64.47619,78.814815
150,40,7,5,3,143.36,0.04666666666666667,35,6000,5.714285714285714,AOMDV,AODV,0.6309659465440614,0.25021730306782675,0.8005492101808701,90.37037,66.285714,85.047619
150,40,7,5,4,143.36,0.04666666666666667,35,6000,5.714285714285714,AOMDV,AODV,0.503882214724582,0.31241384306015585,0.8847932431827612,87.978836,64.179894,87.174603
150,40,7,5,5,143.36,0.04666666666666667,35,6000,5.714285714285714,AOMDV,AODV,0.7164661318968306,0.26081649310198396,0.862461375100819,91.111111,70.560847,89.396825
150,40,7,6,1,172.032,0.04666666666666667,42,6000,5.714285714285714,AODV,AODV,0.75,0.16937298659017666,0.7193386440277946,93.015873,71.22575,87.865961
150,40,7,6,2,172.032,0.04666666666666667,42,6000,5.714285714285714,AOMDV,AODV,0.7185152350297618,0.17051664837778868,0.7434026088670055,88.474427,51.984127,75.776014
150,40,7,6,3,172.032,0.04666666666666667,42,6000,5.714285714285714,AOMDV,AODV,0.6110399244162087,0.23254537111546975,0.8309418993468103,90.299824,60.246914,85.687831
150,40,7,6,4,172.032,0.04666666666666667,42,6000,5.714285714285714,AOMDV,AODV,0.5808420834661872,0.2912635485789945,0.8981147947519077,83.40388,62.354497,83.315697
150,40,7,6,5,172.032,0.04666666666666667,42,6000,5.714285714285714,AOMDV,AODV,0.5859841098813715,0.2527736918615904,0.7857277861639557,92.910053,64.920635,85.802469
150,40,7,8,1,229.376,0.04666666666666667,56,6000,5.714285714285714,AOMDV,AODV,0.8063968185457829,0.08496298784151438,0.8159571873084464,91.600529,64.722222,86.580688
150,40,7,8,2,229.376,0.04666666666666667,56,6000,5.714285714285714,AODV,AODV,0.5825025964238998,0.55,0.5191228352362371,82.308201,54.087302,74.781746
150,40,7,8,3,229.376,0.04666666666666667,56,6000,5.714285714285714,AOMDV,AODV,0.5395409890466129,0.24852017799775414,0.7733465989504351,87.903439,61.30291,80.416667
150,40,7,8,4,229.376,0.04666666666666667,56,6000,5.714285714285714,AOMDV,AODV,0.44999999999999996,0.29008459757895366,0.9019451478629296,82.010582,60.396825,80.952381
150,40,7,8,5,229.376,0.04666666666666667,56,6000,5.714285714285714,AOMDV,AODV,0.44999999999999996,0.42494359421835104,0.847676873453903,86.402116,66.210317,83.584656
150,40,10,3,1,122.88,0.06666666666666667,30,6000,4.0,AOMDV,AODV,0.5376956521133354,0.3615141432037696,0.6433628378399769,92.481481,79.925926,85.320988
150,40,10,3,2,122.88,0.06666666666666667,30,6000,4.0,AOMDV,AODV,0.6770958527818872,0.2097397301230288,0.7552857145095561,91.185185,52.296296,78.679012
150,40,10,3,3,122.88,0.06666666666666667,30,6000,4.0,AOMDV,AODV,0.6273432318648857,0.15512854146910354,0.7194357311538894,95.395062,71.765432,85.91358
150,40,10,3,4,122.88,0.06666666666666667,30,6000,4.0,AOMDV,AODV,0.5869719302453323,0.2852854863007278,0.7318207435029237,94.296296,72.395062,86.111111
150,40,10,3,5,122.88,0.06666666666666667,30,6000,4.0,AOMDV,AODV,0.640786095859203,0.2208734255793689,0.7053997244743361,94.975309,68.567901,83.555556
150,40,10,5,1,204.8,0.06666666666666667,50,6000,4.0,AOMDV,AODV,0.6509961597353905,0.25031372902701077,0.8285645021132326,89.340741,66.42963,85.703704
150,40,10,5,2,204.8,0.06666666666666667,50,6000,4.0,AOMDV,AODV,0.44999999999999996,0.39596557237703167,0.9398948422650519,78.155556,52.822222,77.192593
150,40,10,5,3,204.8,0.06666666666666667,50,6000,4.0,AOMDV,AODV,0.5710797797544813,0.20157040260005488,0.809277840599471,89.511111,59.97037,83.555556
150,40,10,5,4,204.8,0.06666666666666667,50,6000,4.0,AOMDV,AODV,0.5330276265345167,0.31709958707844343,0.8339488692541612,87.962963,64.496296,84.518519
150,40,10,5,5,204.8,0.06666666666666667,50,6000,4.0,AOMDV,AODV,0.65,0.4265237956613458,0.665736880239759,87.088889,58.866667,83.748148
150,40,10,6,1,245.76,0.06666666666666667,60,6000,4.0,AOMDV,AODV,0.6522805190694805,0.2355977091574979,0.7757289892074029,90.512346,65.320988,83.555556
150,40,10,6,2,245.76,0.06666666666666667,60,6000,4.0,AOMDV,AOMDV,0.3611380376403889,0.4094011688742154,0.9719693755433557,69.765432,46.259259,75.549383
150,40,10,6,3,245.76,0.06666666666666667,60,6000,4.0,AOMDV,AODV,0.6280660705989985,0.1,0.8150921699950033,86.876543,61.901235,82.012346
150,40,10,6,4,245.76,0.06666666666666667,60,6000,4.0,AOMDV,AODV,0.44999999999999996,0.38057990066381675,0.8490239616987617,82.734568,59.802469,81.259259
150,40,10,6,5,245.76,0.06666666666666667,60,6000,4.0,AOMDV,AOMDV,0.47831429084364263,0.25373655320644983,0.9582958372787094,79.320988,60.425926,80.783951
150,40,12,2,1,98.304,0.08,24,6000,3.3333333333333335,AOMDV,AODV,0.6634833516099287,0.31688275955070644,0.7300592784274387,93.858025,75.632716,86.975309
150,40,12,2,2,98.304,0.08,24,6000,3.3333333333333335,AOMDV,AODV,0.4993988327767095,0.3545340492724094,0.6560353772700411,94.768519,65.108025,78.688272
150,40,12,2,3,98.304,0.08,24,6000,3.3333333333333335,AODV,AODV,0.8232610709128696,0.1,0.6585861878683883,95.66358,71.759259,82.839506
150,40,12,2,4,98.304,0.08,24,6000,3.3333333333333335,AOMDV,AODV,0.6876454244214175,0.29616297357400334,0.7342663481326073,93.410494,67.222222,83.765432
150,40,12,2,5,98.304,0.08,24,6000,3.3333333333333335,AOMDV,AODV,0.6763382238911771,0.22219509699878964,0.6992766710921126,96.743827,71.141975,85.324074
150,40,12,3,1,147.456,0.08,36,6000,3.3333333333333335,AOMDV,AODV,0.7850129497982165,0.1,0.8111790452138786,92.23251,68.67284,87.582305
150,40,12,3,2,147.456,0.08,36,6000,3.3333333333333335,AOMDV,AODV,0.5224690618745275,0.17067112985977623,0.7239659400080578,93.72428,55.668724,78.837449
150,40,12,3,3,147.456,0.08,36,6000,3.3333333333333335,AOMDV,AODV,0.5146236314572612,0.2456685884020948,0.7698058287159363,91.532922,70.339506,85.401235
150,40,12,3,4,147.456,0.08,36,6000,3.3333333333333335,AOMDV,AODV,0.6552122430863633,0.2597879868121463,0.7700603536576787,93.312757,60.925926,83.960905
150,40,12,3,5,147.456,0.08,36,6000,3.3333333333333335,AOMDV,AODV,0.6046054308466676,0.1307074954425747,0.7121887987954999,94.248971,64.495885,81.831276
150,40,12,4,1,196.608,0.08,48,6000,3.3333333333333335,AOMDV,AODV,0.6939435172074306,0.27972653611660225,0.7723474443354383,92.361111,64.290123,84.398148
150,40,12,4,2,196.608,0.08,48,6000,3.3333333333333335,AOMDV,AODV,0.6267043823563423,0.14840738583283405,0.8240311992976512,87.970679,55.632716,79.976852
150,40,12,4,3,196.608,0.08,48,6000,3.3333333333333335,AOMDV,AODV,0.4902293849126367,0.22828685109601635,0.844525261975041,89.035494,59.598765,85.262346
150,40,12,4,4,196.608,0.08,48,6000,3.3333333333333335,AOMDV,AODV,0.631722762504116,0.21480030476927814,0.8028270960161569,89.212963,60.069444,81.319444
150,40,12,4,5,196.608,0.08,48,6000,3.3333333333333335,AOMDV,AODV,0.5708738108140868,0.13060218234535173,0.8981356454862764,86.003086,55.324074,82.260802
150,40,12,5,1,245.76,0.08,60,6000,3.3333333333333335,AOMDV,AODV,0.6055236850886814,0.11263323406058132,0.8673896769523893,87.796296,63.179012,86.012346
150,40,12,5,2,245.76,0.08,60,6000,3.3333333333333335,AOMDV,AOMDV,0.41255796287827445,0.4954066566937443,0.9646544638369227,74.055556,52.08642,76.049383
150,40,12,5,3,245.76,0.08,60,6000,3.3333333333333335,AOMDV,AODV,0.44999999999999996,0.38434936635004957,0.8502994955642732,83.975309,60.907407,82.54321
150,40,12,5,4,245.76,0.08,60,6000,3.3333333333333335,AOMDV,AOMDV,0.5320245156215022,0.35,0.8508805823731236,75.450617,58.580247,77.833333
150,40,12,5,5,245.76,0.08,60,6000,3.3333333333333335,AOMDV,AOMDV,0.5450235130824421,0.26435246266337564,0.952434181984133,80.030864,56.024691,80.216049
150,40,12,6,1,294.912,0.08,72,6000,3.3333333333333335,AOMDV,AODV,0.5159193886730772,0.2884183918870782,0.9124285825692509,83.497942,59.675926,83.261317
150,40,12,6,2,294.912,0.08,72,6000,3.3333333333333335,AOMDV,AODV,0.44999999999999996,0.2857659663568056,0.9561981192798665,67.690329,50.349794,67.520576
150,40,12,6,3,294.912,0.08,72,6000,3.3333333333333335,AOMDV,AODV,0.65,0.35,0.8675407261607764,78.50823,56.111111,78.369342
150,40,12,6,4,294.912,0.08,72,6000,3.3333333333333335,AODV,AOMDV,0.5619917305536051,0.55,0.5039373345796817,69.92284,52.397119,70.61214
150,40,12,6,5,294.912,0.08,72,6000,3.3333333333333335,AODV,AOMDV,0.7442555883313584,0.35,0.7165513318507095,71.867284,51.748971,73.004115
150,40,12,8,1,393.216,0.08,96,6000,3.3333333333333335,AOMDV,AODV,0.5795328065923955,0.20961570431797016,0.86895649208797,77.268519,59.579475,75.493827
150,40,12,8,2,393.216,0.08,96,6000,3.3333333333333335,AOMDV,AOMDV,0.2399999986518631,0.55,0.7612385194485799,52.179784,43.260031,59.984568
150,40,12,8,3,393.216,0.08,96,6000,3.3333333333333335,AODV,AOMDV,0.839858698332325,0.15681295333771333,0.6689155782670535,71.010802,50.771605,73.310185
150,40,12,8,4,393.216,0.08,96,6000,3.3333333333333335,AOMDV,AOMDV,0.510012191789286,0.35,0.7085958641471422,51.431327,45.675154,55.173611
150,40,12,8,5,393.216,0.08,96,6000,3.3333333333333335,AOMDV,AOMDV,0.22289969059156486,0.5434144786581503,0.717745876797838,51.454475,47.935957,59.440586
150,40,15,3,1,184.32,0.1,45,6000,2.6666666666666665,AOMDV,AODV,0.658475671965012,0.21859341057713927,0.7712024292917654,92.041152,66.304527,84.674897
150,40,15,3,2,184.32,0.1,45,6000,2.6666666666666665,AOMDV,AODV,0.5013256901446926,0.2578995837470438,0.7722541457333663,89.144033,56.156379,78.115226
150,40,15,3,3,184.32,0.1,45,6000,2.6666666666666665,AOMDV,AODV,0.5629857210769484,0.27506515239950147,0.7971753200397959,90.674897,61.390947,82.576132
150,40,15,3,4,184.32,0.1,45,6000,2.6666666666666665,AOMDV,AODV,0.6265647369211287,0.29098109166766406,0.752007155083259,90.814815,57.975309,79.012346
150,40,15,3,5,184.32,0.1,45,6000,2.6666666666666665,AOMDV,AODV,0.5240710218611713,0.24529005382996263,0.9127609698278885,82.54321,59.481481,80.54321
150,40,15,5,1,307.2,0.1,75,6000,2.6666666666666665,AOMDV,AOMDV,0.619290534960214,0.19169757986519195,0.9,81.293827,55.348148,83.017284
150,40,15,5,2,307.2,0.1,75,6000,2.6666666666666665,AOMDV,AOMDV,0.4146503577170468,0.5108996481921033,0.8747736660480977,66.68642,47.165432,68.350617
150,40,15,5,3,307.2,0.1,75,6000,2.6666666666666665,AOMDV,AOMDV,0.4358369087680559,0.42431706434282845,0.8170670146920077,74.404938,51.002469,75.165432
150,40,15,5,4,307.2,0.1,75,6000,2.6666666666666665,AOMDV,AOMDV,0.44886614680146986,0.4524941609631804,0.8020435278308349,67.74321,52.103704,67.782716
150,40,15,5,5,307.2,0.1,75,6000,2.6666666666666665,AOMDV,AOMDV,0.3437518407937401,0.55,0.6960771932460901,61.634568,48.804938,65.6
150,40,15,6,1,368.64,0.1,90,6000,2.6666666666666665,DSDV,AOMDV,0.5478658275220927,0.55,0.535873389748288,72.679012,54.242798,78.074074
150,40,15,6,2,368.64,0.1,90,6000,2.6666666666666665,AOMDV,AOMDV,0.4096350040345152,0.55,0.6439964414553193,55.057613,45.946502,57.802469
150,40,15,6,3,368.64,0.1,90,6000,2.6666666666666665,AODV,AODV,0.8322094959826344,0.35,0.5837588142001758,67.613169,46.053498,66.806584
150,40,15,6,4,368.64,0.1,90,6000,2.6666666666666665,AODV,AODV,0.8885340777910692,0.35,0.49530857121200583,59.99177,47.777778,58.790123
150,40,15,6,5,368.64,0.1,90,6000,2.6666666666666665,AODV,AOMDV,0.6711948832290637,0.55,0.5067697458869653,56.460905,46.617284,57.135802
150,40,18,2,1,147.456,0.12,36,6000,2.2222222222222223,AOMDV,AODV,0.5145166295479027,0.13870615890071786,0.7405405402586629,94.290123,66.882716,84.578189
150,40,18,2,2,147.456,0.12,36,6000,2.2222222222222223,AODV,AODV,0.8038056589997196,0.1,0.731299974045795,93.045267,58.302469,80.020576
150,40,18,2,3,147.456,0.12,36,6000,2.2222222222222223,AOMDV,AODV,0.5205089915354247,0.24810102557893265,0.7572804688827485,90.864198,63.096708,82.057613
150,40,18,2,4,147.456,0.12,36,6000,2.2222222222222223,AODV,AODV,0.6753811239927332,0.24642404457882336,0.6466925312737447,94.485597,67.87037,82.479424
150,40,18,2,5,147.456,0.12,36,6000,2.2222222222222223,AOMDV,AODV,0.6989879937244625,0.1,0.7473575081646242,94.176955,64.393004,84.074074
150,40,18,3,1,221.184,0.12,54,6000,2.2222222222222223,AOMDV,AODV,0.5908551495871189,0.1680594450634479,0.8532119858951228,87.421125,58.593964,84.423868
150,40,18,3,2,221.184,0.12,54,6000,2.2222222222222223,AOMDV,AODV,0.5689436365428395,0.19055053235922897,0.842987022027728,84.101509,56.680384,77.942387
150,40,18,3,3,221.184,0.12,54,6000,2.2222222222222223,AOMDV,AODV,0.44999999999999996,0.37739244151291484,0.941940478577246,79.663923,54.224966,78.772291
150,40,18,3,4,221.184,0.12,54,6000,2.2222222222222223,AOMDV,AODV,0.5184582185843357,0.35,0.8495404127274959,85.109739,60.150892,80.109739
150,40,18,3,5,221.184,0.12,54,6000,2.2222222222222223,AOMDV,AOMDV,0.429506645398675,0.5255714768994098,0.9127302443355628,80.068587,59.368999,81.056241
150,40,18,4,1,294.912,0.12,72,6000,2.2222222222222223,AOMDV,AOMDV,0.5734553292627481,0.35,0.9284836808828703,77.916667,50.298354,78.729424
150,40,18,4,2,294.912,0.12,72,6000,2.2222222222222223,AOMDV,AODV,0.44999999999999996,0.478247257350508,0.8765415907143534,69.38786,51.56893,69.243827
150,40,18,4,3,294.912,0.12,72,6000,2.2222222222222223,AOMDV,AOMDV,0.4060459534408042,0.35152082984130517,0.9279169220100342,70.853909,53.081276,72.777778
150,40,18,4,4,294.912,0.12,72,6000,2.2222222222222223,AOMDV,AOMDV,0.4710119809488479,0.5095899253043631,0.7096142895968595,70.339506,58.99177,71.733539
150,40,18,4,5,294.912,0.12,72,6000,2.2222222222222223,AOMDV,AOMDV,0.4468948009331229,0.55,0.6389698641531781,67.294239,54.711934,68.662551
150,40,18,5,1,368.64,0.12,90,6000,2.2222222222222223,AODV,AOMDV,0.6637225854864581,0.55,0.4832257458160857,65.135802,50.053498,66.633745
150,40,18,5,2,368.64,0.12,90,6000,2.2222222222222223,AOMDV,AOMDV,0.5257733468583677,0.55,0.60187977156427,53.613169,44.395062,54.510288
150,40,18,5,3,368.64,0.12,90,6000,2.2222222222222223,AODV,AOMDV,0.6291118550776679,0.55,0.5056936458738386,62.423868,48.049383,63.489712
150,40,18,5,4,368.64,0.12,90,6000,2.2222222222222223,AOMDV,AOMDV,0.6542319361986378,0.35,0.6680209977311671,60.843621,49.864198,61.374486
150,40,18,5,5,368.64,0.12,90,6000,2.2222222222222223,AODV,AODV,0.7034156974231569,0.55,0.4715150684899783,58.917695,48.946502,58.222222
150,40,18,6,1,442.368,0.12,108,6000,2.2222222222222223,AOMDV,AOMDV,0.6610227747529764,0.35,0.6803116154372669,55.510974,45.05487,58.055556
150,40,18,6,2,442.368,0.12,108,6000,2.2222222222222223,AODV,AODV,0.8283466051406926,0.55,0.39259892908363037,50.404664,42.201646,48.425926
150,40,18,6,3,442.368,0.12,108,6000,2.2222222222222223,AOMDV,AOMDV,0.345731632326796,0.55,0.6199546983301837,50.202332,42.640604,56.028807
150,40,18,6,4,442.368,0.12,108,6000,2.2222222222222223,AODV,AOMDV,0.8345887854825484,0.35,0.5260657013699325,51.656379,47.966392,51.745542
150,40,18,6,5,442.368,0.12,108,6000,2.2222222222222223,AOMDV,AOMDV,0.18337104285935235,0.55,0.6542760767855891,42.246228,41.258573,48.648834
150,40,18,8,1,589.824,0.12,144,6000,2.2222222222222223,AODV,AODV,0.8515082704923199,0.5270775466716295,0.260974288788025,46.270576,37.518004,41.965021
150,40,18,8,2,589.824,0.12,144,6000,2.2222222222222223,DSDV,AOMDV,0.11901018398920078,0.6461363046485626,0.5525736069596227,34.992284,35.354938,36.689815
150,40,18,8,3,589.824,0.12,144,6000,2.2222222222222223,AODV,AODV,0.8456162054713644,0.5286779945830338,0.332997649507722,46.28858,34.778807,42.536008
150,40,18,8,4,589.824,0.12,144,6000,2.2222222222222223,AODV,AODV,0.8963627561905584,0.35,0.46757161767978106,41.072531,36.561214,39.62963
150,40,18,8,5,589.824,0.12,144,6000,2.2222222222222223,AODV,AODV,0.8747326977343847,0.5121616465307317,0.016180972656967316,41.766975,33.343621,32.880658
150,40,20,3,1,245.76,0.13333333333333333,60,6000,2.0,AOMDV,AODV,0.482337468818416,0.26845479732634603,0.9567295197452844,81.154321,54.450617,81.074074
150,40,20,3,2,245.76,0.13333333333333333,60,6000,2.0,AOMDV,AOMDV,0.38311566274093,0.36005385959180547,0.9641848080749743,74.790123,57.888889,77.740741
150,40,20,3,3,245.76,0.13333333333333333,60,6000,2.0,AOMDV,AOMDV,0.5067000892317324,0.2904618398905412,0.9514750301653349,78.302469,59.734568,78.895062
150,40,20,3,4,245.76,0.13333333333333333,60,6000,2.0,AOMDV,AODV,0.44999999999999996,0.41825044569086456,0.936947358713266,78.018519,61.444444,77.944444
150,40,20,3,5,245.76,0.13333333333333333,60,6000,2.0,AOMDV,AOMDV,0.30073677946698296,0.4393487899636844,0.9710113489007951,68.919753,54.641975,76.006173
150,40,20,5,1,409.6,0.13333333333333333,100,6000,2.0,AODV,AODV,0.7658637244505765,0.55,0.3926407948397731,55.751852,45.5,53.625926
150,40,20,5,2,409.6,0.13333333333333333,100,6000,2.0,AOMDV,AOMDV,0.3497753578126289,0.55,0.5571221048803916,48.692593,44.185185,52.274074
150,40,20,5,3,409.6,0.13333333333333333,100,6000,2.0,AOMDV,AODV,0.6352361055267335,0.35,0.6755566022342352,60.12963,46.266667,59.522222
150,40,20,5,4,409.6,0.13333333333333333,100,6000,2.0,AODV,AOMDV,0.6500017442501805,0.55,0.5084246425862338,53.785185,47.074074,56.903704
150,40,20,5,5,409.6,0.13333333333333333,100,6000,2.0,AODV,AODV,0.8387673050896471,0.55,0.4066168814382759,48.811111,43.677778,47.785185
150,40,20,6,1,491.52,0.13333333333333333,120,6000,2.0,AODV,AODV,0.7814309911677093,0.55,0.42341337388254174,50.151235,39.814815,48.651235
150,40,20,6,2,491.52,0.13333333333333333,120,6000,2.0,DSDV,AOMDV,0.32308983618869547,0.55,0.5102979711183098,43.024691,41.219136,46.641975
150,40,20,6,3,491.52,0.13333333333333333,120,6000,2.0,AOMDV,AOMDV,0.33055538532896106,0.55,0.5912731104237541,45.95679,41.098765,53.493827
150,40,20,6,4,491.52,0.13333333333333333,120,6000,2.0,AOMDV,AOMDV,0.5958848368445872,0.35,0.7096568214492577,45.589506,41.635802,49.009259
150,40,20,6,5,491.52,0.13333333333333333,120,6000,2.0,AODV,AODV,0.8839162612848607,0.605065130627408,0.03633475896706834,41.950617,37.82716,35.91358
150,40,22,2,1,180.224,0.14666666666666667,44,6000,1.8181818181818181,AOMDV,AODV,0.6022643501526289,0.2267451984312209,0.7848143286966214,91.464646,59.73064,83.341751
150,40,22,2,2,180.224,0.14666666666666667,44,6000,1.8181818181818181,AOMDV,AODV,0.47688244196048923,0.10112377943478691,0.8036478175680982,89.141414,62.878788,81.540404
150,40,22,2,3,180.224,0.14666666666666667,44,6000,1.8181818181818181,AOMDV,AODV,0.5485008749294212,0.2519121258808108,0.7933815421563336,88.013468,63.804714,80.858586
150,40,22,2,4,180.224,0.14666666666666667,44,6000,1.8181818181818181,AOMDV,AODV,0.5974004593797274,0.1896182644979872,0.7227800300289855,91.018519,66.161616,80.799663
150,40,22,2,5,180.224,0.14666666666666667,44,6000,1.8181818181818181,AOMDV,AODV,0.44999999999999996,0.31463406252892867,0.8645026606050495,84.755892,61.792929,81.363636
150,40,22,3,1,270.336,0.14666666666666667,66,6000,1.8181818181818181,AOMDV,AOMDV,0.4221488236418065,0.31625665084359567,0.9476346767933084,74.882155,52.171717,76.380471
150,40,22,3,2,270.336,0.14666666666666667,66,6000,1.8181818181818181,AOMDV,AOMDV,0.2741731526743543,0.42373226035136113,0.9674598267380661,67.401796,56.857464,74.163861
150,40,22,3,3,270.336,0.14666666666666667,66,6000,1.8181818181818181,AOMDV,AODV,0.44999999999999996,0.4085804677684689,0.8753059926653914,76.638608,55.482604,75.145903
150,40,22,3,4,270.336,0.14666666666666667,66,6000,1.8181818181818181,AOMDV,AOMDV,0.33888349210693103,0.55,0.9163934094803355,72.946128,59.887767,77.227834
150,40,22,3,5,270.336,0.14666666666666667,66,6000,1.8181818181818181,AOMDV,AOMDV,0.4282650022165178,0.36429763347455557,0.7111241561036504,67.817059,51.010101,68.670034
150,40,22,4,1,360.448,0.14666666666666667,88,6000,1.8181818181818181,AODV,AOMDV,0.6063767548860639,0.55,0.4946802687800203,57.592593,49.166667,58.518519
150,40,22,4,2,360.448,0.14666666666666667,88,6000,1.8181818181818181,DSDV,AOMDV,0.29325183483199224,0.55,0.5381977587198431,55.467172,49.793771,61.258418
150,40,22,4,3,360.448,0.14666666666666667,88,6000,1.8181818181818181,AODV,AOMDV,0.7966105668192743,0.492878482803468,0.4959125533354893,61.275253,50.03367,61.5867
150,40,22,4,4,360.448,0.14666666666666667,88,6000,1.8181818181818181,AOMDV,AOMDV,0.5516784251816214,0.35,0.7095079263745322,57.908249,47.605219,60.997475
150,40,22,4,5,360.448,0.14666666666666667,88,6000,1.8181818181818181,AOMDV,AOMDV,0.5581800524127007,0.35,0.6185723957570209,49.650673,47.676768,52.327441
150,40,22,5,1,450.56,0.14666666666666667,110,6000,1.8181818181818181,DSDV,AOMDV,0.5490052459631412,0.55,0.49588558526704346,45.494949,40.602694,45.754209
150,40,22,5,2,450.56,0.14666666666666667,110,6000,1.8181818181818181,DSDV,AOMDV,0.3354432471542617,0.55,0.5077893931623518,46.457912,44.52862,49.912458
150,40,22,5,3,450.56,0.14666666666666667,110,6000,1.8181818181818181,AODV,AODV,0.8518300787900709,0.4262486390915857,0.4918433224025843,52.131313,43.164983,51.949495
150,40,22,5,4,450.56,0.14666666666666667,110,6000,1.8181818181818181,AOMDV,AOMDV,0.08387858501874486,0.5695449753082892,0.5783692480313969,44.892256,45.175084,51.40404
150,40,22,5,5,450.56,0.14666666666666667,110,6000,1.8181818181818181,DSDV,AODV,0.8464472994730182,0.8806229139239597,0.038126907897277705,42.340067,41.747475,38.043771
150,40,22,6,1,540.672,0.14666666666666667,132,6000,1.8181818181818181,AODV,AODV,0.734392531946586,0.55,0.10831562176113461,41.860269,35.953984,37.023008
150,40,22,6,2,540.672,0.14666666666666667,132,6000,1.8181818181818181,DSDV,DSDV,0.15544399899469263,1.0,0.4093693747232677,37.345679,40.917508,40.162738
150,40,22,6,3,540.672,0.14666666666666667,132,6000,1.8181818181818181,AODV,AODV,0.8523909605999004,0.5185691609784018,0.011710234919116567,47.303591,41.085859,40.805275
150,40,22,6,4,540.672,0.14666666666666667,132,6000,1.8181818181818181,AODV,AODV,0.8683426387379048,0.37838907149113654,0.29091310214547644,42.070707,39.284512,40.794052
150,40,22,6,5,540.672,0.14666666666666667,132,6000,1.8181818181818181,DSDV,DSDV,0.7826532553848918,1.0,0.03221391350218491,35.895062,36.840629,31.094276
150,40,22,8,1,720.896,0.14666666666666667,176,6000,1.8181818181818181,DSDV,DSDV,0.7336611232851171,1.0,0.004856580922953449,29.259259,29.736953,23.531145
150,40,22,8,2,720.896,0.14666666666666667,176,6000,1.8181818181818181,DSDV,DSDV,0.24376491307993253,1.0,0.3369822305258172,28.007155,32.424242,30.740741
150,40,22,8,3,720.896,0.14666666666666667,176,6000,1.8181818181818181,AODV,AODV,0.8651860690705,0.723999998912932,0.01784521901584472,34.64436,31.837121,30.06734
150,40,22,8,4,720.896,0.14666666666666667,176,6000,1.8181818181818181,AODV,AODV,0.8207910546765614,0.7436002574009308,0.03378762070658387,30.25463,28.802609,27.706229
150,40,22,8,5,720.896,0.14666666666666667,176,6000,1.8181818181818181,DSDV,AODV,0.8859330822188137,0.9684571056999789,0.016003899012620126,27.645202,27.270623,21.84133
150,40,25,3,1,307.2,0.16666666666666666,75,6000,1.6,AOMDV,AOMDV,0.31124386149979477,0.55,0.6695191789094419,59.051852,48.617284,63.703704
150,40,25,3,2,307.2,0.16666666666666666,75,6000,1.6,AOMDV,AOMDV,0.11657518595355926,0.55,0.8197967944023801,58.725926,55.22963,68.725926
150,40,25,3,3,307.2,0.16666666666666666,75,6000,1.6,AOMDV,AOMDV,0.2981264936301181,0.46865098549770967,0.8866127599765778,65.535802,53.224691,71.807407
150,40,25,3,4,307.2,0.16666666666666666,75,6000,1.6,AOMDV,AOMDV,0.08370832013057192,0.4501938737968383,0.9215655945454833,58.11358,55.82716,68.118519
150,40,25,3,5,307.2,0.16666666666666666,75,6000,1.6,AOMDV,AOMDV,0.270267378750083,0.55,0.6281829564419326,56.809877,52.019753,63.101235
150,40,25,5,1,512.0,0.16666666666666666,125,6000,1.6,DSDV,DSDV,0.31249568326433974,1.0,0.03949322122554497,34.331852,36.897778,34.082963
150,40,25,5,2,512.0,0.16666666666666666,125,6000,1.6,DSDV,DSDV,0.7263092431953854,1.0,0.043728084814063366,40.882963,41.333333,37.866667
150,40,25,5,3,512.0,0.16666666666666666,125,6000,1.6,AODV,AODV,0.8666333775173619,0.5441420398069671,0.036812571771352,45.614815,41.007407,40.53037
150,40,25,5,4,512.0,0.16666666666666666,125,6000,1.6,DSDV,DSDV,0.2596058824329721,1.0,0.45280894076981987,32.373333,39.514074,38.545185
150,40,25,5,5,512.0,0.16666666666666666,125,6000,1.6,DSDV,DSDV,0.30762762236515456,1.0,0.04832382034374225,31.502222,38.118519,31.042963
150,40,25,6,1,614.4,0.16666666666666666,150,6000,1.6,DSDV,AOMDV,0.10174311601766864,0.8520287309326302,0.6655529796659535,26.187654,30.108642,32.02963
150,40,25,6,2,614.4,0.16666666666666666,150,6000,1.6,DSDV,DSDV,0.4211095333731612,1.0,0.041454990267318956,32.469136,34.775309,31.471605
150,40,25,6,3,614.4,0.16666666666666666,150,6000,1.6,AODV,AODV,0.8953490571021041,0.8380478141740062,0.0065930331213473505,38.481481,35.804938,31.044444
150,40,25,6,4,614.4,0.16666666666666666,150,6000,1.6,DSDV,DSDV,0.43618219695697463,1.0,0.037128096697303464,31.874074,34.669136,31.106173
150,40,25,6,5,614.4,0.16666666666666666,150,6000,1.6,DSDV,DSDV,0.7923450958857123,0.8739669826801526,0.02265511241849501,29.125926,31.251852,22.365432
150,50,5,3,1,61.44,0.03333333333333333,15,7500,10.0,AOMDV,AODV,0.6502716208941831,0.28866771128029833,0.713454548619019,95.654321,68.493827,84.395062
150,50,5,3,2,61.44,0.03333333333333333,15,7500,10.0,AOMDV,AODV,0.7060861031069254,0.19190591833214876,0.877877697591211,90.839506,70.246914,89.82716
150,50,5,3,3,61.44,0.03333333333333333,15,7500,10.0,AOMDV,AODV,0.6795601053714763,0.245139951859545,0.7928571533853097,89.654321,75.135802,86.197531
150,50,5,3,4,61.44,0.03333333333333333,15,7500,10.0,AOMDV,AODV,0.578995002669588,0.3126777929753699,0.8310389534971157,92.691358,83.185185,91.234568
150,50,5,3,5,61.44,0.03333333333333333,15,7500,10.0,AOMDV,AODV,0.5499999999999999,0.5038385067910922,0.7306779650674372,94.91358,73.061728,86.691358
150,50,5,5,1,102.4,0.03333333333333333,25,7500,10.0,AOMDV,AOMDV,0.5287829013663115,0.4086584775266928,0.9,82.622222,69.748148,83.259259
150,50,5,5,2,102.4,0.03333333333333333,25,7500,10.0,AOMDV,AODV,0.7135062324750153,0.16231683714111983,0.8499048491896679,92.118519,60.977778,88.651852
150,50,5,5,3,102.4,0.03333333333333333,25,7500,10.0,AOMDV,AODV,0.6316353698952755,0.304547640828025,0.8968641130415074,81.955556,69.2,81.866667
150,50,5,5,4,102.4,0.03333333333333333,25,7500,10.0,AODV,AODV,0.75,0.3197019200066412,0.7471870705929874,93.511111,85.407407,91.555556
150,50,5,5,5,102.4,0.03333333333333333,25,7500,10.0,AOMDV,AODV,0.5860189958607926,0.27307312327912703,0.8148727970022367,90.296296,67.585185,86.0
150,50,5,6,1,122.88,0.03333333333333333,30,7500,10.0,AODV,AODV,0.7378737503946702,0.5397117646563074,0.40097715629909786,90.17284,75.864198,82.358025
150,50,5,6,2,122.88,0.03333333333333333,30,7500,10.0,AOMDV,AOMDV,0.6071726155269774,0.25915778323104055,0.9,87.506173,62.37037,88.098765
150,50,5,6,3,122.88,0.03333333333333333,30,7500,10.0,AOMDV,AODV,0.6298207353803589,0.2683442719667196,0.8163477298237516,88.679012,66.098765,84.481481
150,50,5,6,4,122.88,0.03333333333333333,30,7500,10.0,AOMDV,AODV,0.6429053824967222,0.32705445735926997,0.7673410296516233,96.888889,84.074074,93.111111
150,50,5,6,5,122.88,0.03333333333333333,30,7500,10.0,AOMDV,AODV,0.7180194618247834,0.24990928404575236,0.8364464722814888,88.024691,66.345679,84.962963
150,50,7,2,1,57.344,0.04666666666666667,14,7500,7.142857142857143,AOMDV,AODV,0.5362268453067014,0.46676203022836005,0.6653409135288798,94.814815,73.862434,83.888889
150,50,7,2,2,57.344,0.04666666666666667,14,7500,7.142857142857143,AOMDV,AODV,0.6853033197977451,0.26786278619013926,0.7266839406855414,92.619048,61.984127,80.820106
150,50,7,2,3,57.344,0.04666666666666667,14,7500,7.142857142857143,AOMDV,AODV,0.5476144256162646,0.48571181557719467,0.7177290936847684,94.84127,74.920635,86.772487
150,50,7,2,4,57.344,0.04666666666666667,14,7500,7.142857142857143,AOMDV,AODV,0.6340183873161986,0.30582193440885275,0.7700704412897581,96.269841,81.243386,91.931217
150,50,7,2,5,57.344,0.04666666666666667,14,7500,7.142857142857143,AOMDV,AODV,0.5499999999999999,0.5363114895041593,0.6001253333075628,94.391534,76.428571,90.238095
150,50,7,3,1,86.016,0.04666666666666667,21,7500,7.142857142857143,AOMDV,AODV,0.6511093569694704,0.2852282132972429,0.7457746429079417,92.645503,70.10582,84.920635
150,50,7,3,2,86.016,0.04666666666666667,21,7500,7.142857142857143,AOMDV,AODV,0.626962594317393,0.20827677100797534,0.7062749962789012,96.948854,61.675485,81.763668
150,50,7,3,3,86.016,0.04666666666666667,21,7500,7.142857142857143,AOMDV,AODV,0.5411400315711509,0.27698936834326215,0.783475295243262,91.604938,70.899471,86.243386
150,50,7,3,4,86.016,0.04666666666666667,21,7500,7.142857142857143,AODV,AODV,0.7411454569426399,0.23085267133540263,0.7211042883522095,96.948854,82.574956,91.234568
150,50,7,3,5,86.016,0.04666666666666667,21,7500,7.142857142857143,AOMDV,AODV,0.5459805115271558,0.4611896141092052,0.7957838552408381,94.797178,79.94709,91.358025
150,50,7,4,1,114.688,0.04666666666666667,28,7500,7.142857142857143,AOMDV,AODV,0.7111770253816526,0.13495337510032007,0.7459960111546186,96.415344,63.214286,85.05291
150,50,7,4,2,114.688,0.04666666666666667,28,7500,7.142857142857143,AOMDV,AODV,0.7217475840361576,0.1641066178968737,0.7665269507978664,91.521164,58.386243,81.693122
150,50,7,4,3,114.688,0.04666666666666667,28,7500,7.142857142857143,AOMDV,AODV,0.6661110807506503,0.19667039443731255,0.7590419775466513,94.325397,69.748677,86.626984
150,50,7,4,4,114.688,0.04666666666666667,28,7500,7.142857142857143,AOMDV,AODV,0.55953375893696,0.3141323455820724,0.8623011525725367,92.962963,80.489418,91.917989
150,50,7,4,5,114.688,0.04666666666666667,28,7500,7.142857142857143,AOMDV,AODV,0.5368251387747672,0.41802270053796964,0.8508378091290172,90.912698,71.177249,88.756614
150,50,7,5,1,143.36,0.04666666666666667,35,7500,7.142857142857143,AOMDV,AODV,0.6134047169538805,0.3292829836509049,0.712045452006691,92.804233,71.851852,84.05291
150,50,7,5,2,143.36,0.04666666666666667,35,7500,7.142857142857143,AOMDV,AODV,0.6358610201672182,0.2842780297754696,0.7481302641617865,91.449735,57.492063,79.989418
150,50,7,5,3,143.36,0.04666666666666667,35,7500,7.142857142857143,AOMDV,AOMDV,0.5080069658970676,0.3167325385999212,0.9,82.867725,66.582011,84.857143
150,50,7,5,4,143.36,0.04666666666666667,35,7500,7.142857142857143,AOMDV,AODV,0.6336191095285815,0.30040395055828956,0.8420676251873259,90.169312,73.89418,88.074074
150,50,7,5,5,143.36,0.04666666666666667,35,7500,7.142857142857143,AOMDV,AOMDV,0.5642754538911178,0.3129064036351638,0.9,88.973545,76.825397,89.238095
150,50,7,6,1,172.032,0.04666666666666667,42,7500,7.142857142857143,AOMDV,AODV,0.7217155221688669,0.18603621076580515,0.8154057166143613,89.691358,59.153439,83.950617
150,50,7,6,2,172.032,0.04666666666666667,42,7500,7.142857142857143,AOMDV,AODV,0.7251279885031636,0.18376513798736577,0.8248185601912721,88.624339,54.215168,83.156966
150,50,7,6,3,172.032,0.04666666666666667,42,7500,7.142857142857143,AOMDV,AODV,0.664459087684696,0.26933878984221304,0.788729743480421,89.744268,66.349206,83.959436
150,50,7,6,4,172.032,0.04666666666666667,42,7500,7.142857142857143,AOMDV,AODV,0.6901836319073725,0.1380609035604225,0.8995591110899879,89.717813,62.716049,89.691358
150,50,7,6,5,172.032,0.04666666666666667,42,7500,7.142857142857143,AOMDV,AOMDV,0.43518028132110065,0.4634028589877396,0.9,86.261023,71.43739,88.77425
150,50,7,8,1,229.376,0.04666666666666667,56,7500,7.142857142857143,AOMDV,AOMDV,0.5472413056520065,0.19130237818448892,0.9,82.116402,55.906085,84.887566
150,50,7,8,2,229.376,0.04666666666666667,56,7500,7.142857142857143,AOMDV,AODV,0.5978318701336254,0.23822825963906552,0.7669187064593929,85.548942,54.060847,76.236772
150,50,7,8,3,229.376,0.04666666666666667,56,7500,7.142857142857143,AODV,AODV,0.8377279046239675,0.1,0.6473639990008053,89.484127,61.388889,83.37963
150,50,7,8,4,229.376,0.04666666666666667,56,7500,7.142857142857143,AOMDV,AOMDV,0.6494373807818302,0.16583117425059446,0.9,86.402116,65.26455,89.854497
150,50,7,8,5,229.376,0.04666666666666667,56,7500,7.142857142857143,AOMDV,AOMDV,0.5995125739722311,0.2510774338113727,0.9,88.029101,67.043651,88.366402
150,50,10,3,1,122.88,0.06666666666666667,30,7500,5.0,AOMDV,AODV,0.6574134925565472,0.30326346717439373,0.6706756043256682,96.148148,74.950617,85.345679
150,50,10,3,2,122.88,0.06666666666666667,30,7500,5.0,AOMDV,AODV,0.6566466900131405,0.2570908454267147,0.7609534432127829,93.444444,54.728395,81.481481
150,50,10,3,3,122.88,0.06666666666666667,30,7500,5.0,AOMDV,AODV,0.5641893453234351,0.31274887794892997,0.7557103592699345,95.271605,63.814815,85.185185
150,50,10,3,4,122.88,0.06666666666666667,30,7500,5.0,AOMDV,AODV,0.525972621723421,0.4741337906330312,0.7448424091337644,94.617284,81.691358,90.160494
150,50,10,3,5,122.88,0.06666666666666667,30,7500,5.0,AOMDV,AODV,0.7281727369068216,0.11598903421467952,0.7633663324968005,95.320988,69.135802,87.37037
150,50,10,5,1,204.8,0.06666666666666667,50,7500,5.0,AOMDV,AODV,0.5523414009902912,0.2656981226003962,0.8577127668478916,89.214815,59.97037,86.466667
150,50,10,5,2,204.8,0.06666666666666667,50,7500,5.0,AOMDV,AODV,0.5620427420281574,0.24061046835227964,0.8308283470936536,84.140741,49.444444,78.807407
150,50,10,5,3,204.8,0.06666666666666667,50,7500,5.0,AOMDV,AODV,0.4954163811160223,0.3159091016244079,0.8201051613738506,87.414815,63.466667,83.162963
150,50,10,5,4,204.8,0.06666666666666667,50,7500,5.0,AOMDV,AODV,0.6269566139721787,0.12408292952686967,0.809043925656027,93.437037,67.637037,88.222222
150,50,10,5,5,204.8,0.06666666666666667,50,7500,5.0,AOMDV,AODV,0.5982705484584012,0.1917753369392921,0.7929849664467331,92.148148,63.585185,85.355556
150,50,10,6,1,245.76,0.06666666666666667,60,7500,5.0,AOMDV,AODV,0.6924500001074368,0.14988796180995298,0.897009251676645,84.660494,58.654321,84.487654
150,50,10,6,2,245.76,0.06666666666666667,60,7500,5.0,AOMDV,AODV,0.6240771569975259,0.35,0.8160991562971077,78.925926,49.87037,75.907407
150,50,10,6,3,245.76,0.06666666666666667,60,7500,5.0,AOMDV,AODV,0.46278898746388797,0.35,0.8484271157791052,83.759259,56.759259,81.697531
150,50,10,6,4,245.76,0.06666666666666667,60,7500,5.0,AOMDV,AODV,0.6225951078148557,0.1244012046793257,0.880770166021905,90.493827,64.925926,89.401235
150,50,10,6,5,245.76,0.06666666666666667,60,7500,5.0,AOMDV,AODV,0.5681091648681628,0.20107945198462351,0.9169960350229842,84.493827,62.864198,83.734568
150,50,12,2,1,98.304,0.08,24,7500,4.166666666666667,DSDV,AODV,0.5161308358606294,0.55,0.4203377948044403,97.098765,77.731481,85.817901
150,50,12,2,2,98.304,0.08,24,7500,4.166666666666667,AOMDV,AODV,0.6842021459737263,0.1313832064793068,0.7401724090260449,94.182099,58.37963,81.466049
150,50,12,2,3,98.304,0.08,24,7500,4.166666666666667,AOMDV,AODV,0.6495746065932685,0.24171841611626316,0.7511490248897903,93.858025,71.697531,86.527778
150,50,12,2,4,98.304,0.08,24,7500,4.166666666666667,AOMDV,AODV,0.6977662872273405,0.1,0.7766177444418828,93.858025,70.725309,87.515432
150,50,12,2,5,98.304,0.08,24,7500,4.166666666666667,AODV,AODV,0.7081893385348987,0.1,0.7033773178859098,95.987654,66.743827,83.209877
150,50,12,3,1,147.456,0.08,36,7500,4.166666666666667,AOMDV,AODV,0.50118422549737,0.35991585370842816,0.7724544095291375,92.87037,65.792181,85.195473
150,50,12,3,2,147.456,0.08,36,7500,4.166666666666667,AOMDV,AODV,0.6487778086114173,0.16253798348426748,0.7339676121646107,94.063786,55.946502,80.0
150,50,12,3,3,147.456,0.08,36,7500,4.166666666666667,AOMDV,AODV,0.6550374766715649,0.28074822428785673,0.8157131592551471,89.465021,63.209877,84.547325
150,50,12,3,4,147.456,0.08,36,7500,4.166666666666667,AODV,AODV,0.6999026329120943,0.41526559436659305,0.6046185555384697,92.304527,67.355967,87.016461
150,50,12,3,5,147.456,0.08,36,7500,4.166666666666667,AOMDV,AODV,0.6430410589735034,0.14330783588061943,0.7904225314460402,94.3107,61.440329,86.306584
150,50,12,4,1,196.608,0.08,48,7500,4.166666666666667,AOMDV,AODV,0.6709704531857308,0.14645741097533407,0.8343562669590162,90.601852,63.572531,86.658951
150,50,12,4,2,196.608,0.08,48,7500,4.166666666666667,AOMDV,AODV,0.5464033036471639,0.1982068785819504,0.8388332622135737,86.95216,53.387346,80.493827
150,50,12,4,3,196.608,0.08,48,7500,4.166666666666667,AOMDV,AODV,0.599707564754914,0.3371250566125094,0.7871917823841899,91.728395,63.564815,84.66821
150,50,12,4,4,196.608,0.08,48,7500,4.166666666666667,AOMDV,AODV,0.6063840495247107,0.220621283936156,0.8368583194759116,88.649691,66.103395,85.486111
150,50,12,4,5,196.608,0.08,48,7500,4.166666666666667,AOMDV,AODV,0.5597386533508335,0.20074180132173836,0.7572079645449193,91.141975,63.20216,82.276235
150,50,12,5,1,245.76,0.08,60,7500,4.166666666666667,AOMDV,AODV,0.6303842450769915,0.16347595782165764,0.8462469808235848,86.679012,63.734568,83.938272
150,50,12,5,2,245.76,0.08,60,7500,4.166666666666667,AOMDV,AODV,0.5055167752149686,0.25396659233456637,0.9017708940385756,77.691358,47.234568,74.148148
150,50,12,5,3,245.76,0.08,60,7500,4.166666666666667,AOMDV,AODV,0.6537097824878173,0.35,0.7052888589903861,83.876543,57.716049,81.030864
150,50,12,5,4,245.76,0.08,60,7500,4.166666666666667,AOMDV,AODV,0.5400577078003609,0.30877304093770264,0.8867970615986376,84.549383,64.351852,83.95679
150,50,12,5,5,245.76,0.08,60,7500,4.166666666666667,AOMDV,AOMDV,0.3219909813541184,0.44824968733032755,0.9738626396495045,75.981481,59.320988,82.604938
150,50,12,6,1,294.912,0.08,72,7500,4.166666666666667,AOMDV,AODV,0.7120313660798773,0.1,0.8640401442404781,87.350823,59.670782,85.138889
150,50,12,6,2,294.912,0.08,72,7500,4.166666666666667,AOMDV,AOMDV,0.38166352483454247,0.42017232426883033,0.966984821006607,64.161523,43.389918,67.880658
150,50,12,6,3,294.912,0.08,72,7500,4.166666666666667,AOMDV,AODV,0.6254219922589678,0.35,0.7026535321018426,82.427984,52.20679,76.419753
150,50,12,6,4,294.912,0.08,72,7500,4.166666666666667,AOMDV,AOMDV,0.3052208036203711,0.5072629577774613,0.8827363019131692,75.082305,59.04321,82.690329
150,50,12,6,5,294.912,0.08,72,7500,4.166666666666667,AOMDV,AODV,0.44999999999999996,0.3986483562330001,0.8311310555794722,75.730453,57.762346,74.187243
150,50,12,8,1,393.216,0.08,96,7500,4.166666666666667,AODV,AODV,0.9335943355786128,0.12851173073883015,0.44641829858812354,78.298611,54.035494,74.857253
150,50,12,8,2,393.216,0.08,96,7500,4.166666666666667,AOMDV,AOMDV,0.2668308694467686,0.49405730807818127,0.8122754242206935,51.246142,38.707562,59.853395
150,50,12,8,3,393.216,0.08,96,7500,4.166666666666667,AODV,AODV,0.9,0.2391897552534393,0.615065377316295,66.284722,45.308642,65.347222
150,50,12,8,4,393.216,0.08,96,7500,4.166666666666667,AOMDV,AOMDV,0.5658356090715857,0.35,0.6695950714544078,66.396605,49.791667,68.441358
150,50,12,8,5,393.216,0.08,96,7500,4.166666666666667,AOMDV,AOMDV,0.40196699769279876,0.4141122449646295,0.7242826174274644,62.210648,49.104938,69.911265
150,50,15,3,1,184.32,0.1,45,7500,3.3333333333333335,AOMDV,AODV,0.6305771124914115,0.14620077189566036,0.7800175003483543,91.037037,62.823045,83.514403
150,50,15,3,2,184.32,0.1,45,7500,3.3333333333333335,AOMDV,AODV,0.5674381221770453,0.20517936843906276,0.7652577294075468,90.255144,54.329218,79.497942
150,50,15,3,3,184.32,0.1,45,7500,3.3333333333333335,AOMDV,AODV,0.5791796845169074,0.316444768283705,0.8143536847406946,88.633745,58.633745,82.765432
150,50,15,3,4,184.32,0.1,45,7500,3.3333333333333335,AOMDV,AODV,0.5640383803600137,0.24403215123320318,0.7130061982918506,92.065844,69.506173,82.691358
150,50,15,3,5,184.32,0.1,45,7500,3.3333333333333335,AOMDV,AODV,0.6607314577630774,0.11797478208201628,0.7549316229709585,95.012346,66.72428,85.893004
150,50,15,5,1,307.2,0.1,75,7500,3.3333333333333335,AOMDV,AODV,0.6678119277691443,0.35,0.7780349373746512,80.750617,52.795062,78.755556
150,50,15,5,2,307.2,0.1,75,7500,3.3333333333333335,AOMDV,AOMDV,0.31902835042856764,0.3002541233556193,0.9791879481193333,58.296296,43.797531,70.508642
150,50,15,5,3,307.2,0.1,75,7500,3.3333333333333335,AODV,AODV,0.784114359153823,0.35,0.6206974992029324,71.175309,46.804938,70.241975
150,50,15,5,4,307.2,0.1,75,7500,3.3333333333333335,AOMDV,AOMDV,0.6309818746405628,0.1,0.9125228083373129,78.064198,58.62716,79.116049
150,50,15,5,5,307.2,0.1,75,7500,3.3333333333333335,AOMDV,AOMDV,0.3146306203801582,0.4935389275053529,0.9524555855855229,73.837037,59.535802,79.990123
150,50,15,6,1,368.64,0.1,90,7500,3.3333333333333335,AODV,AODV,0.9169391429737659,0.2648223352116533,0.4637774960691444,76.102881,46.432099,68.888889
150,50,15,6,2,368.64,0.1,90,7500,3.3333333333333335,AOMDV,AOMDV,0.26908432496477686,0.41215017498678475,0.9429417356454326,53.930041,37.967078,64.662551
150,50,15,6,3,368.64,0.1,90,7500,3.3333333333333335,AOMDV,AOMDV,0.5465180013159093,0.35,0.7054096565459809,59.987654,44.423868,62.728395
150,50,15,6,4,368.64,0.1,90,7500,3.3333333333333335,AOMDV,AOMDV,0.3440214935474512,0.4648765235720297,0.7076658166410914,65.279835,49.596708,71.00823
150,50,15,6,5,368.64,0.1,90,7500,3.3333333333333335,AOMDV,AOMDV,0.2711191733698324,0.3604417614605401,0.8071921553800026,64.337449,52.374486,72.230453
150,50,18,2,1,147.456,0.12,36,7500,2.7777777777777777,AOMDV,AODV,0.6493261614848185,0.1974447662912186,0.7618235277339317,93.67284,58.693416,82.932099
150,50,18,2,2,147.456,0.12,36,7500,2.7777777777777777,AOMDV,AODV,0.5659467570544369,0.17903900365108633,0.7564801429688943,92.55144,57.067901,81.234568
150,50,18,2,3,147.456,0.12,36,7500,2.7777777777777777,AOMDV,AODV,0.6390491287140422,0.17197696757794378,0.7372651715609458,92.849794,64.372428,82.55144
150,50,18,2,4,147.456,0.12,36,7500,2.7777777777777777,AOMDV,AODV,0.5894184716638952,0.20316603638552835,0.7497749367125716,93.600823,66.17284,84.444444
150,50,18,2,5,147.456,0.12,36,7500,2.7777777777777777,AODV,AODV,0.786261849259609,0.1,0.7560728721850888,95.082305,64.588477,85.329218
150,50,18,3,1,221.184,0.12,54,7500,2.7777777777777777,AOMDV,AODV,0.5711764478579898,0.2052494829406384,0.8437799006138254,88.978052,56.38546,83.683128
150,50,18,3,2,221.184,0.12,54,7500,2.7777777777777777,AOMDV,AODV,0.4700379223804476,0.35,0.8598397651259175,82.400549,52.935528,77.242798
150,50,18,3,3,221.184,0.12,54,7500,2.7777777777777777,AOMDV,AODV,0.5845770375881161,0.3257507609264707,0.8238710464637448,85.219479,56.886145,78.971193
150,50,18,3,4,221.184,0.12,54,7500,2.7777777777777777,AOMDV,AODV,0.6861052278500914,0.1,0.9010987873652183,86.186557,55.548697,84.09465
150,50,18,3,5,221.184,0.12,54,7500,2.7777777777777777,AOMDV,AODV,0.5433892747843672,0.24163562741697733,0.920144109670864,86.8107,60.953361,85.089163
150,50,18,4,1,294.912,0.12,72,7500,2.7777777777777777,AODV,AODV,0.7824304676246356,0.4392128585770855,0.4317085340842468,78.883745,52.006173,75.95679
150,50,18,4,2,294.912,0.12,72,7500,2.7777777777777777,AOMDV,AOMDV,0.48653697805653384,0.35,0.8319191241880464,69.701646,48.395062,69.927984
150,50,18,4,3,294.912,0.12,72,7500,2.7777777777777777,AODV,AOMDV,0.7930597689318485,0.35,0.699188507306347,71.88786,50.617284,72.006173
150,50,18,4,4,294.912,0.12,72,7500,2.7777777777777777,AOMDV,AOMDV,0.4322159443026143,0.55,0.7380511829904634,75.31893,54.315844,76.183128
150,50,18,4,5,294.912,0.12,72,7500,2.7777777777777777,AOMDV,AOMDV,0.2915157530589225,0.55,0.9562232076449892,69.773663,57.813786,76.27572
150,50,18,5,1,368.64,0.12,90,7500,2.7777777777777777,AODV,AODV,0.8606839994317229,0.5255386916619543,0.360356129771254,70.020576,48.102881,65.131687
150,50,18,5,2,368.64,0.12,90,7500,2.7777777777777777,AOMDV,AOMDV,0.2945612815381411,0.4101517213954926,0.869295901452942,52.814815,41.670782,58.695473
150,50,18,5,3,368.64,0.12,90,7500,2.7777777777777777,AOMDV,AOMDV,0.35250080569203385,0.35,0.7069288370500396,56.82716,44.917695,62.205761
150,50,18,5,4,368.64,0.12,90,7500,2.7777777777777777,AODV,AODV,0.9,0.31160564640839633,0.5436612613343818,67.156379,43.065844,64.144033
150,50,18,5,5,368.64,0.12,90,7500,2.7777777777777777,AOMDV,AOMDV,0.20878276723841466,0.5015154418139913,0.7806331245226641,59.209877,51.633745,67.962963
150,50,18,6,1,442.368,0.12,108,7500,2.7777777777777777,AODV,AODV,0.8337337762273141,0.4717784796375982,0.310527582673528,59.46845,42.805213,53.676269
150,50,18,6,2,442.368,0.12,108,7500,2.7777777777777777,AOMDV,AOMDV,0.17404663919748598,0.4791125463325496,0.8045019165095422,42.746914,35.408093,54.382716
150,50,18,6,3,442.368,0.12,108,7500,2.7777777777777777,AODV,AOMDV,0.781705668726459,0.35642022094785464,0.49633057984426565,46.303155,38.737997,47.846365
150,50,18,6,4,442.368,0.12,108,7500,2.7777777777777777,AODV,AODV,0.884650212709443,0.3933658723240606,0.48506036850364287,55.634431,44.314129,55.387517
150,50,18,6,5,442.368,0.12,108,7500,2.7777777777777777,AOMDV,AOMDV,0.14929272541172117,0.55,0.6336225054308088,49.68107,47.23594,59.756516
150,50,18,8,1,589.824,0.12,144,7500,2.7777777777777777,AODV,AODV,0.8758706132717982,0.5050672824578811,0.17946025246436395,46.468621,37.890947,41.311728
150,50,18,8,2,589.824,0.12,144,7500,2.7777777777777777,AOMDV,AOMDV,0.4013690089031296,0.35,0.7130241401096686,33.680556,28.50823,38.109568
150,50,18,8,3,589.824,0.12,144,7500,2.7777777777777777,AODV,AODV,0.9,0.2642277201754906,0.49499949250288144,40.658436,32.065329,39.290123
150,50,18,8,4,589.824,0.12,144,7500,2.7777777777777777,AODV,AODV,0.8710339232025176,0.4057890160143316,0.26955662741326103,46.684671,33.212449,40.807613
150,50,18,8,5,589.824,0.12,144,7500,2.7777777777777777,AOMDV,AOMDV,0.1402802455959091,0.5376402732577896,0.7200003065083082,38.490226,39.220679,47.641461
150,50,20,3,1,245.76,0.13333333333333333,60,7500,2.5,AOMDV,AODV,0.5314075383803263,0.27738992775825866,0.884146239579859,82.919753,56.314815,79.45679
150,50,20,3,2,245.76,0.13333333333333333,60,7500,2.5,AOMDV,AOMDV,0.37585405782355186,0.46898547200607954,0.9466794117469961,72.104938,49.919753,76.481481
150,50,20,3,3,245.76,0.13333333333333333,60,7500,2.5,AOMDV,AOMDV,0.38071904484822827,0.3753495697317377,0.9174439641895646,71.104938,53.092593,74.382716
150,50,20,3,4,245.76,0.13333333333333333,60,7500,2.5,AOMDV,AODV,0.44999999999999996,0.33297705180913606,0.9052458114398568,83.753086,57.475309,81.740741
150,50,20,3,5,245.76,0.13333333333333333,60,7500,2.5,AOMDV,AOMDV,0.3604621402330742,0.4209200097411222,0.9654298590671714,75.203704,55.944444,79.987654
150,50,20,5,1,409.6,0.13333333333333333,100,7500,2.5,AODV,AODV,0.8222381918856451,0.4166402843316621,0.3911030260857761,59.725926,45.12963,56.992593
150,50,20,5,2,409.6,0.13333333333333333,100,7500,2.5,AOMDV,AOMDV,0.3964198830159855,0.35,0.718706512942103,48.025926,39.037037,55.351852
150,50,20,5,3,409.6,0.13333333333333333,100,7500,2.5,AODV,AODV,0.8386602833650353,0.35,0.28491500812895065,52.266667,41.833333,46.992593
150,50,20,5,4,409.6,0.13333333333333333,100,7500,2.5,AOMDV,AOMDV,0.6005193294321658,0.35,0.7036984130005174,50.033333,41.185185,53.540741
150,50,20,5,5,409.6,0.13333333333333333,100,7500,2.5,AOMDV,AOMDV,0.42793325604126126,0.5174075595267745,0.7135561850489348,51.844444,45.262963,56.17037
150,50,20,6,1,491.52,0.13333333333333333,120,7500,2.5,AODV,AODV,0.7848082925502484,0.55,0.25721090719804635,51.333333,39.212963,45.669753
150,50,20,6,2,491.52,0.13333333333333333,120,7500,2.5,AOMDV,AOMDV,0.6549338843556266,0.35,0.713276069534648,43.712963,34.040123,47.432099
150,50,20,6,3,491.52,0.13333333333333333,120,7500,2.5,AODV,AODV,0.8956765640169823,0.5083623035838757,0.13783049131127897,45.521605,37.950617,39.799383
150,50,20,6,4,491.52,0.13333333333333333,120,7500,2.5,AODV,AODV,0.8563572701920598,0.35,0.4216565420003322,49.095679,37.098765,46.018519
150,50,20,6,5,491.52,0.13333333333333333,120,7500,2.5,AODV,AOMDV,0.8048242485094156,0.5034620781450617,0.4992794391985903,46.182099,40.910494,46.231481
150,50,22,2,1,180.224,0.14666666666666667,44,7500,2.272727272727273,AOMDV,AODV,0.5578283376705325,0.2309653207430752,0.7555967870522631,91.464646,60.260943,81.228956
150,50,22,2,2,180.224,0.14666666666666667,44,7500,2.272727272727273,AOMDV,AODV,0.44999999999999996,0.39710006306475354,0.8478896790104276,88.047138,56.338384,81.860269
150,50,22,2,3,180.224,0.14666666666666667,44,7500,2.272727272727273,AOMDV,AODV,0.44999999999999996,0.42660838520098376,0.6860176800801779,88.122896,63.703704,78.341751
150,50,22,2,4,180.224,0.14666666666666667,44,7500,2.272727272727273,AOMDV,AODV,0.6041477492813366,0.11862325455266987,0.762496428870114,93.341751,63.838384,84.326599
150,50,22,2,5,180.224,0.14666666666666667,44,7500,2.272727272727273,AOMDV,AODV,0.44999999999999996,0.3287478782472436,0.8606240852419689,88.409091,61.986532,83.619529
150,50,22,3,1,270.336,0.14666666666666667,66,7500,2.272727272727273,AOMDV,AODV,0.5186130810730154,0.2625066803861768,0.9222743384856218,78.967452,54.371493,78.344557
150,50,22,3,2,270.336,0.14666666666666667,66,7500,2.272727272727273,AOMDV,AOMDV,0.3135264405799684,0.3575646196712503,0.9718148248103706,67.390572,51.868687,74.147026
150,50,22,3,3,270.336,0.14666666666666667,66,7500,2.272727272727273,AOMDV,AOMDV,0.3953674047228493,0.43092199361492134,0.9441751700944861,70.286195,54.854097,72.418631
150,50,22,3,4,270.336,0.14666666666666667,66,7500,2.272727272727273,AOMDV,AOMDV,0.3461166424491615,0.23860908449047483,0.9616646845453655,73.501684,57.441077,78.32211
150,50,22,3,5,270.336,0.14666666666666667,66,7500,2.272727272727273,AOMDV,AOMDV,0.3240731319467469,0.4124664046481832,0.8746284154100061,70.364759,54.450056,76.548822
150,50,22,4,1,360.448,0.14666666666666667,88,7500,2.272727272727273,AODV,AODV,0.7529900221586853,0.55,0.45421384860776504,62.121212,46.940236,61.056397
150,50,22,4,2,360.448,0.14666666666666667,88,7500,2.272727272727273,AOMDV,AOMDV,0.41391221989553995,0.35,0.816392139153414,55.593434,42.605219,61.338384
150,50,22,4,3,360.448,0.14666666666666667,88,7500,2.272727272727273,DSDV,AOMDV,0.5463550802367153,0.55,0.4985492600046319,59.364478,48.021886,59.962121
150,50,22,4,4,360.448,0.14666666666666667,88,7500,2.272727272727273,AODV,AOMDV,0.6343737286484425,0.55,0.4994850971939637,59.065657,49.524411,60.871212
150,50,22,4,5,360.448,0.14666666666666667,88,7500,2.272727272727273,AOMDV,AOMDV,0.6142234880644507,0.35,0.7144726698769923,56.170034,49.915825,61.275253
150,50,22,5,1,450.56,0.14666666666666667,110,7500,2.272727272727273,AODV,AODV,0.829514284599607,0.4494421969009721,0.4321930338744009,50.215488,39.959596,48.895623
150,50,22,5,2,450.56,0.14666666666666667,110,7500,2.272727272727273,AOMDV,AOMDV,0.3781666908555249,0.35,0.7165824253518318,42.93266,37.494949,49.811448
150,50,22,5,3,450.56,0.14666666666666667,110,7500,2.272727272727273,AODV,AODV,0.8443346172758307,0.37657558747719877,0.2722989219941554,51.387205,40.481481,46.484848
150,50,22,5,4,450.56,0.14666666666666667,110,7500,2.272727272727273,AODV,AODV,0.9,0.4258397720870257,0.25432642071476125,52.329966,40.518519,46.380471
150,50,22,5,5,450.56,0.14666666666666667,110,7500,2.272727272727273,AODV,AOMDV,0.6590084616434286,0.55,0.5048796057248781,48.397306,40.895623,49.616162
150,50,22,6,1,540.672,0.14666666666666667,132,7500,2.272727272727273,AODV,AODV,0.8111606393168896,0.55,0.09491839867591312,47.629068,37.685185,39.719416
150,50,22,6,2,540.672,0.14666666666666667,132,7500,2.272727272727273,AODV,AOMDV,0.828549356399926,0.3362607123729956,0.5774784548848009,39.205948,32.323232,40.505051
150,50,22,6,3,540.672,0.14666666666666667,132,7500,2.272727272727273,AODV,AODV,0.8844310059857518,0.4862462558590285,0.3100085352959558,42.595398,37.713244,40.648148
150,50,22,6,4,540.672,0.14666666666666667,132,7500,2.272727272727273,AODV,AODV,0.6558385718342393,0.55,0.4093357678228352,40.35073,34.127385,39.306958
150,50,22,6,5,540.672,0.14666666666666667,132,7500,2.272727272727273,DSDV,AOMDV,0.07936803051409473,0.7719089025792806,0.7149430296415941,33.998316,39.377104,41.501122
150,50,22,8,1,720.896,0.14666666666666667,176,7500,2.272727272727273,AODV,AODV,0.7064366941897177,0.6349337152515645,0.017463170706378824,31.681397,30.13468,29.774832
150,50,22,8,2,720.896,0.14666666666666667,176,7500,2.272727272727273,AOMDV,AOMDV,0.49549269619344966,0.55,0.6565463591620933,28.209175,24.768519,30.991162
150,50,22,8,3,720.896,0.14666666666666667,176,7500,2.272727272727273,AODV,AODV,0.8877053428940235,0.7374201818292924,0.002510915636149264,32.824074,29.665404,27.011785
150,50,22,8,4,720.896,0.14666666666666667,176,7500,2.272727272727273,AODV,AODV,0.9,0.4868664836236999,0.018829630466913237,30.648148,25.136785,24.909512
150,50,22,8,5,720.896,0.14666666666666667,176,7500,2.272727272727273,DSDV,AOMDV,0.25,0.6233144524325276,0.5219595130356817,26.912879,27.906145,31.481481
150,50,25,3,1,307.2,0.16666666666666666,75,7500,2.0,AOMDV,AOMDV,0.2905937366506609,0.4066663704891721,0.8045962459303202,57.960494,48.4,63.204938
150,50,25,3,2,307.2,0.16666666666666666,75,7500,2.0,AOMDV,AOMDV,0.3018773416182837,0.4200021005489406,0.9560582355181572,63.219753,47.338272,71.012346
150,50,25,3,3,307.2,0.16666666666666666,75,7500,2.0,AOMDV,AODV,0.44999999999999996,0.5177287906907333,0.632853877675372,63.925926,53.703704,60.617284
150,50,25,3,4,307.2,0.16666666666666666,75,7500,2.0,AOMDV,AOMDV,0.4085901274503463,0.55,0.7057187014407136,64.409877,53.787654,65.48642
150,50,25,3,5,307.2,0.16666666666666666,75,7500,2.0,AOMDV,AOMDV,0.09568157314185792,0.5311599890064195,0.8115700982054572,58.153086,55.125926,69.362963
150,50,25,5,1,512.0,0.16666666666666666,125,7500,2.0,DSDV,DSDV,0.4512417299465317,1.0,0.028872572499936022,34.251852,36.885926,31.552593
150,50,25,5,2,512.0,0.16666666666666666,125,7500,2.0,AOMDV,AOMDV,0.6094991520704676,0.35,0.6498434714367755,39.318519,36.325926,42.93037
150,50,25,5,3,512.0,0.16666666666666666,125,7500,2.0,AODV,AODV,0.8851209994788425,0.55,0.06131201219770173,38.112593,36.50963,36.619259
150,50,25,5,4,512.0,0.16666666666666666,125,7500,2.0,DSDV,AOMDV,0.504324147368105,0.55,0.4961459673085337,37.392593,34.785185,38.826667
150,50,25,5,5,512.0,0.16666666666666666,125,7500,2.0,DSDV,DSDV,0.14014438840525578,1.0,0.465349189684324,31.860741,39.644444,38.711111
150,50,25,6,1,614.4,0.16666666666666666,150,7500,2.0,DSDV,DSDV,0.46620723604345293,1.0,0.03438582817389887,29.553086,31.414815,27.8
150,50,25,6,2,614.4,0.16666666666666666,150,7500,2.0,DSDV,AOMDV,0.26893942270631066,0.8412317150528277,0.499821139499048,30.31358,31.079012,31.496296
150,50,25,6,3,614.4,0.16666666666666666,150,7500,2.0,AODV,AODV,0.9056108644666515,0.6038847326760802,0.0,37.871605,33.362963,29.483951
150,50,25,6,4,614.4,0.16666666666666666,150,7500,2.0,AODV,AODV,0.9042496319206876,0.5127345249711471,0.0,38.849383,29.550617,28.795062
150,50,25,6,5,614.4,0.16666666666666666,150,7500,2.0,DSDV,DSDV,0.31508097082182035,1.0,0.04210674175686313,30.449383,34.609877,29.94321
