Instance_ID,Protocol,Nodes,Speed_kmh,Flows,Packet_Rate_pps,Mobility_Seed,Simulation_Seed,Source
INST_0901,AODV,50,20,5,3,1,100901,EXPANDED_REAL_NS2_SIMULATION
INST_0901,DSDV,50,20,5,3,1,100901,EXPANDED_REAL_NS2_SIMULATION
INST_0901,AOMDV,50,20,5,3,1,100901,EXPANDED_REAL_NS2_SIMULATION
INST_0902,AODV,50,20,5,3,2,100902,EXPANDED_REAL_NS2_SIMULATION
INST_0902,DSDV,50,20,5,3,2,100902,EXPANDED_REAL_NS2_SIMULATION
INST_0902,AOMDV,50,20,5,3,2,100902,EXPANDED_REAL_NS2_SIMULATION
INST_0903,AODV,50,20,5,3,3,100903,EXPANDED_REAL_NS2_SIMULATION
INST_0903,DSDV,50,20,5,3,3,100903,EXPANDED_REAL_NS2_SIMULATION
INST_0903,AOMDV,50,20,5,3,3,100903,EXPANDED_REAL_NS2_SIMULATION
INST_0904,AODV,50,20,5,3,4,100904,EXPANDED_REAL_NS2_SIMULATION
INST_0904,DSDV,50,20,5,3,4,100904,EXPANDED_REAL_NS2_SIMULATION
INST_0904,AOMDV,50,20,5,3,4,100904,EXPANDED_REAL_NS2_SIMULATION
INST_0905,AODV,50,20,5,3,5,100905,EXPANDED_REAL_NS2_SIMULATION
INST_0905,DSDV,50,20,5,3,5,100905,EXPANDED_REAL_NS2_SIMULATION
INST_0905,AOMDV,50,20,5,3,5,100905,EXPANDED_REAL_NS2_SIMULATION
INST_0906,AODV,50,20,5,5,1,100906,EXPANDED_REAL_NS2_SIMULATION
INST_0906,DSDV,50,20,5,5,1,100906,EXPANDED_REAL_NS2_SIMULATION
INST_0906,AOMDV,50,20,5,5,1,100906,EXPANDED_REAL_NS2_SIMULATION
INST_0907,AODV,50,20,5,5,2,100907,EXPANDED_REAL_NS2_SIMULATION
INST_0907,DSDV,50,20,5,5,2,100907,EXPANDED_REAL_NS2_SIMULATION
INST_0907,AOMDV,50,20,5,5,2,100907,EXPANDED_REAL_NS2_SIMULATION
INST_0908,AODV,50,20,5,5,3,100908,EXPANDED_REAL_NS2_SIMULATION
INST_0908,DSDV,50,20,5,5,3,100908,EXPANDED_REAL_NS2_SIMULATION
INST_0908,AOMDV,50,20,5,5,3,100908,EXPANDED_REAL_NS2_SIMULATION
INST_0909,AODV,50,20,5,5,4,100909,EXPANDED_REAL_NS2_SIMULATION
INST_0909,DSDV,50,20,5,5,4,100909,EXPANDED_REAL_NS2_SIMULATION
INST_0909,AOMDV,50,20,5,5,4,100909,EXPANDED_REAL_NS2_SIMULATION
INST_0910,AODV,50,20,5,5,5,100910,EXPANDED_REAL_NS2_SIMULATION
INST_0910,DSDV,50,20,5,5,5,100910,EXPANDED_REAL_NS2_SIMULATION
INST_0910,AOMDV,50,20,5,5,5,100910,EXPANDED_REAL_NS2_SIMULATION
INST_0911,AODV,50,20,5,6,1,100911,EXPANDED_REAL_NS2_SIMULATION
INST_0911,DSDV,50,20,5,6,1,100911,EXPANDED_REAL_NS2_SIMULATION
INST_0911,AOMDV,50,20,5,6,1,100911,EXPANDED_REAL_NS2_SIMULATION
INST_0912,AODV,50,20,5,6,2,100912,EXPANDED_REAL_NS2_SIMULATION
INST_0912,DSDV,50,20,5,6,2,100912,EXPANDED_REAL_NS2_SIMULATION
INST_0912,AOMDV,50,20,5,6,2,100912,EXPANDED_REAL_NS2_SIMULATION
INST_0913,AODV,50,20,5,6,3,100913,EXPANDED_REAL_NS2_SIMULATION
INST_0913,DSDV,50,20,5,6,3,100913,EXPANDED_REAL_NS2_SIMULATION
INST_0913,AOMDV,50,20,5,6,3,100913,EXPANDED_REAL_NS2_SIMULATION
INST_0914,AODV,50,20,5,6,4,100914,EXPANDED_REAL_NS2_SIMULATION
INST_0914,DSDV,50,20,5,6,4,100914,EXPANDED_REAL_NS2_SIMULATION
INST_0914,AOMDV,50,20,5,6,4,100914,EXPANDED_REAL_NS2_SIMULATION
INST_0915,AODV,50,20,5,6,5,100915,EXPANDED_REAL_NS2_SIMULATION
INST_0915,DSDV,50,20,5,6,5,100915,EXPANDED_REAL_NS2_SIMULATION
INST_0915,AOMDV,50,20,5,6,5,100915,EXPANDED_REAL_NS2_SIMULATION
INST_0916,AODV,50,20,7,2,1,100916,EXPANDED_REAL_NS2_SIMULATION
INST_0916,DSDV,50,20,7,2,1,100916,EXPANDED_REAL_NS2_SIMULATION
INST_0916,AOMDV,50,20,7,2,1,100916,EXPANDED_REAL_NS2_SIMULATION
INST_0917,AODV,50,20,7,2,2,100917,EXPANDED_REAL_NS2_SIMULATION
INST_0917,DSDV,50,20,7,2,2,100917,EXPANDED_REAL_NS2_SIMULATION
INST_0917,AOMDV,50,20,7,2,2,100917,EXPANDED_REAL_NS2_SIMULATION
INST_0918,AODV,50,20,7,2,3,100918,EXPANDED_REAL_NS2_SIMULATION
INST_0918,DSDV,50,20,7,2,3,100918,EXPANDED_REAL_NS2_SIMULATION
INST_0918,AOMDV,50,20,7,2,3,100918,EXPANDED_REAL_NS2_SIMULATION
INST_0919,AODV,50,20,7,2,4,100919,EXPANDED_REAL_NS2_SIMULATION
INST_0919,DSDV,50,20,7,2,4,100919,EXPANDED_REAL_NS2_SIMULATION
INST_0919,AOMDV,50,20,7,2,4,100919,EXPANDED_REAL_NS2_SIMULATION
INST_0920,AODV,50,20,7,2,5,100920,EXPANDED_REAL_NS2_SIMULATION
INST_0920,DSDV,50,20,7,2,5,100920,EXPANDED_REAL_NS2_SIMULATION
INST_0920,AOMDV,50,20,7,2,5,100920,EXPANDED_REAL_NS2_SIMULATION
INST_0921,AODV,50,20,7,3,1,100921,EXPANDED_REAL_NS2_SIMULATION
INST_0921,DSDV,50,20,7,3,1,100921,EXPANDED_REAL_NS2_SIMULATION
INST_0921,AOMDV,50,20,7,3,1,100921,EXPANDED_REAL_NS2_SIMULATION
INST_0922,AODV,50,20,7,3,2,100922,EXPANDED_REAL_NS2_SIMULATION
INST_0922,DSDV,50,20,7,3,2,100922,EXPANDED_REAL_NS2_SIMULATION
INST_0922,AOMDV,50,20,7,3,2,100922,EXPANDED_REAL_NS2_SIMULATION
INST_0923,AODV,50,20,7,3,3,100923,EXPANDED_REAL_NS2_SIMULATION
INST_0923,DSDV,50,20,7,3,3,100923,EXPANDED_REAL_NS2_SIMULATION
INST_0923,AOMDV,50,20,7,3,3,100923,EXPANDED_REAL_NS2_SIMULATION
INST_0924,AODV,50,20,7,3,4,100924,EXPANDED_REAL_NS2_SIMULATION
INST_0924,DSDV,50,20,7,3,4,100924,EXPANDED_REAL_NS2_SIMULATION
INST_0924,AOMDV,50,20,7,3,4,100924,EXPANDED_REAL_NS2_SIMULATION
INST_0925,AODV,50,20,7,3,5,100925,EXPANDED_REAL_NS2_SIMULATION
INST_0925,DSDV,50,20,7,3,5,100925,EXPANDED_REAL_NS2_SIMULATION
INST_0925,AOMDV,50,20,7,3,5,100925,EXPANDED_REAL_NS2_SIMULATION
INST_0926,AODV,50,20,7,4,1,100926,EXPANDED_REAL_NS2_SIMULATION
INST_0926,DSDV,50,20,7,4,1,100926,EXPANDED_REAL_NS2_SIMULATION
INST_0926,AOMDV,50,20,7,4,1,100926,EXPANDED_REAL_NS2_SIMULATION
INST_0927,AODV,50,20,7,4,2,100927,EXPANDED_REAL_NS2_SIMULATION
INST_0927,DSDV,50,20,7,4,2,100927,EXPANDED_REAL_NS2_SIMULATION
INST_0927,AOMDV,50,20,7,4,2,100927,EXPANDED_REAL_NS2_SIMULATION
INST_0928,AODV,50,20,7,4,3,100928,EXPANDED_REAL_NS2_SIMULATION
INST_0928,DSDV,50,20,7,4,3,100928,EXPANDED_REAL_NS2_SIMULATION
INST_0928,AOMDV,50,20,7,4,3,100928,EXPANDED_REAL_NS2_SIMULATION
INST_0929,AODV,50,20,7,4,4,100929,EXPANDED_REAL_NS2_SIMULATION
INST_0929,DSDV,50,20,7,4,4,100929,EXPANDED_REAL_NS2_SIMULATION
INST_0929,AOMDV,50,20,7,4,4,100929,EXPANDED_REAL_NS2_SIMULATION
INST_0930,AODV,50,20,7,4,5,100930,EXPANDED_REAL_NS2_SIMULATION
INST_0930,DSDV,50,20,7,4,5,100930,EXPANDED_REAL_NS2_SIMULATION
INST_0930,AOMDV,50,20,7,4,5,100930,EXPANDED_REAL_NS2_SIMULATION
INST_0931,AODV,50,20,7,5,1,100931,EXPANDED_REAL_NS2_SIMULATION
INST_0931,DSDV,50,20,7,5,1,100931,EXPANDED_REAL_NS2_SIMULATION
INST_0931,AOMDV,50,20,7,5,1,100931,EXPANDED_REAL_NS2_SIMULATION
INST_0932,AODV,50,20,7,5,2,100932,EXPANDED_REAL_NS2_SIMULATION
INST_0932,DSDV,50,20,7,5,2,100932,EXPANDED_REAL_NS2_SIMULATION
INST_0932,AOMDV,50,20,7,5,2,100932,EXPANDED_REAL_NS2_SIMULATION
INST_0933,AODV,50,20,7,5,3,100933,EXPANDED_REAL_NS2_SIMULATION
INST_0933,DSDV,50,20,7,5,3,100933,EXPANDED_REAL_NS2_SIMULATION
INST_0933,AOMDV,50,20,7,5,3,100933,EXPANDED_REAL_NS2_SIMULATION
INST_0934,AODV,50,20,7,5,4,100934,EXPANDED_REAL_NS2_SIMULATION
INST_0934,DSDV,50,20,7,5,4,100934,EXPANDED_REAL_NS2_SIMULATION
INST_0934,AOMDV,50,20,7,5,4,100934,EXPANDED_REAL_NS2_SIMULATION
INST_0935,AODV,50,20,7,5,5,100935,EXPANDED_REAL_NS2_SIMULATION
INST_0935,DSDV,50,20,7,5,5,100935,EXPANDED_REAL_NS2_SIMULATION
INST_0935,AOMDV,50,20,7,5,5,100935,EXPANDED_REAL_NS2_SIMULATION
INST_0936,AODV,50,20,7,6,1,100936,EXPANDED_REAL_NS2_SIMULATION
INST_0936,DSDV,50,20,7,6,1,100936,EXPANDED_REAL_NS2_SIMULATION
INST_0936,AOMDV,50,20,7,6,1,100936,EXPANDED_REAL_NS2_SIMULATION
INST_0937,AODV,50,20,7,6,2,100937,EXPANDED_REAL_NS2_SIMULATION
INST_0937,DSDV,50,20,7,6,2,100937,EXPANDED_REAL_NS2_SIMULATION
INST_0937,AOMDV,50,20,7,6,2,100937,EXPANDED_REAL_NS2_SIMULATION
INST_0938,AODV,50,20,7,6,3,100938,EXPANDED_REAL_NS2_SIMULATION
INST_0938,DSDV,50,20,7,6,3,100938,EXPANDED_REAL_NS2_SIMULATION
INST_0938,AOMDV,50,20,7,6,3,100938,EXPANDED_REAL_NS2_SIMULATION
INST_0939,AODV,50,20,7,6,4,100939,EXPANDED_REAL_NS2_SIMULATION
INST_0939,DSDV,50,20,7,6,4,100939,EXPANDED_REAL_NS2_SIMULATION
INST_0939,AOMDV,50,20,7,6,4,100939,EXPANDED_REAL_NS2_SIMULATION
INST_0940,AODV,50,20,7,6,5,100940,EXPANDED_REAL_NS2_SIMULATION
INST_0940,DSDV,50,20,7,6,5,100940,EXPANDED_REAL_NS2_SIMULATION
INST_0940,AOMDV,50,20,7,6,5,100940,EXPANDED_REAL_NS2_SIMULATION
INST_0941,AODV,50,20,7,8,1,100941,EXPANDED_REAL_NS2_SIMULATION
INST_0941,DSDV,50,20,7,8,1,100941,EXPANDED_REAL_NS2_SIMULATION
INST_0941,AOMDV,50,20,7,8,1,100941,EXPANDED_REAL_NS2_SIMULATION
INST_0942,AODV,50,20,7,8,2,100942,EXPANDED_REAL_NS2_SIMULATION
INST_0942,DSDV,50,20,7,8,2,100942,EXPANDED_REAL_NS2_SIMULATION
INST_0942,AOMDV,50,20,7,8,2,100942,EXPANDED_REAL_NS2_SIMULATION
INST_0943,AODV,50,20,7,8,3,100943,EXPANDED_REAL_NS2_SIMULATION
INST_0943,DSDV,50,20,7,8,3,100943,EXPANDED_REAL_NS2_SIMULATION
INST_0943,AOMDV,50,20,7,8,3,100943,EXPANDED_REAL_NS2_SIMULATION
INST_0944,AODV,50,20,7,8,4,100944,EXPANDED_REAL_NS2_SIMULATION
INST_0944,DSDV,50,20,7,8,4,100944,EXPANDED_REAL_NS2_SIMULATION
INST_0944,AOMDV,50,20,7,8,4,100944,EXPANDED_REAL_NS2_SIMULATION
INST_0945,AODV,50,20,7,8,5,100945,EXPANDED_REAL_NS2_SIMULATION
INST_0945,DSDV,50,20,7,8,5,100945,EXPANDED_REAL_NS2_SIMULATION
INST_0945,AOMDV,50,20,7,8,5,100945,EXPANDED_REAL_NS2_SIMULATION
INST_0946,AODV,50,20,10,3,1,100946,EXPANDED_REAL_NS2_SIMULATION
INST_0946,DSDV,50,20,10,3,1,100946,EXPANDED_REAL_NS2_SIMULATION
INST_0946,AOMDV,50,20,10,3,1,100946,EXPANDED_REAL_NS2_SIMULATION
INST_0947,AODV,50,20,10,3,2,100947,EXPANDED_REAL_NS2_SIMULATION
INST_0947,DSDV,50,20,10,3,2,100947,EXPANDED_REAL_NS2_SIMULATION
INST_0947,AOMDV,50,20,10,3,2,100947,EXPANDED_REAL_NS2_SIMULATION
INST_0948,AODV,50,20,10,3,3,100948,EXPANDED_REAL_NS2_SIMULATION
INST_0948,DSDV,50,20,10,3,3,100948,EXPANDED_REAL_NS2_SIMULATION
INST_0948,AOMDV,50,20,10,3,3,100948,EXPANDED_REAL_NS2_SIMULATION
INST_0949,AODV,50,20,10,3,4,100949,EXPANDED_REAL_NS2_SIMULATION
INST_0949,DSDV,50,20,10,3,4,100949,EXPANDED_REAL_NS2_SIMULATION
INST_0949,AOMDV,50,20,10,3,4,100949,EXPANDED_REAL_NS2_SIMULATION
INST_0950,AODV,50,20,10,3,5,100950,EXPANDED_REAL_NS2_SIMULATION
INST_0950,DSDV,50,20,10,3,5,100950,EXPANDED_REAL_NS2_SIMULATION
INST_0950,AOMDV,50,20,10,3,5,100950,EXPANDED_REAL_NS2_SIMULATION
INST_0951,AODV,50,20,10,5,1,100951,EXPANDED_REAL_NS2_SIMULATION
INST_0951,DSDV,50,20,10,5,1,100951,EXPANDED_REAL_NS2_SIMULATION
INST_0951,AOMDV,50,20,10,5,1,100951,EXPANDED_REAL_NS2_SIMULATION
INST_0952,AODV,50,20,10,5,2,100952,EXPANDED_REAL_NS2_SIMULATION
INST_0952,DSDV,50,20,10,5,2,100952,EXPANDED_REAL_NS2_SIMULATION
INST_0952,AOMDV,50,20,10,5,2,100952,EXPANDED_REAL_NS2_SIMULATION
INST_0953,AODV,50,20,10,5,3,100953,EXPANDED_REAL_NS2_SIMULATION
INST_0953,DSDV,50,20,10,5,3,100953,EXPANDED_REAL_NS2_SIMULATION
INST_0953,AOMDV,50,20,10,5,3,100953,EXPANDED_REAL_NS2_SIMULATION
INST_0954,AODV,50,20,10,5,4,100954,EXPANDED_REAL_NS2_SIMULATION
INST_0954,DSDV,50,20,10,5,4,100954,EXPANDED_REAL_NS2_SIMULATION
INST_0954,AOMDV,50,20,10,5,4,100954,EXPANDED_REAL_NS2_SIMULATION
INST_0955,AODV,50,20,10,5,5,100955,EXPANDED_REAL_NS2_SIMULATION
INST_0955,DSDV,50,20,10,5,5,100955,EXPANDED_REAL_NS2_SIMULATION
INST_0955,AOMDV,50,20,10,5,5,100955,EXPANDED_REAL_NS2_SIMULATION
INST_0956,AODV,50,20,10,6,1,100956,EXPANDED_REAL_NS2_SIMULATION
INST_0956,DSDV,50,20,10,6,1,100956,EXPANDED_REAL_NS2_SIMULATION
INST_0956,AOMDV,50,20,10,6,1,100956,EXPANDED_REAL_NS2_SIMULATION
INST_0957,AODV,50,20,10,6,2,100957,EXPANDED_REAL_NS2_SIMULATION
INST_0957,DSDV,50,20,10,6,2,100957,EXPANDED_REAL_NS2_SIMULATION
INST_0957,AOMDV,50,20,10,6,2,100957,EXPANDED_REAL_NS2_SIMULATION
INST_0958,AODV,50,20,10,6,3,100958,EXPANDED_REAL_NS2_SIMULATION
INST_0958,DSDV,50,20,10,6,3,100958,EXPANDED_REAL_NS2_SIMULATION
INST_0958,AOMDV,50,20,10,6,3,100958,EXPANDED_REAL_NS2_SIMULATION
INST_0959,AODV,50,20,10,6,4,100959,EXPANDED_REAL_NS2_SIMULATION
INST_0959,DSDV,50,20,10,6,4,100959,EXPANDED_REAL_NS2_SIMULATION
INST_0959,AOMDV,50,20,10,6,4,100959,EXPANDED_REAL_NS2_SIMULATION
INST_0960,AODV,50,20,10,6,5,100960,EXPANDED_REAL_NS2_SIMULATION
INST_0960,DSDV,50,20,10,6,5,100960,EXPANDED_REAL_NS2_SIMULATION
INST_0960,AOMDV,50,20,10,6,5,100960,EXPANDED_REAL_NS2_SIMULATION
INST_0961,AODV,50,20,12,2,1,100961,EXPANDED_REAL_NS2_SIMULATION
INST_0961,DSDV,50,20,12,2,1,100961,EXPANDED_REAL_NS2_SIMULATION
INST_0961,AOMDV,50,20,12,2,1,100961,EXPANDED_REAL_NS2_SIMULATION
INST_0962,AODV,50,20,12,2,2,100962,EXPANDED_REAL_NS2_SIMULATION
INST_0962,DSDV,50,20,12,2,2,100962,EXPANDED_REAL_NS2_SIMULATION
INST_0962,AOMDV,50,20,12,2,2,100962,EXPANDED_REAL_NS2_SIMULATION
INST_0963,AODV,50,20,12,2,3,100963,EXPANDED_REAL_NS2_SIMULATION
INST_0963,DSDV,50,20,12,2,3,100963,EXPANDED_REAL_NS2_SIMULATION
INST_0963,AOMDV,50,20,12,2,3,100963,EXPANDED_REAL_NS2_SIMULATION
INST_0964,AODV,50,20,12,2,4,100964,EXPANDED_REAL_NS2_SIMULATION
INST_0964,DSDV,50,20,12,2,4,100964,EXPANDED_REAL_NS2_SIMULATION
INST_0964,AOMDV,50,20,12,2,4,100964,EXPANDED_REAL_NS2_SIMULATION
INST_0965,AODV,50,20,12,2,5,100965,EXPANDED_REAL_NS2_SIMULATION
INST_0965,DSDV,50,20,12,2,5,100965,EXPANDED_REAL_NS2_SIMULATION
INST_0965,AOMDV,50,20,12,2,5,100965,EXPANDED_REAL_NS2_SIMULATION
INST_0966,AODV,50,20,12,3,1,100966,EXPANDED_REAL_NS2_SIMULATION
INST_0966,DSDV,50,20,12,3,1,100966,EXPANDED_REAL_NS2_SIMULATION
INST_0966,AOMDV,50,20,12,3,1,100966,EXPANDED_REAL_NS2_SIMULATION
INST_0967,AODV,50,20,12,3,2,100967,EXPANDED_REAL_NS2_SIMULATION
INST_0967,DSDV,50,20,12,3,2,100967,EXPANDED_REAL_NS2_SIMULATION
INST_0967,AOMDV,50,20,12,3,2,100967,EXPANDED_REAL_NS2_SIMULATION
INST_0968,AODV,50,20,12,3,3,100968,EXPANDED_REAL_NS2_SIMULATION
INST_0968,DSDV,50,20,12,3,3,100968,EXPANDED_REAL_NS2_SIMULATION
INST_0968,AOMDV,50,20,12,3,3,100968,EXPANDED_REAL_NS2_SIMULATION
INST_0969,AODV,50,20,12,3,4,100969,EXPANDED_REAL_NS2_SIMULATION
INST_0969,DSDV,50,20,12,3,4,100969,EXPANDED_REAL_NS2_SIMULATION
INST_0969,AOMDV,50,20,12,3,4,100969,EXPANDED_REAL_NS2_SIMULATION
INST_0970,AODV,50,20,12,3,5,100970,EXPANDED_REAL_NS2_SIMULATION
INST_0970,DSDV,50,20,12,3,5,100970,EXPANDED_REAL_NS2_SIMULATION
INST_0970,AOMDV,50,20,12,3,5,100970,EXPANDED_REAL_NS2_SIMULATION
INST_0971,AODV,50,20,12,4,1,100971,EXPANDED_REAL_NS2_SIMULATION
INST_0971,DSDV,50,20,12,4,1,100971,EXPANDED_REAL_NS2_SIMULATION
INST_0971,AOMDV,50,20,12,4,1,100971,EXPANDED_REAL_NS2_SIMULATION
INST_0972,AODV,50,20,12,4,2,100972,EXPANDED_REAL_NS2_SIMULATION
INST_0972,DSDV,50,20,12,4,2,100972,EXPANDED_REAL_NS2_SIMULATION
INST_0972,AOMDV,50,20,12,4,2,100972,EXPANDED_REAL_NS2_SIMULATION
INST_0973,AODV,50,20,12,4,3,100973,EXPANDED_REAL_NS2_SIMULATION
INST_0973,DSDV,50,20,12,4,3,100973,EXPANDED_REAL_NS2_SIMULATION
INST_0973,AOMDV,50,20,12,4,3,100973,EXPANDED_REAL_NS2_SIMULATION
INST_0974,AODV,50,20,12,4,4,100974,EXPANDED_REAL_NS2_SIMULATION
INST_0974,DSDV,50,20,12,4,4,100974,EXPANDED_REAL_NS2_SIMULATION
INST_0974,AOMDV,50,20,12,4,4,100974,EXPANDED_REAL_NS2_SIMULATION
INST_0975,AODV,50,20,12,4,5,100975,EXPANDED_REAL_NS2_SIMULATION
INST_0975,DSDV,50,20,12,4,5,100975,EXPANDED_REAL_NS2_SIMULATION
INST_0975,AOMDV,50,20,12,4,5,100975,EXPANDED_REAL_NS2_SIMULATION
INST_0976,AODV,50,20,12,5,1,100976,EXPANDED_REAL_NS2_SIMULATION
INST_0976,DSDV,50,20,12,5,1,100976,EXPANDED_REAL_NS2_SIMULATION
INST_0976,AOMDV,50,20,12,5,1,100976,EXPANDED_REAL_NS2_SIMULATION
INST_0977,AODV,50,20,12,5,2,100977,EXPANDED_REAL_NS2_SIMULATION
INST_0977,DSDV,50,20,12,5,2,100977,EXPANDED_REAL_NS2_SIMULATION
INST_0977,AOMDV,50,20,12,5,2,100977,EXPANDED_REAL_NS2_SIMULATION
INST_0978,AODV,50,20,12,5,3,100978,EXPANDED_REAL_NS2_SIMULATION
INST_0978,DSDV,50,20,12,5,3,100978,EXPANDED_REAL_NS2_SIMULATION
INST_0978,AOMDV,50,20,12,5,3,100978,EXPANDED_REAL_NS2_SIMULATION
INST_0979,AODV,50,20,12,5,4,100979,EXPANDED_REAL_NS2_SIMULATION
INST_0979,DSDV,50,20,12,5,4,100979,EXPANDED_REAL_NS2_SIMULATION
INST_0979,AOMDV,50,20,12,5,4,100979,EXPANDED_REAL_NS2_SIMULATION
INST_0980,AODV,50,20,12,5,5,100980,EXPANDED_REAL_NS2_SIMULATION
INST_0980,DSDV,50,20,12,5,5,100980,EXPANDED_REAL_NS2_SIMULATION
INST_0980,AOMDV,50,20,12,5,5,100980,EXPANDED_REAL_NS2_SIMULATION
INST_0981,AODV,50,20,12,6,1,100981,EXPANDED_REAL_NS2_SIMULATION
INST_0981,DSDV,50,20,12,6,1,100981,EXPANDED_REAL_NS2_SIMULATION
INST_0981,AOMDV,50,20,12,6,1,100981,EXPANDED_REAL_NS2_SIMULATION
INST_0982,AODV,50,20,12,6,2,100982,EXPANDED_REAL_NS2_SIMULATION
INST_0982,DSDV,50,20,12,6,2,100982,EXPANDED_REAL_NS2_SIMULATION
INST_0982,AOMDV,50,20,12,6,2,100982,EXPANDED_REAL_NS2_SIMULATION
INST_0983,AODV,50,20,12,6,3,100983,EXPANDED_REAL_NS2_SIMULATION
INST_0983,DSDV,50,20,12,6,3,100983,EXPANDED_REAL_NS2_SIMULATION
INST_0983,AOMDV,50,20,12,6,3,100983,EXPANDED_REAL_NS2_SIMULATION
INST_0984,AODV,50,20,12,6,4,100984,EXPANDED_REAL_NS2_SIMULATION
INST_0984,DSDV,50,20,12,6,4,100984,EXPANDED_REAL_NS2_SIMULATION
INST_0984,AOMDV,50,20,12,6,4,100984,EXPANDED_REAL_NS2_SIMULATION
INST_0985,AODV,50,20,12,6,5,100985,EXPANDED_REAL_NS2_SIMULATION
INST_0985,DSDV,50,20,12,6,5,100985,EXPANDED_REAL_NS2_SIMULATION
INST_0985,AOMDV,50,20,12,6,5,100985,EXPANDED_REAL_NS2_SIMULATION
INST_0986,AODV,50,20,12,8,1,100986,EXPANDED_REAL_NS2_SIMULATION
INST_0986,DSDV,50,20,12,8,1,100986,EXPANDED_REAL_NS2_SIMULATION
INST_0986,AOMDV,50,20,12,8,1,100986,EXPANDED_REAL_NS2_SIMULATION
INST_0987,AODV,50,20,12,8,2,100987,EXPANDED_REAL_NS2_SIMULATION
INST_0987,DSDV,50,20,12,8,2,100987,EXPANDED_REAL_NS2_SIMULATION
INST_0987,AOMDV,50,20,12,8,2,100987,EXPANDED_REAL_NS2_SIMULATION
INST_0988,AODV,50,20,12,8,3,100988,EXPANDED_REAL_NS2_SIMULATION
INST_0988,DSDV,50,20,12,8,3,100988,EXPANDED_REAL_NS2_SIMULATION
INST_0988,AOMDV,50,20,12,8,3,100988,EXPANDED_REAL_NS2_SIMULATION
INST_0989,AODV,50,20,12,8,4,100989,EXPANDED_REAL_NS2_SIMULATION
INST_0989,DSDV,50,20,12,8,4,100989,EXPANDED_REAL_NS2_SIMULATION
INST_0989,AOMDV,50,20,12,8,4,100989,EXPANDED_REAL_NS2_SIMULATION
INST_0990,AODV,50,20,12,8,5,100990,EXPANDED_REAL_NS2_SIMULATION
INST_0990,DSDV,50,20,12,8,5,100990,EXPANDED_REAL_NS2_SIMULATION
INST_0990,AOMDV,50,20,12,8,5,100990,EXPANDED_REAL_NS2_SIMULATION
INST_0991,AODV,50,20,15,3,1,100991,EXPANDED_REAL_NS2_SIMULATION
INST_0991,DSDV,50,20,15,3,1,100991,EXPANDED_REAL_NS2_SIMULATION
INST_0991,AOMDV,50,20,15,3,1,100991,EXPANDED_REAL_NS2_SIMULATION
INST_0992,AODV,50,20,15,3,2,100992,EXPANDED_REAL_NS2_SIMULATION
INST_0992,DSDV,50,20,15,3,2,100992,EXPANDED_REAL_NS2_SIMULATION
INST_0992,AOMDV,50,20,15,3,2,100992,EXPANDED_REAL_NS2_SIMULATION
INST_0993,AODV,50,20,15,3,3,100993,EXPANDED_REAL_NS2_SIMULATION
INST_0993,DSDV,50,20,15,3,3,100993,EXPANDED_REAL_NS2_SIMULATION
INST_0993,AOMDV,50,20,15,3,3,100993,EXPANDED_REAL_NS2_SIMULATION
INST_0994,AODV,50,20,15,3,4,100994,EXPANDED_REAL_NS2_SIMULATION
INST_0994,DSDV,50,20,15,3,4,100994,EXPANDED_REAL_NS2_SIMULATION
INST_0994,AOMDV,50,20,15,3,4,100994,EXPANDED_REAL_NS2_SIMULATION
INST_0995,AODV,50,20,15,3,5,100995,EXPANDED_REAL_NS2_SIMULATION
INST_0995,DSDV,50,20,15,3,5,100995,EXPANDED_REAL_NS2_SIMULATION
INST_0995,AOMDV,50,20,15,3,5,100995,EXPANDED_REAL_NS2_SIMULATION
INST_0996,AODV,50,20,15,5,1,100996,EXPANDED_REAL_NS2_SIMULATION
INST_0996,DSDV,50,20,15,5,1,100996,EXPANDED_REAL_NS2_SIMULATION
INST_0996,AOMDV,50,20,15,5,1,100996,EXPANDED_REAL_NS2_SIMULATION
INST_0997,AODV,50,20,15,5,2,100997,EXPANDED_REAL_NS2_SIMULATION
INST_0997,DSDV,50,20,15,5,2,100997,EXPANDED_REAL_NS2_SIMULATION
INST_0997,AOMDV,50,20,15,5,2,100997,EXPANDED_REAL_NS2_SIMULATION
INST_0998,AODV,50,20,15,5,3,100998,EXPANDED_REAL_NS2_SIMULATION
INST_0998,DSDV,50,20,15,5,3,100998,EXPANDED_REAL_NS2_SIMULATION
INST_0998,AOMDV,50,20,15,5,3,100998,EXPANDED_REAL_NS2_SIMULATION
INST_0999,AODV,50,20,15,5,4,100999,EXPANDED_REAL_NS2_SIMULATION
INST_0999,DSDV,50,20,15,5,4,100999,EXPANDED_REAL_NS2_SIMULATION
INST_0999,AOMDV,50,20,15,5,4,100999,EXPANDED_REAL_NS2_SIMULATION
INST_1000,AODV,50,20,15,5,5,101000,EXPANDED_REAL_NS2_SIMULATION
INST_1000,DSDV,50,20,15,5,5,101000,EXPANDED_REAL_NS2_SIMULATION
INST_1000,AOMDV,50,20,15,5,5,101000,EXPANDED_REAL_NS2_SIMULATION
INST_1001,AODV,50,20,15,6,1,101001,EXPANDED_REAL_NS2_SIMULATION
INST_1001,DSDV,50,20,15,6,1,101001,EXPANDED_REAL_NS2_SIMULATION
INST_1001,AOMDV,50,20,15,6,1,101001,EXPANDED_REAL_NS2_SIMULATION
INST_1002,AODV,50,20,15,6,2,101002,EXPANDED_REAL_NS2_SIMULATION
INST_1002,DSDV,50,20,15,6,2,101002,EXPANDED_REAL_NS2_SIMULATION
INST_1002,AOMDV,50,20,15,6,2,101002,EXPANDED_REAL_NS2_SIMULATION
INST_1003,AODV,50,20,15,6,3,101003,EXPANDED_REAL_NS2_SIMULATION
INST_1003,DSDV,50,20,15,6,3,101003,EXPANDED_REAL_NS2_SIMULATION
INST_1003,AOMDV,50,20,15,6,3,101003,EXPANDED_REAL_NS2_SIMULATION
INST_1004,AODV,50,20,15,6,4,101004,EXPANDED_REAL_NS2_SIMULATION
INST_1004,DSDV,50,20,15,6,4,101004,EXPANDED_REAL_NS2_SIMULATION
INST_1004,AOMDV,50,20,15,6,4,101004,EXPANDED_REAL_NS2_SIMULATION
INST_1005,AODV,50,20,15,6,5,101005,EXPANDED_REAL_NS2_SIMULATION
INST_1005,DSDV,50,20,15,6,5,101005,EXPANDED_REAL_NS2_SIMULATION
INST_1005,AOMDV,50,20,15,6,5,101005,EXPANDED_REAL_NS2_SIMULATION
INST_1006,AODV,50,20,18,2,1,101006,EXPANDED_REAL_NS2_SIMULATION
INST_1006,DSDV,50,20,18,2,1,101006,EXPANDED_REAL_NS2_SIMULATION
INST_1006,AOMDV,50,20,18,2,1,101006,EXPANDED_REAL_NS2_SIMULATION
INST_1007,AODV,50,20,18,2,2,101007,EXPANDED_REAL_NS2_SIMULATION
INST_1007,DSDV,50,20,18,2,2,101007,EXPANDED_REAL_NS2_SIMULATION
INST_1007,AOMDV,50,20,18,2,2,101007,EXPANDED_REAL_NS2_SIMULATION
INST_1008,AODV,50,20,18,2,3,101008,EXPANDED_REAL_NS2_SIMULATION
INST_1008,DSDV,50,20,18,2,3,101008,EXPANDED_REAL_NS2_SIMULATION
INST_1008,AOMDV,50,20,18,2,3,101008,EXPANDED_REAL_NS2_SIMULATION
INST_1009,AODV,50,20,18,2,4,101009,EXPANDED_REAL_NS2_SIMULATION
INST_1009,DSDV,50,20,18,2,4,101009,EXPANDED_REAL_NS2_SIMULATION
INST_1009,AOMDV,50,20,18,2,4,101009,EXPANDED_REAL_NS2_SIMULATION
INST_1010,AODV,50,20,18,2,5,101010,EXPANDED_REAL_NS2_SIMULATION
INST_1010,DSDV,50,20,18,2,5,101010,EXPANDED_REAL_NS2_SIMULATION
INST_1010,AOMDV,50,20,18,2,5,101010,EXPANDED_REAL_NS2_SIMULATION
INST_1011,AODV,50,20,18,3,1,101011,EXPANDED_REAL_NS2_SIMULATION
INST_1011,DSDV,50,20,18,3,1,101011,EXPANDED_REAL_NS2_SIMULATION
INST_1011,AOMDV,50,20,18,3,1,101011,EXPANDED_REAL_NS2_SIMULATION
INST_1012,AODV,50,20,18,3,2,101012,EXPANDED_REAL_NS2_SIMULATION
INST_1012,DSDV,50,20,18,3,2,101012,EXPANDED_REAL_NS2_SIMULATION
INST_1012,AOMDV,50,20,18,3,2,101012,EXPANDED_REAL_NS2_SIMULATION
INST_1013,AODV,50,20,18,3,3,101013,EXPANDED_REAL_NS2_SIMULATION
INST_1013,DSDV,50,20,18,3,3,101013,EXPANDED_REAL_NS2_SIMULATION
INST_1013,AOMDV,50,20,18,3,3,101013,EXPANDED_REAL_NS2_SIMULATION
INST_1014,AODV,50,20,18,3,4,101014,EXPANDED_REAL_NS2_SIMULATION
INST_1014,DSDV,50,20,18,3,4,101014,EXPANDED_REAL_NS2_SIMULATION
INST_1014,AOMDV,50,20,18,3,4,101014,EXPANDED_REAL_NS2_SIMULATION
INST_1015,AODV,50,20,18,3,5,101015,EXPANDED_REAL_NS2_SIMULATION
INST_1015,DSDV,50,20,18,3,5,101015,EXPANDED_REAL_NS2_SIMULATION
INST_1015,AOMDV,50,20,18,3,5,101015,EXPANDED_REAL_NS2_SIMULATION
INST_1016,AODV,50,20,18,4,1,101016,EXPANDED_REAL_NS2_SIMULATION
INST_1016,DSDV,50,20,18,4,1,101016,EXPANDED_REAL_NS2_SIMULATION
INST_1016,AOMDV,50,20,18,4,1,101016,EXPANDED_REAL_NS2_SIMULATION
INST_1017,AODV,50,20,18,4,2,101017,EXPANDED_REAL_NS2_SIMULATION
INST_1017,DSDV,50,20,18,4,2,101017,EXPANDED_REAL_NS2_SIMULATION
INST_1017,AOMDV,50,20,18,4,2,101017,EXPANDED_REAL_NS2_SIMULATION
INST_1018,AODV,50,20,18,4,3,101018,EXPANDED_REAL_NS2_SIMULATION
INST_1018,DSDV,50,20,18,4,3,101018,EXPANDED_REAL_NS2_SIMULATION
INST_1018,AOMDV,50,20,18,4,3,101018,EXPANDED_REAL_NS2_SIMULATION
INST_1019,AODV,50,20,18,4,4,101019,EXPANDED_REAL_NS2_SIMULATION
INST_1019,DSDV,50,20,18,4,4,101019,EXPANDED_REAL_NS2_SIMULATION
INST_1019,AOMDV,50,20,18,4,4,101019,EXPANDED_REAL_NS2_SIMULATION
INST_1020,AODV,50,20,18,4,5,101020,EXPANDED_REAL_NS2_SIMULATION
INST_1020,DSDV,50,20,18,4,5,101020,EXPANDED_REAL_NS2_SIMULATION
INST_1020,AOMDV,50,20,18,4,5,101020,EXPANDED_REAL_NS2_SIMULATION
INST_1021,AODV,50,20,18,5,1,101021,EXPANDED_REAL_NS2_SIMULATION
INST_1021,DSDV,50,20,18,5,1,101021,EXPANDED_REAL_NS2_SIMULATION
INST_1021,AOMDV,50,20,18,5,1,101021,EXPANDED_REAL_NS2_SIMULATION
INST_1022,AODV,50,20,18,5,2,101022,EXPANDED_REAL_NS2_SIMULATION
INST_1022,DSDV,50,20,18,5,2,101022,EXPANDED_REAL_NS2_SIMULATION
INST_1022,AOMDV,50,20,18,5,2,101022,EXPANDED_REAL_NS2_SIMULATION
INST_1023,AODV,50,20,18,5,3,101023,EXPANDED_REAL_NS2_SIMULATION
INST_1023,DSDV,50,20,18,5,3,101023,EXPANDED_REAL_NS2_SIMULATION
INST_1023,AOMDV,50,20,18,5,3,101023,EXPANDED_REAL_NS2_SIMULATION
INST_1024,AODV,50,20,18,5,4,101024,EXPANDED_REAL_NS2_SIMULATION
INST_1024,DSDV,50,20,18,5,4,101024,EXPANDED_REAL_NS2_SIMULATION
INST_1024,AOMDV,50,20,18,5,4,101024,EXPANDED_REAL_NS2_SIMULATION
INST_1025,AODV,50,20,18,5,5,101025,EXPANDED_REAL_NS2_SIMULATION
INST_1025,DSDV,50,20,18,5,5,101025,EXPANDED_REAL_NS2_SIMULATION
INST_1025,AOMDV,50,20,18,5,5,101025,EXPANDED_REAL_NS2_SIMULATION
INST_1026,AODV,50,20,18,6,1,101026,EXPANDED_REAL_NS2_SIMULATION
INST_1026,DSDV,50,20,18,6,1,101026,EXPANDED_REAL_NS2_SIMULATION
INST_1026,AOMDV,50,20,18,6,1,101026,EXPANDED_REAL_NS2_SIMULATION
INST_1027,AODV,50,20,18,6,2,101027,EXPANDED_REAL_NS2_SIMULATION
INST_1027,DSDV,50,20,18,6,2,101027,EXPANDED_REAL_NS2_SIMULATION
INST_1027,AOMDV,50,20,18,6,2,101027,EXPANDED_REAL_NS2_SIMULATION
INST_1028,AODV,50,20,18,6,3,101028,EXPANDED_REAL_NS2_SIMULATION
INST_1028,DSDV,50,20,18,6,3,101028,EXPANDED_REAL_NS2_SIMULATION
INST_1028,AOMDV,50,20,18,6,3,101028,EXPANDED_REAL_NS2_SIMULATION
INST_1029,AODV,50,20,18,6,4,101029,EXPANDED_REAL_NS2_SIMULATION
INST_1029,DSDV,50,20,18,6,4,101029,EXPANDED_REAL_NS2_SIMULATION
INST_1029,AOMDV,50,20,18,6,4,101029,EXPANDED_REAL_NS2_SIMULATION
INST_1030,AODV,50,20,18,6,5,101030,EXPANDED_REAL_NS2_SIMULATION
INST_1030,DSDV,50,20,18,6,5,101030,EXPANDED_REAL_NS2_SIMULATION
INST_1030,AOMDV,50,20,18,6,5,101030,EXPANDED_REAL_NS2_SIMULATION
INST_1031,AODV,50,20,18,8,1,101031,EXPANDED_REAL_NS2_SIMULATION
INST_1031,DSDV,50,20,18,8,1,101031,EXPANDED_REAL_NS2_SIMULATION
INST_1031,AOMDV,50,20,18,8,1,101031,EXPANDED_REAL_NS2_SIMULATION
INST_1032,AODV,50,20,18,8,2,101032,EXPANDED_REAL_NS2_SIMULATION
INST_1032,DSDV,50,20,18,8,2,101032,EXPANDED_REAL_NS2_SIMULATION
INST_1032,AOMDV,50,20,18,8,2,101032,EXPANDED_REAL_NS2_SIMULATION
INST_1033,AODV,50,20,18,8,3,101033,EXPANDED_REAL_NS2_SIMULATION
INST_1033,DSDV,50,20,18,8,3,101033,EXPANDED_REAL_NS2_SIMULATION
INST_1033,AOMDV,50,20,18,8,3,101033,EXPANDED_REAL_NS2_SIMULATION
INST_1034,AODV,50,20,18,8,4,101034,EXPANDED_REAL_NS2_SIMULATION
INST_1034,DSDV,50,20,18,8,4,101034,EXPANDED_REAL_NS2_SIMULATION
INST_1034,AOMDV,50,20,18,8,4,101034,EXPANDED_REAL_NS2_SIMULATION
INST_1035,AODV,50,20,18,8,5,101035,EXPANDED_REAL_NS2_SIMULATION
INST_1035,DSDV,50,20,18,8,5,101035,EXPANDED_REAL_NS2_SIMULATION
INST_1035,AOMDV,50,20,18,8,5,101035,EXPANDED_REAL_NS2_SIMULATION
INST_1036,AODV,50,20,20,3,1,101036,EXPANDED_REAL_NS2_SIMULATION
INST_1036,DSDV,50,20,20,3,1,101036,EXPANDED_REAL_NS2_SIMULATION
INST_1036,AOMDV,50,20,20,3,1,101036,EXPANDED_REAL_NS2_SIMULATION
INST_1037,AODV,50,20,20,3,2,101037,EXPANDED_REAL_NS2_SIMULATION
INST_1037,DSDV,50,20,20,3,2,101037,EXPANDED_REAL_NS2_SIMULATION
INST_1037,AOMDV,50,20,20,3,2,101037,EXPANDED_REAL_NS2_SIMULATION
INST_1038,AODV,50,20,20,3,3,101038,EXPANDED_REAL_NS2_SIMULATION
INST_1038,DSDV,50,20,20,3,3,101038,EXPANDED_REAL_NS2_SIMULATION
INST_1038,AOMDV,50,20,20,3,3,101038,EXPANDED_REAL_NS2_SIMULATION
INST_1039,AODV,50,20,20,3,4,101039,EXPANDED_REAL_NS2_SIMULATION
INST_1039,DSDV,50,20,20,3,4,101039,EXPANDED_REAL_NS2_SIMULATION
INST_1039,AOMDV,50,20,20,3,4,101039,EXPANDED_REAL_NS2_SIMULATION
INST_1040,AODV,50,20,20,3,5,101040,EXPANDED_REAL_NS2_SIMULATION
INST_1040,DSDV,50,20,20,3,5,101040,EXPANDED_REAL_NS2_SIMULATION
INST_1040,AOMDV,50,20,20,3,5,101040,EXPANDED_REAL_NS2_SIMULATION
INST_1041,AODV,50,20,20,5,1,101041,EXPANDED_REAL_NS2_SIMULATION
INST_1041,DSDV,50,20,20,5,1,101041,EXPANDED_REAL_NS2_SIMULATION
INST_1041,AOMDV,50,20,20,5,1,101041,EXPANDED_REAL_NS2_SIMULATION
INST_1042,AODV,50,20,20,5,2,101042,EXPANDED_REAL_NS2_SIMULATION
INST_1042,DSDV,50,20,20,5,2,101042,EXPANDED_REAL_NS2_SIMULATION
INST_1042,AOMDV,50,20,20,5,2,101042,EXPANDED_REAL_NS2_SIMULATION
INST_1043,AODV,50,20,20,5,3,101043,EXPANDED_REAL_NS2_SIMULATION
INST_1043,DSDV,50,20,20,5,3,101043,EXPANDED_REAL_NS2_SIMULATION
INST_1043,AOMDV,50,20,20,5,3,101043,EXPANDED_REAL_NS2_SIMULATION
INST_1044,AODV,50,20,20,5,4,101044,EXPANDED_REAL_NS2_SIMULATION
INST_1044,DSDV,50,20,20,5,4,101044,EXPANDED_REAL_NS2_SIMULATION
INST_1044,AOMDV,50,20,20,5,4,101044,EXPANDED_REAL_NS2_SIMULATION
INST_1045,AODV,50,20,20,5,5,101045,EXPANDED_REAL_NS2_SIMULATION
INST_1045,DSDV,50,20,20,5,5,101045,EXPANDED_REAL_NS2_SIMULATION
INST_1045,AOMDV,50,20,20,5,5,101045,EXPANDED_REAL_NS2_SIMULATION
INST_1046,AODV,50,20,20,6,1,101046,EXPANDED_REAL_NS2_SIMULATION
INST_1046,DSDV,50,20,20,6,1,101046,EXPANDED_REAL_NS2_SIMULATION
INST_1046,AOMDV,50,20,20,6,1,101046,EXPANDED_REAL_NS2_SIMULATION
INST_1047,AODV,50,20,20,6,2,101047,EXPANDED_REAL_NS2_SIMULATION
INST_1047,DSDV,50,20,20,6,2,101047,EXPANDED_REAL_NS2_SIMULATION
INST_1047,AOMDV,50,20,20,6,2,101047,EXPANDED_REAL_NS2_SIMULATION
INST_1048,AODV,50,20,20,6,3,101048,EXPANDED_REAL_NS2_SIMULATION
INST_1048,DSDV,50,20,20,6,3,101048,EXPANDED_REAL_NS2_SIMULATION
INST_1048,AOMDV,50,20,20,6,3,101048,EXPANDED_REAL_NS2_SIMULATION
INST_1049,AODV,50,20,20,6,4,101049,EXPANDED_REAL_NS2_SIMULATION
INST_1049,DSDV,50,20,20,6,4,101049,EXPANDED_REAL_NS2_SIMULATION
INST_1049,AOMDV,50,20,20,6,4,101049,EXPANDED_REAL_NS2_SIMULATION
INST_1050,AODV,50,20,20,6,5,101050,EXPANDED_REAL_NS2_SIMULATION
INST_1050,DSDV,50,20,20,6,5,101050,EXPANDED_REAL_NS2_SIMULATION
INST_1050,AOMDV,50,20,20,6,5,101050,EXPANDED_REAL_NS2_SIMULATION
INST_1051,AODV,50,20,22,2,1,101051,EXPANDED_REAL_NS2_SIMULATION
INST_1051,DSDV,50,20,22,2,1,101051,EXPANDED_REAL_NS2_SIMULATION
INST_1051,AOMDV,50,20,22,2,1,101051,EXPANDED_REAL_NS2_SIMULATION
INST_1052,AODV,50,20,22,2,2,101052,EXPANDED_REAL_NS2_SIMULATION
INST_1052,DSDV,50,20,22,2,2,101052,EXPANDED_REAL_NS2_SIMULATION
INST_1052,AOMDV,50,20,22,2,2,101052,EXPANDED_REAL_NS2_SIMULATION
INST_1053,AODV,50,20,22,2,3,101053,EXPANDED_REAL_NS2_SIMULATION
INST_1053,DSDV,50,20,22,2,3,101053,EXPANDED_REAL_NS2_SIMULATION
INST_1053,AOMDV,50,20,22,2,3,101053,EXPANDED_REAL_NS2_SIMULATION
INST_1054,AODV,50,20,22,2,4,101054,EXPANDED_REAL_NS2_SIMULATION
INST_1054,DSDV,50,20,22,2,4,101054,EXPANDED_REAL_NS2_SIMULATION
INST_1054,AOMDV,50,20,22,2,4,101054,EXPANDED_REAL_NS2_SIMULATION
INST_1055,AODV,50,20,22,2,5,101055,EXPANDED_REAL_NS2_SIMULATION
INST_1055,DSDV,50,20,22,2,5,101055,EXPANDED_REAL_NS2_SIMULATION
INST_1055,AOMDV,50,20,22,2,5,101055,EXPANDED_REAL_NS2_SIMULATION
INST_1056,AODV,50,20,22,3,1,101056,EXPANDED_REAL_NS2_SIMULATION
INST_1056,DSDV,50,20,22,3,1,101056,EXPANDED_REAL_NS2_SIMULATION
INST_1056,AOMDV,50,20,22,3,1,101056,EXPANDED_REAL_NS2_SIMULATION
INST_1057,AODV,50,20,22,3,2,101057,EXPANDED_REAL_NS2_SIMULATION
INST_1057,DSDV,50,20,22,3,2,101057,EXPANDED_REAL_NS2_SIMULATION
INST_1057,AOMDV,50,20,22,3,2,101057,EXPANDED_REAL_NS2_SIMULATION
INST_1058,AODV,50,20,22,3,3,101058,EXPANDED_REAL_NS2_SIMULATION
INST_1058,DSDV,50,20,22,3,3,101058,EXPANDED_REAL_NS2_SIMULATION
INST_1058,AOMDV,50,20,22,3,3,101058,EXPANDED_REAL_NS2_SIMULATION
INST_1059,AODV,50,20,22,3,4,101059,EXPANDED_REAL_NS2_SIMULATION
INST_1059,DSDV,50,20,22,3,4,101059,EXPANDED_REAL_NS2_SIMULATION
INST_1059,AOMDV,50,20,22,3,4,101059,EXPANDED_REAL_NS2_SIMULATION
INST_1060,AODV,50,20,22,3,5,101060,EXPANDED_REAL_NS2_SIMULATION
INST_1060,DSDV,50,20,22,3,5,101060,EXPANDED_REAL_NS2_SIMULATION
INST_1060,AOMDV,50,20,22,3,5,101060,EXPANDED_REAL_NS2_SIMULATION
INST_1061,AODV,50,20,22,4,1,101061,EXPANDED_REAL_NS2_SIMULATION
INST_1061,DSDV,50,20,22,4,1,101061,EXPANDED_REAL_NS2_SIMULATION
INST_1061,AOMDV,50,20,22,4,1,101061,EXPANDED_REAL_NS2_SIMULATION
INST_1062,AODV,50,20,22,4,2,101062,EXPANDED_REAL_NS2_SIMULATION
INST_1062,DSDV,50,20,22,4,2,101062,EXPANDED_REAL_NS2_SIMULATION
INST_1062,AOMDV,50,20,22,4,2,101062,EXPANDED_REAL_NS2_SIMULATION
INST_1063,AODV,50,20,22,4,3,101063,EXPANDED_REAL_NS2_SIMULATION
INST_1063,DSDV,50,20,22,4,3,101063,EXPANDED_REAL_NS2_SIMULATION
INST_1063,AOMDV,50,20,22,4,3,101063,EXPANDED_REAL_NS2_SIMULATION
INST_1064,AODV,50,20,22,4,4,101064,EXPANDED_REAL_NS2_SIMULATION
INST_1064,DSDV,50,20,22,4,4,101064,EXPANDED_REAL_NS2_SIMULATION
INST_1064,AOMDV,50,20,22,4,4,101064,EXPANDED_REAL_NS2_SIMULATION
INST_1065,AODV,50,20,22,4,5,101065,EXPANDED_REAL_NS2_SIMULATION
INST_1065,DSDV,50,20,22,4,5,101065,EXPANDED_REAL_NS2_SIMULATION
INST_1065,AOMDV,50,20,22,4,5,101065,EXPANDED_REAL_NS2_SIMULATION
INST_1066,AODV,50,20,22,5,1,101066,EXPANDED_REAL_NS2_SIMULATION
INST_1066,DSDV,50,20,22,5,1,101066,EXPANDED_REAL_NS2_SIMULATION
INST_1066,AOMDV,50,20,22,5,1,101066,EXPANDED_REAL_NS2_SIMULATION
INST_1067,AODV,50,20,22,5,2,101067,EXPANDED_REAL_NS2_SIMULATION
INST_1067,DSDV,50,20,22,5,2,101067,EXPANDED_REAL_NS2_SIMULATION
INST_1067,AOMDV,50,20,22,5,2,101067,EXPANDED_REAL_NS2_SIMULATION
INST_1068,AODV,50,20,22,5,3,101068,EXPANDED_REAL_NS2_SIMULATION
INST_1068,DSDV,50,20,22,5,3,101068,EXPANDED_REAL_NS2_SIMULATION
INST_1068,AOMDV,50,20,22,5,3,101068,EXPANDED_REAL_NS2_SIMULATION
INST_1069,AODV,50,20,22,5,4,101069,EXPANDED_REAL_NS2_SIMULATION
INST_1069,DSDV,50,20,22,5,4,101069,EXPANDED_REAL_NS2_SIMULATION
INST_1069,AOMDV,50,20,22,5,4,101069,EXPANDED_REAL_NS2_SIMULATION
INST_1070,AODV,50,20,22,5,5,101070,EXPANDED_REAL_NS2_SIMULATION
INST_1070,DSDV,50,20,22,5,5,101070,EXPANDED_REAL_NS2_SIMULATION
INST_1070,AOMDV,50,20,22,5,5,101070,EXPANDED_REAL_NS2_SIMULATION
INST_1071,AODV,50,20,22,6,1,101071,EXPANDED_REAL_NS2_SIMULATION
INST_1071,DSDV,50,20,22,6,1,101071,EXPANDED_REAL_NS2_SIMULATION
INST_1071,AOMDV,50,20,22,6,1,101071,EXPANDED_REAL_NS2_SIMULATION
INST_1072,AODV,50,20,22,6,2,101072,EXPANDED_REAL_NS2_SIMULATION
INST_1072,DSDV,50,20,22,6,2,101072,EXPANDED_REAL_NS2_SIMULATION
INST_1072,AOMDV,50,20,22,6,2,101072,EXPANDED_REAL_NS2_SIMULATION
INST_1073,AODV,50,20,22,6,3,101073,EXPANDED_REAL_NS2_SIMULATION
INST_1073,DSDV,50,20,22,6,3,101073,EXPANDED_REAL_NS2_SIMULATION
INST_1073,AOMDV,50,20,22,6,3,101073,EXPANDED_REAL_NS2_SIMULATION
INST_1074,AODV,50,20,22,6,4,101074,EXPANDED_REAL_NS2_SIMULATION
INST_1074,DSDV,50,20,22,6,4,101074,EXPANDED_REAL_NS2_SIMULATION
INST_1074,AOMDV,50,20,22,6,4,101074,EXPANDED_REAL_NS2_SIMULATION
INST_1075,AODV,50,20,22,6,5,101075,EXPANDED_REAL_NS2_SIMULATION
INST_1075,DSDV,50,20,22,6,5,101075,EXPANDED_REAL_NS2_SIMULATION
INST_1075,AOMDV,50,20,22,6,5,101075,EXPANDED_REAL_NS2_SIMULATION
INST_1076,AODV,50,20,22,8,1,101076,EXPANDED_REAL_NS2_SIMULATION
INST_1076,DSDV,50,20,22,8,1,101076,EXPANDED_REAL_NS2_SIMULATION
INST_1076,AOMDV,50,20,22,8,1,101076,EXPANDED_REAL_NS2_SIMULATION
INST_1077,AODV,50,20,22,8,2,101077,EXPANDED_REAL_NS2_SIMULATION
INST_1077,DSDV,50,20,22,8,2,101077,EXPANDED_REAL_NS2_SIMULATION
INST_1077,AOMDV,50,20,22,8,2,101077,EXPANDED_REAL_NS2_SIMULATION
INST_1078,AODV,50,20,22,8,3,101078,EXPANDED_REAL_NS2_SIMULATION
INST_1078,DSDV,50,20,22,8,3,101078,EXPANDED_REAL_NS2_SIMULATION
INST_1078,AOMDV,50,20,22,8,3,101078,EXPANDED_REAL_NS2_SIMULATION
INST_1079,AODV,50,20,22,8,4,101079,EXPANDED_REAL_NS2_SIMULATION
INST_1079,DSDV,50,20,22,8,4,101079,EXPANDED_REAL_NS2_SIMULATION
INST_1079,AOMDV,50,20,22,8,4,101079,EXPANDED_REAL_NS2_SIMULATION
INST_1080,AODV,50,20,22,8,5,101080,EXPANDED_REAL_NS2_SIMULATION
INST_1080,DSDV,50,20,22,8,5,101080,EXPANDED_REAL_NS2_SIMULATION
INST_1080,AOMDV,50,20,22,8,5,101080,EXPANDED_REAL_NS2_SIMULATION
INST_1081,AODV,50,20,25,3,1,101081,EXPANDED_REAL_NS2_SIMULATION
INST_1081,DSDV,50,20,25,3,1,101081,EXPANDED_REAL_NS2_SIMULATION
INST_1081,AOMDV,50,20,25,3,1,101081,EXPANDED_REAL_NS2_SIMULATION
INST_1082,AODV,50,20,25,3,2,101082,EXPANDED_REAL_NS2_SIMULATION
INST_1082,DSDV,50,20,25,3,2,101082,EXPANDED_REAL_NS2_SIMULATION
INST_1082,AOMDV,50,20,25,3,2,101082,EXPANDED_REAL_NS2_SIMULATION
INST_1083,AODV,50,20,25,3,3,101083,EXPANDED_REAL_NS2_SIMULATION
INST_1083,DSDV,50,20,25,3,3,101083,EXPANDED_REAL_NS2_SIMULATION
INST_1083,AOMDV,50,20,25,3,3,101083,EXPANDED_REAL_NS2_SIMULATION
INST_1084,AODV,50,20,25,3,4,101084,EXPANDED_REAL_NS2_SIMULATION
INST_1084,DSDV,50,20,25,3,4,101084,EXPANDED_REAL_NS2_SIMULATION
INST_1084,AOMDV,50,20,25,3,4,101084,EXPANDED_REAL_NS2_SIMULATION
INST_1085,AODV,50,20,25,3,5,101085,EXPANDED_REAL_NS2_SIMULATION
INST_1085,DSDV,50,20,25,3,5,101085,EXPANDED_REAL_NS2_SIMULATION
INST_1085,AOMDV,50,20,25,3,5,101085,EXPANDED_REAL_NS2_SIMULATION
INST_1086,AODV,50,20,25,5,1,101086,EXPANDED_REAL_NS2_SIMULATION
INST_1086,DSDV,50,20,25,5,1,101086,EXPANDED_REAL_NS2_SIMULATION
INST_1086,AOMDV,50,20,25,5,1,101086,EXPANDED_REAL_NS2_SIMULATION
INST_1087,AODV,50,20,25,5,2,101087,EXPANDED_REAL_NS2_SIMULATION
INST_1087,DSDV,50,20,25,5,2,101087,EXPANDED_REAL_NS2_SIMULATION
INST_1087,AOMDV,50,20,25,5,2,101087,EXPANDED_REAL_NS2_SIMULATION
INST_1088,AODV,50,20,25,5,3,101088,EXPANDED_REAL_NS2_SIMULATION
INST_1088,DSDV,50,20,25,5,3,101088,EXPANDED_REAL_NS2_SIMULATION
INST_1088,AOMDV,50,20,25,5,3,101088,EXPANDED_REAL_NS2_SIMULATION
INST_1089,AODV,50,20,25,5,4,101089,EXPANDED_REAL_NS2_SIMULATION
INST_1089,DSDV,50,20,25,5,4,101089,EXPANDED_REAL_NS2_SIMULATION
INST_1089,AOMDV,50,20,25,5,4,101089,EXPANDED_REAL_NS2_SIMULATION
INST_1090,AODV,50,20,25,5,5,101090,EXPANDED_REAL_NS2_SIMULATION
INST_1090,DSDV,50,20,25,5,5,101090,EXPANDED_REAL_NS2_SIMULATION
INST_1090,AOMDV,50,20,25,5,5,101090,EXPANDED_REAL_NS2_SIMULATION
INST_1091,AODV,50,20,25,6,1,101091,EXPANDED_REAL_NS2_SIMULATION
INST_1091,DSDV,50,20,25,6,1,101091,EXPANDED_REAL_NS2_SIMULATION
INST_1091,AOMDV,50,20,25,6,1,101091,EXPANDED_REAL_NS2_SIMULATION
INST_1092,AODV,50,20,25,6,2,101092,EXPANDED_REAL_NS2_SIMULATION
INST_1092,DSDV,50,20,25,6,2,101092,EXPANDED_REAL_NS2_SIMULATION
INST_1092,AOMDV,50,20,25,6,2,101092,EXPANDED_REAL_NS2_SIMULATION
INST_1093,AODV,50,20,25,6,3,101093,EXPANDED_REAL_NS2_SIMULATION
INST_1093,DSDV,50,20,25,6,3,101093,EXPANDED_REAL_NS2_SIMULATION
INST_1093,AOMDV,50,20,25,6,3,101093,EXPANDED_REAL_NS2_SIMULATION
INST_1094,AODV,50,20,25,6,4,101094,EXPANDED_REAL_NS2_SIMULATION
INST_1094,DSDV,50,20,25,6,4,101094,EXPANDED_REAL_NS2_SIMULATION
INST_1094,AOMDV,50,20,25,6,4,101094,EXPANDED_REAL_NS2_SIMULATION
INST_1095,AODV,50,20,25,6,5,101095,EXPANDED_REAL_NS2_SIMULATION
INST_1095,DSDV,50,20,25,6,5,101095,EXPANDED_REAL_NS2_SIMULATION
INST_1095,AOMDV,50,20,25,6,5,101095,EXPANDED_REAL_NS2_SIMULATION
INST_1096,AODV,50,30,5,3,1,101096,EXPANDED_REAL_NS2_SIMULATION
INST_1096,DSDV,50,30,5,3,1,101096,EXPANDED_REAL_NS2_SIMULATION
INST_1096,AOMDV,50,30,5,3,1,101096,EXPANDED_REAL_NS2_SIMULATION
INST_1097,AODV,50,30,5,3,2,101097,EXPANDED_REAL_NS2_SIMULATION
INST_1097,DSDV,50,30,5,3,2,101097,EXPANDED_REAL_NS2_SIMULATION
INST_1097,AOMDV,50,30,5,3,2,101097,EXPANDED_REAL_NS2_SIMULATION
INST_1098,AODV,50,30,5,3,3,101098,EXPANDED_REAL_NS2_SIMULATION
INST_1098,DSDV,50,30,5,3,3,101098,EXPANDED_REAL_NS2_SIMULATION
INST_1098,AOMDV,50,30,5,3,3,101098,EXPANDED_REAL_NS2_SIMULATION
INST_1099,AODV,50,30,5,3,4,101099,EXPANDED_REAL_NS2_SIMULATION
INST_1099,DSDV,50,30,5,3,4,101099,EXPANDED_REAL_NS2_SIMULATION
INST_1099,AOMDV,50,30,5,3,4,101099,EXPANDED_REAL_NS2_SIMULATION
INST_1100,AODV,50,30,5,3,5,101100,EXPANDED_REAL_NS2_SIMULATION
INST_1100,DSDV,50,30,5,3,5,101100,EXPANDED_REAL_NS2_SIMULATION
INST_1100,AOMDV,50,30,5,3,5,101100,EXPANDED_REAL_NS2_SIMULATION
INST_1101,AODV,50,30,5,5,1,101101,EXPANDED_REAL_NS2_SIMULATION
INST_1101,DSDV,50,30,5,5,1,101101,EXPANDED_REAL_NS2_SIMULATION
INST_1101,AOMDV,50,30,5,5,1,101101,EXPANDED_REAL_NS2_SIMULATION
INST_1102,AODV,50,30,5,5,2,101102,EXPANDED_REAL_NS2_SIMULATION
INST_1102,DSDV,50,30,5,5,2,101102,EXPANDED_REAL_NS2_SIMULATION
INST_1102,AOMDV,50,30,5,5,2,101102,EXPANDED_REAL_NS2_SIMULATION
INST_1103,AODV,50,30,5,5,3,101103,EXPANDED_REAL_NS2_SIMULATION
INST_1103,DSDV,50,30,5,5,3,101103,EXPANDED_REAL_NS2_SIMULATION
INST_1103,AOMDV,50,30,5,5,3,101103,EXPANDED_REAL_NS2_SIMULATION
INST_1104,AODV,50,30,5,5,4,101104,EXPANDED_REAL_NS2_SIMULATION
INST_1104,DSDV,50,30,5,5,4,101104,EXPANDED_REAL_NS2_SIMULATION
INST_1104,AOMDV,50,30,5,5,4,101104,EXPANDED_REAL_NS2_SIMULATION
INST_1105,AODV,50,30,5,5,5,101105,EXPANDED_REAL_NS2_SIMULATION
INST_1105,DSDV,50,30,5,5,5,101105,EXPANDED_REAL_NS2_SIMULATION
INST_1105,AOMDV,50,30,5,5,5,101105,EXPANDED_REAL_NS2_SIMULATION
INST_1106,AODV,50,30,5,6,1,101106,EXPANDED_REAL_NS2_SIMULATION
INST_1106,DSDV,50,30,5,6,1,101106,EXPANDED_REAL_NS2_SIMULATION
INST_1106,AOMDV,50,30,5,6,1,101106,EXPANDED_REAL_NS2_SIMULATION
INST_1107,AODV,50,30,5,6,2,101107,EXPANDED_REAL_NS2_SIMULATION
INST_1107,DSDV,50,30,5,6,2,101107,EXPANDED_REAL_NS2_SIMULATION
INST_1107,AOMDV,50,30,5,6,2,101107,EXPANDED_REAL_NS2_SIMULATION
INST_1108,AODV,50,30,5,6,3,101108,EXPANDED_REAL_NS2_SIMULATION
INST_1108,DSDV,50,30,5,6,3,101108,EXPANDED_REAL_NS2_SIMULATION
INST_1108,AOMDV,50,30,5,6,3,101108,EXPANDED_REAL_NS2_SIMULATION
INST_1109,AODV,50,30,5,6,4,101109,EXPANDED_REAL_NS2_SIMULATION
INST_1109,DSDV,50,30,5,6,4,101109,EXPANDED_REAL_NS2_SIMULATION
INST_1109,AOMDV,50,30,5,6,4,101109,EXPANDED_REAL_NS2_SIMULATION
INST_1110,AODV,50,30,5,6,5,101110,EXPANDED_REAL_NS2_SIMULATION
INST_1110,DSDV,50,30,5,6,5,101110,EXPANDED_REAL_NS2_SIMULATION
INST_1110,AOMDV,50,30,5,6,5,101110,EXPANDED_REAL_NS2_SIMULATION
INST_1111,AODV,50,30,7,2,1,101111,EXPANDED_REAL_NS2_SIMULATION
INST_1111,DSDV,50,30,7,2,1,101111,EXPANDED_REAL_NS2_SIMULATION
INST_1111,AOMDV,50,30,7,2,1,101111,EXPANDED_REAL_NS2_SIMULATION
INST_1112,AODV,50,30,7,2,2,101112,EXPANDED_REAL_NS2_SIMULATION
INST_1112,DSDV,50,30,7,2,2,101112,EXPANDED_REAL_NS2_SIMULATION
INST_1112,AOMDV,50,30,7,2,2,101112,EXPANDED_REAL_NS2_SIMULATION
INST_1113,AODV,50,30,7,2,3,101113,EXPANDED_REAL_NS2_SIMULATION
INST_1113,DSDV,50,30,7,2,3,101113,EXPANDED_REAL_NS2_SIMULATION
INST_1113,AOMDV,50,30,7,2,3,101113,EXPANDED_REAL_NS2_SIMULATION
INST_1114,AODV,50,30,7,2,4,101114,EXPANDED_REAL_NS2_SIMULATION
INST_1114,DSDV,50,30,7,2,4,101114,EXPANDED_REAL_NS2_SIMULATION
INST_1114,AOMDV,50,30,7,2,4,101114,EXPANDED_REAL_NS2_SIMULATION
INST_1115,AODV,50,30,7,2,5,101115,EXPANDED_REAL_NS2_SIMULATION
INST_1115,DSDV,50,30,7,2,5,101115,EXPANDED_REAL_NS2_SIMULATION
INST_1115,AOMDV,50,30,7,2,5,101115,EXPANDED_REAL_NS2_SIMULATION
INST_1116,AODV,50,30,7,3,1,101116,EXPANDED_REAL_NS2_SIMULATION
INST_1116,DSDV,50,30,7,3,1,101116,EXPANDED_REAL_NS2_SIMULATION
INST_1116,AOMDV,50,30,7,3,1,101116,EXPANDED_REAL_NS2_SIMULATION
INST_1117,AODV,50,30,7,3,2,101117,EXPANDED_REAL_NS2_SIMULATION
INST_1117,DSDV,50,30,7,3,2,101117,EXPANDED_REAL_NS2_SIMULATION
INST_1117,AOMDV,50,30,7,3,2,101117,EXPANDED_REAL_NS2_SIMULATION
INST_1118,AODV,50,30,7,3,3,101118,EXPANDED_REAL_NS2_SIMULATION
INST_1118,DSDV,50,30,7,3,3,101118,EXPANDED_REAL_NS2_SIMULATION
INST_1118,AOMDV,50,30,7,3,3,101118,EXPANDED_REAL_NS2_SIMULATION
INST_1119,AODV,50,30,7,3,4,101119,EXPANDED_REAL_NS2_SIMULATION
INST_1119,DSDV,50,30,7,3,4,101119,EXPANDED_REAL_NS2_SIMULATION
INST_1119,AOMDV,50,30,7,3,4,101119,EXPANDED_REAL_NS2_SIMULATION
INST_1120,AODV,50,30,7,3,5,101120,EXPANDED_REAL_NS2_SIMULATION
INST_1120,DSDV,50,30,7,3,5,101120,EXPANDED_REAL_NS2_SIMULATION
INST_1120,AOMDV,50,30,7,3,5,101120,EXPANDED_REAL_NS2_SIMULATION
INST_1121,AODV,50,30,7,4,1,101121,EXPANDED_REAL_NS2_SIMULATION
INST_1121,DSDV,50,30,7,4,1,101121,EXPANDED_REAL_NS2_SIMULATION
INST_1121,AOMDV,50,30,7,4,1,101121,EXPANDED_REAL_NS2_SIMULATION
INST_1122,AODV,50,30,7,4,2,101122,EXPANDED_REAL_NS2_SIMULATION
INST_1122,DSDV,50,30,7,4,2,101122,EXPANDED_REAL_NS2_SIMULATION
INST_1122,AOMDV,50,30,7,4,2,101122,EXPANDED_REAL_NS2_SIMULATION
INST_1123,AODV,50,30,7,4,3,101123,EXPANDED_REAL_NS2_SIMULATION
INST_1123,DSDV,50,30,7,4,3,101123,EXPANDED_REAL_NS2_SIMULATION
INST_1123,AOMDV,50,30,7,4,3,101123,EXPANDED_REAL_NS2_SIMULATION
INST_1124,AODV,50,30,7,4,4,101124,EXPANDED_REAL_NS2_SIMULATION
INST_1124,DSDV,50,30,7,4,4,101124,EXPANDED_REAL_NS2_SIMULATION
INST_1124,AOMDV,50,30,7,4,4,101124,EXPANDED_REAL_NS2_SIMULATION
INST_1125,AODV,50,30,7,4,5,101125,EXPANDED_REAL_NS2_SIMULATION
INST_1125,DSDV,50,30,7,4,5,101125,EXPANDED_REAL_NS2_SIMULATION
INST_1125,AOMDV,50,30,7,4,5,101125,EXPANDED_REAL_NS2_SIMULATION
INST_1126,AODV,50,30,7,5,1,101126,EXPANDED_REAL_NS2_SIMULATION
INST_1126,DSDV,50,30,7,5,1,101126,EXPANDED_REAL_NS2_SIMULATION
INST_1126,AOMDV,50,30,7,5,1,101126,EXPANDED_REAL_NS2_SIMULATION
INST_1127,AODV,50,30,7,5,2,101127,EXPANDED_REAL_NS2_SIMULATION
INST_1127,DSDV,50,30,7,5,2,101127,EXPANDED_REAL_NS2_SIMULATION
INST_1127,AOMDV,50,30,7,5,2,101127,EXPANDED_REAL_NS2_SIMULATION
INST_1128,AODV,50,30,7,5,3,101128,EXPANDED_REAL_NS2_SIMULATION
INST_1128,DSDV,50,30,7,5,3,101128,EXPANDED_REAL_NS2_SIMULATION
INST_1128,AOMDV,50,30,7,5,3,101128,EXPANDED_REAL_NS2_SIMULATION
INST_1129,AODV,50,30,7,5,4,101129,EXPANDED_REAL_NS2_SIMULATION
INST_1129,DSDV,50,30,7,5,4,101129,EXPANDED_REAL_NS2_SIMULATION
INST_1129,AOMDV,50,30,7,5,4,101129,EXPANDED_REAL_NS2_SIMULATION
INST_1130,AODV,50,30,7,5,5,101130,EXPANDED_REAL_NS2_SIMULATION
INST_1130,DSDV,50,30,7,5,5,101130,EXPANDED_REAL_NS2_SIMULATION
INST_1130,AOMDV,50,30,7,5,5,101130,EXPANDED_REAL_NS2_SIMULATION
INST_1131,AODV,50,30,7,6,1,101131,EXPANDED_REAL_NS2_SIMULATION
INST_1131,DSDV,50,30,7,6,1,101131,EXPANDED_REAL_NS2_SIMULATION
INST_1131,AOMDV,50,30,7,6,1,101131,EXPANDED_REAL_NS2_SIMULATION
INST_1132,AODV,50,30,7,6,2,101132,EXPANDED_REAL_NS2_SIMULATION
INST_1132,DSDV,50,30,7,6,2,101132,EXPANDED_REAL_NS2_SIMULATION
INST_1132,AOMDV,50,30,7,6,2,101132,EXPANDED_REAL_NS2_SIMULATION
INST_1133,AODV,50,30,7,6,3,101133,EXPANDED_REAL_NS2_SIMULATION
INST_1133,DSDV,50,30,7,6,3,101133,EXPANDED_REAL_NS2_SIMULATION
INST_1133,AOMDV,50,30,7,6,3,101133,EXPANDED_REAL_NS2_SIMULATION
INST_1134,AODV,50,30,7,6,4,101134,EXPANDED_REAL_NS2_SIMULATION
INST_1134,DSDV,50,30,7,6,4,101134,EXPANDED_REAL_NS2_SIMULATION
INST_1134,AOMDV,50,30,7,6,4,101134,EXPANDED_REAL_NS2_SIMULATION
INST_1135,AODV,50,30,7,6,5,101135,EXPANDED_REAL_NS2_SIMULATION
INST_1135,DSDV,50,30,7,6,5,101135,EXPANDED_REAL_NS2_SIMULATION
INST_1135,AOMDV,50,30,7,6,5,101135,EXPANDED_REAL_NS2_SIMULATION
INST_1136,AODV,50,30,7,8,1,101136,EXPANDED_REAL_NS2_SIMULATION
INST_1136,DSDV,50,30,7,8,1,101136,EXPANDED_REAL_NS2_SIMULATION
INST_1136,AOMDV,50,30,7,8,1,101136,EXPANDED_REAL_NS2_SIMULATION
INST_1137,AODV,50,30,7,8,2,101137,EXPANDED_REAL_NS2_SIMULATION
INST_1137,DSDV,50,30,7,8,2,101137,EXPANDED_REAL_NS2_SIMULATION
INST_1137,AOMDV,50,30,7,8,2,101137,EXPANDED_REAL_NS2_SIMULATION
INST_1138,AODV,50,30,7,8,3,101138,EXPANDED_REAL_NS2_SIMULATION
INST_1138,DSDV,50,30,7,8,3,101138,EXPANDED_REAL_NS2_SIMULATION
INST_1138,AOMDV,50,30,7,8,3,101138,EXPANDED_REAL_NS2_SIMULATION
INST_1139,AODV,50,30,7,8,4,101139,EXPANDED_REAL_NS2_SIMULATION
INST_1139,DSDV,50,30,7,8,4,101139,EXPANDED_REAL_NS2_SIMULATION
INST_1139,AOMDV,50,30,7,8,4,101139,EXPANDED_REAL_NS2_SIMULATION
INST_1140,AODV,50,30,7,8,5,101140,EXPANDED_REAL_NS2_SIMULATION
INST_1140,DSDV,50,30,7,8,5,101140,EXPANDED_REAL_NS2_SIMULATION
INST_1140,AOMDV,50,30,7,8,5,101140,EXPANDED_REAL_NS2_SIMULATION
INST_1141,AODV,50,30,10,3,1,101141,EXPANDED_REAL_NS2_SIMULATION
INST_1141,DSDV,50,30,10,3,1,101141,EXPANDED_REAL_NS2_SIMULATION
INST_1141,AOMDV,50,30,10,3,1,101141,EXPANDED_REAL_NS2_SIMULATION
INST_1142,AODV,50,30,10,3,2,101142,EXPANDED_REAL_NS2_SIMULATION
INST_1142,DSDV,50,30,10,3,2,101142,EXPANDED_REAL_NS2_SIMULATION
INST_1142,AOMDV,50,30,10,3,2,101142,EXPANDED_REAL_NS2_SIMULATION
INST_1143,AODV,50,30,10,3,3,101143,EXPANDED_REAL_NS2_SIMULATION
INST_1143,DSDV,50,30,10,3,3,101143,EXPANDED_REAL_NS2_SIMULATION
INST_1143,AOMDV,50,30,10,3,3,101143,EXPANDED_REAL_NS2_SIMULATION
INST_1144,AODV,50,30,10,3,4,101144,EXPANDED_REAL_NS2_SIMULATION
INST_1144,DSDV,50,30,10,3,4,101144,EXPANDED_REAL_NS2_SIMULATION
INST_1144,AOMDV,50,30,10,3,4,101144,EXPANDED_REAL_NS2_SIMULATION
INST_1145,AODV,50,30,10,3,5,101145,EXPANDED_REAL_NS2_SIMULATION
INST_1145,DSDV,50,30,10,3,5,101145,EXPANDED_REAL_NS2_SIMULATION
INST_1145,AOMDV,50,30,10,3,5,101145,EXPANDED_REAL_NS2_SIMULATION
INST_1146,AODV,50,30,10,5,1,101146,EXPANDED_REAL_NS2_SIMULATION
INST_1146,DSDV,50,30,10,5,1,101146,EXPANDED_REAL_NS2_SIMULATION
INST_1146,AOMDV,50,30,10,5,1,101146,EXPANDED_REAL_NS2_SIMULATION
INST_1147,AODV,50,30,10,5,2,101147,EXPANDED_REAL_NS2_SIMULATION
INST_1147,DSDV,50,30,10,5,2,101147,EXPANDED_REAL_NS2_SIMULATION
INST_1147,AOMDV,50,30,10,5,2,101147,EXPANDED_REAL_NS2_SIMULATION
INST_1148,AODV,50,30,10,5,3,101148,EXPANDED_REAL_NS2_SIMULATION
INST_1148,DSDV,50,30,10,5,3,101148,EXPANDED_REAL_NS2_SIMULATION
INST_1148,AOMDV,50,30,10,5,3,101148,EXPANDED_REAL_NS2_SIMULATION
INST_1149,AODV,50,30,10,5,4,101149,EXPANDED_REAL_NS2_SIMULATION
INST_1149,DSDV,50,30,10,5,4,101149,EXPANDED_REAL_NS2_SIMULATION
INST_1149,AOMDV,50,30,10,5,4,101149,EXPANDED_REAL_NS2_SIMULATION
INST_1150,AODV,50,30,10,5,5,101150,EXPANDED_REAL_NS2_SIMULATION
INST_1150,DSDV,50,30,10,5,5,101150,EXPANDED_REAL_NS2_SIMULATION
INST_1150,AOMDV,50,30,10,5,5,101150,EXPANDED_REAL_NS2_SIMULATION
INST_1151,AODV,50,30,10,6,1,101151,EXPANDED_REAL_NS2_SIMULATION
INST_1151,DSDV,50,30,10,6,1,101151,EXPANDED_REAL_NS2_SIMULATION
INST_1151,AOMDV,50,30,10,6,1,101151,EXPANDED_REAL_NS2_SIMULATION
INST_1152,AODV,50,30,10,6,2,101152,EXPANDED_REAL_NS2_SIMULATION
INST_1152,DSDV,50,30,10,6,2,101152,EXPANDED_REAL_NS2_SIMULATION
INST_1152,AOMDV,50,30,10,6,2,101152,EXPANDED_REAL_NS2_SIMULATION
INST_1153,AODV,50,30,10,6,3,101153,EXPANDED_REAL_NS2_SIMULATION
INST_1153,DSDV,50,30,10,6,3,101153,EXPANDED_REAL_NS2_SIMULATION
INST_1153,AOMDV,50,30,10,6,3,101153,EXPANDED_REAL_NS2_SIMULATION
INST_1154,AODV,50,30,10,6,4,101154,EXPANDED_REAL_NS2_SIMULATION
INST_1154,DSDV,50,30,10,6,4,101154,EXPANDED_REAL_NS2_SIMULATION
INST_1154,AOMDV,50,30,10,6,4,101154,EXPANDED_REAL_NS2_SIMULATION
INST_1155,AODV,50,30,10,6,5,101155,EXPANDED_REAL_NS2_SIMULATION
INST_1155,DSDV,50,30,10,6,5,101155,EXPANDED_REAL_NS2_SIMULATION
INST_1155,AOMDV,50,30,10,6,5,101155,EXPANDED_REAL_NS2_SIMULATION
INST_1156,AODV,50,30,12,2,1,101156,EXPANDED_REAL_NS2_SIMULATION
INST_1156,DSDV,50,30,12,2,1,101156,EXPANDED_REAL_NS2_SIMULATION
INST_1156,AOMDV,50,30,12,2,1,101156,EXPANDED_REAL_NS2_SIMULATION
INST_1157,AODV,50,30,12,2,2,101157,EXPANDED_REAL_NS2_SIMULATION
INST_1157,DSDV,50,30,12,2,2,101157,EXPANDED_REAL_NS2_SIMULATION
INST_1157,AOMDV,50,30,12,2,2,101157,EXPANDED_REAL_NS2_SIMULATION
INST_1158,AODV,50,30,12,2,3,101158,EXPANDED_REAL_NS2_SIMULATION
INST_1158,DSDV,50,30,12,2,3,101158,EXPANDED_REAL_NS2_SIMULATION
INST_1158,AOMDV,50,30,12,2,3,101158,EXPANDED_REAL_NS2_SIMULATION
INST_1159,AODV,50,30,12,2,4,101159,EXPANDED_REAL_NS2_SIMULATION
INST_1159,DSDV,50,30,12,2,4,101159,EXPANDED_REAL_NS2_SIMULATION
INST_1159,AOMDV,50,30,12,2,4,101159,EXPANDED_REAL_NS2_SIMULATION
INST_1160,AODV,50,30,12,2,5,101160,EXPANDED_REAL_NS2_SIMULATION
INST_1160,DSDV,50,30,12,2,5,101160,EXPANDED_REAL_NS2_SIMULATION
INST_1160,AOMDV,50,30,12,2,5,101160,EXPANDED_REAL_NS2_SIMULATION
INST_1161,AODV,50,30,12,3,1,101161,EXPANDED_REAL_NS2_SIMULATION
INST_1161,DSDV,50,30,12,3,1,101161,EXPANDED_REAL_NS2_SIMULATION
INST_1161,AOMDV,50,30,12,3,1,101161,EXPANDED_REAL_NS2_SIMULATION
INST_1162,AODV,50,30,12,3,2,101162,EXPANDED_REAL_NS2_SIMULATION
INST_1162,DSDV,50,30,12,3,2,101162,EXPANDED_REAL_NS2_SIMULATION
INST_1162,AOMDV,50,30,12,3,2,101162,EXPANDED_REAL_NS2_SIMULATION
INST_1163,AODV,50,30,12,3,3,101163,EXPANDED_REAL_NS2_SIMULATION
INST_1163,DSDV,50,30,12,3,3,101163,EXPANDED_REAL_NS2_SIMULATION
INST_1163,AOMDV,50,30,12,3,3,101163,EXPANDED_REAL_NS2_SIMULATION
INST_1164,AODV,50,30,12,3,4,101164,EXPANDED_REAL_NS2_SIMULATION
INST_1164,DSDV,50,30,12,3,4,101164,EXPANDED_REAL_NS2_SIMULATION
INST_1164,AOMDV,50,30,12,3,4,101164,EXPANDED_REAL_NS2_SIMULATION
INST_1165,AODV,50,30,12,3,5,101165,EXPANDED_REAL_NS2_SIMULATION
INST_1165,DSDV,50,30,12,3,5,101165,EXPANDED_REAL_NS2_SIMULATION
INST_1165,AOMDV,50,30,12,3,5,101165,EXPANDED_REAL_NS2_SIMULATION
INST_1166,AODV,50,30,12,4,1,101166,EXPANDED_REAL_NS2_SIMULATION
INST_1166,DSDV,50,30,12,4,1,101166,EXPANDED_REAL_NS2_SIMULATION
INST_1166,AOMDV,50,30,12,4,1,101166,EXPANDED_REAL_NS2_SIMULATION
INST_1167,AODV,50,30,12,4,2,101167,EXPANDED_REAL_NS2_SIMULATION
INST_1167,DSDV,50,30,12,4,2,101167,EXPANDED_REAL_NS2_SIMULATION
INST_1167,AOMDV,50,30,12,4,2,101167,EXPANDED_REAL_NS2_SIMULATION
INST_1168,AODV,50,30,12,4,3,101168,EXPANDED_REAL_NS2_SIMULATION
INST_1168,DSDV,50,30,12,4,3,101168,EXPANDED_REAL_NS2_SIMULATION
INST_1168,AOMDV,50,30,12,4,3,101168,EXPANDED_REAL_NS2_SIMULATION
INST_1169,AODV,50,30,12,4,4,101169,EXPANDED_REAL_NS2_SIMULATION
INST_1169,DSDV,50,30,12,4,4,101169,EXPANDED_REAL_NS2_SIMULATION
INST_1169,AOMDV,50,30,12,4,4,101169,EXPANDED_REAL_NS2_SIMULATION
INST_1170,AODV,50,30,12,4,5,101170,EXPANDED_REAL_NS2_SIMULATION
INST_1170,DSDV,50,30,12,4,5,101170,EXPANDED_REAL_NS2_SIMULATION
INST_1170,AOMDV,50,30,12,4,5,101170,EXPANDED_REAL_NS2_SIMULATION
INST_1171,AODV,50,30,12,5,1,101171,EXPANDED_REAL_NS2_SIMULATION
INST_1171,DSDV,50,30,12,5,1,101171,EXPANDED_REAL_NS2_SIMULATION
INST_1171,AOMDV,50,30,12,5,1,101171,EXPANDED_REAL_NS2_SIMULATION
INST_1172,AODV,50,30,12,5,2,101172,EXPANDED_REAL_NS2_SIMULATION
INST_1172,DSDV,50,30,12,5,2,101172,EXPANDED_REAL_NS2_SIMULATION
INST_1172,AOMDV,50,30,12,5,2,101172,EXPANDED_REAL_NS2_SIMULATION
INST_1173,AODV,50,30,12,5,3,101173,EXPANDED_REAL_NS2_SIMULATION
INST_1173,DSDV,50,30,12,5,3,101173,EXPANDED_REAL_NS2_SIMULATION
INST_1173,AOMDV,50,30,12,5,3,101173,EXPANDED_REAL_NS2_SIMULATION
INST_1174,AODV,50,30,12,5,4,101174,EXPANDED_REAL_NS2_SIMULATION
INST_1174,DSDV,50,30,12,5,4,101174,EXPANDED_REAL_NS2_SIMULATION
INST_1174,AOMDV,50,30,12,5,4,101174,EXPANDED_REAL_NS2_SIMULATION
INST_1175,AODV,50,30,12,5,5,101175,EXPANDED_REAL_NS2_SIMULATION
INST_1175,DSDV,50,30,12,5,5,101175,EXPANDED_REAL_NS2_SIMULATION
INST_1175,AOMDV,50,30,12,5,5,101175,EXPANDED_REAL_NS2_SIMULATION
INST_1176,AODV,50,30,12,6,1,101176,EXPANDED_REAL_NS2_SIMULATION
INST_1176,DSDV,50,30,12,6,1,101176,EXPANDED_REAL_NS2_SIMULATION
INST_1176,AOMDV,50,30,12,6,1,101176,EXPANDED_REAL_NS2_SIMULATION
INST_1177,AODV,50,30,12,6,2,101177,EXPANDED_REAL_NS2_SIMULATION
INST_1177,DSDV,50,30,12,6,2,101177,EXPANDED_REAL_NS2_SIMULATION
INST_1177,AOMDV,50,30,12,6,2,101177,EXPANDED_REAL_NS2_SIMULATION
INST_1178,AODV,50,30,12,6,3,101178,EXPANDED_REAL_NS2_SIMULATION
INST_1178,DSDV,50,30,12,6,3,101178,EXPANDED_REAL_NS2_SIMULATION
INST_1178,AOMDV,50,30,12,6,3,101178,EXPANDED_REAL_NS2_SIMULATION
INST_1179,AODV,50,30,12,6,4,101179,EXPANDED_REAL_NS2_SIMULATION
INST_1179,DSDV,50,30,12,6,4,101179,EXPANDED_REAL_NS2_SIMULATION
INST_1179,AOMDV,50,30,12,6,4,101179,EXPANDED_REAL_NS2_SIMULATION
INST_1180,AODV,50,30,12,6,5,101180,EXPANDED_REAL_NS2_SIMULATION
INST_1180,DSDV,50,30,12,6,5,101180,EXPANDED_REAL_NS2_SIMULATION
INST_1180,AOMDV,50,30,12,6,5,101180,EXPANDED_REAL_NS2_SIMULATION
INST_1181,AODV,50,30,12,8,1,101181,EXPANDED_REAL_NS2_SIMULATION
INST_1181,DSDV,50,30,12,8,1,101181,EXPANDED_REAL_NS2_SIMULATION
INST_1181,AOMDV,50,30,12,8,1,101181,EXPANDED_REAL_NS2_SIMULATION
INST_1182,AODV,50,30,12,8,2,101182,EXPANDED_REAL_NS2_SIMULATION
INST_1182,DSDV,50,30,12,8,2,101182,EXPANDED_REAL_NS2_SIMULATION
INST_1182,AOMDV,50,30,12,8,2,101182,EXPANDED_REAL_NS2_SIMULATION
INST_1183,AODV,50,30,12,8,3,101183,EXPANDED_REAL_NS2_SIMULATION
INST_1183,DSDV,50,30,12,8,3,101183,EXPANDED_REAL_NS2_SIMULATION
INST_1183,AOMDV,50,30,12,8,3,101183,EXPANDED_REAL_NS2_SIMULATION
INST_1184,AODV,50,30,12,8,4,101184,EXPANDED_REAL_NS2_SIMULATION
INST_1184,DSDV,50,30,12,8,4,101184,EXPANDED_REAL_NS2_SIMULATION
INST_1184,AOMDV,50,30,12,8,4,101184,EXPANDED_REAL_NS2_SIMULATION
INST_1185,AODV,50,30,12,8,5,101185,EXPANDED_REAL_NS2_SIMULATION
INST_1185,DSDV,50,30,12,8,5,101185,EXPANDED_REAL_NS2_SIMULATION
INST_1185,AOMDV,50,30,12,8,5,101185,EXPANDED_REAL_NS2_SIMULATION
INST_1186,AODV,50,30,15,3,1,101186,EXPANDED_REAL_NS2_SIMULATION
INST_1186,DSDV,50,30,15,3,1,101186,EXPANDED_REAL_NS2_SIMULATION
INST_1186,AOMDV,50,30,15,3,1,101186,EXPANDED_REAL_NS2_SIMULATION
INST_1187,AODV,50,30,15,3,2,101187,EXPANDED_REAL_NS2_SIMULATION
INST_1187,DSDV,50,30,15,3,2,101187,EXPANDED_REAL_NS2_SIMULATION
INST_1187,AOMDV,50,30,15,3,2,101187,EXPANDED_REAL_NS2_SIMULATION
INST_1188,AODV,50,30,15,3,3,101188,EXPANDED_REAL_NS2_SIMULATION
INST_1188,DSDV,50,30,15,3,3,101188,EXPANDED_REAL_NS2_SIMULATION
INST_1188,AOMDV,50,30,15,3,3,101188,EXPANDED_REAL_NS2_SIMULATION
INST_1189,AODV,50,30,15,3,4,101189,EXPANDED_REAL_NS2_SIMULATION
INST_1189,DSDV,50,30,15,3,4,101189,EXPANDED_REAL_NS2_SIMULATION
INST_1189,AOMDV,50,30,15,3,4,101189,EXPANDED_REAL_NS2_SIMULATION
INST_1190,AODV,50,30,15,3,5,101190,EXPANDED_REAL_NS2_SIMULATION
INST_1190,DSDV,50,30,15,3,5,101190,EXPANDED_REAL_NS2_SIMULATION
INST_1190,AOMDV,50,30,15,3,5,101190,EXPANDED_REAL_NS2_SIMULATION
INST_1191,AODV,50,30,15,5,1,101191,EXPANDED_REAL_NS2_SIMULATION
INST_1191,DSDV,50,30,15,5,1,101191,EXPANDED_REAL_NS2_SIMULATION
INST_1191,AOMDV,50,30,15,5,1,101191,EXPANDED_REAL_NS2_SIMULATION
INST_1192,AODV,50,30,15,5,2,101192,EXPANDED_REAL_NS2_SIMULATION
INST_1192,DSDV,50,30,15,5,2,101192,EXPANDED_REAL_NS2_SIMULATION
INST_1192,AOMDV,50,30,15,5,2,101192,EXPANDED_REAL_NS2_SIMULATION
INST_1193,AODV,50,30,15,5,3,101193,EXPANDED_REAL_NS2_SIMULATION
INST_1193,DSDV,50,30,15,5,3,101193,EXPANDED_REAL_NS2_SIMULATION
INST_1193,AOMDV,50,30,15,5,3,101193,EXPANDED_REAL_NS2_SIMULATION
INST_1194,AODV,50,30,15,5,4,101194,EXPANDED_REAL_NS2_SIMULATION
INST_1194,DSDV,50,30,15,5,4,101194,EXPANDED_REAL_NS2_SIMULATION
INST_1194,AOMDV,50,30,15,5,4,101194,EXPANDED_REAL_NS2_SIMULATION
INST_1195,AODV,50,30,15,5,5,101195,EXPANDED_REAL_NS2_SIMULATION
INST_1195,DSDV,50,30,15,5,5,101195,EXPANDED_REAL_NS2_SIMULATION
INST_1195,AOMDV,50,30,15,5,5,101195,EXPANDED_REAL_NS2_SIMULATION
INST_1196,AODV,50,30,15,6,1,101196,EXPANDED_REAL_NS2_SIMULATION
INST_1196,DSDV,50,30,15,6,1,101196,EXPANDED_REAL_NS2_SIMULATION
INST_1196,AOMDV,50,30,15,6,1,101196,EXPANDED_REAL_NS2_SIMULATION
INST_1197,AODV,50,30,15,6,2,101197,EXPANDED_REAL_NS2_SIMULATION
INST_1197,DSDV,50,30,15,6,2,101197,EXPANDED_REAL_NS2_SIMULATION
INST_1197,AOMDV,50,30,15,6,2,101197,EXPANDED_REAL_NS2_SIMULATION
INST_1198,AODV,50,30,15,6,3,101198,EXPANDED_REAL_NS2_SIMULATION
INST_1198,DSDV,50,30,15,6,3,101198,EXPANDED_REAL_NS2_SIMULATION
INST_1198,AOMDV,50,30,15,6,3,101198,EXPANDED_REAL_NS2_SIMULATION
INST_1199,AODV,50,30,15,6,4,101199,EXPANDED_REAL_NS2_SIMULATION
INST_1199,DSDV,50,30,15,6,4,101199,EXPANDED_REAL_NS2_SIMULATION
INST_1199,AOMDV,50,30,15,6,4,101199,EXPANDED_REAL_NS2_SIMULATION
INST_1200,AODV,50,30,15,6,5,101200,EXPANDED_REAL_NS2_SIMULATION
INST_1200,DSDV,50,30,15,6,5,101200,EXPANDED_REAL_NS2_SIMULATION
INST_1200,AOMDV,50,30,15,6,5,101200,EXPANDED_REAL_NS2_SIMULATION
INST_1201,AODV,50,30,18,2,1,101201,EXPANDED_REAL_NS2_SIMULATION
INST_1201,DSDV,50,30,18,2,1,101201,EXPANDED_REAL_NS2_SIMULATION
INST_1201,AOMDV,50,30,18,2,1,101201,EXPANDED_REAL_NS2_SIMULATION
INST_1202,AODV,50,30,18,2,2,101202,EXPANDED_REAL_NS2_SIMULATION
INST_1202,DSDV,50,30,18,2,2,101202,EXPANDED_REAL_NS2_SIMULATION
INST_1202,AOMDV,50,30,18,2,2,101202,EXPANDED_REAL_NS2_SIMULATION
INST_1203,AODV,50,30,18,2,3,101203,EXPANDED_REAL_NS2_SIMULATION
INST_1203,DSDV,50,30,18,2,3,101203,EXPANDED_REAL_NS2_SIMULATION
INST_1203,AOMDV,50,30,18,2,3,101203,EXPANDED_REAL_NS2_SIMULATION
INST_1204,AODV,50,30,18,2,4,101204,EXPANDED_REAL_NS2_SIMULATION
INST_1204,DSDV,50,30,18,2,4,101204,EXPANDED_REAL_NS2_SIMULATION
INST_1204,AOMDV,50,30,18,2,4,101204,EXPANDED_REAL_NS2_SIMULATION
INST_1205,AODV,50,30,18,2,5,101205,EXPANDED_REAL_NS2_SIMULATION
INST_1205,DSDV,50,30,18,2,5,101205,EXPANDED_REAL_NS2_SIMULATION
INST_1205,AOMDV,50,30,18,2,5,101205,EXPANDED_REAL_NS2_SIMULATION
INST_1206,AODV,50,30,18,3,1,101206,EXPANDED_REAL_NS2_SIMULATION
INST_1206,DSDV,50,30,18,3,1,101206,EXPANDED_REAL_NS2_SIMULATION
INST_1206,AOMDV,50,30,18,3,1,101206,EXPANDED_REAL_NS2_SIMULATION
INST_1207,AODV,50,30,18,3,2,101207,EXPANDED_REAL_NS2_SIMULATION
INST_1207,DSDV,50,30,18,3,2,101207,EXPANDED_REAL_NS2_SIMULATION
INST_1207,AOMDV,50,30,18,3,2,101207,EXPANDED_REAL_NS2_SIMULATION
INST_1208,AODV,50,30,18,3,3,101208,EXPANDED_REAL_NS2_SIMULATION
INST_1208,DSDV,50,30,18,3,3,101208,EXPANDED_REAL_NS2_SIMULATION
INST_1208,AOMDV,50,30,18,3,3,101208,EXPANDED_REAL_NS2_SIMULATION
INST_1209,AODV,50,30,18,3,4,101209,EXPANDED_REAL_NS2_SIMULATION
INST_1209,DSDV,50,30,18,3,4,101209,EXPANDED_REAL_NS2_SIMULATION
INST_1209,AOMDV,50,30,18,3,4,101209,EXPANDED_REAL_NS2_SIMULATION
INST_1210,AODV,50,30,18,3,5,101210,EXPANDED_REAL_NS2_SIMULATION
INST_1210,DSDV,50,30,18,3,5,101210,EXPANDED_REAL_NS2_SIMULATION
INST_1210,AOMDV,50,30,18,3,5,101210,EXPANDED_REAL_NS2_SIMULATION
INST_1211,AODV,50,30,18,4,1,101211,EXPANDED_REAL_NS2_SIMULATION
INST_1211,DSDV,50,30,18,4,1,101211,EXPANDED_REAL_NS2_SIMULATION
INST_1211,AOMDV,50,30,18,4,1,101211,EXPANDED_REAL_NS2_SIMULATION
INST_1212,AODV,50,30,18,4,2,101212,EXPANDED_REAL_NS2_SIMULATION
INST_1212,DSDV,50,30,18,4,2,101212,EXPANDED_REAL_NS2_SIMULATION
INST_1212,AOMDV,50,30,18,4,2,101212,EXPANDED_REAL_NS2_SIMULATION
INST_1213,AODV,50,30,18,4,3,101213,EXPANDED_REAL_NS2_SIMULATION
INST_1213,DSDV,50,30,18,4,3,101213,EXPANDED_REAL_NS2_SIMULATION
INST_1213,AOMDV,50,30,18,4,3,101213,EXPANDED_REAL_NS2_SIMULATION
INST_1214,AODV,50,30,18,4,4,101214,EXPANDED_REAL_NS2_SIMULATION
INST_1214,DSDV,50,30,18,4,4,101214,EXPANDED_REAL_NS2_SIMULATION
INST_1214,AOMDV,50,30,18,4,4,101214,EXPANDED_REAL_NS2_SIMULATION
INST_1215,AODV,50,30,18,4,5,101215,EXPANDED_REAL_NS2_SIMULATION
INST_1215,DSDV,50,30,18,4,5,101215,EXPANDED_REAL_NS2_SIMULATION
INST_1215,AOMDV,50,30,18,4,5,101215,EXPANDED_REAL_NS2_SIMULATION
INST_1216,AODV,50,30,18,5,1,101216,EXPANDED_REAL_NS2_SIMULATION
INST_1216,DSDV,50,30,18,5,1,101216,EXPANDED_REAL_NS2_SIMULATION
INST_1216,AOMDV,50,30,18,5,1,101216,EXPANDED_REAL_NS2_SIMULATION
INST_1217,AODV,50,30,18,5,2,101217,EXPANDED_REAL_NS2_SIMULATION
INST_1217,DSDV,50,30,18,5,2,101217,EXPANDED_REAL_NS2_SIMULATION
INST_1217,AOMDV,50,30,18,5,2,101217,EXPANDED_REAL_NS2_SIMULATION
INST_1218,AODV,50,30,18,5,3,101218,EXPANDED_REAL_NS2_SIMULATION
INST_1218,DSDV,50,30,18,5,3,101218,EXPANDED_REAL_NS2_SIMULATION
INST_1218,AOMDV,50,30,18,5,3,101218,EXPANDED_REAL_NS2_SIMULATION
INST_1219,AODV,50,30,18,5,4,101219,EXPANDED_REAL_NS2_SIMULATION
INST_1219,DSDV,50,30,18,5,4,101219,EXPANDED_REAL_NS2_SIMULATION
INST_1219,AOMDV,50,30,18,5,4,101219,EXPANDED_REAL_NS2_SIMULATION
INST_1220,AODV,50,30,18,5,5,101220,EXPANDED_REAL_NS2_SIMULATION
INST_1220,DSDV,50,30,18,5,5,101220,EXPANDED_REAL_NS2_SIMULATION
INST_1220,AOMDV,50,30,18,5,5,101220,EXPANDED_REAL_NS2_SIMULATION
INST_1221,AODV,50,30,18,6,1,101221,EXPANDED_REAL_NS2_SIMULATION
INST_1221,DSDV,50,30,18,6,1,101221,EXPANDED_REAL_NS2_SIMULATION
INST_1221,AOMDV,50,30,18,6,1,101221,EXPANDED_REAL_NS2_SIMULATION
INST_1222,AODV,50,30,18,6,2,101222,EXPANDED_REAL_NS2_SIMULATION
INST_1222,DSDV,50,30,18,6,2,101222,EXPANDED_REAL_NS2_SIMULATION
INST_1222,AOMDV,50,30,18,6,2,101222,EXPANDED_REAL_NS2_SIMULATION
INST_1223,AODV,50,30,18,6,3,101223,EXPANDED_REAL_NS2_SIMULATION
INST_1223,DSDV,50,30,18,6,3,101223,EXPANDED_REAL_NS2_SIMULATION
INST_1223,AOMDV,50,30,18,6,3,101223,EXPANDED_REAL_NS2_SIMULATION
INST_1224,AODV,50,30,18,6,4,101224,EXPANDED_REAL_NS2_SIMULATION
INST_1224,DSDV,50,30,18,6,4,101224,EXPANDED_REAL_NS2_SIMULATION
INST_1224,AOMDV,50,30,18,6,4,101224,EXPANDED_REAL_NS2_SIMULATION
INST_1225,AODV,50,30,18,6,5,101225,EXPANDED_REAL_NS2_SIMULATION
INST_1225,DSDV,50,30,18,6,5,101225,EXPANDED_REAL_NS2_SIMULATION
INST_1225,AOMDV,50,30,18,6,5,101225,EXPANDED_REAL_NS2_SIMULATION
INST_1226,AODV,50,30,18,8,1,101226,EXPANDED_REAL_NS2_SIMULATION
INST_1226,DSDV,50,30,18,8,1,101226,EXPANDED_REAL_NS2_SIMULATION
INST_1226,AOMDV,50,30,18,8,1,101226,EXPANDED_REAL_NS2_SIMULATION
INST_1227,AODV,50,30,18,8,2,101227,EXPANDED_REAL_NS2_SIMULATION
INST_1227,DSDV,50,30,18,8,2,101227,EXPANDED_REAL_NS2_SIMULATION
INST_1227,AOMDV,50,30,18,8,2,101227,EXPANDED_REAL_NS2_SIMULATION
INST_1228,AODV,50,30,18,8,3,101228,EXPANDED_REAL_NS2_SIMULATION
INST_1228,DSDV,50,30,18,8,3,101228,EXPANDED_REAL_NS2_SIMULATION
INST_1228,AOMDV,50,30,18,8,3,101228,EXPANDED_REAL_NS2_SIMULATION
INST_1229,AODV,50,30,18,8,4,101229,EXPANDED_REAL_NS2_SIMULATION
INST_1229,DSDV,50,30,18,8,4,101229,EXPANDED_REAL_NS2_SIMULATION
INST_1229,AOMDV,50,30,18,8,4,101229,EXPANDED_REAL_NS2_SIMULATION
INST_1230,AODV,50,30,18,8,5,101230,EXPANDED_REAL_NS2_SIMULATION
INST_1230,DSDV,50,30,18,8,5,101230,EXPANDED_REAL_NS2_SIMULATION
INST_1230,AOMDV,50,30,18,8,5,101230,EXPANDED_REAL_NS2_SIMULATION
INST_1231,AODV,50,30,20,3,1,101231,EXPANDED_REAL_NS2_SIMULATION
INST_1231,DSDV,50,30,20,3,1,101231,EXPANDED_REAL_NS2_SIMULATION
INST_1231,AOMDV,50,30,20,3,1,101231,EXPANDED_REAL_NS2_SIMULATION
INST_1232,AODV,50,30,20,3,2,101232,EXPANDED_REAL_NS2_SIMULATION
INST_1232,DSDV,50,30,20,3,2,101232,EXPANDED_REAL_NS2_SIMULATION
INST_1232,AOMDV,50,30,20,3,2,101232,EXPANDED_REAL_NS2_SIMULATION
INST_1233,AODV,50,30,20,3,3,101233,EXPANDED_REAL_NS2_SIMULATION
INST_1233,DSDV,50,30,20,3,3,101233,EXPANDED_REAL_NS2_SIMULATION
INST_1233,AOMDV,50,30,20,3,3,101233,EXPANDED_REAL_NS2_SIMULATION
INST_1234,AODV,50,30,20,3,4,101234,EXPANDED_REAL_NS2_SIMULATION
INST_1234,DSDV,50,30,20,3,4,101234,EXPANDED_REAL_NS2_SIMULATION
INST_1234,AOMDV,50,30,20,3,4,101234,EXPANDED_REAL_NS2_SIMULATION
INST_1235,AODV,50,30,20,3,5,101235,EXPANDED_REAL_NS2_SIMULATION
INST_1235,DSDV,50,30,20,3,5,101235,EXPANDED_REAL_NS2_SIMULATION
INST_1235,AOMDV,50,30,20,3,5,101235,EXPANDED_REAL_NS2_SIMULATION
INST_1236,AODV,50,30,20,5,1,101236,EXPANDED_REAL_NS2_SIMULATION
INST_1236,DSDV,50,30,20,5,1,101236,EXPANDED_REAL_NS2_SIMULATION
INST_1236,AOMDV,50,30,20,5,1,101236,EXPANDED_REAL_NS2_SIMULATION
INST_1237,AODV,50,30,20,5,2,101237,EXPANDED_REAL_NS2_SIMULATION
INST_1237,DSDV,50,30,20,5,2,101237,EXPANDED_REAL_NS2_SIMULATION
INST_1237,AOMDV,50,30,20,5,2,101237,EXPANDED_REAL_NS2_SIMULATION
INST_1238,AODV,50,30,20,5,3,101238,EXPANDED_REAL_NS2_SIMULATION
INST_1238,DSDV,50,30,20,5,3,101238,EXPANDED_REAL_NS2_SIMULATION
INST_1238,AOMDV,50,30,20,5,3,101238,EXPANDED_REAL_NS2_SIMULATION
INST_1239,AODV,50,30,20,5,4,101239,EXPANDED_REAL_NS2_SIMULATION
INST_1239,DSDV,50,30,20,5,4,101239,EXPANDED_REAL_NS2_SIMULATION
INST_1239,AOMDV,50,30,20,5,4,101239,EXPANDED_REAL_NS2_SIMULATION
INST_1240,AODV,50,30,20,5,5,101240,EXPANDED_REAL_NS2_SIMULATION
INST_1240,DSDV,50,30,20,5,5,101240,EXPANDED_REAL_NS2_SIMULATION
INST_1240,AOMDV,50,30,20,5,5,101240,EXPANDED_REAL_NS2_SIMULATION
INST_1241,AODV,50,30,20,6,1,101241,EXPANDED_REAL_NS2_SIMULATION
INST_1241,DSDV,50,30,20,6,1,101241,EXPANDED_REAL_NS2_SIMULATION
INST_1241,AOMDV,50,30,20,6,1,101241,EXPANDED_REAL_NS2_SIMULATION
INST_1242,AODV,50,30,20,6,2,101242,EXPANDED_REAL_NS2_SIMULATION
INST_1242,DSDV,50,30,20,6,2,101242,EXPANDED_REAL_NS2_SIMULATION
INST_1242,AOMDV,50,30,20,6,2,101242,EXPANDED_REAL_NS2_SIMULATION
INST_1243,AODV,50,30,20,6,3,101243,EXPANDED_REAL_NS2_SIMULATION
INST_1243,DSDV,50,30,20,6,3,101243,EXPANDED_REAL_NS2_SIMULATION
INST_1243,AOMDV,50,30,20,6,3,101243,EXPANDED_REAL_NS2_SIMULATION
INST_1244,AODV,50,30,20,6,4,101244,EXPANDED_REAL_NS2_SIMULATION
INST_1244,DSDV,50,30,20,6,4,101244,EXPANDED_REAL_NS2_SIMULATION
INST_1244,AOMDV,50,30,20,6,4,101244,EXPANDED_REAL_NS2_SIMULATION
INST_1245,AODV,50,30,20,6,5,101245,EXPANDED_REAL_NS2_SIMULATION
INST_1245,DSDV,50,30,20,6,5,101245,EXPANDED_REAL_NS2_SIMULATION
INST_1245,AOMDV,50,30,20,6,5,101245,EXPANDED_REAL_NS2_SIMULATION
INST_1246,AODV,50,30,22,2,1,101246,EXPANDED_REAL_NS2_SIMULATION
INST_1246,DSDV,50,30,22,2,1,101246,EXPANDED_REAL_NS2_SIMULATION
INST_1246,AOMDV,50,30,22,2,1,101246,EXPANDED_REAL_NS2_SIMULATION
INST_1247,AODV,50,30,22,2,2,101247,EXPANDED_REAL_NS2_SIMULATION
INST_1247,DSDV,50,30,22,2,2,101247,EXPANDED_REAL_NS2_SIMULATION
INST_1247,AOMDV,50,30,22,2,2,101247,EXPANDED_REAL_NS2_SIMULATION
INST_1248,AODV,50,30,22,2,3,101248,EXPANDED_REAL_NS2_SIMULATION
INST_1248,DSDV,50,30,22,2,3,101248,EXPANDED_REAL_NS2_SIMULATION
INST_1248,AOMDV,50,30,22,2,3,101248,EXPANDED_REAL_NS2_SIMULATION
INST_1249,AODV,50,30,22,2,4,101249,EXPANDED_REAL_NS2_SIMULATION
INST_1249,DSDV,50,30,22,2,4,101249,EXPANDED_REAL_NS2_SIMULATION
INST_1249,AOMDV,50,30,22,2,4,101249,EXPANDED_REAL_NS2_SIMULATION
INST_1250,AODV,50,30,22,2,5,101250,EXPANDED_REAL_NS2_SIMULATION
INST_1250,DSDV,50,30,22,2,5,101250,EXPANDED_REAL_NS2_SIMULATION
INST_1250,AOMDV,50,30,22,2,5,101250,EXPANDED_REAL_NS2_SIMULATION
INST_1251,AODV,50,30,22,3,1,101251,EXPANDED_REAL_NS2_SIMULATION
INST_1251,DSDV,50,30,22,3,1,101251,EXPANDED_REAL_NS2_SIMULATION
INST_1251,AOMDV,50,30,22,3,1,101251,EXPANDED_REAL_NS2_SIMULATION
INST_1252,AODV,50,30,22,3,2,101252,EXPANDED_REAL_NS2_SIMULATION
INST_1252,DSDV,50,30,22,3,2,101252,EXPANDED_REAL_NS2_SIMULATION
INST_1252,AOMDV,50,30,22,3,2,101252,EXPANDED_REAL_NS2_SIMULATION
INST_1253,AODV,50,30,22,3,3,101253,EXPANDED_REAL_NS2_SIMULATION
INST_1253,DSDV,50,30,22,3,3,101253,EXPANDED_REAL_NS2_SIMULATION
INST_1253,AOMDV,50,30,22,3,3,101253,EXPANDED_REAL_NS2_SIMULATION
INST_1254,AODV,50,30,22,3,4,101254,EXPANDED_REAL_NS2_SIMULATION
INST_1254,DSDV,50,30,22,3,4,101254,EXPANDED_REAL_NS2_SIMULATION
INST_1254,AOMDV,50,30,22,3,4,101254,EXPANDED_REAL_NS2_SIMULATION
INST_1255,AODV,50,30,22,3,5,101255,EXPANDED_REAL_NS2_SIMULATION
INST_1255,DSDV,50,30,22,3,5,101255,EXPANDED_REAL_NS2_SIMULATION
INST_1255,AOMDV,50,30,22,3,5,101255,EXPANDED_REAL_NS2_SIMULATION
INST_1256,AODV,50,30,22,4,1,101256,EXPANDED_REAL_NS2_SIMULATION
INST_1256,DSDV,50,30,22,4,1,101256,EXPANDED_REAL_NS2_SIMULATION
INST_1256,AOMDV,50,30,22,4,1,101256,EXPANDED_REAL_NS2_SIMULATION
INST_1257,AODV,50,30,22,4,2,101257,EXPANDED_REAL_NS2_SIMULATION
INST_1257,DSDV,50,30,22,4,2,101257,EXPANDED_REAL_NS2_SIMULATION
INST_1257,AOMDV,50,30,22,4,2,101257,EXPANDED_REAL_NS2_SIMULATION
INST_1258,AODV,50,30,22,4,3,101258,EXPANDED_REAL_NS2_SIMULATION
INST_1258,DSDV,50,30,22,4,3,101258,EXPANDED_REAL_NS2_SIMULATION
INST_1258,AOMDV,50,30,22,4,3,101258,EXPANDED_REAL_NS2_SIMULATION
INST_1259,AODV,50,30,22,4,4,101259,EXPANDED_REAL_NS2_SIMULATION
INST_1259,DSDV,50,30,22,4,4,101259,EXPANDED_REAL_NS2_SIMULATION
INST_1259,AOMDV,50,30,22,4,4,101259,EXPANDED_REAL_NS2_SIMULATION
INST_1260,AODV,50,30,22,4,5,101260,EXPANDED_REAL_NS2_SIMULATION
INST_1260,DSDV,50,30,22,4,5,101260,EXPANDED_REAL_NS2_SIMULATION
INST_1260,AOMDV,50,30,22,4,5,101260,EXPANDED_REAL_NS2_SIMULATION
INST_1261,AODV,50,30,22,5,1,101261,EXPANDED_REAL_NS2_SIMULATION
INST_1261,DSDV,50,30,22,5,1,101261,EXPANDED_REAL_NS2_SIMULATION
INST_1261,AOMDV,50,30,22,5,1,101261,EXPANDED_REAL_NS2_SIMULATION
INST_1262,AODV,50,30,22,5,2,101262,EXPANDED_REAL_NS2_SIMULATION
INST_1262,DSDV,50,30,22,5,2,101262,EXPANDED_REAL_NS2_SIMULATION
INST_1262,AOMDV,50,30,22,5,2,101262,EXPANDED_REAL_NS2_SIMULATION
INST_1263,AODV,50,30,22,5,3,101263,EXPANDED_REAL_NS2_SIMULATION
INST_1263,DSDV,50,30,22,5,3,101263,EXPANDED_REAL_NS2_SIMULATION
INST_1263,AOMDV,50,30,22,5,3,101263,EXPANDED_REAL_NS2_SIMULATION
INST_1264,AODV,50,30,22,5,4,101264,EXPANDED_REAL_NS2_SIMULATION
INST_1264,DSDV,50,30,22,5,4,101264,EXPANDED_REAL_NS2_SIMULATION
INST_1264,AOMDV,50,30,22,5,4,101264,EXPANDED_REAL_NS2_SIMULATION
INST_1265,AODV,50,30,22,5,5,101265,EXPANDED_REAL_NS2_SIMULATION
INST_1265,DSDV,50,30,22,5,5,101265,EXPANDED_REAL_NS2_SIMULATION
INST_1265,AOMDV,50,30,22,5,5,101265,EXPANDED_REAL_NS2_SIMULATION
INST_1266,AODV,50,30,22,6,1,101266,EXPANDED_REAL_NS2_SIMULATION
INST_1266,DSDV,50,30,22,6,1,101266,EXPANDED_REAL_NS2_SIMULATION
INST_1266,AOMDV,50,30,22,6,1,101266,EXPANDED_REAL_NS2_SIMULATION
INST_1267,AODV,50,30,22,6,2,101267,EXPANDED_REAL_NS2_SIMULATION
INST_1267,DSDV,50,30,22,6,2,101267,EXPANDED_REAL_NS2_SIMULATION
INST_1267,AOMDV,50,30,22,6,2,101267,EXPANDED_REAL_NS2_SIMULATION
INST_1268,AODV,50,30,22,6,3,101268,EXPANDED_REAL_NS2_SIMULATION
INST_1268,DSDV,50,30,22,6,3,101268,EXPANDED_REAL_NS2_SIMULATION
INST_1268,AOMDV,50,30,22,6,3,101268,EXPANDED_REAL_NS2_SIMULATION
INST_1269,AODV,50,30,22,6,4,101269,EXPANDED_REAL_NS2_SIMULATION
INST_1269,DSDV,50,30,22,6,4,101269,EXPANDED_REAL_NS2_SIMULATION
INST_1269,AOMDV,50,30,22,6,4,101269,EXPANDED_REAL_NS2_SIMULATION
INST_1270,AODV,50,30,22,6,5,101270,EXPANDED_REAL_NS2_SIMULATION
INST_1270,DSDV,50,30,22,6,5,101270,EXPANDED_REAL_NS2_SIMULATION
INST_1270,AOMDV,50,30,22,6,5,101270,EXPANDED_REAL_NS2_SIMULATION
INST_1271,AODV,50,30,22,8,1,101271,EXPANDED_REAL_NS2_SIMULATION
INST_1271,DSDV,50,30,22,8,1,101271,EXPANDED_REAL_NS2_SIMULATION
INST_1271,AOMDV,50,30,22,8,1,101271,EXPANDED_REAL_NS2_SIMULATION
INST_1272,AODV,50,30,22,8,2,101272,EXPANDED_REAL_NS2_SIMULATION
INST_1272,DSDV,50,30,22,8,2,101272,EXPANDED_REAL_NS2_SIMULATION
INST_1272,AOMDV,50,30,22,8,2,101272,EXPANDED_REAL_NS2_SIMULATION
INST_1273,AODV,50,30,22,8,3,101273,EXPANDED_REAL_NS2_SIMULATION
INST_1273,DSDV,50,30,22,8,3,101273,EXPANDED_REAL_NS2_SIMULATION
INST_1273,AOMDV,50,30,22,8,3,101273,EXPANDED_REAL_NS2_SIMULATION
INST_1274,AODV,50,30,22,8,4,101274,EXPANDED_REAL_NS2_SIMULATION
INST_1274,DSDV,50,30,22,8,4,101274,EXPANDED_REAL_NS2_SIMULATION
INST_1274,AOMDV,50,30,22,8,4,101274,EXPANDED_REAL_NS2_SIMULATION
INST_1275,AODV,50,30,22,8,5,101275,EXPANDED_REAL_NS2_SIMULATION
INST_1275,DSDV,50,30,22,8,5,101275,EXPANDED_REAL_NS2_SIMULATION
INST_1275,AOMDV,50,30,22,8,5,101275,EXPANDED_REAL_NS2_SIMULATION
INST_1276,AODV,50,30,25,3,1,101276,EXPANDED_REAL_NS2_SIMULATION
INST_1276,DSDV,50,30,25,3,1,101276,EXPANDED_REAL_NS2_SIMULATION
INST_1276,AOMDV,50,30,25,3,1,101276,EXPANDED_REAL_NS2_SIMULATION
INST_1277,AODV,50,30,25,3,2,101277,EXPANDED_REAL_NS2_SIMULATION
INST_1277,DSDV,50,30,25,3,2,101277,EXPANDED_REAL_NS2_SIMULATION
INST_1277,AOMDV,50,30,25,3,2,101277,EXPANDED_REAL_NS2_SIMULATION
INST_1278,AODV,50,30,25,3,3,101278,EXPANDED_REAL_NS2_SIMULATION
INST_1278,DSDV,50,30,25,3,3,101278,EXPANDED_REAL_NS2_SIMULATION
INST_1278,AOMDV,50,30,25,3,3,101278,EXPANDED_REAL_NS2_SIMULATION
INST_1279,AODV,50,30,25,3,4,101279,EXPANDED_REAL_NS2_SIMULATION
INST_1279,DSDV,50,30,25,3,4,101279,EXPANDED_REAL_NS2_SIMULATION
INST_1279,AOMDV,50,30,25,3,4,101279,EXPANDED_REAL_NS2_SIMULATION
INST_1280,AODV,50,30,25,3,5,101280,EXPANDED_REAL_NS2_SIMULATION
INST_1280,DSDV,50,30,25,3,5,101280,EXPANDED_REAL_NS2_SIMULATION
INST_1280,AOMDV,50,30,25,3,5,101280,EXPANDED_REAL_NS2_SIMULATION
INST_1281,AODV,50,30,25,5,1,101281,EXPANDED_REAL_NS2_SIMULATION
INST_1281,DSDV,50,30,25,5,1,101281,EXPANDED_REAL_NS2_SIMULATION
INST_1281,AOMDV,50,30,25,5,1,101281,EXPANDED_REAL_NS2_SIMULATION
INST_1282,AODV,50,30,25,5,2,101282,EXPANDED_REAL_NS2_SIMULATION
INST_1282,DSDV,50,30,25,5,2,101282,EXPANDED_REAL_NS2_SIMULATION
INST_1282,AOMDV,50,30,25,5,2,101282,EXPANDED_REAL_NS2_SIMULATION
INST_1283,AODV,50,30,25,5,3,101283,EXPANDED_REAL_NS2_SIMULATION
INST_1283,DSDV,50,30,25,5,3,101283,EXPANDED_REAL_NS2_SIMULATION
INST_1283,AOMDV,50,30,25,5,3,101283,EXPANDED_REAL_NS2_SIMULATION
INST_1284,AODV,50,30,25,5,4,101284,EXPANDED_REAL_NS2_SIMULATION
INST_1284,DSDV,50,30,25,5,4,101284,EXPANDED_REAL_NS2_SIMULATION
INST_1284,AOMDV,50,30,25,5,4,101284,EXPANDED_REAL_NS2_SIMULATION
INST_1285,AODV,50,30,25,5,5,101285,EXPANDED_REAL_NS2_SIMULATION
INST_1285,DSDV,50,30,25,5,5,101285,EXPANDED_REAL_NS2_SIMULATION
INST_1285,AOMDV,50,30,25,5,5,101285,EXPANDED_REAL_NS2_SIMULATION
INST_1286,AODV,50,30,25,6,1,101286,EXPANDED_REAL_NS2_SIMULATION
INST_1286,DSDV,50,30,25,6,1,101286,EXPANDED_REAL_NS2_SIMULATION
INST_1286,AOMDV,50,30,25,6,1,101286,EXPANDED_REAL_NS2_SIMULATION
INST_1287,AODV,50,30,25,6,2,101287,EXPANDED_REAL_NS2_SIMULATION
INST_1287,DSDV,50,30,25,6,2,101287,EXPANDED_REAL_NS2_SIMULATION
INST_1287,AOMDV,50,30,25,6,2,101287,EXPANDED_REAL_NS2_SIMULATION
INST_1288,AODV,50,30,25,6,3,101288,EXPANDED_REAL_NS2_SIMULATION
INST_1288,DSDV,50,30,25,6,3,101288,EXPANDED_REAL_NS2_SIMULATION
INST_1288,AOMDV,50,30,25,6,3,101288,EXPANDED_REAL_NS2_SIMULATION
INST_1289,AODV,50,30,25,6,4,101289,EXPANDED_REAL_NS2_SIMULATION
INST_1289,DSDV,50,30,25,6,4,101289,EXPANDED_REAL_NS2_SIMULATION
INST_1289,AOMDV,50,30,25,6,4,101289,EXPANDED_REAL_NS2_SIMULATION
INST_1290,AODV,50,30,25,6,5,101290,EXPANDED_REAL_NS2_SIMULATION
INST_1290,DSDV,50,30,25,6,5,101290,EXPANDED_REAL_NS2_SIMULATION
INST_1290,AOMDV,50,30,25,6,5,101290,EXPANDED_REAL_NS2_SIMULATION
INST_1291,AODV,50,40,5,3,1,101291,EXPANDED_REAL_NS2_SIMULATION
INST_1291,DSDV,50,40,5,3,1,101291,EXPANDED_REAL_NS2_SIMULATION
INST_1291,AOMDV,50,40,5,3,1,101291,EXPANDED_REAL_NS2_SIMULATION
INST_1292,AODV,50,40,5,3,2,101292,EXPANDED_REAL_NS2_SIMULATION
INST_1292,DSDV,50,40,5,3,2,101292,EXPANDED_REAL_NS2_SIMULATION
INST_1292,AOMDV,50,40,5,3,2,101292,EXPANDED_REAL_NS2_SIMULATION
INST_1293,AODV,50,40,5,3,3,101293,EXPANDED_REAL_NS2_SIMULATION
INST_1293,DSDV,50,40,5,3,3,101293,EXPANDED_REAL_NS2_SIMULATION
INST_1293,AOMDV,50,40,5,3,3,101293,EXPANDED_REAL_NS2_SIMULATION
INST_1294,AODV,50,40,5,3,4,101294,EXPANDED_REAL_NS2_SIMULATION
INST_1294,DSDV,50,40,5,3,4,101294,EXPANDED_REAL_NS2_SIMULATION
INST_1294,AOMDV,50,40,5,3,4,101294,EXPANDED_REAL_NS2_SIMULATION
INST_1295,AODV,50,40,5,3,5,101295,EXPANDED_REAL_NS2_SIMULATION
INST_1295,DSDV,50,40,5,3,5,101295,EXPANDED_REAL_NS2_SIMULATION
INST_1295,AOMDV,50,40,5,3,5,101295,EXPANDED_REAL_NS2_SIMULATION
INST_1296,AODV,50,40,5,5,1,101296,EXPANDED_REAL_NS2_SIMULATION
INST_1296,DSDV,50,40,5,5,1,101296,EXPANDED_REAL_NS2_SIMULATION
INST_1296,AOMDV,50,40,5,5,1,101296,EXPANDED_REAL_NS2_SIMULATION
INST_1297,AODV,50,40,5,5,2,101297,EXPANDED_REAL_NS2_SIMULATION
INST_1297,DSDV,50,40,5,5,2,101297,EXPANDED_REAL_NS2_SIMULATION
INST_1297,AOMDV,50,40,5,5,2,101297,EXPANDED_REAL_NS2_SIMULATION
INST_1298,AODV,50,40,5,5,3,101298,EXPANDED_REAL_NS2_SIMULATION
INST_1298,DSDV,50,40,5,5,3,101298,EXPANDED_REAL_NS2_SIMULATION
INST_1298,AOMDV,50,40,5,5,3,101298,EXPANDED_REAL_NS2_SIMULATION
INST_1299,AODV,50,40,5,5,4,101299,EXPANDED_REAL_NS2_SIMULATION
INST_1299,DSDV,50,40,5,5,4,101299,EXPANDED_REAL_NS2_SIMULATION
INST_1299,AOMDV,50,40,5,5,4,101299,EXPANDED_REAL_NS2_SIMULATION
INST_1300,AODV,50,40,5,5,5,101300,EXPANDED_REAL_NS2_SIMULATION
INST_1300,DSDV,50,40,5,5,5,101300,EXPANDED_REAL_NS2_SIMULATION
INST_1300,AOMDV,50,40,5,5,5,101300,EXPANDED_REAL_NS2_SIMULATION
INST_1301,AODV,50,40,5,6,1,101301,EXPANDED_REAL_NS2_SIMULATION
INST_1301,DSDV,50,40,5,6,1,101301,EXPANDED_REAL_NS2_SIMULATION
INST_1301,AOMDV,50,40,5,6,1,101301,EXPANDED_REAL_NS2_SIMULATION
INST_1302,AODV,50,40,5,6,2,101302,EXPANDED_REAL_NS2_SIMULATION
INST_1302,DSDV,50,40,5,6,2,101302,EXPANDED_REAL_NS2_SIMULATION
INST_1302,AOMDV,50,40,5,6,2,101302,EXPANDED_REAL_NS2_SIMULATION
INST_1303,AODV,50,40,5,6,3,101303,EXPANDED_REAL_NS2_SIMULATION
INST_1303,DSDV,50,40,5,6,3,101303,EXPANDED_REAL_NS2_SIMULATION
INST_1303,AOMDV,50,40,5,6,3,101303,EXPANDED_REAL_NS2_SIMULATION
INST_1304,AODV,50,40,5,6,4,101304,EXPANDED_REAL_NS2_SIMULATION
INST_1304,DSDV,50,40,5,6,4,101304,EXPANDED_REAL_NS2_SIMULATION
INST_1304,AOMDV,50,40,5,6,4,101304,EXPANDED_REAL_NS2_SIMULATION
INST_1305,AODV,50,40,5,6,5,101305,EXPANDED_REAL_NS2_SIMULATION
INST_1305,DSDV,50,40,5,6,5,101305,EXPANDED_REAL_NS2_SIMULATION
INST_1305,AOMDV,50,40,5,6,5,101305,EXPANDED_REAL_NS2_SIMULATION
INST_1306,AODV,50,40,7,2,1,101306,EXPANDED_REAL_NS2_SIMULATION
INST_1306,DSDV,50,40,7,2,1,101306,EXPANDED_REAL_NS2_SIMULATION
INST_1306,AOMDV,50,40,7,2,1,101306,EXPANDED_REAL_NS2_SIMULATION
INST_1307,AODV,50,40,7,2,2,101307,EXPANDED_REAL_NS2_SIMULATION
INST_1307,DSDV,50,40,7,2,2,101307,EXPANDED_REAL_NS2_SIMULATION
INST_1307,AOMDV,50,40,7,2,2,101307,EXPANDED_REAL_NS2_SIMULATION
INST_1308,AODV,50,40,7,2,3,101308,EXPANDED_REAL_NS2_SIMULATION
INST_1308,DSDV,50,40,7,2,3,101308,EXPANDED_REAL_NS2_SIMULATION
INST_1308,AOMDV,50,40,7,2,3,101308,EXPANDED_REAL_NS2_SIMULATION
INST_1309,AODV,50,40,7,2,4,101309,EXPANDED_REAL_NS2_SIMULATION
INST_1309,DSDV,50,40,7,2,4,101309,EXPANDED_REAL_NS2_SIMULATION
INST_1309,AOMDV,50,40,7,2,4,101309,EXPANDED_REAL_NS2_SIMULATION
INST_1310,AODV,50,40,7,2,5,101310,EXPANDED_REAL_NS2_SIMULATION
INST_1310,DSDV,50,40,7,2,5,101310,EXPANDED_REAL_NS2_SIMULATION
INST_1310,AOMDV,50,40,7,2,5,101310,EXPANDED_REAL_NS2_SIMULATION
INST_1311,AODV,50,40,7,3,1,101311,EXPANDED_REAL_NS2_SIMULATION
INST_1311,DSDV,50,40,7,3,1,101311,EXPANDED_REAL_NS2_SIMULATION
INST_1311,AOMDV,50,40,7,3,1,101311,EXPANDED_REAL_NS2_SIMULATION
INST_1312,AODV,50,40,7,3,2,101312,EXPANDED_REAL_NS2_SIMULATION
INST_1312,DSDV,50,40,7,3,2,101312,EXPANDED_REAL_NS2_SIMULATION
INST_1312,AOMDV,50,40,7,3,2,101312,EXPANDED_REAL_NS2_SIMULATION
INST_1313,AODV,50,40,7,3,3,101313,EXPANDED_REAL_NS2_SIMULATION
INST_1313,DSDV,50,40,7,3,3,101313,EXPANDED_REAL_NS2_SIMULATION
INST_1313,AOMDV,50,40,7,3,3,101313,EXPANDED_REAL_NS2_SIMULATION
INST_1314,AODV,50,40,7,3,4,101314,EXPANDED_REAL_NS2_SIMULATION
INST_1314,DSDV,50,40,7,3,4,101314,EXPANDED_REAL_NS2_SIMULATION
INST_1314,AOMDV,50,40,7,3,4,101314,EXPANDED_REAL_NS2_SIMULATION
INST_1315,AODV,50,40,7,3,5,101315,EXPANDED_REAL_NS2_SIMULATION
INST_1315,DSDV,50,40,7,3,5,101315,EXPANDED_REAL_NS2_SIMULATION
INST_1315,AOMDV,50,40,7,3,5,101315,EXPANDED_REAL_NS2_SIMULATION
INST_1316,AODV,50,40,7,4,1,101316,EXPANDED_REAL_NS2_SIMULATION
INST_1316,DSDV,50,40,7,4,1,101316,EXPANDED_REAL_NS2_SIMULATION
INST_1316,AOMDV,50,40,7,4,1,101316,EXPANDED_REAL_NS2_SIMULATION
INST_1317,AODV,50,40,7,4,2,101317,EXPANDED_REAL_NS2_SIMULATION
INST_1317,DSDV,50,40,7,4,2,101317,EXPANDED_REAL_NS2_SIMULATION
INST_1317,AOMDV,50,40,7,4,2,101317,EXPANDED_REAL_NS2_SIMULATION
INST_1318,AODV,50,40,7,4,3,101318,EXPANDED_REAL_NS2_SIMULATION
INST_1318,DSDV,50,40,7,4,3,101318,EXPANDED_REAL_NS2_SIMULATION
INST_1318,AOMDV,50,40,7,4,3,101318,EXPANDED_REAL_NS2_SIMULATION
INST_1319,AODV,50,40,7,4,4,101319,EXPANDED_REAL_NS2_SIMULATION
INST_1319,DSDV,50,40,7,4,4,101319,EXPANDED_REAL_NS2_SIMULATION
INST_1319,AOMDV,50,40,7,4,4,101319,EXPANDED_REAL_NS2_SIMULATION
INST_1320,AODV,50,40,7,4,5,101320,EXPANDED_REAL_NS2_SIMULATION
INST_1320,DSDV,50,40,7,4,5,101320,EXPANDED_REAL_NS2_SIMULATION
INST_1320,AOMDV,50,40,7,4,5,101320,EXPANDED_REAL_NS2_SIMULATION
INST_1321,AODV,50,40,7,5,1,101321,EXPANDED_REAL_NS2_SIMULATION
INST_1321,DSDV,50,40,7,5,1,101321,EXPANDED_REAL_NS2_SIMULATION
INST_1321,AOMDV,50,40,7,5,1,101321,EXPANDED_REAL_NS2_SIMULATION
INST_1322,AODV,50,40,7,5,2,101322,EXPANDED_REAL_NS2_SIMULATION
INST_1322,DSDV,50,40,7,5,2,101322,EXPANDED_REAL_NS2_SIMULATION
INST_1322,AOMDV,50,40,7,5,2,101322,EXPANDED_REAL_NS2_SIMULATION
INST_1323,AODV,50,40,7,5,3,101323,EXPANDED_REAL_NS2_SIMULATION
INST_1323,DSDV,50,40,7,5,3,101323,EXPANDED_REAL_NS2_SIMULATION
INST_1323,AOMDV,50,40,7,5,3,101323,EXPANDED_REAL_NS2_SIMULATION
INST_1324,AODV,50,40,7,5,4,101324,EXPANDED_REAL_NS2_SIMULATION
INST_1324,DSDV,50,40,7,5,4,101324,EXPANDED_REAL_NS2_SIMULATION
INST_1324,AOMDV,50,40,7,5,4,101324,EXPANDED_REAL_NS2_SIMULATION
INST_1325,AODV,50,40,7,5,5,101325,EXPANDED_REAL_NS2_SIMULATION
INST_1325,DSDV,50,40,7,5,5,101325,EXPANDED_REAL_NS2_SIMULATION
INST_1325,AOMDV,50,40,7,5,5,101325,EXPANDED_REAL_NS2_SIMULATION
INST_1326,AODV,50,40,7,6,1,101326,EXPANDED_REAL_NS2_SIMULATION
INST_1326,DSDV,50,40,7,6,1,101326,EXPANDED_REAL_NS2_SIMULATION
INST_1326,AOMDV,50,40,7,6,1,101326,EXPANDED_REAL_NS2_SIMULATION
INST_1327,AODV,50,40,7,6,2,101327,EXPANDED_REAL_NS2_SIMULATION
INST_1327,DSDV,50,40,7,6,2,101327,EXPANDED_REAL_NS2_SIMULATION
INST_1327,AOMDV,50,40,7,6,2,101327,EXPANDED_REAL_NS2_SIMULATION
INST_1328,AODV,50,40,7,6,3,101328,EXPANDED_REAL_NS2_SIMULATION
INST_1328,DSDV,50,40,7,6,3,101328,EXPANDED_REAL_NS2_SIMULATION
INST_1328,AOMDV,50,40,7,6,3,101328,EXPANDED_REAL_NS2_SIMULATION
INST_1329,AODV,50,40,7,6,4,101329,EXPANDED_REAL_NS2_SIMULATION
INST_1329,DSDV,50,40,7,6,4,101329,EXPANDED_REAL_NS2_SIMULATION
INST_1329,AOMDV,50,40,7,6,4,101329,EXPANDED_REAL_NS2_SIMULATION
INST_1330,AODV,50,40,7,6,5,101330,EXPANDED_REAL_NS2_SIMULATION
INST_1330,DSDV,50,40,7,6,5,101330,EXPANDED_REAL_NS2_SIMULATION
INST_1330,AOMDV,50,40,7,6,5,101330,EXPANDED_REAL_NS2_SIMULATION
INST_1331,AODV,50,40,7,8,1,101331,EXPANDED_REAL_NS2_SIMULATION
INST_1331,DSDV,50,40,7,8,1,101331,EXPANDED_REAL_NS2_SIMULATION
INST_1331,AOMDV,50,40,7,8,1,101331,EXPANDED_REAL_NS2_SIMULATION
INST_1332,AODV,50,40,7,8,2,101332,EXPANDED_REAL_NS2_SIMULATION
INST_1332,DSDV,50,40,7,8,2,101332,EXPANDED_REAL_NS2_SIMULATION
INST_1332,AOMDV,50,40,7,8,2,101332,EXPANDED_REAL_NS2_SIMULATION
INST_1333,AODV,50,40,7,8,3,101333,EXPANDED_REAL_NS2_SIMULATION
INST_1333,DSDV,50,40,7,8,3,101333,EXPANDED_REAL_NS2_SIMULATION
INST_1333,AOMDV,50,40,7,8,3,101333,EXPANDED_REAL_NS2_SIMULATION
INST_1334,AODV,50,40,7,8,4,101334,EXPANDED_REAL_NS2_SIMULATION
INST_1334,DSDV,50,40,7,8,4,101334,EXPANDED_REAL_NS2_SIMULATION
INST_1334,AOMDV,50,40,7,8,4,101334,EXPANDED_REAL_NS2_SIMULATION
INST_1335,AODV,50,40,7,8,5,101335,EXPANDED_REAL_NS2_SIMULATION
INST_1335,DSDV,50,40,7,8,5,101335,EXPANDED_REAL_NS2_SIMULATION
INST_1335,AOMDV,50,40,7,8,5,101335,EXPANDED_REAL_NS2_SIMULATION
INST_1336,AODV,50,40,10,3,1,101336,EXPANDED_REAL_NS2_SIMULATION
INST_1336,DSDV,50,40,10,3,1,101336,EXPANDED_REAL_NS2_SIMULATION
INST_1336,AOMDV,50,40,10,3,1,101336,EXPANDED_REAL_NS2_SIMULATION
INST_1337,AODV,50,40,10,3,2,101337,EXPANDED_REAL_NS2_SIMULATION
INST_1337,DSDV,50,40,10,3,2,101337,EXPANDED_REAL_NS2_SIMULATION
INST_1337,AOMDV,50,40,10,3,2,101337,EXPANDED_REAL_NS2_SIMULATION
INST_1338,AODV,50,40,10,3,3,101338,EXPANDED_REAL_NS2_SIMULATION
INST_1338,DSDV,50,40,10,3,3,101338,EXPANDED_REAL_NS2_SIMULATION
INST_1338,AOMDV,50,40,10,3,3,101338,EXPANDED_REAL_NS2_SIMULATION
INST_1339,AODV,50,40,10,3,4,101339,EXPANDED_REAL_NS2_SIMULATION
INST_1339,DSDV,50,40,10,3,4,101339,EXPANDED_REAL_NS2_SIMULATION
INST_1339,AOMDV,50,40,10,3,4,101339,EXPANDED_REAL_NS2_SIMULATION
INST_1340,AODV,50,40,10,3,5,101340,EXPANDED_REAL_NS2_SIMULATION
INST_1340,DSDV,50,40,10,3,5,101340,EXPANDED_REAL_NS2_SIMULATION
INST_1340,AOMDV,50,40,10,3,5,101340,EXPANDED_REAL_NS2_SIMULATION
INST_1341,AODV,50,40,10,5,1,101341,EXPANDED_REAL_NS2_SIMULATION
INST_1341,DSDV,50,40,10,5,1,101341,EXPANDED_REAL_NS2_SIMULATION
INST_1341,AOMDV,50,40,10,5,1,101341,EXPANDED_REAL_NS2_SIMULATION
INST_1342,AODV,50,40,10,5,2,101342,EXPANDED_REAL_NS2_SIMULATION
INST_1342,DSDV,50,40,10,5,2,101342,EXPANDED_REAL_NS2_SIMULATION
INST_1342,AOMDV,50,40,10,5,2,101342,EXPANDED_REAL_NS2_SIMULATION
INST_1343,AODV,50,40,10,5,3,101343,EXPANDED_REAL_NS2_SIMULATION
INST_1343,DSDV,50,40,10,5,3,101343,EXPANDED_REAL_NS2_SIMULATION
INST_1343,AOMDV,50,40,10,5,3,101343,EXPANDED_REAL_NS2_SIMULATION
INST_1344,AODV,50,40,10,5,4,101344,EXPANDED_REAL_NS2_SIMULATION
INST_1344,DSDV,50,40,10,5,4,101344,EXPANDED_REAL_NS2_SIMULATION
INST_1344,AOMDV,50,40,10,5,4,101344,EXPANDED_REAL_NS2_SIMULATION
INST_1345,AODV,50,40,10,5,5,101345,EXPANDED_REAL_NS2_SIMULATION
INST_1345,DSDV,50,40,10,5,5,101345,EXPANDED_REAL_NS2_SIMULATION
INST_1345,AOMDV,50,40,10,5,5,101345,EXPANDED_REAL_NS2_SIMULATION
INST_1346,AODV,50,40,10,6,1,101346,EXPANDED_REAL_NS2_SIMULATION
INST_1346,DSDV,50,40,10,6,1,101346,EXPANDED_REAL_NS2_SIMULATION
INST_1346,AOMDV,50,40,10,6,1,101346,EXPANDED_REAL_NS2_SIMULATION
INST_1347,AODV,50,40,10,6,2,101347,EXPANDED_REAL_NS2_SIMULATION
INST_1347,DSDV,50,40,10,6,2,101347,EXPANDED_REAL_NS2_SIMULATION
INST_1347,AOMDV,50,40,10,6,2,101347,EXPANDED_REAL_NS2_SIMULATION
INST_1348,AODV,50,40,10,6,3,101348,EXPANDED_REAL_NS2_SIMULATION
INST_1348,DSDV,50,40,10,6,3,101348,EXPANDED_REAL_NS2_SIMULATION
INST_1348,AOMDV,50,40,10,6,3,101348,EXPANDED_REAL_NS2_SIMULATION
INST_1349,AODV,50,40,10,6,4,101349,EXPANDED_REAL_NS2_SIMULATION
INST_1349,DSDV,50,40,10,6,4,101349,EXPANDED_REAL_NS2_SIMULATION
INST_1349,AOMDV,50,40,10,6,4,101349,EXPANDED_REAL_NS2_SIMULATION
INST_1350,AODV,50,40,10,6,5,101350,EXPANDED_REAL_NS2_SIMULATION
INST_1350,DSDV,50,40,10,6,5,101350,EXPANDED_REAL_NS2_SIMULATION
INST_1350,AOMDV,50,40,10,6,5,101350,EXPANDED_REAL_NS2_SIMULATION
INST_1351,AODV,50,40,12,2,1,101351,EXPANDED_REAL_NS2_SIMULATION
INST_1351,DSDV,50,40,12,2,1,101351,EXPANDED_REAL_NS2_SIMULATION
INST_1351,AOMDV,50,40,12,2,1,101351,EXPANDED_REAL_NS2_SIMULATION
INST_1352,AODV,50,40,12,2,2,101352,EXPANDED_REAL_NS2_SIMULATION
INST_1352,DSDV,50,40,12,2,2,101352,EXPANDED_REAL_NS2_SIMULATION
INST_1352,AOMDV,50,40,12,2,2,101352,EXPANDED_REAL_NS2_SIMULATION
INST_1353,AODV,50,40,12,2,3,101353,EXPANDED_REAL_NS2_SIMULATION
INST_1353,DSDV,50,40,12,2,3,101353,EXPANDED_REAL_NS2_SIMULATION
INST_1353,AOMDV,50,40,12,2,3,101353,EXPANDED_REAL_NS2_SIMULATION
INST_1354,AODV,50,40,12,2,4,101354,EXPANDED_REAL_NS2_SIMULATION
INST_1354,DSDV,50,40,12,2,4,101354,EXPANDED_REAL_NS2_SIMULATION
INST_1354,AOMDV,50,40,12,2,4,101354,EXPANDED_REAL_NS2_SIMULATION
INST_1355,AODV,50,40,12,2,5,101355,EXPANDED_REAL_NS2_SIMULATION
INST_1355,DSDV,50,40,12,2,5,101355,EXPANDED_REAL_NS2_SIMULATION
INST_1355,AOMDV,50,40,12,2,5,101355,EXPANDED_REAL_NS2_SIMULATION
INST_1356,AODV,50,40,12,3,1,101356,EXPANDED_REAL_NS2_SIMULATION
INST_1356,DSDV,50,40,12,3,1,101356,EXPANDED_REAL_NS2_SIMULATION
INST_1356,AOMDV,50,40,12,3,1,101356,EXPANDED_REAL_NS2_SIMULATION
INST_1357,AODV,50,40,12,3,2,101357,EXPANDED_REAL_NS2_SIMULATION
INST_1357,DSDV,50,40,12,3,2,101357,EXPANDED_REAL_NS2_SIMULATION
INST_1357,AOMDV,50,40,12,3,2,101357,EXPANDED_REAL_NS2_SIMULATION
INST_1358,AODV,50,40,12,3,3,101358,EXPANDED_REAL_NS2_SIMULATION
INST_1358,DSDV,50,40,12,3,3,101358,EXPANDED_REAL_NS2_SIMULATION
INST_1358,AOMDV,50,40,12,3,3,101358,EXPANDED_REAL_NS2_SIMULATION
INST_1359,AODV,50,40,12,3,4,101359,EXPANDED_REAL_NS2_SIMULATION
INST_1359,DSDV,50,40,12,3,4,101359,EXPANDED_REAL_NS2_SIMULATION
INST_1359,AOMDV,50,40,12,3,4,101359,EXPANDED_REAL_NS2_SIMULATION
INST_1360,AODV,50,40,12,3,5,101360,EXPANDED_REAL_NS2_SIMULATION
INST_1360,DSDV,50,40,12,3,5,101360,EXPANDED_REAL_NS2_SIMULATION
INST_1360,AOMDV,50,40,12,3,5,101360,EXPANDED_REAL_NS2_SIMULATION
INST_1361,AODV,50,40,12,4,1,101361,EXPANDED_REAL_NS2_SIMULATION
INST_1361,DSDV,50,40,12,4,1,101361,EXPANDED_REAL_NS2_SIMULATION
INST_1361,AOMDV,50,40,12,4,1,101361,EXPANDED_REAL_NS2_SIMULATION
INST_1362,AODV,50,40,12,4,2,101362,EXPANDED_REAL_NS2_SIMULATION
INST_1362,DSDV,50,40,12,4,2,101362,EXPANDED_REAL_NS2_SIMULATION
INST_1362,AOMDV,50,40,12,4,2,101362,EXPANDED_REAL_NS2_SIMULATION
INST_1363,AODV,50,40,12,4,3,101363,EXPANDED_REAL_NS2_SIMULATION
INST_1363,DSDV,50,40,12,4,3,101363,EXPANDED_REAL_NS2_SIMULATION
INST_1363,AOMDV,50,40,12,4,3,101363,EXPANDED_REAL_NS2_SIMULATION
INST_1364,AODV,50,40,12,4,4,101364,EXPANDED_REAL_NS2_SIMULATION
INST_1364,DSDV,50,40,12,4,4,101364,EXPANDED_REAL_NS2_SIMULATION
INST_1364,AOMDV,50,40,12,4,4,101364,EXPANDED_REAL_NS2_SIMULATION
INST_1365,AODV,50,40,12,4,5,101365,EXPANDED_REAL_NS2_SIMULATION
INST_1365,DSDV,50,40,12,4,5,101365,EXPANDED_REAL_NS2_SIMULATION
INST_1365,AOMDV,50,40,12,4,5,101365,EXPANDED_REAL_NS2_SIMULATION
INST_1366,AODV,50,40,12,5,1,101366,EXPANDED_REAL_NS2_SIMULATION
INST_1366,DSDV,50,40,12,5,1,101366,EXPANDED_REAL_NS2_SIMULATION
INST_1366,AOMDV,50,40,12,5,1,101366,EXPANDED_REAL_NS2_SIMULATION
INST_1367,AODV,50,40,12,5,2,101367,EXPANDED_REAL_NS2_SIMULATION
INST_1367,DSDV,50,40,12,5,2,101367,EXPANDED_REAL_NS2_SIMULATION
INST_1367,AOMDV,50,40,12,5,2,101367,EXPANDED_REAL_NS2_SIMULATION
INST_1368,AODV,50,40,12,5,3,101368,EXPANDED_REAL_NS2_SIMULATION
INST_1368,DSDV,50,40,12,5,3,101368,EXPANDED_REAL_NS2_SIMULATION
INST_1368,AOMDV,50,40,12,5,3,101368,EXPANDED_REAL_NS2_SIMULATION
INST_1369,AODV,50,40,12,5,4,101369,EXPANDED_REAL_NS2_SIMULATION
INST_1369,DSDV,50,40,12,5,4,101369,EXPANDED_REAL_NS2_SIMULATION
INST_1369,AOMDV,50,40,12,5,4,101369,EXPANDED_REAL_NS2_SIMULATION
INST_1370,AODV,50,40,12,5,5,101370,EXPANDED_REAL_NS2_SIMULATION
INST_1370,DSDV,50,40,12,5,5,101370,EXPANDED_REAL_NS2_SIMULATION
INST_1370,AOMDV,50,40,12,5,5,101370,EXPANDED_REAL_NS2_SIMULATION
INST_1371,AODV,50,40,12,6,1,101371,EXPANDED_REAL_NS2_SIMULATION
INST_1371,DSDV,50,40,12,6,1,101371,EXPANDED_REAL_NS2_SIMULATION
INST_1371,AOMDV,50,40,12,6,1,101371,EXPANDED_REAL_NS2_SIMULATION
INST_1372,AODV,50,40,12,6,2,101372,EXPANDED_REAL_NS2_SIMULATION
INST_1372,DSDV,50,40,12,6,2,101372,EXPANDED_REAL_NS2_SIMULATION
INST_1372,AOMDV,50,40,12,6,2,101372,EXPANDED_REAL_NS2_SIMULATION
INST_1373,AODV,50,40,12,6,3,101373,EXPANDED_REAL_NS2_SIMULATION
INST_1373,DSDV,50,40,12,6,3,101373,EXPANDED_REAL_NS2_SIMULATION
INST_1373,AOMDV,50,40,12,6,3,101373,EXPANDED_REAL_NS2_SIMULATION
INST_1374,AODV,50,40,12,6,4,101374,EXPANDED_REAL_NS2_SIMULATION
INST_1374,DSDV,50,40,12,6,4,101374,EXPANDED_REAL_NS2_SIMULATION
INST_1374,AOMDV,50,40,12,6,4,101374,EXPANDED_REAL_NS2_SIMULATION
INST_1375,AODV,50,40,12,6,5,101375,EXPANDED_REAL_NS2_SIMULATION
INST_1375,DSDV,50,40,12,6,5,101375,EXPANDED_REAL_NS2_SIMULATION
INST_1375,AOMDV,50,40,12,6,5,101375,EXPANDED_REAL_NS2_SIMULATION
INST_1376,AODV,50,40,12,8,1,101376,EXPANDED_REAL_NS2_SIMULATION
INST_1376,DSDV,50,40,12,8,1,101376,EXPANDED_REAL_NS2_SIMULATION
INST_1376,AOMDV,50,40,12,8,1,101376,EXPANDED_REAL_NS2_SIMULATION
INST_1377,AODV,50,40,12,8,2,101377,EXPANDED_REAL_NS2_SIMULATION
INST_1377,DSDV,50,40,12,8,2,101377,EXPANDED_REAL_NS2_SIMULATION
INST_1377,AOMDV,50,40,12,8,2,101377,EXPANDED_REAL_NS2_SIMULATION
INST_1378,AODV,50,40,12,8,3,101378,EXPANDED_REAL_NS2_SIMULATION
INST_1378,DSDV,50,40,12,8,3,101378,EXPANDED_REAL_NS2_SIMULATION
INST_1378,AOMDV,50,40,12,8,3,101378,EXPANDED_REAL_NS2_SIMULATION
INST_1379,AODV,50,40,12,8,4,101379,EXPANDED_REAL_NS2_SIMULATION
INST_1379,DSDV,50,40,12,8,4,101379,EXPANDED_REAL_NS2_SIMULATION
INST_1379,AOMDV,50,40,12,8,4,101379,EXPANDED_REAL_NS2_SIMULATION
INST_1380,AODV,50,40,12,8,5,101380,EXPANDED_REAL_NS2_SIMULATION
INST_1380,DSDV,50,40,12,8,5,101380,EXPANDED_REAL_NS2_SIMULATION
INST_1380,AOMDV,50,40,12,8,5,101380,EXPANDED_REAL_NS2_SIMULATION
INST_1381,AODV,50,40,15,3,1,101381,EXPANDED_REAL_NS2_SIMULATION
INST_1381,DSDV,50,40,15,3,1,101381,EXPANDED_REAL_NS2_SIMULATION
INST_1381,AOMDV,50,40,15,3,1,101381,EXPANDED_REAL_NS2_SIMULATION
INST_1382,AODV,50,40,15,3,2,101382,EXPANDED_REAL_NS2_SIMULATION
INST_1382,DSDV,50,40,15,3,2,101382,EXPANDED_REAL_NS2_SIMULATION
INST_1382,AOMDV,50,40,15,3,2,101382,EXPANDED_REAL_NS2_SIMULATION
INST_1383,AODV,50,40,15,3,3,101383,EXPANDED_REAL_NS2_SIMULATION
INST_1383,DSDV,50,40,15,3,3,101383,EXPANDED_REAL_NS2_SIMULATION
INST_1383,AOMDV,50,40,15,3,3,101383,EXPANDED_REAL_NS2_SIMULATION
INST_1384,AODV,50,40,15,3,4,101384,EXPANDED_REAL_NS2_SIMULATION
INST_1384,DSDV,50,40,15,3,4,101384,EXPANDED_REAL_NS2_SIMULATION
INST_1384,AOMDV,50,40,15,3,4,101384,EXPANDED_REAL_NS2_SIMULATION
INST_1385,AODV,50,40,15,3,5,101385,EXPANDED_REAL_NS2_SIMULATION
INST_1385,DSDV,50,40,15,3,5,101385,EXPANDED_REAL_NS2_SIMULATION
INST_1385,AOMDV,50,40,15,3,5,101385,EXPANDED_REAL_NS2_SIMULATION
INST_1386,AODV,50,40,15,5,1,101386,EXPANDED_REAL_NS2_SIMULATION
INST_1386,DSDV,50,40,15,5,1,101386,EXPANDED_REAL_NS2_SIMULATION
INST_1386,AOMDV,50,40,15,5,1,101386,EXPANDED_REAL_NS2_SIMULATION
INST_1387,AODV,50,40,15,5,2,101387,EXPANDED_REAL_NS2_SIMULATION
INST_1387,DSDV,50,40,15,5,2,101387,EXPANDED_REAL_NS2_SIMULATION
INST_1387,AOMDV,50,40,15,5,2,101387,EXPANDED_REAL_NS2_SIMULATION
INST_1388,AODV,50,40,15,5,3,101388,EXPANDED_REAL_NS2_SIMULATION
INST_1388,DSDV,50,40,15,5,3,101388,EXPANDED_REAL_NS2_SIMULATION
INST_1388,AOMDV,50,40,15,5,3,101388,EXPANDED_REAL_NS2_SIMULATION
INST_1389,AODV,50,40,15,5,4,101389,EXPANDED_REAL_NS2_SIMULATION
INST_1389,DSDV,50,40,15,5,4,101389,EXPANDED_REAL_NS2_SIMULATION
INST_1389,AOMDV,50,40,15,5,4,101389,EXPANDED_REAL_NS2_SIMULATION
INST_1390,AODV,50,40,15,5,5,101390,EXPANDED_REAL_NS2_SIMULATION
INST_1390,DSDV,50,40,15,5,5,101390,EXPANDED_REAL_NS2_SIMULATION
INST_1390,AOMDV,50,40,15,5,5,101390,EXPANDED_REAL_NS2_SIMULATION
INST_1391,AODV,50,40,15,6,1,101391,EXPANDED_REAL_NS2_SIMULATION
INST_1391,DSDV,50,40,15,6,1,101391,EXPANDED_REAL_NS2_SIMULATION
INST_1391,AOMDV,50,40,15,6,1,101391,EXPANDED_REAL_NS2_SIMULATION
INST_1392,AODV,50,40,15,6,2,101392,EXPANDED_REAL_NS2_SIMULATION
INST_1392,DSDV,50,40,15,6,2,101392,EXPANDED_REAL_NS2_SIMULATION
INST_1392,AOMDV,50,40,15,6,2,101392,EXPANDED_REAL_NS2_SIMULATION
INST_1393,AODV,50,40,15,6,3,101393,EXPANDED_REAL_NS2_SIMULATION
INST_1393,DSDV,50,40,15,6,3,101393,EXPANDED_REAL_NS2_SIMULATION
INST_1393,AOMDV,50,40,15,6,3,101393,EXPANDED_REAL_NS2_SIMULATION
INST_1394,AODV,50,40,15,6,4,101394,EXPANDED_REAL_NS2_SIMULATION
INST_1394,DSDV,50,40,15,6,4,101394,EXPANDED_REAL_NS2_SIMULATION
INST_1394,AOMDV,50,40,15,6,4,101394,EXPANDED_REAL_NS2_SIMULATION
INST_1395,AODV,50,40,15,6,5,101395,EXPANDED_REAL_NS2_SIMULATION
INST_1395,DSDV,50,40,15,6,5,101395,EXPANDED_REAL_NS2_SIMULATION
INST_1395,AOMDV,50,40,15,6,5,101395,EXPANDED_REAL_NS2_SIMULATION
INST_1396,AODV,50,40,18,2,1,101396,EXPANDED_REAL_NS2_SIMULATION
INST_1396,DSDV,50,40,18,2,1,101396,EXPANDED_REAL_NS2_SIMULATION
INST_1396,AOMDV,50,40,18,2,1,101396,EXPANDED_REAL_NS2_SIMULATION
INST_1397,AODV,50,40,18,2,2,101397,EXPANDED_REAL_NS2_SIMULATION
INST_1397,DSDV,50,40,18,2,2,101397,EXPANDED_REAL_NS2_SIMULATION
INST_1397,AOMDV,50,40,18,2,2,101397,EXPANDED_REAL_NS2_SIMULATION
INST_1398,AODV,50,40,18,2,3,101398,EXPANDED_REAL_NS2_SIMULATION
INST_1398,DSDV,50,40,18,2,3,101398,EXPANDED_REAL_NS2_SIMULATION
INST_1398,AOMDV,50,40,18,2,3,101398,EXPANDED_REAL_NS2_SIMULATION
INST_1399,AODV,50,40,18,2,4,101399,EXPANDED_REAL_NS2_SIMULATION
INST_1399,DSDV,50,40,18,2,4,101399,EXPANDED_REAL_NS2_SIMULATION
INST_1399,AOMDV,50,40,18,2,4,101399,EXPANDED_REAL_NS2_SIMULATION
INST_1400,AODV,50,40,18,2,5,101400,EXPANDED_REAL_NS2_SIMULATION
INST_1400,DSDV,50,40,18,2,5,101400,EXPANDED_REAL_NS2_SIMULATION
INST_1400,AOMDV,50,40,18,2,5,101400,EXPANDED_REAL_NS2_SIMULATION
INST_1401,AODV,50,40,18,3,1,101401,EXPANDED_REAL_NS2_SIMULATION
INST_1401,DSDV,50,40,18,3,1,101401,EXPANDED_REAL_NS2_SIMULATION
INST_1401,AOMDV,50,40,18,3,1,101401,EXPANDED_REAL_NS2_SIMULATION
INST_1402,AODV,50,40,18,3,2,101402,EXPANDED_REAL_NS2_SIMULATION
INST_1402,DSDV,50,40,18,3,2,101402,EXPANDED_REAL_NS2_SIMULATION
INST_1402,AOMDV,50,40,18,3,2,101402,EXPANDED_REAL_NS2_SIMULATION
INST_1403,AODV,50,40,18,3,3,101403,EXPANDED_REAL_NS2_SIMULATION
INST_1403,DSDV,50,40,18,3,3,101403,EXPANDED_REAL_NS2_SIMULATION
INST_1403,AOMDV,50,40,18,3,3,101403,EXPANDED_REAL_NS2_SIMULATION
INST_1404,AODV,50,40,18,3,4,101404,EXPANDED_REAL_NS2_SIMULATION
INST_1404,DSDV,50,40,18,3,4,101404,EXPANDED_REAL_NS2_SIMULATION
INST_1404,AOMDV,50,40,18,3,4,101404,EXPANDED_REAL_NS2_SIMULATION
INST_1405,AODV,50,40,18,3,5,101405,EXPANDED_REAL_NS2_SIMULATION
INST_1405,DSDV,50,40,18,3,5,101405,EXPANDED_REAL_NS2_SIMULATION
INST_1405,AOMDV,50,40,18,3,5,101405,EXPANDED_REAL_NS2_SIMULATION
INST_1406,AODV,50,40,18,4,1,101406,EXPANDED_REAL_NS2_SIMULATION
INST_1406,DSDV,50,40,18,4,1,101406,EXPANDED_REAL_NS2_SIMULATION
INST_1406,AOMDV,50,40,18,4,1,101406,EXPANDED_REAL_NS2_SIMULATION
INST_1407,AODV,50,40,18,4,2,101407,EXPANDED_REAL_NS2_SIMULATION
INST_1407,DSDV,50,40,18,4,2,101407,EXPANDED_REAL_NS2_SIMULATION
INST_1407,AOMDV,50,40,18,4,2,101407,EXPANDED_REAL_NS2_SIMULATION
INST_1408,AODV,50,40,18,4,3,101408,EXPANDED_REAL_NS2_SIMULATION
INST_1408,DSDV,50,40,18,4,3,101408,EXPANDED_REAL_NS2_SIMULATION
INST_1408,AOMDV,50,40,18,4,3,101408,EXPANDED_REAL_NS2_SIMULATION
INST_1409,AODV,50,40,18,4,4,101409,EXPANDED_REAL_NS2_SIMULATION
INST_1409,DSDV,50,40,18,4,4,101409,EXPANDED_REAL_NS2_SIMULATION
INST_1409,AOMDV,50,40,18,4,4,101409,EXPANDED_REAL_NS2_SIMULATION
INST_1410,AODV,50,40,18,4,5,101410,EXPANDED_REAL_NS2_SIMULATION
INST_1410,DSDV,50,40,18,4,5,101410,EXPANDED_REAL_NS2_SIMULATION
INST_1410,AOMDV,50,40,18,4,5,101410,EXPANDED_REAL_NS2_SIMULATION
INST_1411,AODV,50,40,18,5,1,101411,EXPANDED_REAL_NS2_SIMULATION
INST_1411,DSDV,50,40,18,5,1,101411,EXPANDED_REAL_NS2_SIMULATION
INST_1411,AOMDV,50,40,18,5,1,101411,EXPANDED_REAL_NS2_SIMULATION
INST_1412,AODV,50,40,18,5,2,101412,EXPANDED_REAL_NS2_SIMULATION
INST_1412,DSDV,50,40,18,5,2,101412,EXPANDED_REAL_NS2_SIMULATION
INST_1412,AOMDV,50,40,18,5,2,101412,EXPANDED_REAL_NS2_SIMULATION
INST_1413,AODV,50,40,18,5,3,101413,EXPANDED_REAL_NS2_SIMULATION
INST_1413,DSDV,50,40,18,5,3,101413,EXPANDED_REAL_NS2_SIMULATION
INST_1413,AOMDV,50,40,18,5,3,101413,EXPANDED_REAL_NS2_SIMULATION
INST_1414,AODV,50,40,18,5,4,101414,EXPANDED_REAL_NS2_SIMULATION
INST_1414,DSDV,50,40,18,5,4,101414,EXPANDED_REAL_NS2_SIMULATION
INST_1414,AOMDV,50,40,18,5,4,101414,EXPANDED_REAL_NS2_SIMULATION
INST_1415,AODV,50,40,18,5,5,101415,EXPANDED_REAL_NS2_SIMULATION
INST_1415,DSDV,50,40,18,5,5,101415,EXPANDED_REAL_NS2_SIMULATION
INST_1415,AOMDV,50,40,18,5,5,101415,EXPANDED_REAL_NS2_SIMULATION
INST_1416,AODV,50,40,18,6,1,101416,EXPANDED_REAL_NS2_SIMULATION
INST_1416,DSDV,50,40,18,6,1,101416,EXPANDED_REAL_NS2_SIMULATION
INST_1416,AOMDV,50,40,18,6,1,101416,EXPANDED_REAL_NS2_SIMULATION
INST_1417,AODV,50,40,18,6,2,101417,EXPANDED_REAL_NS2_SIMULATION
INST_1417,DSDV,50,40,18,6,2,101417,EXPANDED_REAL_NS2_SIMULATION
INST_1417,AOMDV,50,40,18,6,2,101417,EXPANDED_REAL_NS2_SIMULATION
INST_1418,AODV,50,40,18,6,3,101418,EXPANDED_REAL_NS2_SIMULATION
INST_1418,DSDV,50,40,18,6,3,101418,EXPANDED_REAL_NS2_SIMULATION
INST_1418,AOMDV,50,40,18,6,3,101418,EXPANDED_REAL_NS2_SIMULATION
INST_1419,AODV,50,40,18,6,4,101419,EXPANDED_REAL_NS2_SIMULATION
INST_1419,DSDV,50,40,18,6,4,101419,EXPANDED_REAL_NS2_SIMULATION
INST_1419,AOMDV,50,40,18,6,4,101419,EXPANDED_REAL_NS2_SIMULATION
INST_1420,AODV,50,40,18,6,5,101420,EXPANDED_REAL_NS2_SIMULATION
INST_1420,DSDV,50,40,18,6,5,101420,EXPANDED_REAL_NS2_SIMULATION
INST_1420,AOMDV,50,40,18,6,5,101420,EXPANDED_REAL_NS2_SIMULATION
INST_1421,AODV,50,40,18,8,1,101421,EXPANDED_REAL_NS2_SIMULATION
INST_1421,DSDV,50,40,18,8,1,101421,EXPANDED_REAL_NS2_SIMULATION
INST_1421,AOMDV,50,40,18,8,1,101421,EXPANDED_REAL_NS2_SIMULATION
INST_1422,AODV,50,40,18,8,2,101422,EXPANDED_REAL_NS2_SIMULATION
INST_1422,DSDV,50,40,18,8,2,101422,EXPANDED_REAL_NS2_SIMULATION
INST_1422,AOMDV,50,40,18,8,2,101422,EXPANDED_REAL_NS2_SIMULATION
INST_1423,AODV,50,40,18,8,3,101423,EXPANDED_REAL_NS2_SIMULATION
INST_1423,DSDV,50,40,18,8,3,101423,EXPANDED_REAL_NS2_SIMULATION
INST_1423,AOMDV,50,40,18,8,3,101423,EXPANDED_REAL_NS2_SIMULATION
INST_1424,AODV,50,40,18,8,4,101424,EXPANDED_REAL_NS2_SIMULATION
INST_1424,DSDV,50,40,18,8,4,101424,EXPANDED_REAL_NS2_SIMULATION
INST_1424,AOMDV,50,40,18,8,4,101424,EXPANDED_REAL_NS2_SIMULATION
INST_1425,AODV,50,40,18,8,5,101425,EXPANDED_REAL_NS2_SIMULATION
INST_1425,DSDV,50,40,18,8,5,101425,EXPANDED_REAL_NS2_SIMULATION
INST_1425,AOMDV,50,40,18,8,5,101425,EXPANDED_REAL_NS2_SIMULATION
INST_1426,AODV,50,40,20,3,1,101426,EXPANDED_REAL_NS2_SIMULATION
INST_1426,DSDV,50,40,20,3,1,101426,EXPANDED_REAL_NS2_SIMULATION
INST_1426,AOMDV,50,40,20,3,1,101426,EXPANDED_REAL_NS2_SIMULATION
INST_1427,AODV,50,40,20,3,2,101427,EXPANDED_REAL_NS2_SIMULATION
INST_1427,DSDV,50,40,20,3,2,101427,EXPANDED_REAL_NS2_SIMULATION
INST_1427,AOMDV,50,40,20,3,2,101427,EXPANDED_REAL_NS2_SIMULATION
INST_1428,AODV,50,40,20,3,3,101428,EXPANDED_REAL_NS2_SIMULATION
INST_1428,DSDV,50,40,20,3,3,101428,EXPANDED_REAL_NS2_SIMULATION
INST_1428,AOMDV,50,40,20,3,3,101428,EXPANDED_REAL_NS2_SIMULATION
INST_1429,AODV,50,40,20,3,4,101429,EXPANDED_REAL_NS2_SIMULATION
INST_1429,DSDV,50,40,20,3,4,101429,EXPANDED_REAL_NS2_SIMULATION
INST_1429,AOMDV,50,40,20,3,4,101429,EXPANDED_REAL_NS2_SIMULATION
INST_1430,AODV,50,40,20,3,5,101430,EXPANDED_REAL_NS2_SIMULATION
INST_1430,DSDV,50,40,20,3,5,101430,EXPANDED_REAL_NS2_SIMULATION
INST_1430,AOMDV,50,40,20,3,5,101430,EXPANDED_REAL_NS2_SIMULATION
INST_1431,AODV,50,40,20,5,1,101431,EXPANDED_REAL_NS2_SIMULATION
INST_1431,DSDV,50,40,20,5,1,101431,EXPANDED_REAL_NS2_SIMULATION
INST_1431,AOMDV,50,40,20,5,1,101431,EXPANDED_REAL_NS2_SIMULATION
INST_1432,AODV,50,40,20,5,2,101432,EXPANDED_REAL_NS2_SIMULATION
INST_1432,DSDV,50,40,20,5,2,101432,EXPANDED_REAL_NS2_SIMULATION
INST_1432,AOMDV,50,40,20,5,2,101432,EXPANDED_REAL_NS2_SIMULATION
INST_1433,AODV,50,40,20,5,3,101433,EXPANDED_REAL_NS2_SIMULATION
INST_1433,DSDV,50,40,20,5,3,101433,EXPANDED_REAL_NS2_SIMULATION
INST_1433,AOMDV,50,40,20,5,3,101433,EXPANDED_REAL_NS2_SIMULATION
INST_1434,AODV,50,40,20,5,4,101434,EXPANDED_REAL_NS2_SIMULATION
INST_1434,DSDV,50,40,20,5,4,101434,EXPANDED_REAL_NS2_SIMULATION
INST_1434,AOMDV,50,40,20,5,4,101434,EXPANDED_REAL_NS2_SIMULATION
INST_1435,AODV,50,40,20,5,5,101435,EXPANDED_REAL_NS2_SIMULATION
INST_1435,DSDV,50,40,20,5,5,101435,EXPANDED_REAL_NS2_SIMULATION
INST_1435,AOMDV,50,40,20,5,5,101435,EXPANDED_REAL_NS2_SIMULATION
INST_1436,AODV,50,40,20,6,1,101436,EXPANDED_REAL_NS2_SIMULATION
INST_1436,DSDV,50,40,20,6,1,101436,EXPANDED_REAL_NS2_SIMULATION
INST_1436,AOMDV,50,40,20,6,1,101436,EXPANDED_REAL_NS2_SIMULATION
INST_1437,AODV,50,40,20,6,2,101437,EXPANDED_REAL_NS2_SIMULATION
INST_1437,DSDV,50,40,20,6,2,101437,EXPANDED_REAL_NS2_SIMULATION
INST_1437,AOMDV,50,40,20,6,2,101437,EXPANDED_REAL_NS2_SIMULATION
INST_1438,AODV,50,40,20,6,3,101438,EXPANDED_REAL_NS2_SIMULATION
INST_1438,DSDV,50,40,20,6,3,101438,EXPANDED_REAL_NS2_SIMULATION
INST_1438,AOMDV,50,40,20,6,3,101438,EXPANDED_REAL_NS2_SIMULATION
INST_1439,AODV,50,40,20,6,4,101439,EXPANDED_REAL_NS2_SIMULATION
INST_1439,DSDV,50,40,20,6,4,101439,EXPANDED_REAL_NS2_SIMULATION
INST_1439,AOMDV,50,40,20,6,4,101439,EXPANDED_REAL_NS2_SIMULATION
INST_1440,AODV,50,40,20,6,5,101440,EXPANDED_REAL_NS2_SIMULATION
INST_1440,DSDV,50,40,20,6,5,101440,EXPANDED_REAL_NS2_SIMULATION
INST_1440,AOMDV,50,40,20,6,5,101440,EXPANDED_REAL_NS2_SIMULATION
INST_1441,AODV,50,40,22,2,1,101441,EXPANDED_REAL_NS2_SIMULATION
INST_1441,DSDV,50,40,22,2,1,101441,EXPANDED_REAL_NS2_SIMULATION
INST_1441,AOMDV,50,40,22,2,1,101441,EXPANDED_REAL_NS2_SIMULATION
INST_1442,AODV,50,40,22,2,2,101442,EXPANDED_REAL_NS2_SIMULATION
INST_1442,DSDV,50,40,22,2,2,101442,EXPANDED_REAL_NS2_SIMULATION
INST_1442,AOMDV,50,40,22,2,2,101442,EXPANDED_REAL_NS2_SIMULATION
INST_1443,AODV,50,40,22,2,3,101443,EXPANDED_REAL_NS2_SIMULATION
INST_1443,DSDV,50,40,22,2,3,101443,EXPANDED_REAL_NS2_SIMULATION
INST_1443,AOMDV,50,40,22,2,3,101443,EXPANDED_REAL_NS2_SIMULATION
INST_1444,AODV,50,40,22,2,4,101444,EXPANDED_REAL_NS2_SIMULATION
INST_1444,DSDV,50,40,22,2,4,101444,EXPANDED_REAL_NS2_SIMULATION
INST_1444,AOMDV,50,40,22,2,4,101444,EXPANDED_REAL_NS2_SIMULATION
INST_1445,AODV,50,40,22,2,5,101445,EXPANDED_REAL_NS2_SIMULATION
INST_1445,DSDV,50,40,22,2,5,101445,EXPANDED_REAL_NS2_SIMULATION
INST_1445,AOMDV,50,40,22,2,5,101445,EXPANDED_REAL_NS2_SIMULATION
INST_1446,AODV,50,40,22,3,1,101446,EXPANDED_REAL_NS2_SIMULATION
INST_1446,DSDV,50,40,22,3,1,101446,EXPANDED_REAL_NS2_SIMULATION
INST_1446,AOMDV,50,40,22,3,1,101446,EXPANDED_REAL_NS2_SIMULATION
INST_1447,AODV,50,40,22,3,2,101447,EXPANDED_REAL_NS2_SIMULATION
INST_1447,DSDV,50,40,22,3,2,101447,EXPANDED_REAL_NS2_SIMULATION
INST_1447,AOMDV,50,40,22,3,2,101447,EXPANDED_REAL_NS2_SIMULATION
INST_1448,AODV,50,40,22,3,3,101448,EXPANDED_REAL_NS2_SIMULATION
INST_1448,DSDV,50,40,22,3,3,101448,EXPANDED_REAL_NS2_SIMULATION
INST_1448,AOMDV,50,40,22,3,3,101448,EXPANDED_REAL_NS2_SIMULATION
INST_1449,AODV,50,40,22,3,4,101449,EXPANDED_REAL_NS2_SIMULATION
INST_1449,DSDV,50,40,22,3,4,101449,EXPANDED_REAL_NS2_SIMULATION
INST_1449,AOMDV,50,40,22,3,4,101449,EXPANDED_REAL_NS2_SIMULATION
INST_1450,AODV,50,40,22,3,5,101450,EXPANDED_REAL_NS2_SIMULATION
INST_1450,DSDV,50,40,22,3,5,101450,EXPANDED_REAL_NS2_SIMULATION
INST_1450,AOMDV,50,40,22,3,5,101450,EXPANDED_REAL_NS2_SIMULATION
INST_1451,AODV,50,40,22,4,1,101451,EXPANDED_REAL_NS2_SIMULATION
INST_1451,DSDV,50,40,22,4,1,101451,EXPANDED_REAL_NS2_SIMULATION
INST_1451,AOMDV,50,40,22,4,1,101451,EXPANDED_REAL_NS2_SIMULATION
INST_1452,AODV,50,40,22,4,2,101452,EXPANDED_REAL_NS2_SIMULATION
INST_1452,DSDV,50,40,22,4,2,101452,EXPANDED_REAL_NS2_SIMULATION
INST_1452,AOMDV,50,40,22,4,2,101452,EXPANDED_REAL_NS2_SIMULATION
INST_1453,AODV,50,40,22,4,3,101453,EXPANDED_REAL_NS2_SIMULATION
INST_1453,DSDV,50,40,22,4,3,101453,EXPANDED_REAL_NS2_SIMULATION
INST_1453,AOMDV,50,40,22,4,3,101453,EXPANDED_REAL_NS2_SIMULATION
INST_1454,AODV,50,40,22,4,4,101454,EXPANDED_REAL_NS2_SIMULATION
INST_1454,DSDV,50,40,22,4,4,101454,EXPANDED_REAL_NS2_SIMULATION
INST_1454,AOMDV,50,40,22,4,4,101454,EXPANDED_REAL_NS2_SIMULATION
INST_1455,AODV,50,40,22,4,5,101455,EXPANDED_REAL_NS2_SIMULATION
INST_1455,DSDV,50,40,22,4,5,101455,EXPANDED_REAL_NS2_SIMULATION
INST_1455,AOMDV,50,40,22,4,5,101455,EXPANDED_REAL_NS2_SIMULATION
INST_1456,AODV,50,40,22,5,1,101456,EXPANDED_REAL_NS2_SIMULATION
INST_1456,DSDV,50,40,22,5,1,101456,EXPANDED_REAL_NS2_SIMULATION
INST_1456,AOMDV,50,40,22,5,1,101456,EXPANDED_REAL_NS2_SIMULATION
INST_1457,AODV,50,40,22,5,2,101457,EXPANDED_REAL_NS2_SIMULATION
INST_1457,DSDV,50,40,22,5,2,101457,EXPANDED_REAL_NS2_SIMULATION
INST_1457,AOMDV,50,40,22,5,2,101457,EXPANDED_REAL_NS2_SIMULATION
INST_1458,AODV,50,40,22,5,3,101458,EXPANDED_REAL_NS2_SIMULATION
INST_1458,DSDV,50,40,22,5,3,101458,EXPANDED_REAL_NS2_SIMULATION
INST_1458,AOMDV,50,40,22,5,3,101458,EXPANDED_REAL_NS2_SIMULATION
INST_1459,AODV,50,40,22,5,4,101459,EXPANDED_REAL_NS2_SIMULATION
INST_1459,DSDV,50,40,22,5,4,101459,EXPANDED_REAL_NS2_SIMULATION
INST_1459,AOMDV,50,40,22,5,4,101459,EXPANDED_REAL_NS2_SIMULATION
INST_1460,AODV,50,40,22,5,5,101460,EXPANDED_REAL_NS2_SIMULATION
INST_1460,DSDV,50,40,22,5,5,101460,EXPANDED_REAL_NS2_SIMULATION
INST_1460,AOMDV,50,40,22,5,5,101460,EXPANDED_REAL_NS2_SIMULATION
INST_1461,AODV,50,40,22,6,1,101461,EXPANDED_REAL_NS2_SIMULATION
INST_1461,DSDV,50,40,22,6,1,101461,EXPANDED_REAL_NS2_SIMULATION
INST_1461,AOMDV,50,40,22,6,1,101461,EXPANDED_REAL_NS2_SIMULATION
INST_1462,AODV,50,40,22,6,2,101462,EXPANDED_REAL_NS2_SIMULATION
INST_1462,DSDV,50,40,22,6,2,101462,EXPANDED_REAL_NS2_SIMULATION
INST_1462,AOMDV,50,40,22,6,2,101462,EXPANDED_REAL_NS2_SIMULATION
INST_1463,AODV,50,40,22,6,3,101463,EXPANDED_REAL_NS2_SIMULATION
INST_1463,DSDV,50,40,22,6,3,101463,EXPANDED_REAL_NS2_SIMULATION
INST_1463,AOMDV,50,40,22,6,3,101463,EXPANDED_REAL_NS2_SIMULATION
INST_1464,AODV,50,40,22,6,4,101464,EXPANDED_REAL_NS2_SIMULATION
INST_1464,DSDV,50,40,22,6,4,101464,EXPANDED_REAL_NS2_SIMULATION
INST_1464,AOMDV,50,40,22,6,4,101464,EXPANDED_REAL_NS2_SIMULATION
INST_1465,AODV,50,40,22,6,5,101465,EXPANDED_REAL_NS2_SIMULATION
INST_1465,DSDV,50,40,22,6,5,101465,EXPANDED_REAL_NS2_SIMULATION
INST_1465,AOMDV,50,40,22,6,5,101465,EXPANDED_REAL_NS2_SIMULATION
INST_1466,AODV,50,40,22,8,1,101466,EXPANDED_REAL_NS2_SIMULATION
INST_1466,DSDV,50,40,22,8,1,101466,EXPANDED_REAL_NS2_SIMULATION
INST_1466,AOMDV,50,40,22,8,1,101466,EXPANDED_REAL_NS2_SIMULATION
INST_1467,AODV,50,40,22,8,2,101467,EXPANDED_REAL_NS2_SIMULATION
INST_1467,DSDV,50,40,22,8,2,101467,EXPANDED_REAL_NS2_SIMULATION
INST_1467,AOMDV,50,40,22,8,2,101467,EXPANDED_REAL_NS2_SIMULATION
INST_1468,AODV,50,40,22,8,3,101468,EXPANDED_REAL_NS2_SIMULATION
INST_1468,DSDV,50,40,22,8,3,101468,EXPANDED_REAL_NS2_SIMULATION
INST_1468,AOMDV,50,40,22,8,3,101468,EXPANDED_REAL_NS2_SIMULATION
INST_1469,AODV,50,40,22,8,4,101469,EXPANDED_REAL_NS2_SIMULATION
INST_1469,DSDV,50,40,22,8,4,101469,EXPANDED_REAL_NS2_SIMULATION
INST_1469,AOMDV,50,40,22,8,4,101469,EXPANDED_REAL_NS2_SIMULATION
INST_1470,AODV,50,40,22,8,5,101470,EXPANDED_REAL_NS2_SIMULATION
INST_1470,DSDV,50,40,22,8,5,101470,EXPANDED_REAL_NS2_SIMULATION
INST_1470,AOMDV,50,40,22,8,5,101470,EXPANDED_REAL_NS2_SIMULATION
INST_1471,AODV,50,40,25,3,1,101471,EXPANDED_REAL_NS2_SIMULATION
INST_1471,DSDV,50,40,25,3,1,101471,EXPANDED_REAL_NS2_SIMULATION
INST_1471,AOMDV,50,40,25,3,1,101471,EXPANDED_REAL_NS2_SIMULATION
INST_1472,AODV,50,40,25,3,2,101472,EXPANDED_REAL_NS2_SIMULATION
INST_1472,DSDV,50,40,25,3,2,101472,EXPANDED_REAL_NS2_SIMULATION
INST_1472,AOMDV,50,40,25,3,2,101472,EXPANDED_REAL_NS2_SIMULATION
INST_1473,AODV,50,40,25,3,3,101473,EXPANDED_REAL_NS2_SIMULATION
INST_1473,DSDV,50,40,25,3,3,101473,EXPANDED_REAL_NS2_SIMULATION
INST_1473,AOMDV,50,40,25,3,3,101473,EXPANDED_REAL_NS2_SIMULATION
INST_1474,AODV,50,40,25,3,4,101474,EXPANDED_REAL_NS2_SIMULATION
INST_1474,DSDV,50,40,25,3,4,101474,EXPANDED_REAL_NS2_SIMULATION
INST_1474,AOMDV,50,40,25,3,4,101474,EXPANDED_REAL_NS2_SIMULATION
INST_1475,AODV,50,40,25,3,5,101475,EXPANDED_REAL_NS2_SIMULATION
INST_1475,DSDV,50,40,25,3,5,101475,EXPANDED_REAL_NS2_SIMULATION
INST_1475,AOMDV,50,40,25,3,5,101475,EXPANDED_REAL_NS2_SIMULATION
INST_1476,AODV,50,40,25,5,1,101476,EXPANDED_REAL_NS2_SIMULATION
INST_1476,DSDV,50,40,25,5,1,101476,EXPANDED_REAL_NS2_SIMULATION
INST_1476,AOMDV,50,40,25,5,1,101476,EXPANDED_REAL_NS2_SIMULATION
INST_1477,AODV,50,40,25,5,2,101477,EXPANDED_REAL_NS2_SIMULATION
INST_1477,DSDV,50,40,25,5,2,101477,EXPANDED_REAL_NS2_SIMULATION
INST_1477,AOMDV,50,40,25,5,2,101477,EXPANDED_REAL_NS2_SIMULATION
INST_1478,AODV,50,40,25,5,3,101478,EXPANDED_REAL_NS2_SIMULATION
INST_1478,DSDV,50,40,25,5,3,101478,EXPANDED_REAL_NS2_SIMULATION
INST_1478,AOMDV,50,40,25,5,3,101478,EXPANDED_REAL_NS2_SIMULATION
INST_1479,AODV,50,40,25,5,4,101479,EXPANDED_REAL_NS2_SIMULATION
INST_1479,DSDV,50,40,25,5,4,101479,EXPANDED_REAL_NS2_SIMULATION
INST_1479,AOMDV,50,40,25,5,4,101479,EXPANDED_REAL_NS2_SIMULATION
INST_1480,AODV,50,40,25,5,5,101480,EXPANDED_REAL_NS2_SIMULATION
INST_1480,DSDV,50,40,25,5,5,101480,EXPANDED_REAL_NS2_SIMULATION
INST_1480,AOMDV,50,40,25,5,5,101480,EXPANDED_REAL_NS2_SIMULATION
INST_1481,AODV,50,40,25,6,1,101481,EXPANDED_REAL_NS2_SIMULATION
INST_1481,DSDV,50,40,25,6,1,101481,EXPANDED_REAL_NS2_SIMULATION
INST_1481,AOMDV,50,40,25,6,1,101481,EXPANDED_REAL_NS2_SIMULATION
INST_1482,AODV,50,40,25,6,2,101482,EXPANDED_REAL_NS2_SIMULATION
INST_1482,DSDV,50,40,25,6,2,101482,EXPANDED_REAL_NS2_SIMULATION
INST_1482,AOMDV,50,40,25,6,2,101482,EXPANDED_REAL_NS2_SIMULATION
INST_1483,AODV,50,40,25,6,3,101483,EXPANDED_REAL_NS2_SIMULATION
INST_1483,DSDV,50,40,25,6,3,101483,EXPANDED_REAL_NS2_SIMULATION
INST_1483,AOMDV,50,40,25,6,3,101483,EXPANDED_REAL_NS2_SIMULATION
INST_1484,AODV,50,40,25,6,4,101484,EXPANDED_REAL_NS2_SIMULATION
INST_1484,DSDV,50,40,25,6,4,101484,EXPANDED_REAL_NS2_SIMULATION
INST_1484,AOMDV,50,40,25,6,4,101484,EXPANDED_REAL_NS2_SIMULATION
INST_1485,AODV,50,40,25,6,5,101485,EXPANDED_REAL_NS2_SIMULATION
INST_1485,DSDV,50,40,25,6,5,101485,EXPANDED_REAL_NS2_SIMULATION
INST_1485,AOMDV,50,40,25,6,5,101485,EXPANDED_REAL_NS2_SIMULATION
INST_1486,AODV,50,50,5,3,1,101486,EXPANDED_REAL_NS2_SIMULATION
INST_1486,DSDV,50,50,5,3,1,101486,EXPANDED_REAL_NS2_SIMULATION
INST_1486,AOMDV,50,50,5,3,1,101486,EXPANDED_REAL_NS2_SIMULATION
INST_1487,AODV,50,50,5,3,2,101487,EXPANDED_REAL_NS2_SIMULATION
INST_1487,DSDV,50,50,5,3,2,101487,EXPANDED_REAL_NS2_SIMULATION
INST_1487,AOMDV,50,50,5,3,2,101487,EXPANDED_REAL_NS2_SIMULATION
INST_1488,AODV,50,50,5,3,3,101488,EXPANDED_REAL_NS2_SIMULATION
INST_1488,DSDV,50,50,5,3,3,101488,EXPANDED_REAL_NS2_SIMULATION
INST_1488,AOMDV,50,50,5,3,3,101488,EXPANDED_REAL_NS2_SIMULATION
INST_1489,AODV,50,50,5,3,4,101489,EXPANDED_REAL_NS2_SIMULATION
INST_1489,DSDV,50,50,5,3,4,101489,EXPANDED_REAL_NS2_SIMULATION
INST_1489,AOMDV,50,50,5,3,4,101489,EXPANDED_REAL_NS2_SIMULATION
INST_1490,AODV,50,50,5,3,5,101490,EXPANDED_REAL_NS2_SIMULATION
INST_1490,DSDV,50,50,5,3,5,101490,EXPANDED_REAL_NS2_SIMULATION
INST_1490,AOMDV,50,50,5,3,5,101490,EXPANDED_REAL_NS2_SIMULATION
INST_1491,AODV,50,50,5,5,1,101491,EXPANDED_REAL_NS2_SIMULATION
INST_1491,DSDV,50,50,5,5,1,101491,EXPANDED_REAL_NS2_SIMULATION
INST_1491,AOMDV,50,50,5,5,1,101491,EXPANDED_REAL_NS2_SIMULATION
INST_1492,AODV,50,50,5,5,2,101492,EXPANDED_REAL_NS2_SIMULATION
INST_1492,DSDV,50,50,5,5,2,101492,EXPANDED_REAL_NS2_SIMULATION
INST_1492,AOMDV,50,50,5,5,2,101492,EXPANDED_REAL_NS2_SIMULATION
INST_1493,AODV,50,50,5,5,3,101493,EXPANDED_REAL_NS2_SIMULATION
INST_1493,DSDV,50,50,5,5,3,101493,EXPANDED_REAL_NS2_SIMULATION
INST_1493,AOMDV,50,50,5,5,3,101493,EXPANDED_REAL_NS2_SIMULATION
INST_1494,AODV,50,50,5,5,4,101494,EXPANDED_REAL_NS2_SIMULATION
INST_1494,DSDV,50,50,5,5,4,101494,EXPANDED_REAL_NS2_SIMULATION
INST_1494,AOMDV,50,50,5,5,4,101494,EXPANDED_REAL_NS2_SIMULATION
INST_1495,AODV,50,50,5,5,5,101495,EXPANDED_REAL_NS2_SIMULATION
INST_1495,DSDV,50,50,5,5,5,101495,EXPANDED_REAL_NS2_SIMULATION
INST_1495,AOMDV,50,50,5,5,5,101495,EXPANDED_REAL_NS2_SIMULATION
INST_1496,AODV,50,50,5,6,1,101496,EXPANDED_REAL_NS2_SIMULATION
INST_1496,DSDV,50,50,5,6,1,101496,EXPANDED_REAL_NS2_SIMULATION
INST_1496,AOMDV,50,50,5,6,1,101496,EXPANDED_REAL_NS2_SIMULATION
INST_1497,AODV,50,50,5,6,2,101497,EXPANDED_REAL_NS2_SIMULATION
INST_1497,DSDV,50,50,5,6,2,101497,EXPANDED_REAL_NS2_SIMULATION
INST_1497,AOMDV,50,50,5,6,2,101497,EXPANDED_REAL_NS2_SIMULATION
INST_1498,AODV,50,50,5,6,3,101498,EXPANDED_REAL_NS2_SIMULATION
INST_1498,DSDV,50,50,5,6,3,101498,EXPANDED_REAL_NS2_SIMULATION
INST_1498,AOMDV,50,50,5,6,3,101498,EXPANDED_REAL_NS2_SIMULATION
INST_1499,AODV,50,50,5,6,4,101499,EXPANDED_REAL_NS2_SIMULATION
INST_1499,DSDV,50,50,5,6,4,101499,EXPANDED_REAL_NS2_SIMULATION
INST_1499,AOMDV,50,50,5,6,4,101499,EXPANDED_REAL_NS2_SIMULATION
INST_1500,AODV,50,50,5,6,5,101500,EXPANDED_REAL_NS2_SIMULATION
INST_1500,DSDV,50,50,5,6,5,101500,EXPANDED_REAL_NS2_SIMULATION
INST_1500,AOMDV,50,50,5,6,5,101500,EXPANDED_REAL_NS2_SIMULATION
INST_1501,AODV,50,50,7,2,1,101501,EXPANDED_REAL_NS2_SIMULATION
INST_1501,DSDV,50,50,7,2,1,101501,EXPANDED_REAL_NS2_SIMULATION
INST_1501,AOMDV,50,50,7,2,1,101501,EXPANDED_REAL_NS2_SIMULATION
INST_1502,AODV,50,50,7,2,2,101502,EXPANDED_REAL_NS2_SIMULATION
INST_1502,DSDV,50,50,7,2,2,101502,EXPANDED_REAL_NS2_SIMULATION
INST_1502,AOMDV,50,50,7,2,2,101502,EXPANDED_REAL_NS2_SIMULATION
INST_1503,AODV,50,50,7,2,3,101503,EXPANDED_REAL_NS2_SIMULATION
INST_1503,DSDV,50,50,7,2,3,101503,EXPANDED_REAL_NS2_SIMULATION
INST_1503,AOMDV,50,50,7,2,3,101503,EXPANDED_REAL_NS2_SIMULATION
INST_1504,AODV,50,50,7,2,4,101504,EXPANDED_REAL_NS2_SIMULATION
INST_1504,DSDV,50,50,7,2,4,101504,EXPANDED_REAL_NS2_SIMULATION
INST_1504,AOMDV,50,50,7,2,4,101504,EXPANDED_REAL_NS2_SIMULATION
INST_1505,AODV,50,50,7,2,5,101505,EXPANDED_REAL_NS2_SIMULATION
INST_1505,DSDV,50,50,7,2,5,101505,EXPANDED_REAL_NS2_SIMULATION
INST_1505,AOMDV,50,50,7,2,5,101505,EXPANDED_REAL_NS2_SIMULATION
INST_1506,AODV,50,50,7,3,1,101506,EXPANDED_REAL_NS2_SIMULATION
INST_1506,DSDV,50,50,7,3,1,101506,EXPANDED_REAL_NS2_SIMULATION
INST_1506,AOMDV,50,50,7,3,1,101506,EXPANDED_REAL_NS2_SIMULATION
INST_1507,AODV,50,50,7,3,2,101507,EXPANDED_REAL_NS2_SIMULATION
INST_1507,DSDV,50,50,7,3,2,101507,EXPANDED_REAL_NS2_SIMULATION
INST_1507,AOMDV,50,50,7,3,2,101507,EXPANDED_REAL_NS2_SIMULATION
INST_1508,AODV,50,50,7,3,3,101508,EXPANDED_REAL_NS2_SIMULATION
INST_1508,DSDV,50,50,7,3,3,101508,EXPANDED_REAL_NS2_SIMULATION
INST_1508,AOMDV,50,50,7,3,3,101508,EXPANDED_REAL_NS2_SIMULATION
INST_1509,AODV,50,50,7,3,4,101509,EXPANDED_REAL_NS2_SIMULATION
INST_1509,DSDV,50,50,7,3,4,101509,EXPANDED_REAL_NS2_SIMULATION
INST_1509,AOMDV,50,50,7,3,4,101509,EXPANDED_REAL_NS2_SIMULATION
INST_1510,AODV,50,50,7,3,5,101510,EXPANDED_REAL_NS2_SIMULATION
INST_1510,DSDV,50,50,7,3,5,101510,EXPANDED_REAL_NS2_SIMULATION
INST_1510,AOMDV,50,50,7,3,5,101510,EXPANDED_REAL_NS2_SIMULATION
INST_1511,AODV,50,50,7,4,1,101511,EXPANDED_REAL_NS2_SIMULATION
INST_1511,DSDV,50,50,7,4,1,101511,EXPANDED_REAL_NS2_SIMULATION
INST_1511,AOMDV,50,50,7,4,1,101511,EXPANDED_REAL_NS2_SIMULATION
INST_1512,AODV,50,50,7,4,2,101512,EXPANDED_REAL_NS2_SIMULATION
INST_1512,DSDV,50,50,7,4,2,101512,EXPANDED_REAL_NS2_SIMULATION
INST_1512,AOMDV,50,50,7,4,2,101512,EXPANDED_REAL_NS2_SIMULATION
INST_1513,AODV,50,50,7,4,3,101513,EXPANDED_REAL_NS2_SIMULATION
INST_1513,DSDV,50,50,7,4,3,101513,EXPANDED_REAL_NS2_SIMULATION
INST_1513,AOMDV,50,50,7,4,3,101513,EXPANDED_REAL_NS2_SIMULATION
INST_1514,AODV,50,50,7,4,4,101514,EXPANDED_REAL_NS2_SIMULATION
INST_1514,DSDV,50,50,7,4,4,101514,EXPANDED_REAL_NS2_SIMULATION
INST_1514,AOMDV,50,50,7,4,4,101514,EXPANDED_REAL_NS2_SIMULATION
INST_1515,AODV,50,50,7,4,5,101515,EXPANDED_REAL_NS2_SIMULATION
INST_1515,DSDV,50,50,7,4,5,101515,EXPANDED_REAL_NS2_SIMULATION
INST_1515,AOMDV,50,50,7,4,5,101515,EXPANDED_REAL_NS2_SIMULATION
INST_1516,AODV,50,50,7,5,1,101516,EXPANDED_REAL_NS2_SIMULATION
INST_1516,DSDV,50,50,7,5,1,101516,EXPANDED_REAL_NS2_SIMULATION
INST_1516,AOMDV,50,50,7,5,1,101516,EXPANDED_REAL_NS2_SIMULATION
INST_1517,AODV,50,50,7,5,2,101517,EXPANDED_REAL_NS2_SIMULATION
INST_1517,DSDV,50,50,7,5,2,101517,EXPANDED_REAL_NS2_SIMULATION
INST_1517,AOMDV,50,50,7,5,2,101517,EXPANDED_REAL_NS2_SIMULATION
INST_1518,AODV,50,50,7,5,3,101518,EXPANDED_REAL_NS2_SIMULATION
INST_1518,DSDV,50,50,7,5,3,101518,EXPANDED_REAL_NS2_SIMULATION
INST_1518,AOMDV,50,50,7,5,3,101518,EXPANDED_REAL_NS2_SIMULATION
INST_1519,AODV,50,50,7,5,4,101519,EXPANDED_REAL_NS2_SIMULATION
INST_1519,DSDV,50,50,7,5,4,101519,EXPANDED_REAL_NS2_SIMULATION
INST_1519,AOMDV,50,50,7,5,4,101519,EXPANDED_REAL_NS2_SIMULATION
INST_1520,AODV,50,50,7,5,5,101520,EXPANDED_REAL_NS2_SIMULATION
INST_1520,DSDV,50,50,7,5,5,101520,EXPANDED_REAL_NS2_SIMULATION
INST_1520,AOMDV,50,50,7,5,5,101520,EXPANDED_REAL_NS2_SIMULATION
INST_1521,AODV,50,50,7,6,1,101521,EXPANDED_REAL_NS2_SIMULATION
INST_1521,DSDV,50,50,7,6,1,101521,EXPANDED_REAL_NS2_SIMULATION
INST_1521,AOMDV,50,50,7,6,1,101521,EXPANDED_REAL_NS2_SIMULATION
INST_1522,AODV,50,50,7,6,2,101522,EXPANDED_REAL_NS2_SIMULATION
INST_1522,DSDV,50,50,7,6,2,101522,EXPANDED_REAL_NS2_SIMULATION
INST_1522,AOMDV,50,50,7,6,2,101522,EXPANDED_REAL_NS2_SIMULATION
INST_1523,AODV,50,50,7,6,3,101523,EXPANDED_REAL_NS2_SIMULATION
INST_1523,DSDV,50,50,7,6,3,101523,EXPANDED_REAL_NS2_SIMULATION
INST_1523,AOMDV,50,50,7,6,3,101523,EXPANDED_REAL_NS2_SIMULATION
INST_1524,AODV,50,50,7,6,4,101524,EXPANDED_REAL_NS2_SIMULATION
INST_1524,DSDV,50,50,7,6,4,101524,EXPANDED_REAL_NS2_SIMULATION
INST_1524,AOMDV,50,50,7,6,4,101524,EXPANDED_REAL_NS2_SIMULATION
INST_1525,AODV,50,50,7,6,5,101525,EXPANDED_REAL_NS2_SIMULATION
INST_1525,DSDV,50,50,7,6,5,101525,EXPANDED_REAL_NS2_SIMULATION
INST_1525,AOMDV,50,50,7,6,5,101525,EXPANDED_REAL_NS2_SIMULATION
INST_1526,AODV,50,50,7,8,1,101526,EXPANDED_REAL_NS2_SIMULATION
INST_1526,DSDV,50,50,7,8,1,101526,EXPANDED_REAL_NS2_SIMULATION
INST_1526,AOMDV,50,50,7,8,1,101526,EXPANDED_REAL_NS2_SIMULATION
INST_1527,AODV,50,50,7,8,2,101527,EXPANDED_REAL_NS2_SIMULATION
INST_1527,DSDV,50,50,7,8,2,101527,EXPANDED_REAL_NS2_SIMULATION
INST_1527,AOMDV,50,50,7,8,2,101527,EXPANDED_REAL_NS2_SIMULATION
INST_1528,AODV,50,50,7,8,3,101528,EXPANDED_REAL_NS2_SIMULATION
INST_1528,DSDV,50,50,7,8,3,101528,EXPANDED_REAL_NS2_SIMULATION
INST_1528,AOMDV,50,50,7,8,3,101528,EXPANDED_REAL_NS2_SIMULATION
INST_1529,AODV,50,50,7,8,4,101529,EXPANDED_REAL_NS2_SIMULATION
INST_1529,DSDV,50,50,7,8,4,101529,EXPANDED_REAL_NS2_SIMULATION
INST_1529,AOMDV,50,50,7,8,4,101529,EXPANDED_REAL_NS2_SIMULATION
INST_1530,AODV,50,50,7,8,5,101530,EXPANDED_REAL_NS2_SIMULATION
INST_1530,DSDV,50,50,7,8,5,101530,EXPANDED_REAL_NS2_SIMULATION
INST_1530,AOMDV,50,50,7,8,5,101530,EXPANDED_REAL_NS2_SIMULATION
INST_1531,AODV,50,50,10,3,1,101531,EXPANDED_REAL_NS2_SIMULATION
INST_1531,DSDV,50,50,10,3,1,101531,EXPANDED_REAL_NS2_SIMULATION
INST_1531,AOMDV,50,50,10,3,1,101531,EXPANDED_REAL_NS2_SIMULATION
INST_1532,AODV,50,50,10,3,2,101532,EXPANDED_REAL_NS2_SIMULATION
INST_1532,DSDV,50,50,10,3,2,101532,EXPANDED_REAL_NS2_SIMULATION
INST_1532,AOMDV,50,50,10,3,2,101532,EXPANDED_REAL_NS2_SIMULATION
INST_1533,AODV,50,50,10,3,3,101533,EXPANDED_REAL_NS2_SIMULATION
INST_1533,DSDV,50,50,10,3,3,101533,EXPANDED_REAL_NS2_SIMULATION
INST_1533,AOMDV,50,50,10,3,3,101533,EXPANDED_REAL_NS2_SIMULATION
INST_1534,AODV,50,50,10,3,4,101534,EXPANDED_REAL_NS2_SIMULATION
INST_1534,DSDV,50,50,10,3,4,101534,EXPANDED_REAL_NS2_SIMULATION
INST_1534,AOMDV,50,50,10,3,4,101534,EXPANDED_REAL_NS2_SIMULATION
INST_1535,AODV,50,50,10,3,5,101535,EXPANDED_REAL_NS2_SIMULATION
INST_1535,DSDV,50,50,10,3,5,101535,EXPANDED_REAL_NS2_SIMULATION
INST_1535,AOMDV,50,50,10,3,5,101535,EXPANDED_REAL_NS2_SIMULATION
INST_1536,AODV,50,50,10,5,1,101536,EXPANDED_REAL_NS2_SIMULATION
INST_1536,DSDV,50,50,10,5,1,101536,EXPANDED_REAL_NS2_SIMULATION
INST_1536,AOMDV,50,50,10,5,1,101536,EXPANDED_REAL_NS2_SIMULATION
INST_1537,AODV,50,50,10,5,2,101537,EXPANDED_REAL_NS2_SIMULATION
INST_1537,DSDV,50,50,10,5,2,101537,EXPANDED_REAL_NS2_SIMULATION
INST_1537,AOMDV,50,50,10,5,2,101537,EXPANDED_REAL_NS2_SIMULATION
INST_1538,AODV,50,50,10,5,3,101538,EXPANDED_REAL_NS2_SIMULATION
INST_1538,DSDV,50,50,10,5,3,101538,EXPANDED_REAL_NS2_SIMULATION
INST_1538,AOMDV,50,50,10,5,3,101538,EXPANDED_REAL_NS2_SIMULATION
INST_1539,AODV,50,50,10,5,4,101539,EXPANDED_REAL_NS2_SIMULATION
INST_1539,DSDV,50,50,10,5,4,101539,EXPANDED_REAL_NS2_SIMULATION
INST_1539,AOMDV,50,50,10,5,4,101539,EXPANDED_REAL_NS2_SIMULATION
INST_1540,AODV,50,50,10,5,5,101540,EXPANDED_REAL_NS2_SIMULATION
INST_1540,DSDV,50,50,10,5,5,101540,EXPANDED_REAL_NS2_SIMULATION
INST_1540,AOMDV,50,50,10,5,5,101540,EXPANDED_REAL_NS2_SIMULATION
INST_1541,AODV,50,50,10,6,1,101541,EXPANDED_REAL_NS2_SIMULATION
INST_1541,DSDV,50,50,10,6,1,101541,EXPANDED_REAL_NS2_SIMULATION
INST_1541,AOMDV,50,50,10,6,1,101541,EXPANDED_REAL_NS2_SIMULATION
INST_1542,AODV,50,50,10,6,2,101542,EXPANDED_REAL_NS2_SIMULATION
INST_1542,DSDV,50,50,10,6,2,101542,EXPANDED_REAL_NS2_SIMULATION
INST_1542,AOMDV,50,50,10,6,2,101542,EXPANDED_REAL_NS2_SIMULATION
INST_1543,AODV,50,50,10,6,3,101543,EXPANDED_REAL_NS2_SIMULATION
INST_1543,DSDV,50,50,10,6,3,101543,EXPANDED_REAL_NS2_SIMULATION
INST_1543,AOMDV,50,50,10,6,3,101543,EXPANDED_REAL_NS2_SIMULATION
INST_1544,AODV,50,50,10,6,4,101544,EXPANDED_REAL_NS2_SIMULATION
INST_1544,DSDV,50,50,10,6,4,101544,EXPANDED_REAL_NS2_SIMULATION
INST_1544,AOMDV,50,50,10,6,4,101544,EXPANDED_REAL_NS2_SIMULATION
INST_1545,AODV,50,50,10,6,5,101545,EXPANDED_REAL_NS2_SIMULATION
INST_1545,DSDV,50,50,10,6,5,101545,EXPANDED_REAL_NS2_SIMULATION
INST_1545,AOMDV,50,50,10,6,5,101545,EXPANDED_REAL_NS2_SIMULATION
INST_1546,AODV,50,50,12,2,1,101546,EXPANDED_REAL_NS2_SIMULATION
INST_1546,DSDV,50,50,12,2,1,101546,EXPANDED_REAL_NS2_SIMULATION
INST_1546,AOMDV,50,50,12,2,1,101546,EXPANDED_REAL_NS2_SIMULATION
INST_1547,AODV,50,50,12,2,2,101547,EXPANDED_REAL_NS2_SIMULATION
INST_1547,DSDV,50,50,12,2,2,101547,EXPANDED_REAL_NS2_SIMULATION
INST_1547,AOMDV,50,50,12,2,2,101547,EXPANDED_REAL_NS2_SIMULATION
INST_1548,AODV,50,50,12,2,3,101548,EXPANDED_REAL_NS2_SIMULATION
INST_1548,DSDV,50,50,12,2,3,101548,EXPANDED_REAL_NS2_SIMULATION
INST_1548,AOMDV,50,50,12,2,3,101548,EXPANDED_REAL_NS2_SIMULATION
INST_1549,AODV,50,50,12,2,4,101549,EXPANDED_REAL_NS2_SIMULATION
INST_1549,DSDV,50,50,12,2,4,101549,EXPANDED_REAL_NS2_SIMULATION
INST_1549,AOMDV,50,50,12,2,4,101549,EXPANDED_REAL_NS2_SIMULATION
INST_1550,AODV,50,50,12,2,5,101550,EXPANDED_REAL_NS2_SIMULATION
INST_1550,DSDV,50,50,12,2,5,101550,EXPANDED_REAL_NS2_SIMULATION
INST_1550,AOMDV,50,50,12,2,5,101550,EXPANDED_REAL_NS2_SIMULATION
INST_1551,AODV,50,50,12,3,1,101551,EXPANDED_REAL_NS2_SIMULATION
INST_1551,DSDV,50,50,12,3,1,101551,EXPANDED_REAL_NS2_SIMULATION
INST_1551,AOMDV,50,50,12,3,1,101551,EXPANDED_REAL_NS2_SIMULATION
INST_1552,AODV,50,50,12,3,2,101552,EXPANDED_REAL_NS2_SIMULATION
INST_1552,DSDV,50,50,12,3,2,101552,EXPANDED_REAL_NS2_SIMULATION
INST_1552,AOMDV,50,50,12,3,2,101552,EXPANDED_REAL_NS2_SIMULATION
INST_1553,AODV,50,50,12,3,3,101553,EXPANDED_REAL_NS2_SIMULATION
INST_1553,DSDV,50,50,12,3,3,101553,EXPANDED_REAL_NS2_SIMULATION
INST_1553,AOMDV,50,50,12,3,3,101553,EXPANDED_REAL_NS2_SIMULATION
INST_1554,AODV,50,50,12,3,4,101554,EXPANDED_REAL_NS2_SIMULATION
INST_1554,DSDV,50,50,12,3,4,101554,EXPANDED_REAL_NS2_SIMULATION
INST_1554,AOMDV,50,50,12,3,4,101554,EXPANDED_REAL_NS2_SIMULATION
INST_1555,AODV,50,50,12,3,5,101555,EXPANDED_REAL_NS2_SIMULATION
INST_1555,DSDV,50,50,12,3,5,101555,EXPANDED_REAL_NS2_SIMULATION
INST_1555,AOMDV,50,50,12,3,5,101555,EXPANDED_REAL_NS2_SIMULATION
INST_1556,AODV,50,50,12,4,1,101556,EXPANDED_REAL_NS2_SIMULATION
INST_1556,DSDV,50,50,12,4,1,101556,EXPANDED_REAL_NS2_SIMULATION
INST_1556,AOMDV,50,50,12,4,1,101556,EXPANDED_REAL_NS2_SIMULATION
INST_1557,AODV,50,50,12,4,2,101557,EXPANDED_REAL_NS2_SIMULATION
INST_1557,DSDV,50,50,12,4,2,101557,EXPANDED_REAL_NS2_SIMULATION
INST_1557,AOMDV,50,50,12,4,2,101557,EXPANDED_REAL_NS2_SIMULATION
INST_1558,AODV,50,50,12,4,3,101558,EXPANDED_REAL_NS2_SIMULATION
INST_1558,DSDV,50,50,12,4,3,101558,EXPANDED_REAL_NS2_SIMULATION
INST_1558,AOMDV,50,50,12,4,3,101558,EXPANDED_REAL_NS2_SIMULATION
INST_1559,AODV,50,50,12,4,4,101559,EXPANDED_REAL_NS2_SIMULATION
INST_1559,DSDV,50,50,12,4,4,101559,EXPANDED_REAL_NS2_SIMULATION
INST_1559,AOMDV,50,50,12,4,4,101559,EXPANDED_REAL_NS2_SIMULATION
INST_1560,AODV,50,50,12,4,5,101560,EXPANDED_REAL_NS2_SIMULATION
INST_1560,DSDV,50,50,12,4,5,101560,EXPANDED_REAL_NS2_SIMULATION
INST_1560,AOMDV,50,50,12,4,5,101560,EXPANDED_REAL_NS2_SIMULATION
INST_1561,AODV,50,50,12,5,1,101561,EXPANDED_REAL_NS2_SIMULATION
INST_1561,DSDV,50,50,12,5,1,101561,EXPANDED_REAL_NS2_SIMULATION
INST_1561,AOMDV,50,50,12,5,1,101561,EXPANDED_REAL_NS2_SIMULATION
INST_1562,AODV,50,50,12,5,2,101562,EXPANDED_REAL_NS2_SIMULATION
INST_1562,DSDV,50,50,12,5,2,101562,EXPANDED_REAL_NS2_SIMULATION
INST_1562,AOMDV,50,50,12,5,2,101562,EXPANDED_REAL_NS2_SIMULATION
INST_1563,AODV,50,50,12,5,3,101563,EXPANDED_REAL_NS2_SIMULATION
INST_1563,DSDV,50,50,12,5,3,101563,EXPANDED_REAL_NS2_SIMULATION
INST_1563,AOMDV,50,50,12,5,3,101563,EXPANDED_REAL_NS2_SIMULATION
INST_1564,AODV,50,50,12,5,4,101564,EXPANDED_REAL_NS2_SIMULATION
INST_1564,DSDV,50,50,12,5,4,101564,EXPANDED_REAL_NS2_SIMULATION
INST_1564,AOMDV,50,50,12,5,4,101564,EXPANDED_REAL_NS2_SIMULATION
INST_1565,AODV,50,50,12,5,5,101565,EXPANDED_REAL_NS2_SIMULATION
INST_1565,DSDV,50,50,12,5,5,101565,EXPANDED_REAL_NS2_SIMULATION
INST_1565,AOMDV,50,50,12,5,5,101565,EXPANDED_REAL_NS2_SIMULATION
INST_1566,AODV,50,50,12,6,1,101566,EXPANDED_REAL_NS2_SIMULATION
INST_1566,DSDV,50,50,12,6,1,101566,EXPANDED_REAL_NS2_SIMULATION
INST_1566,AOMDV,50,50,12,6,1,101566,EXPANDED_REAL_NS2_SIMULATION
INST_1567,AODV,50,50,12,6,2,101567,EXPANDED_REAL_NS2_SIMULATION
INST_1567,DSDV,50,50,12,6,2,101567,EXPANDED_REAL_NS2_SIMULATION
INST_1567,AOMDV,50,50,12,6,2,101567,EXPANDED_REAL_NS2_SIMULATION
INST_1568,AODV,50,50,12,6,3,101568,EXPANDED_REAL_NS2_SIMULATION
INST_1568,DSDV,50,50,12,6,3,101568,EXPANDED_REAL_NS2_SIMULATION
INST_1568,AOMDV,50,50,12,6,3,101568,EXPANDED_REAL_NS2_SIMULATION
INST_1569,AODV,50,50,12,6,4,101569,EXPANDED_REAL_NS2_SIMULATION
INST_1569,DSDV,50,50,12,6,4,101569,EXPANDED_REAL_NS2_SIMULATION
INST_1569,AOMDV,50,50,12,6,4,101569,EXPANDED_REAL_NS2_SIMULATION
INST_1570,AODV,50,50,12,6,5,101570,EXPANDED_REAL_NS2_SIMULATION
INST_1570,DSDV,50,50,12,6,5,101570,EXPANDED_REAL_NS2_SIMULATION
INST_1570,AOMDV,50,50,12,6,5,101570,EXPANDED_REAL_NS2_SIMULATION
INST_1571,AODV,50,50,12,8,1,101571,EXPANDED_REAL_NS2_SIMULATION
INST_1571,DSDV,50,50,12,8,1,101571,EXPANDED_REAL_NS2_SIMULATION
INST_1571,AOMDV,50,50,12,8,1,101571,EXPANDED_REAL_NS2_SIMULATION
INST_1572,AODV,50,50,12,8,2,101572,EXPANDED_REAL_NS2_SIMULATION
INST_1572,DSDV,50,50,12,8,2,101572,EXPANDED_REAL_NS2_SIMULATION
INST_1572,AOMDV,50,50,12,8,2,101572,EXPANDED_REAL_NS2_SIMULATION
INST_1573,AODV,50,50,12,8,3,101573,EXPANDED_REAL_NS2_SIMULATION
INST_1573,DSDV,50,50,12,8,3,101573,EXPANDED_REAL_NS2_SIMULATION
INST_1573,AOMDV,50,50,12,8,3,101573,EXPANDED_REAL_NS2_SIMULATION
INST_1574,AODV,50,50,12,8,4,101574,EXPANDED_REAL_NS2_SIMULATION
INST_1574,DSDV,50,50,12,8,4,101574,EXPANDED_REAL_NS2_SIMULATION
INST_1574,AOMDV,50,50,12,8,4,101574,EXPANDED_REAL_NS2_SIMULATION
INST_1575,AODV,50,50,12,8,5,101575,EXPANDED_REAL_NS2_SIMULATION
INST_1575,DSDV,50,50,12,8,5,101575,EXPANDED_REAL_NS2_SIMULATION
INST_1575,AOMDV,50,50,12,8,5,101575,EXPANDED_REAL_NS2_SIMULATION
INST_1576,AODV,50,50,15,3,1,101576,EXPANDED_REAL_NS2_SIMULATION
INST_1576,DSDV,50,50,15,3,1,101576,EXPANDED_REAL_NS2_SIMULATION
INST_1576,AOMDV,50,50,15,3,1,101576,EXPANDED_REAL_NS2_SIMULATION
INST_1577,AODV,50,50,15,3,2,101577,EXPANDED_REAL_NS2_SIMULATION
INST_1577,DSDV,50,50,15,3,2,101577,EXPANDED_REAL_NS2_SIMULATION
INST_1577,AOMDV,50,50,15,3,2,101577,EXPANDED_REAL_NS2_SIMULATION
INST_1578,AODV,50,50,15,3,3,101578,EXPANDED_REAL_NS2_SIMULATION
INST_1578,DSDV,50,50,15,3,3,101578,EXPANDED_REAL_NS2_SIMULATION
INST_1578,AOMDV,50,50,15,3,3,101578,EXPANDED_REAL_NS2_SIMULATION
INST_1579,AODV,50,50,15,3,4,101579,EXPANDED_REAL_NS2_SIMULATION
INST_1579,DSDV,50,50,15,3,4,101579,EXPANDED_REAL_NS2_SIMULATION
INST_1579,AOMDV,50,50,15,3,4,101579,EXPANDED_REAL_NS2_SIMULATION
INST_1580,AODV,50,50,15,3,5,101580,EXPANDED_REAL_NS2_SIMULATION
INST_1580,DSDV,50,50,15,3,5,101580,EXPANDED_REAL_NS2_SIMULATION
INST_1580,AOMDV,50,50,15,3,5,101580,EXPANDED_REAL_NS2_SIMULATION
INST_1581,AODV,50,50,15,5,1,101581,EXPANDED_REAL_NS2_SIMULATION
INST_1581,DSDV,50,50,15,5,1,101581,EXPANDED_REAL_NS2_SIMULATION
INST_1581,AOMDV,50,50,15,5,1,101581,EXPANDED_REAL_NS2_SIMULATION
INST_1582,AODV,50,50,15,5,2,101582,EXPANDED_REAL_NS2_SIMULATION
INST_1582,DSDV,50,50,15,5,2,101582,EXPANDED_REAL_NS2_SIMULATION
INST_1582,AOMDV,50,50,15,5,2,101582,EXPANDED_REAL_NS2_SIMULATION
INST_1583,AODV,50,50,15,5,3,101583,EXPANDED_REAL_NS2_SIMULATION
INST_1583,DSDV,50,50,15,5,3,101583,EXPANDED_REAL_NS2_SIMULATION
INST_1583,AOMDV,50,50,15,5,3,101583,EXPANDED_REAL_NS2_SIMULATION
INST_1584,AODV,50,50,15,5,4,101584,EXPANDED_REAL_NS2_SIMULATION
INST_1584,DSDV,50,50,15,5,4,101584,EXPANDED_REAL_NS2_SIMULATION
INST_1584,AOMDV,50,50,15,5,4,101584,EXPANDED_REAL_NS2_SIMULATION
INST_1585,AODV,50,50,15,5,5,101585,EXPANDED_REAL_NS2_SIMULATION
INST_1585,DSDV,50,50,15,5,5,101585,EXPANDED_REAL_NS2_SIMULATION
INST_1585,AOMDV,50,50,15,5,5,101585,EXPANDED_REAL_NS2_SIMULATION
INST_1586,AODV,50,50,15,6,1,101586,EXPANDED_REAL_NS2_SIMULATION
INST_1586,DSDV,50,50,15,6,1,101586,EXPANDED_REAL_NS2_SIMULATION
INST_1586,AOMDV,50,50,15,6,1,101586,EXPANDED_REAL_NS2_SIMULATION
INST_1587,AODV,50,50,15,6,2,101587,EXPANDED_REAL_NS2_SIMULATION
INST_1587,DSDV,50,50,15,6,2,101587,EXPANDED_REAL_NS2_SIMULATION
INST_1587,AOMDV,50,50,15,6,2,101587,EXPANDED_REAL_NS2_SIMULATION
INST_1588,AODV,50,50,15,6,3,101588,EXPANDED_REAL_NS2_SIMULATION
INST_1588,DSDV,50,50,15,6,3,101588,EXPANDED_REAL_NS2_SIMULATION
INST_1588,AOMDV,50,50,15,6,3,101588,EXPANDED_REAL_NS2_SIMULATION
INST_1589,AODV,50,50,15,6,4,101589,EXPANDED_REAL_NS2_SIMULATION
INST_1589,DSDV,50,50,15,6,4,101589,EXPANDED_REAL_NS2_SIMULATION
INST_1589,AOMDV,50,50,15,6,4,101589,EXPANDED_REAL_NS2_SIMULATION
INST_1590,AODV,50,50,15,6,5,101590,EXPANDED_REAL_NS2_SIMULATION
INST_1590,DSDV,50,50,15,6,5,101590,EXPANDED_REAL_NS2_SIMULATION
INST_1590,AOMDV,50,50,15,6,5,101590,EXPANDED_REAL_NS2_SIMULATION
INST_1591,AODV,50,50,18,2,1,101591,EXPANDED_REAL_NS2_SIMULATION
INST_1591,DSDV,50,50,18,2,1,101591,EXPANDED_REAL_NS2_SIMULATION
INST_1591,AOMDV,50,50,18,2,1,101591,EXPANDED_REAL_NS2_SIMULATION
INST_1592,AODV,50,50,18,2,2,101592,EXPANDED_REAL_NS2_SIMULATION
INST_1592,DSDV,50,50,18,2,2,101592,EXPANDED_REAL_NS2_SIMULATION
INST_1592,AOMDV,50,50,18,2,2,101592,EXPANDED_REAL_NS2_SIMULATION
INST_1593,AODV,50,50,18,2,3,101593,EXPANDED_REAL_NS2_SIMULATION
INST_1593,DSDV,50,50,18,2,3,101593,EXPANDED_REAL_NS2_SIMULATION
INST_1593,AOMDV,50,50,18,2,3,101593,EXPANDED_REAL_NS2_SIMULATION
INST_1594,AODV,50,50,18,2,4,101594,EXPANDED_REAL_NS2_SIMULATION
INST_1594,DSDV,50,50,18,2,4,101594,EXPANDED_REAL_NS2_SIMULATION
INST_1594,AOMDV,50,50,18,2,4,101594,EXPANDED_REAL_NS2_SIMULATION
INST_1595,AODV,50,50,18,2,5,101595,EXPANDED_REAL_NS2_SIMULATION
INST_1595,DSDV,50,50,18,2,5,101595,EXPANDED_REAL_NS2_SIMULATION
INST_1595,AOMDV,50,50,18,2,5,101595,EXPANDED_REAL_NS2_SIMULATION
INST_1596,AODV,50,50,18,3,1,101596,EXPANDED_REAL_NS2_SIMULATION
INST_1596,DSDV,50,50,18,3,1,101596,EXPANDED_REAL_NS2_SIMULATION
INST_1596,AOMDV,50,50,18,3,1,101596,EXPANDED_REAL_NS2_SIMULATION
INST_1597,AODV,50,50,18,3,2,101597,EXPANDED_REAL_NS2_SIMULATION
INST_1597,DSDV,50,50,18,3,2,101597,EXPANDED_REAL_NS2_SIMULATION
INST_1597,AOMDV,50,50,18,3,2,101597,EXPANDED_REAL_NS2_SIMULATION
INST_1598,AODV,50,50,18,3,3,101598,EXPANDED_REAL_NS2_SIMULATION
INST_1598,DSDV,50,50,18,3,3,101598,EXPANDED_REAL_NS2_SIMULATION
INST_1598,AOMDV,50,50,18,3,3,101598,EXPANDED_REAL_NS2_SIMULATION
INST_1599,AODV,50,50,18,3,4,101599,EXPANDED_REAL_NS2_SIMULATION
INST_1599,DSDV,50,50,18,3,4,101599,EXPANDED_REAL_NS2_SIMULATION
INST_1599,AOMDV,50,50,18,3,4,101599,EXPANDED_REAL_NS2_SIMULATION
INST_1600,AODV,50,50,18,3,5,101600,EXPANDED_REAL_NS2_SIMULATION
INST_1600,DSDV,50,50,18,3,5,101600,EXPANDED_REAL_NS2_SIMULATION
INST_1600,AOMDV,50,50,18,3,5,101600,EXPANDED_REAL_NS2_SIMULATION
INST_1601,AODV,50,50,18,4,1,101601,EXPANDED_REAL_NS2_SIMULATION
INST_1601,DSDV,50,50,18,4,1,101601,EXPANDED_REAL_NS2_SIMULATION
INST_1601,AOMDV,50,50,18,4,1,101601,EXPANDED_REAL_NS2_SIMULATION
INST_1602,AODV,50,50,18,4,2,101602,EXPANDED_REAL_NS2_SIMULATION
INST_1602,DSDV,50,50,18,4,2,101602,EXPANDED_REAL_NS2_SIMULATION
INST_1602,AOMDV,50,50,18,4,2,101602,EXPANDED_REAL_NS2_SIMULATION
INST_1603,AODV,50,50,18,4,3,101603,EXPANDED_REAL_NS2_SIMULATION
INST_1603,DSDV,50,50,18,4,3,101603,EXPANDED_REAL_NS2_SIMULATION
INST_1603,AOMDV,50,50,18,4,3,101603,EXPANDED_REAL_NS2_SIMULATION
INST_1604,AODV,50,50,18,4,4,101604,EXPANDED_REAL_NS2_SIMULATION
INST_1604,DSDV,50,50,18,4,4,101604,EXPANDED_REAL_NS2_SIMULATION
INST_1604,AOMDV,50,50,18,4,4,101604,EXPANDED_REAL_NS2_SIMULATION
INST_1605,AODV,50,50,18,4,5,101605,EXPANDED_REAL_NS2_SIMULATION
INST_1605,DSDV,50,50,18,4,5,101605,EXPANDED_REAL_NS2_SIMULATION
INST_1605,AOMDV,50,50,18,4,5,101605,EXPANDED_REAL_NS2_SIMULATION
INST_1606,AODV,50,50,18,5,1,101606,EXPANDED_REAL_NS2_SIMULATION
INST_1606,DSDV,50,50,18,5,1,101606,EXPANDED_REAL_NS2_SIMULATION
INST_1606,AOMDV,50,50,18,5,1,101606,EXPANDED_REAL_NS2_SIMULATION
INST_1607,AODV,50,50,18,5,2,101607,EXPANDED_REAL_NS2_SIMULATION
INST_1607,DSDV,50,50,18,5,2,101607,EXPANDED_REAL_NS2_SIMULATION
INST_1607,AOMDV,50,50,18,5,2,101607,EXPANDED_REAL_NS2_SIMULATION
INST_1608,AODV,50,50,18,5,3,101608,EXPANDED_REAL_NS2_SIMULATION
INST_1608,DSDV,50,50,18,5,3,101608,EXPANDED_REAL_NS2_SIMULATION
INST_1608,AOMDV,50,50,18,5,3,101608,EXPANDED_REAL_NS2_SIMULATION
INST_1609,AODV,50,50,18,5,4,101609,EXPANDED_REAL_NS2_SIMULATION
INST_1609,DSDV,50,50,18,5,4,101609,EXPANDED_REAL_NS2_SIMULATION
INST_1609,AOMDV,50,50,18,5,4,101609,EXPANDED_REAL_NS2_SIMULATION
INST_1610,AODV,50,50,18,5,5,101610,EXPANDED_REAL_NS2_SIMULATION
INST_1610,DSDV,50,50,18,5,5,101610,EXPANDED_REAL_NS2_SIMULATION
INST_1610,AOMDV,50,50,18,5,5,101610,EXPANDED_REAL_NS2_SIMULATION
INST_1611,AODV,50,50,18,6,1,101611,EXPANDED_REAL_NS2_SIMULATION
INST_1611,DSDV,50,50,18,6,1,101611,EXPANDED_REAL_NS2_SIMULATION
INST_1611,AOMDV,50,50,18,6,1,101611,EXPANDED_REAL_NS2_SIMULATION
INST_1612,AODV,50,50,18,6,2,101612,EXPANDED_REAL_NS2_SIMULATION
INST_1612,DSDV,50,50,18,6,2,101612,EXPANDED_REAL_NS2_SIMULATION
INST_1612,AOMDV,50,50,18,6,2,101612,EXPANDED_REAL_NS2_SIMULATION
INST_1613,AODV,50,50,18,6,3,101613,EXPANDED_REAL_NS2_SIMULATION
INST_1613,DSDV,50,50,18,6,3,101613,EXPANDED_REAL_NS2_SIMULATION
INST_1613,AOMDV,50,50,18,6,3,101613,EXPANDED_REAL_NS2_SIMULATION
INST_1614,AODV,50,50,18,6,4,101614,EXPANDED_REAL_NS2_SIMULATION
INST_1614,DSDV,50,50,18,6,4,101614,EXPANDED_REAL_NS2_SIMULATION
INST_1614,AOMDV,50,50,18,6,4,101614,EXPANDED_REAL_NS2_SIMULATION
INST_1615,AODV,50,50,18,6,5,101615,EXPANDED_REAL_NS2_SIMULATION
INST_1615,DSDV,50,50,18,6,5,101615,EXPANDED_REAL_NS2_SIMULATION
INST_1615,AOMDV,50,50,18,6,5,101615,EXPANDED_REAL_NS2_SIMULATION
INST_1616,AODV,50,50,18,8,1,101616,EXPANDED_REAL_NS2_SIMULATION
INST_1616,DSDV,50,50,18,8,1,101616,EXPANDED_REAL_NS2_SIMULATION
INST_1616,AOMDV,50,50,18,8,1,101616,EXPANDED_REAL_NS2_SIMULATION
INST_1617,AODV,50,50,18,8,2,101617,EXPANDED_REAL_NS2_SIMULATION
INST_1617,DSDV,50,50,18,8,2,101617,EXPANDED_REAL_NS2_SIMULATION
INST_1617,AOMDV,50,50,18,8,2,101617,EXPANDED_REAL_NS2_SIMULATION
INST_1618,AODV,50,50,18,8,3,101618,EXPANDED_REAL_NS2_SIMULATION
INST_1618,DSDV,50,50,18,8,3,101618,EXPANDED_REAL_NS2_SIMULATION
INST_1618,AOMDV,50,50,18,8,3,101618,EXPANDED_REAL_NS2_SIMULATION
INST_1619,AODV,50,50,18,8,4,101619,EXPANDED_REAL_NS2_SIMULATION
INST_1619,DSDV,50,50,18,8,4,101619,EXPANDED_REAL_NS2_SIMULATION
INST_1619,AOMDV,50,50,18,8,4,101619,EXPANDED_REAL_NS2_SIMULATION
INST_1620,AODV,50,50,18,8,5,101620,EXPANDED_REAL_NS2_SIMULATION
INST_1620,DSDV,50,50,18,8,5,101620,EXPANDED_REAL_NS2_SIMULATION
INST_1620,AOMDV,50,50,18,8,5,101620,EXPANDED_REAL_NS2_SIMULATION
INST_1621,AODV,50,50,20,3,1,101621,EXPANDED_REAL_NS2_SIMULATION
INST_1621,DSDV,50,50,20,3,1,101621,EXPANDED_REAL_NS2_SIMULATION
INST_1621,AOMDV,50,50,20,3,1,101621,EXPANDED_REAL_NS2_SIMULATION
INST_1622,AODV,50,50,20,3,2,101622,EXPANDED_REAL_NS2_SIMULATION
INST_1622,DSDV,50,50,20,3,2,101622,EXPANDED_REAL_NS2_SIMULATION
INST_1622,AOMDV,50,50,20,3,2,101622,EXPANDED_REAL_NS2_SIMULATION
INST_1623,AODV,50,50,20,3,3,101623,EXPANDED_REAL_NS2_SIMULATION
INST_1623,DSDV,50,50,20,3,3,101623,EXPANDED_REAL_NS2_SIMULATION
INST_1623,AOMDV,50,50,20,3,3,101623,EXPANDED_REAL_NS2_SIMULATION
INST_1624,AODV,50,50,20,3,4,101624,EXPANDED_REAL_NS2_SIMULATION
INST_1624,DSDV,50,50,20,3,4,101624,EXPANDED_REAL_NS2_SIMULATION
INST_1624,AOMDV,50,50,20,3,4,101624,EXPANDED_REAL_NS2_SIMULATION
INST_1625,AODV,50,50,20,3,5,101625,EXPANDED_REAL_NS2_SIMULATION
INST_1625,DSDV,50,50,20,3,5,101625,EXPANDED_REAL_NS2_SIMULATION
INST_1625,AOMDV,50,50,20,3,5,101625,EXPANDED_REAL_NS2_SIMULATION
INST_1626,AODV,50,50,20,5,1,101626,EXPANDED_REAL_NS2_SIMULATION
INST_1626,DSDV,50,50,20,5,1,101626,EXPANDED_REAL_NS2_SIMULATION
INST_1626,AOMDV,50,50,20,5,1,101626,EXPANDED_REAL_NS2_SIMULATION
INST_1627,AODV,50,50,20,5,2,101627,EXPANDED_REAL_NS2_SIMULATION
INST_1627,DSDV,50,50,20,5,2,101627,EXPANDED_REAL_NS2_SIMULATION
INST_1627,AOMDV,50,50,20,5,2,101627,EXPANDED_REAL_NS2_SIMULATION
INST_1628,AODV,50,50,20,5,3,101628,EXPANDED_REAL_NS2_SIMULATION
INST_1628,DSDV,50,50,20,5,3,101628,EXPANDED_REAL_NS2_SIMULATION
INST_1628,AOMDV,50,50,20,5,3,101628,EXPANDED_REAL_NS2_SIMULATION
INST_1629,AODV,50,50,20,5,4,101629,EXPANDED_REAL_NS2_SIMULATION
INST_1629,DSDV,50,50,20,5,4,101629,EXPANDED_REAL_NS2_SIMULATION
INST_1629,AOMDV,50,50,20,5,4,101629,EXPANDED_REAL_NS2_SIMULATION
INST_1630,AODV,50,50,20,5,5,101630,EXPANDED_REAL_NS2_SIMULATION
INST_1630,DSDV,50,50,20,5,5,101630,EXPANDED_REAL_NS2_SIMULATION
INST_1630,AOMDV,50,50,20,5,5,101630,EXPANDED_REAL_NS2_SIMULATION
INST_1631,AODV,50,50,20,6,1,101631,EXPANDED_REAL_NS2_SIMULATION
INST_1631,DSDV,50,50,20,6,1,101631,EXPANDED_REAL_NS2_SIMULATION
INST_1631,AOMDV,50,50,20,6,1,101631,EXPANDED_REAL_NS2_SIMULATION
INST_1632,AODV,50,50,20,6,2,101632,EXPANDED_REAL_NS2_SIMULATION
INST_1632,DSDV,50,50,20,6,2,101632,EXPANDED_REAL_NS2_SIMULATION
INST_1632,AOMDV,50,50,20,6,2,101632,EXPANDED_REAL_NS2_SIMULATION
INST_1633,AODV,50,50,20,6,3,101633,EXPANDED_REAL_NS2_SIMULATION
INST_1633,DSDV,50,50,20,6,3,101633,EXPANDED_REAL_NS2_SIMULATION
INST_1633,AOMDV,50,50,20,6,3,101633,EXPANDED_REAL_NS2_SIMULATION
INST_1634,AODV,50,50,20,6,4,101634,EXPANDED_REAL_NS2_SIMULATION
INST_1634,DSDV,50,50,20,6,4,101634,EXPANDED_REAL_NS2_SIMULATION
INST_1634,AOMDV,50,50,20,6,4,101634,EXPANDED_REAL_NS2_SIMULATION
INST_1635,AODV,50,50,20,6,5,101635,EXPANDED_REAL_NS2_SIMULATION
INST_1635,DSDV,50,50,20,6,5,101635,EXPANDED_REAL_NS2_SIMULATION
INST_1635,AOMDV,50,50,20,6,5,101635,EXPANDED_REAL_NS2_SIMULATION
INST_1636,AODV,50,50,22,2,1,101636,EXPANDED_REAL_NS2_SIMULATION
INST_1636,DSDV,50,50,22,2,1,101636,EXPANDED_REAL_NS2_SIMULATION
INST_1636,AOMDV,50,50,22,2,1,101636,EXPANDED_REAL_NS2_SIMULATION
INST_1637,AODV,50,50,22,2,2,101637,EXPANDED_REAL_NS2_SIMULATION
INST_1637,DSDV,50,50,22,2,2,101637,EXPANDED_REAL_NS2_SIMULATION
INST_1637,AOMDV,50,50,22,2,2,101637,EXPANDED_REAL_NS2_SIMULATION
INST_1638,AODV,50,50,22,2,3,101638,EXPANDED_REAL_NS2_SIMULATION
INST_1638,DSDV,50,50,22,2,3,101638,EXPANDED_REAL_NS2_SIMULATION
INST_1638,AOMDV,50,50,22,2,3,101638,EXPANDED_REAL_NS2_SIMULATION
INST_1639,AODV,50,50,22,2,4,101639,EXPANDED_REAL_NS2_SIMULATION
INST_1639,DSDV,50,50,22,2,4,101639,EXPANDED_REAL_NS2_SIMULATION
INST_1639,AOMDV,50,50,22,2,4,101639,EXPANDED_REAL_NS2_SIMULATION
INST_1640,AODV,50,50,22,2,5,101640,EXPANDED_REAL_NS2_SIMULATION
INST_1640,DSDV,50,50,22,2,5,101640,EXPANDED_REAL_NS2_SIMULATION
INST_1640,AOMDV,50,50,22,2,5,101640,EXPANDED_REAL_NS2_SIMULATION
INST_1641,AODV,50,50,22,3,1,101641,EXPANDED_REAL_NS2_SIMULATION
INST_1641,DSDV,50,50,22,3,1,101641,EXPANDED_REAL_NS2_SIMULATION
INST_1641,AOMDV,50,50,22,3,1,101641,EXPANDED_REAL_NS2_SIMULATION
INST_1642,AODV,50,50,22,3,2,101642,EXPANDED_REAL_NS2_SIMULATION
INST_1642,DSDV,50,50,22,3,2,101642,EXPANDED_REAL_NS2_SIMULATION
INST_1642,AOMDV,50,50,22,3,2,101642,EXPANDED_REAL_NS2_SIMULATION
INST_1643,AODV,50,50,22,3,3,101643,EXPANDED_REAL_NS2_SIMULATION
INST_1643,DSDV,50,50,22,3,3,101643,EXPANDED_REAL_NS2_SIMULATION
INST_1643,AOMDV,50,50,22,3,3,101643,EXPANDED_REAL_NS2_SIMULATION
INST_1644,AODV,50,50,22,3,4,101644,EXPANDED_REAL_NS2_SIMULATION
INST_1644,DSDV,50,50,22,3,4,101644,EXPANDED_REAL_NS2_SIMULATION
INST_1644,AOMDV,50,50,22,3,4,101644,EXPANDED_REAL_NS2_SIMULATION
INST_1645,AODV,50,50,22,3,5,101645,EXPANDED_REAL_NS2_SIMULATION
INST_1645,DSDV,50,50,22,3,5,101645,EXPANDED_REAL_NS2_SIMULATION
INST_1645,AOMDV,50,50,22,3,5,101645,EXPANDED_REAL_NS2_SIMULATION
INST_1646,AODV,50,50,22,4,1,101646,EXPANDED_REAL_NS2_SIMULATION
INST_1646,DSDV,50,50,22,4,1,101646,EXPANDED_REAL_NS2_SIMULATION
INST_1646,AOMDV,50,50,22,4,1,101646,EXPANDED_REAL_NS2_SIMULATION
INST_1647,AODV,50,50,22,4,2,101647,EXPANDED_REAL_NS2_SIMULATION
INST_1647,DSDV,50,50,22,4,2,101647,EXPANDED_REAL_NS2_SIMULATION
INST_1647,AOMDV,50,50,22,4,2,101647,EXPANDED_REAL_NS2_SIMULATION
INST_1648,AODV,50,50,22,4,3,101648,EXPANDED_REAL_NS2_SIMULATION
INST_1648,DSDV,50,50,22,4,3,101648,EXPANDED_REAL_NS2_SIMULATION
INST_1648,AOMDV,50,50,22,4,3,101648,EXPANDED_REAL_NS2_SIMULATION
INST_1649,AODV,50,50,22,4,4,101649,EXPANDED_REAL_NS2_SIMULATION
INST_1649,DSDV,50,50,22,4,4,101649,EXPANDED_REAL_NS2_SIMULATION
INST_1649,AOMDV,50,50,22,4,4,101649,EXPANDED_REAL_NS2_SIMULATION
INST_1650,AODV,50,50,22,4,5,101650,EXPANDED_REAL_NS2_SIMULATION
INST_1650,DSDV,50,50,22,4,5,101650,EXPANDED_REAL_NS2_SIMULATION
INST_1650,AOMDV,50,50,22,4,5,101650,EXPANDED_REAL_NS2_SIMULATION
INST_1651,AODV,50,50,22,5,1,101651,EXPANDED_REAL_NS2_SIMULATION
INST_1651,DSDV,50,50,22,5,1,101651,EXPANDED_REAL_NS2_SIMULATION
INST_1651,AOMDV,50,50,22,5,1,101651,EXPANDED_REAL_NS2_SIMULATION
INST_1652,AODV,50,50,22,5,2,101652,EXPANDED_REAL_NS2_SIMULATION
INST_1652,DSDV,50,50,22,5,2,101652,EXPANDED_REAL_NS2_SIMULATION
INST_1652,AOMDV,50,50,22,5,2,101652,EXPANDED_REAL_NS2_SIMULATION
INST_1653,AODV,50,50,22,5,3,101653,EXPANDED_REAL_NS2_SIMULATION
INST_1653,DSDV,50,50,22,5,3,101653,EXPANDED_REAL_NS2_SIMULATION
INST_1653,AOMDV,50,50,22,5,3,101653,EXPANDED_REAL_NS2_SIMULATION
INST_1654,AODV,50,50,22,5,4,101654,EXPANDED_REAL_NS2_SIMULATION
INST_1654,DSDV,50,50,22,5,4,101654,EXPANDED_REAL_NS2_SIMULATION
INST_1654,AOMDV,50,50,22,5,4,101654,EXPANDED_REAL_NS2_SIMULATION
INST_1655,AODV,50,50,22,5,5,101655,EXPANDED_REAL_NS2_SIMULATION
INST_1655,DSDV,50,50,22,5,5,101655,EXPANDED_REAL_NS2_SIMULATION
INST_1655,AOMDV,50,50,22,5,5,101655,EXPANDED_REAL_NS2_SIMULATION
INST_1656,AODV,50,50,22,6,1,101656,EXPANDED_REAL_NS2_SIMULATION
INST_1656,DSDV,50,50,22,6,1,101656,EXPANDED_REAL_NS2_SIMULATION
INST_1656,AOMDV,50,50,22,6,1,101656,EXPANDED_REAL_NS2_SIMULATION
INST_1657,AODV,50,50,22,6,2,101657,EXPANDED_REAL_NS2_SIMULATION
INST_1657,DSDV,50,50,22,6,2,101657,EXPANDED_REAL_NS2_SIMULATION
INST_1657,AOMDV,50,50,22,6,2,101657,EXPANDED_REAL_NS2_SIMULATION
INST_1658,AODV,50,50,22,6,3,101658,EXPANDED_REAL_NS2_SIMULATION
INST_1658,DSDV,50,50,22,6,3,101658,EXPANDED_REAL_NS2_SIMULATION
INST_1658,AOMDV,50,50,22,6,3,101658,EXPANDED_REAL_NS2_SIMULATION
INST_1659,AODV,50,50,22,6,4,101659,EXPANDED_REAL_NS2_SIMULATION
INST_1659,DSDV,50,50,22,6,4,101659,EXPANDED_REAL_NS2_SIMULATION
INST_1659,AOMDV,50,50,22,6,4,101659,EXPANDED_REAL_NS2_SIMULATION
INST_1660,AODV,50,50,22,6,5,101660,EXPANDED_REAL_NS2_SIMULATION
INST_1660,DSDV,50,50,22,6,5,101660,EXPANDED_REAL_NS2_SIMULATION
INST_1660,AOMDV,50,50,22,6,5,101660,EXPANDED_REAL_NS2_SIMULATION
INST_1661,AODV,50,50,22,8,1,101661,EXPANDED_REAL_NS2_SIMULATION
INST_1661,DSDV,50,50,22,8,1,101661,EXPANDED_REAL_NS2_SIMULATION
INST_1661,AOMDV,50,50,22,8,1,101661,EXPANDED_REAL_NS2_SIMULATION
INST_1662,AODV,50,50,22,8,2,101662,EXPANDED_REAL_NS2_SIMULATION
INST_1662,DSDV,50,50,22,8,2,101662,EXPANDED_REAL_NS2_SIMULATION
INST_1662,AOMDV,50,50,22,8,2,101662,EXPANDED_REAL_NS2_SIMULATION
INST_1663,AODV,50,50,22,8,3,101663,EXPANDED_REAL_NS2_SIMULATION
INST_1663,DSDV,50,50,22,8,3,101663,EXPANDED_REAL_NS2_SIMULATION
INST_1663,AOMDV,50,50,22,8,3,101663,EXPANDED_REAL_NS2_SIMULATION
INST_1664,AODV,50,50,22,8,4,101664,EXPANDED_REAL_NS2_SIMULATION
INST_1664,DSDV,50,50,22,8,4,101664,EXPANDED_REAL_NS2_SIMULATION
INST_1664,AOMDV,50,50,22,8,4,101664,EXPANDED_REAL_NS2_SIMULATION
INST_1665,AODV,50,50,22,8,5,101665,EXPANDED_REAL_NS2_SIMULATION
INST_1665,DSDV,50,50,22,8,5,101665,EXPANDED_REAL_NS2_SIMULATION
INST_1665,AOMDV,50,50,22,8,5,101665,EXPANDED_REAL_NS2_SIMULATION
INST_1666,AODV,50,50,25,3,1,101666,EXPANDED_REAL_NS2_SIMULATION
INST_1666,DSDV,50,50,25,3,1,101666,EXPANDED_REAL_NS2_SIMULATION
INST_1666,AOMDV,50,50,25,3,1,101666,EXPANDED_REAL_NS2_SIMULATION
INST_1667,AODV,50,50,25,3,2,101667,EXPANDED_REAL_NS2_SIMULATION
INST_1667,DSDV,50,50,25,3,2,101667,EXPANDED_REAL_NS2_SIMULATION
INST_1667,AOMDV,50,50,25,3,2,101667,EXPANDED_REAL_NS2_SIMULATION
INST_1668,AODV,50,50,25,3,3,101668,EXPANDED_REAL_NS2_SIMULATION
INST_1668,DSDV,50,50,25,3,3,101668,EXPANDED_REAL_NS2_SIMULATION
INST_1668,AOMDV,50,50,25,3,3,101668,EXPANDED_REAL_NS2_SIMULATION
INST_1669,AODV,50,50,25,3,4,101669,EXPANDED_REAL_NS2_SIMULATION
INST_1669,DSDV,50,50,25,3,4,101669,EXPANDED_REAL_NS2_SIMULATION
INST_1669,AOMDV,50,50,25,3,4,101669,EXPANDED_REAL_NS2_SIMULATION
INST_1670,AODV,50,50,25,3,5,101670,EXPANDED_REAL_NS2_SIMULATION
INST_1670,DSDV,50,50,25,3,5,101670,EXPANDED_REAL_NS2_SIMULATION
INST_1670,AOMDV,50,50,25,3,5,101670,EXPANDED_REAL_NS2_SIMULATION
INST_1671,AODV,50,50,25,5,1,101671,EXPANDED_REAL_NS2_SIMULATION
INST_1671,DSDV,50,50,25,5,1,101671,EXPANDED_REAL_NS2_SIMULATION
INST_1671,AOMDV,50,50,25,5,1,101671,EXPANDED_REAL_NS2_SIMULATION
INST_1672,AODV,50,50,25,5,2,101672,EXPANDED_REAL_NS2_SIMULATION
INST_1672,DSDV,50,50,25,5,2,101672,EXPANDED_REAL_NS2_SIMULATION
INST_1672,AOMDV,50,50,25,5,2,101672,EXPANDED_REAL_NS2_SIMULATION
INST_1673,AODV,50,50,25,5,3,101673,EXPANDED_REAL_NS2_SIMULATION
INST_1673,DSDV,50,50,25,5,3,101673,EXPANDED_REAL_NS2_SIMULATION
INST_1673,AOMDV,50,50,25,5,3,101673,EXPANDED_REAL_NS2_SIMULATION
INST_1674,AODV,50,50,25,5,4,101674,EXPANDED_REAL_NS2_SIMULATION
INST_1674,DSDV,50,50,25,5,4,101674,EXPANDED_REAL_NS2_SIMULATION
INST_1674,AOMDV,50,50,25,5,4,101674,EXPANDED_REAL_NS2_SIMULATION
INST_1675,AODV,50,50,25,5,5,101675,EXPANDED_REAL_NS2_SIMULATION
INST_1675,DSDV,50,50,25,5,5,101675,EXPANDED_REAL_NS2_SIMULATION
INST_1675,AOMDV,50,50,25,5,5,101675,EXPANDED_REAL_NS2_SIMULATION
INST_1676,AODV,50,50,25,6,1,101676,EXPANDED_REAL_NS2_SIMULATION
INST_1676,DSDV,50,50,25,6,1,101676,EXPANDED_REAL_NS2_SIMULATION
INST_1676,AOMDV,50,50,25,6,1,101676,EXPANDED_REAL_NS2_SIMULATION
INST_1677,AODV,50,50,25,6,2,101677,EXPANDED_REAL_NS2_SIMULATION
INST_1677,DSDV,50,50,25,6,2,101677,EXPANDED_REAL_NS2_SIMULATION
INST_1677,AOMDV,50,50,25,6,2,101677,EXPANDED_REAL_NS2_SIMULATION
INST_1678,AODV,50,50,25,6,3,101678,EXPANDED_REAL_NS2_SIMULATION
INST_1678,DSDV,50,50,25,6,3,101678,EXPANDED_REAL_NS2_SIMULATION
INST_1678,AOMDV,50,50,25,6,3,101678,EXPANDED_REAL_NS2_SIMULATION
INST_1679,AODV,50,50,25,6,4,101679,EXPANDED_REAL_NS2_SIMULATION
INST_1679,DSDV,50,50,25,6,4,101679,EXPANDED_REAL_NS2_SIMULATION
INST_1679,AOMDV,50,50,25,6,4,101679,EXPANDED_REAL_NS2_SIMULATION
INST_1680,AODV,50,50,25,6,5,101680,EXPANDED_REAL_NS2_SIMULATION
INST_1680,DSDV,50,50,25,6,5,101680,EXPANDED_REAL_NS2_SIMULATION
INST_1680,AOMDV,50,50,25,6,5,101680,EXPANDED_REAL_NS2_SIMULATION
INST_1681,AODV,100,20,5,3,1,101681,EXPANDED_REAL_NS2_SIMULATION
INST_1681,DSDV,100,20,5,3,1,101681,EXPANDED_REAL_NS2_SIMULATION
INST_1681,AOMDV,100,20,5,3,1,101681,EXPANDED_REAL_NS2_SIMULATION
INST_1682,AODV,100,20,5,3,2,101682,EXPANDED_REAL_NS2_SIMULATION
INST_1682,DSDV,100,20,5,3,2,101682,EXPANDED_REAL_NS2_SIMULATION
INST_1682,AOMDV,100,20,5,3,2,101682,EXPANDED_REAL_NS2_SIMULATION
INST_1683,AODV,100,20,5,3,3,101683,EXPANDED_REAL_NS2_SIMULATION
INST_1683,DSDV,100,20,5,3,3,101683,EXPANDED_REAL_NS2_SIMULATION
INST_1683,AOMDV,100,20,5,3,3,101683,EXPANDED_REAL_NS2_SIMULATION
INST_1684,AODV,100,20,5,3,4,101684,EXPANDED_REAL_NS2_SIMULATION
INST_1684,DSDV,100,20,5,3,4,101684,EXPANDED_REAL_NS2_SIMULATION
INST_1684,AOMDV,100,20,5,3,4,101684,EXPANDED_REAL_NS2_SIMULATION
INST_1685,AODV,100,20,5,3,5,101685,EXPANDED_REAL_NS2_SIMULATION
INST_1685,DSDV,100,20,5,3,5,101685,EXPANDED_REAL_NS2_SIMULATION
INST_1685,AOMDV,100,20,5,3,5,101685,EXPANDED_REAL_NS2_SIMULATION
INST_1686,AODV,100,20,5,5,1,101686,EXPANDED_REAL_NS2_SIMULATION
INST_1686,DSDV,100,20,5,5,1,101686,EXPANDED_REAL_NS2_SIMULATION
INST_1686,AOMDV,100,20,5,5,1,101686,EXPANDED_REAL_NS2_SIMULATION
INST_1687,AODV,100,20,5,5,2,101687,EXPANDED_REAL_NS2_SIMULATION
INST_1687,DSDV,100,20,5,5,2,101687,EXPANDED_REAL_NS2_SIMULATION
INST_1687,AOMDV,100,20,5,5,2,101687,EXPANDED_REAL_NS2_SIMULATION
INST_1688,AODV,100,20,5,5,3,101688,EXPANDED_REAL_NS2_SIMULATION
INST_1688,DSDV,100,20,5,5,3,101688,EXPANDED_REAL_NS2_SIMULATION
INST_1688,AOMDV,100,20,5,5,3,101688,EXPANDED_REAL_NS2_SIMULATION
INST_1689,AODV,100,20,5,5,4,101689,EXPANDED_REAL_NS2_SIMULATION
INST_1689,DSDV,100,20,5,5,4,101689,EXPANDED_REAL_NS2_SIMULATION
INST_1689,AOMDV,100,20,5,5,4,101689,EXPANDED_REAL_NS2_SIMULATION
INST_1690,AODV,100,20,5,5,5,101690,EXPANDED_REAL_NS2_SIMULATION
INST_1690,DSDV,100,20,5,5,5,101690,EXPANDED_REAL_NS2_SIMULATION
INST_1690,AOMDV,100,20,5,5,5,101690,EXPANDED_REAL_NS2_SIMULATION
INST_1691,AODV,100,20,5,6,1,101691,EXPANDED_REAL_NS2_SIMULATION
INST_1691,DSDV,100,20,5,6,1,101691,EXPANDED_REAL_NS2_SIMULATION
INST_1691,AOMDV,100,20,5,6,1,101691,EXPANDED_REAL_NS2_SIMULATION
INST_1692,AODV,100,20,5,6,2,101692,EXPANDED_REAL_NS2_SIMULATION
INST_1692,DSDV,100,20,5,6,2,101692,EXPANDED_REAL_NS2_SIMULATION
INST_1692,AOMDV,100,20,5,6,2,101692,EXPANDED_REAL_NS2_SIMULATION
INST_1693,AODV,100,20,5,6,3,101693,EXPANDED_REAL_NS2_SIMULATION
INST_1693,DSDV,100,20,5,6,3,101693,EXPANDED_REAL_NS2_SIMULATION
INST_1693,AOMDV,100,20,5,6,3,101693,EXPANDED_REAL_NS2_SIMULATION
INST_1694,AODV,100,20,5,6,4,101694,EXPANDED_REAL_NS2_SIMULATION
INST_1694,DSDV,100,20,5,6,4,101694,EXPANDED_REAL_NS2_SIMULATION
INST_1694,AOMDV,100,20,5,6,4,101694,EXPANDED_REAL_NS2_SIMULATION
INST_1695,AODV,100,20,5,6,5,101695,EXPANDED_REAL_NS2_SIMULATION
INST_1695,DSDV,100,20,5,6,5,101695,EXPANDED_REAL_NS2_SIMULATION
INST_1695,AOMDV,100,20,5,6,5,101695,EXPANDED_REAL_NS2_SIMULATION
INST_1696,AODV,100,20,7,2,1,101696,EXPANDED_REAL_NS2_SIMULATION
INST_1696,DSDV,100,20,7,2,1,101696,EXPANDED_REAL_NS2_SIMULATION
INST_1696,AOMDV,100,20,7,2,1,101696,EXPANDED_REAL_NS2_SIMULATION
INST_1697,AODV,100,20,7,2,2,101697,EXPANDED_REAL_NS2_SIMULATION
INST_1697,DSDV,100,20,7,2,2,101697,EXPANDED_REAL_NS2_SIMULATION
INST_1697,AOMDV,100,20,7,2,2,101697,EXPANDED_REAL_NS2_SIMULATION
INST_1698,AODV,100,20,7,2,3,101698,EXPANDED_REAL_NS2_SIMULATION
INST_1698,DSDV,100,20,7,2,3,101698,EXPANDED_REAL_NS2_SIMULATION
INST_1698,AOMDV,100,20,7,2,3,101698,EXPANDED_REAL_NS2_SIMULATION
INST_1699,AODV,100,20,7,2,4,101699,EXPANDED_REAL_NS2_SIMULATION
INST_1699,DSDV,100,20,7,2,4,101699,EXPANDED_REAL_NS2_SIMULATION
INST_1699,AOMDV,100,20,7,2,4,101699,EXPANDED_REAL_NS2_SIMULATION
INST_1700,AODV,100,20,7,2,5,101700,EXPANDED_REAL_NS2_SIMULATION
INST_1700,DSDV,100,20,7,2,5,101700,EXPANDED_REAL_NS2_SIMULATION
INST_1700,AOMDV,100,20,7,2,5,101700,EXPANDED_REAL_NS2_SIMULATION
INST_1701,AODV,100,20,7,3,1,101701,EXPANDED_REAL_NS2_SIMULATION
INST_1701,DSDV,100,20,7,3,1,101701,EXPANDED_REAL_NS2_SIMULATION
INST_1701,AOMDV,100,20,7,3,1,101701,EXPANDED_REAL_NS2_SIMULATION
INST_1702,AODV,100,20,7,3,2,101702,EXPANDED_REAL_NS2_SIMULATION
INST_1702,DSDV,100,20,7,3,2,101702,EXPANDED_REAL_NS2_SIMULATION
INST_1702,AOMDV,100,20,7,3,2,101702,EXPANDED_REAL_NS2_SIMULATION
INST_1703,AODV,100,20,7,3,3,101703,EXPANDED_REAL_NS2_SIMULATION
INST_1703,DSDV,100,20,7,3,3,101703,EXPANDED_REAL_NS2_SIMULATION
INST_1703,AOMDV,100,20,7,3,3,101703,EXPANDED_REAL_NS2_SIMULATION
INST_1704,AODV,100,20,7,3,4,101704,EXPANDED_REAL_NS2_SIMULATION
INST_1704,DSDV,100,20,7,3,4,101704,EXPANDED_REAL_NS2_SIMULATION
INST_1704,AOMDV,100,20,7,3,4,101704,EXPANDED_REAL_NS2_SIMULATION
INST_1705,AODV,100,20,7,3,5,101705,EXPANDED_REAL_NS2_SIMULATION
INST_1705,DSDV,100,20,7,3,5,101705,EXPANDED_REAL_NS2_SIMULATION
INST_1705,AOMDV,100,20,7,3,5,101705,EXPANDED_REAL_NS2_SIMULATION
INST_1706,AODV,100,20,7,4,1,101706,EXPANDED_REAL_NS2_SIMULATION
INST_1706,DSDV,100,20,7,4,1,101706,EXPANDED_REAL_NS2_SIMULATION
INST_1706,AOMDV,100,20,7,4,1,101706,EXPANDED_REAL_NS2_SIMULATION
INST_1707,AODV,100,20,7,4,2,101707,EXPANDED_REAL_NS2_SIMULATION
INST_1707,DSDV,100,20,7,4,2,101707,EXPANDED_REAL_NS2_SIMULATION
INST_1707,AOMDV,100,20,7,4,2,101707,EXPANDED_REAL_NS2_SIMULATION
INST_1708,AODV,100,20,7,4,3,101708,EXPANDED_REAL_NS2_SIMULATION
INST_1708,DSDV,100,20,7,4,3,101708,EXPANDED_REAL_NS2_SIMULATION
INST_1708,AOMDV,100,20,7,4,3,101708,EXPANDED_REAL_NS2_SIMULATION
INST_1709,AODV,100,20,7,4,4,101709,EXPANDED_REAL_NS2_SIMULATION
INST_1709,DSDV,100,20,7,4,4,101709,EXPANDED_REAL_NS2_SIMULATION
INST_1709,AOMDV,100,20,7,4,4,101709,EXPANDED_REAL_NS2_SIMULATION
INST_1710,AODV,100,20,7,4,5,101710,EXPANDED_REAL_NS2_SIMULATION
INST_1710,DSDV,100,20,7,4,5,101710,EXPANDED_REAL_NS2_SIMULATION
INST_1710,AOMDV,100,20,7,4,5,101710,EXPANDED_REAL_NS2_SIMULATION
INST_1711,AODV,100,20,7,5,1,101711,EXPANDED_REAL_NS2_SIMULATION
INST_1711,DSDV,100,20,7,5,1,101711,EXPANDED_REAL_NS2_SIMULATION
INST_1711,AOMDV,100,20,7,5,1,101711,EXPANDED_REAL_NS2_SIMULATION
INST_1712,AODV,100,20,7,5,2,101712,EXPANDED_REAL_NS2_SIMULATION
INST_1712,DSDV,100,20,7,5,2,101712,EXPANDED_REAL_NS2_SIMULATION
INST_1712,AOMDV,100,20,7,5,2,101712,EXPANDED_REAL_NS2_SIMULATION
INST_1713,AODV,100,20,7,5,3,101713,EXPANDED_REAL_NS2_SIMULATION
INST_1713,DSDV,100,20,7,5,3,101713,EXPANDED_REAL_NS2_SIMULATION
INST_1713,AOMDV,100,20,7,5,3,101713,EXPANDED_REAL_NS2_SIMULATION
INST_1714,AODV,100,20,7,5,4,101714,EXPANDED_REAL_NS2_SIMULATION
INST_1714,DSDV,100,20,7,5,4,101714,EXPANDED_REAL_NS2_SIMULATION
INST_1714,AOMDV,100,20,7,5,4,101714,EXPANDED_REAL_NS2_SIMULATION
INST_1715,AODV,100,20,7,5,5,101715,EXPANDED_REAL_NS2_SIMULATION
INST_1715,DSDV,100,20,7,5,5,101715,EXPANDED_REAL_NS2_SIMULATION
INST_1715,AOMDV,100,20,7,5,5,101715,EXPANDED_REAL_NS2_SIMULATION
INST_1716,AODV,100,20,7,6,1,101716,EXPANDED_REAL_NS2_SIMULATION
INST_1716,DSDV,100,20,7,6,1,101716,EXPANDED_REAL_NS2_SIMULATION
INST_1716,AOMDV,100,20,7,6,1,101716,EXPANDED_REAL_NS2_SIMULATION
INST_1717,AODV,100,20,7,6,2,101717,EXPANDED_REAL_NS2_SIMULATION
INST_1717,DSDV,100,20,7,6,2,101717,EXPANDED_REAL_NS2_SIMULATION
INST_1717,AOMDV,100,20,7,6,2,101717,EXPANDED_REAL_NS2_SIMULATION
INST_1718,AODV,100,20,7,6,3,101718,EXPANDED_REAL_NS2_SIMULATION
INST_1718,DSDV,100,20,7,6,3,101718,EXPANDED_REAL_NS2_SIMULATION
INST_1718,AOMDV,100,20,7,6,3,101718,EXPANDED_REAL_NS2_SIMULATION
INST_1719,AODV,100,20,7,6,4,101719,EXPANDED_REAL_NS2_SIMULATION
INST_1719,DSDV,100,20,7,6,4,101719,EXPANDED_REAL_NS2_SIMULATION
INST_1719,AOMDV,100,20,7,6,4,101719,EXPANDED_REAL_NS2_SIMULATION
INST_1720,AODV,100,20,7,6,5,101720,EXPANDED_REAL_NS2_SIMULATION
INST_1720,DSDV,100,20,7,6,5,101720,EXPANDED_REAL_NS2_SIMULATION
INST_1720,AOMDV,100,20,7,6,5,101720,EXPANDED_REAL_NS2_SIMULATION
INST_1721,AODV,100,20,7,8,1,101721,EXPANDED_REAL_NS2_SIMULATION
INST_1721,DSDV,100,20,7,8,1,101721,EXPANDED_REAL_NS2_SIMULATION
INST_1721,AOMDV,100,20,7,8,1,101721,EXPANDED_REAL_NS2_SIMULATION
INST_1722,AODV,100,20,7,8,2,101722,EXPANDED_REAL_NS2_SIMULATION
INST_1722,DSDV,100,20,7,8,2,101722,EXPANDED_REAL_NS2_SIMULATION
INST_1722,AOMDV,100,20,7,8,2,101722,EXPANDED_REAL_NS2_SIMULATION
INST_1723,AODV,100,20,7,8,3,101723,EXPANDED_REAL_NS2_SIMULATION
INST_1723,DSDV,100,20,7,8,3,101723,EXPANDED_REAL_NS2_SIMULATION
INST_1723,AOMDV,100,20,7,8,3,101723,EXPANDED_REAL_NS2_SIMULATION
INST_1724,AODV,100,20,7,8,4,101724,EXPANDED_REAL_NS2_SIMULATION
INST_1724,DSDV,100,20,7,8,4,101724,EXPANDED_REAL_NS2_SIMULATION
INST_1724,AOMDV,100,20,7,8,4,101724,EXPANDED_REAL_NS2_SIMULATION
INST_1725,AODV,100,20,7,8,5,101725,EXPANDED_REAL_NS2_SIMULATION
INST_1725,DSDV,100,20,7,8,5,101725,EXPANDED_REAL_NS2_SIMULATION
INST_1725,AOMDV,100,20,7,8,5,101725,EXPANDED_REAL_NS2_SIMULATION
INST_1726,AODV,100,20,10,3,1,101726,EXPANDED_REAL_NS2_SIMULATION
INST_1726,DSDV,100,20,10,3,1,101726,EXPANDED_REAL_NS2_SIMULATION
INST_1726,AOMDV,100,20,10,3,1,101726,EXPANDED_REAL_NS2_SIMULATION
INST_1727,AODV,100,20,10,3,2,101727,EXPANDED_REAL_NS2_SIMULATION
INST_1727,DSDV,100,20,10,3,2,101727,EXPANDED_REAL_NS2_SIMULATION
INST_1727,AOMDV,100,20,10,3,2,101727,EXPANDED_REAL_NS2_SIMULATION
INST_1728,AODV,100,20,10,3,3,101728,EXPANDED_REAL_NS2_SIMULATION
INST_1728,DSDV,100,20,10,3,3,101728,EXPANDED_REAL_NS2_SIMULATION
INST_1728,AOMDV,100,20,10,3,3,101728,EXPANDED_REAL_NS2_SIMULATION
INST_1729,AODV,100,20,10,3,4,101729,EXPANDED_REAL_NS2_SIMULATION
INST_1729,DSDV,100,20,10,3,4,101729,EXPANDED_REAL_NS2_SIMULATION
INST_1729,AOMDV,100,20,10,3,4,101729,EXPANDED_REAL_NS2_SIMULATION
INST_1730,AODV,100,20,10,3,5,101730,EXPANDED_REAL_NS2_SIMULATION
INST_1730,DSDV,100,20,10,3,5,101730,EXPANDED_REAL_NS2_SIMULATION
INST_1730,AOMDV,100,20,10,3,5,101730,EXPANDED_REAL_NS2_SIMULATION
INST_1731,AODV,100,20,10,5,1,101731,EXPANDED_REAL_NS2_SIMULATION
INST_1731,DSDV,100,20,10,5,1,101731,EXPANDED_REAL_NS2_SIMULATION
INST_1731,AOMDV,100,20,10,5,1,101731,EXPANDED_REAL_NS2_SIMULATION
INST_1732,AODV,100,20,10,5,2,101732,EXPANDED_REAL_NS2_SIMULATION
INST_1732,DSDV,100,20,10,5,2,101732,EXPANDED_REAL_NS2_SIMULATION
INST_1732,AOMDV,100,20,10,5,2,101732,EXPANDED_REAL_NS2_SIMULATION
INST_1733,AODV,100,20,10,5,3,101733,EXPANDED_REAL_NS2_SIMULATION
INST_1733,DSDV,100,20,10,5,3,101733,EXPANDED_REAL_NS2_SIMULATION
INST_1733,AOMDV,100,20,10,5,3,101733,EXPANDED_REAL_NS2_SIMULATION
INST_1734,AODV,100,20,10,5,4,101734,EXPANDED_REAL_NS2_SIMULATION
INST_1734,DSDV,100,20,10,5,4,101734,EXPANDED_REAL_NS2_SIMULATION
INST_1734,AOMDV,100,20,10,5,4,101734,EXPANDED_REAL_NS2_SIMULATION
INST_1735,AODV,100,20,10,5,5,101735,EXPANDED_REAL_NS2_SIMULATION
INST_1735,DSDV,100,20,10,5,5,101735,EXPANDED_REAL_NS2_SIMULATION
INST_1735,AOMDV,100,20,10,5,5,101735,EXPANDED_REAL_NS2_SIMULATION
INST_1736,AODV,100,20,10,6,1,101736,EXPANDED_REAL_NS2_SIMULATION
INST_1736,DSDV,100,20,10,6,1,101736,EXPANDED_REAL_NS2_SIMULATION
INST_1736,AOMDV,100,20,10,6,1,101736,EXPANDED_REAL_NS2_SIMULATION
INST_1737,AODV,100,20,10,6,2,101737,EXPANDED_REAL_NS2_SIMULATION
INST_1737,DSDV,100,20,10,6,2,101737,EXPANDED_REAL_NS2_SIMULATION
INST_1737,AOMDV,100,20,10,6,2,101737,EXPANDED_REAL_NS2_SIMULATION
INST_1738,AODV,100,20,10,6,3,101738,EXPANDED_REAL_NS2_SIMULATION
INST_1738,DSDV,100,20,10,6,3,101738,EXPANDED_REAL_NS2_SIMULATION
INST_1738,AOMDV,100,20,10,6,3,101738,EXPANDED_REAL_NS2_SIMULATION
INST_1739,AODV,100,20,10,6,4,101739,EXPANDED_REAL_NS2_SIMULATION
INST_1739,DSDV,100,20,10,6,4,101739,EXPANDED_REAL_NS2_SIMULATION
INST_1739,AOMDV,100,20,10,6,4,101739,EXPANDED_REAL_NS2_SIMULATION
INST_1740,AODV,100,20,10,6,5,101740,EXPANDED_REAL_NS2_SIMULATION
INST_1740,DSDV,100,20,10,6,5,101740,EXPANDED_REAL_NS2_SIMULATION
INST_1740,AOMDV,100,20,10,6,5,101740,EXPANDED_REAL_NS2_SIMULATION
INST_1741,AODV,100,20,12,2,1,101741,EXPANDED_REAL_NS2_SIMULATION
INST_1741,DSDV,100,20,12,2,1,101741,EXPANDED_REAL_NS2_SIMULATION
INST_1741,AOMDV,100,20,12,2,1,101741,EXPANDED_REAL_NS2_SIMULATION
INST_1742,AODV,100,20,12,2,2,101742,EXPANDED_REAL_NS2_SIMULATION
INST_1742,DSDV,100,20,12,2,2,101742,EXPANDED_REAL_NS2_SIMULATION
INST_1742,AOMDV,100,20,12,2,2,101742,EXPANDED_REAL_NS2_SIMULATION
INST_1743,AODV,100,20,12,2,3,101743,EXPANDED_REAL_NS2_SIMULATION
INST_1743,DSDV,100,20,12,2,3,101743,EXPANDED_REAL_NS2_SIMULATION
INST_1743,AOMDV,100,20,12,2,3,101743,EXPANDED_REAL_NS2_SIMULATION
INST_1744,AODV,100,20,12,2,4,101744,EXPANDED_REAL_NS2_SIMULATION
INST_1744,DSDV,100,20,12,2,4,101744,EXPANDED_REAL_NS2_SIMULATION
INST_1744,AOMDV,100,20,12,2,4,101744,EXPANDED_REAL_NS2_SIMULATION
INST_1745,AODV,100,20,12,2,5,101745,EXPANDED_REAL_NS2_SIMULATION
INST_1745,DSDV,100,20,12,2,5,101745,EXPANDED_REAL_NS2_SIMULATION
INST_1745,AOMDV,100,20,12,2,5,101745,EXPANDED_REAL_NS2_SIMULATION
INST_1746,AODV,100,20,12,3,1,101746,EXPANDED_REAL_NS2_SIMULATION
INST_1746,DSDV,100,20,12,3,1,101746,EXPANDED_REAL_NS2_SIMULATION
INST_1746,AOMDV,100,20,12,3,1,101746,EXPANDED_REAL_NS2_SIMULATION
INST_1747,AODV,100,20,12,3,2,101747,EXPANDED_REAL_NS2_SIMULATION
INST_1747,DSDV,100,20,12,3,2,101747,EXPANDED_REAL_NS2_SIMULATION
INST_1747,AOMDV,100,20,12,3,2,101747,EXPANDED_REAL_NS2_SIMULATION
INST_1748,AODV,100,20,12,3,3,101748,EXPANDED_REAL_NS2_SIMULATION
INST_1748,DSDV,100,20,12,3,3,101748,EXPANDED_REAL_NS2_SIMULATION
INST_1748,AOMDV,100,20,12,3,3,101748,EXPANDED_REAL_NS2_SIMULATION
INST_1749,AODV,100,20,12,3,4,101749,EXPANDED_REAL_NS2_SIMULATION
INST_1749,DSDV,100,20,12,3,4,101749,EXPANDED_REAL_NS2_SIMULATION
INST_1749,AOMDV,100,20,12,3,4,101749,EXPANDED_REAL_NS2_SIMULATION
INST_1750,AODV,100,20,12,3,5,101750,EXPANDED_REAL_NS2_SIMULATION
INST_1750,DSDV,100,20,12,3,5,101750,EXPANDED_REAL_NS2_SIMULATION
INST_1750,AOMDV,100,20,12,3,5,101750,EXPANDED_REAL_NS2_SIMULATION
INST_1751,AODV,100,20,12,4,1,101751,EXPANDED_REAL_NS2_SIMULATION
INST_1751,DSDV,100,20,12,4,1,101751,EXPANDED_REAL_NS2_SIMULATION
INST_1751,AOMDV,100,20,12,4,1,101751,EXPANDED_REAL_NS2_SIMULATION
INST_1752,AODV,100,20,12,4,2,101752,EXPANDED_REAL_NS2_SIMULATION
INST_1752,DSDV,100,20,12,4,2,101752,EXPANDED_REAL_NS2_SIMULATION
INST_1752,AOMDV,100,20,12,4,2,101752,EXPANDED_REAL_NS2_SIMULATION
INST_1753,AODV,100,20,12,4,3,101753,EXPANDED_REAL_NS2_SIMULATION
INST_1753,DSDV,100,20,12,4,3,101753,EXPANDED_REAL_NS2_SIMULATION
INST_1753,AOMDV,100,20,12,4,3,101753,EXPANDED_REAL_NS2_SIMULATION
INST_1754,AODV,100,20,12,4,4,101754,EXPANDED_REAL_NS2_SIMULATION
INST_1754,DSDV,100,20,12,4,4,101754,EXPANDED_REAL_NS2_SIMULATION
INST_1754,AOMDV,100,20,12,4,4,101754,EXPANDED_REAL_NS2_SIMULATION
INST_1755,AODV,100,20,12,4,5,101755,EXPANDED_REAL_NS2_SIMULATION
INST_1755,DSDV,100,20,12,4,5,101755,EXPANDED_REAL_NS2_SIMULATION
INST_1755,AOMDV,100,20,12,4,5,101755,EXPANDED_REAL_NS2_SIMULATION
INST_1756,AODV,100,20,12,5,1,101756,EXPANDED_REAL_NS2_SIMULATION
INST_1756,DSDV,100,20,12,5,1,101756,EXPANDED_REAL_NS2_SIMULATION
INST_1756,AOMDV,100,20,12,5,1,101756,EXPANDED_REAL_NS2_SIMULATION
INST_1757,AODV,100,20,12,5,2,101757,EXPANDED_REAL_NS2_SIMULATION
INST_1757,DSDV,100,20,12,5,2,101757,EXPANDED_REAL_NS2_SIMULATION
INST_1757,AOMDV,100,20,12,5,2,101757,EXPANDED_REAL_NS2_SIMULATION
INST_1758,AODV,100,20,12,5,3,101758,EXPANDED_REAL_NS2_SIMULATION
INST_1758,DSDV,100,20,12,5,3,101758,EXPANDED_REAL_NS2_SIMULATION
INST_1758,AOMDV,100,20,12,5,3,101758,EXPANDED_REAL_NS2_SIMULATION
INST_1759,AODV,100,20,12,5,4,101759,EXPANDED_REAL_NS2_SIMULATION
INST_1759,DSDV,100,20,12,5,4,101759,EXPANDED_REAL_NS2_SIMULATION
INST_1759,AOMDV,100,20,12,5,4,101759,EXPANDED_REAL_NS2_SIMULATION
INST_1760,AODV,100,20,12,5,5,101760,EXPANDED_REAL_NS2_SIMULATION
INST_1760,DSDV,100,20,12,5,5,101760,EXPANDED_REAL_NS2_SIMULATION
INST_1760,AOMDV,100,20,12,5,5,101760,EXPANDED_REAL_NS2_SIMULATION
INST_1761,AODV,100,20,12,6,1,101761,EXPANDED_REAL_NS2_SIMULATION
INST_1761,DSDV,100,20,12,6,1,101761,EXPANDED_REAL_NS2_SIMULATION
INST_1761,AOMDV,100,20,12,6,1,101761,EXPANDED_REAL_NS2_SIMULATION
INST_1762,AODV,100,20,12,6,2,101762,EXPANDED_REAL_NS2_SIMULATION
INST_1762,DSDV,100,20,12,6,2,101762,EXPANDED_REAL_NS2_SIMULATION
INST_1762,AOMDV,100,20,12,6,2,101762,EXPANDED_REAL_NS2_SIMULATION
INST_1763,AODV,100,20,12,6,3,101763,EXPANDED_REAL_NS2_SIMULATION
INST_1763,DSDV,100,20,12,6,3,101763,EXPANDED_REAL_NS2_SIMULATION
INST_1763,AOMDV,100,20,12,6,3,101763,EXPANDED_REAL_NS2_SIMULATION
INST_1764,AODV,100,20,12,6,4,101764,EXPANDED_REAL_NS2_SIMULATION
INST_1764,DSDV,100,20,12,6,4,101764,EXPANDED_REAL_NS2_SIMULATION
INST_1764,AOMDV,100,20,12,6,4,101764,EXPANDED_REAL_NS2_SIMULATION
INST_1765,AODV,100,20,12,6,5,101765,EXPANDED_REAL_NS2_SIMULATION
INST_1765,DSDV,100,20,12,6,5,101765,EXPANDED_REAL_NS2_SIMULATION
INST_1765,AOMDV,100,20,12,6,5,101765,EXPANDED_REAL_NS2_SIMULATION
INST_1766,AODV,100,20,12,8,1,101766,EXPANDED_REAL_NS2_SIMULATION
INST_1766,DSDV,100,20,12,8,1,101766,EXPANDED_REAL_NS2_SIMULATION
INST_1766,AOMDV,100,20,12,8,1,101766,EXPANDED_REAL_NS2_SIMULATION
INST_1767,AODV,100,20,12,8,2,101767,EXPANDED_REAL_NS2_SIMULATION
INST_1767,DSDV,100,20,12,8,2,101767,EXPANDED_REAL_NS2_SIMULATION
INST_1767,AOMDV,100,20,12,8,2,101767,EXPANDED_REAL_NS2_SIMULATION
INST_1768,AODV,100,20,12,8,3,101768,EXPANDED_REAL_NS2_SIMULATION
INST_1768,DSDV,100,20,12,8,3,101768,EXPANDED_REAL_NS2_SIMULATION
INST_1768,AOMDV,100,20,12,8,3,101768,EXPANDED_REAL_NS2_SIMULATION
INST_1769,AODV,100,20,12,8,4,101769,EXPANDED_REAL_NS2_SIMULATION
INST_1769,DSDV,100,20,12,8,4,101769,EXPANDED_REAL_NS2_SIMULATION
INST_1769,AOMDV,100,20,12,8,4,101769,EXPANDED_REAL_NS2_SIMULATION
INST_1770,AODV,100,20,12,8,5,101770,EXPANDED_REAL_NS2_SIMULATION
INST_1770,DSDV,100,20,12,8,5,101770,EXPANDED_REAL_NS2_SIMULATION
INST_1770,AOMDV,100,20,12,8,5,101770,EXPANDED_REAL_NS2_SIMULATION
INST_1771,AODV,100,20,15,3,1,101771,EXPANDED_REAL_NS2_SIMULATION
INST_1771,DSDV,100,20,15,3,1,101771,EXPANDED_REAL_NS2_SIMULATION
INST_1771,AOMDV,100,20,15,3,1,101771,EXPANDED_REAL_NS2_SIMULATION
INST_1772,AODV,100,20,15,3,2,101772,EXPANDED_REAL_NS2_SIMULATION
INST_1772,DSDV,100,20,15,3,2,101772,EXPANDED_REAL_NS2_SIMULATION
INST_1772,AOMDV,100,20,15,3,2,101772,EXPANDED_REAL_NS2_SIMULATION
INST_1773,AODV,100,20,15,3,3,101773,EXPANDED_REAL_NS2_SIMULATION
INST_1773,DSDV,100,20,15,3,3,101773,EXPANDED_REAL_NS2_SIMULATION
INST_1773,AOMDV,100,20,15,3,3,101773,EXPANDED_REAL_NS2_SIMULATION
INST_1774,AODV,100,20,15,3,4,101774,EXPANDED_REAL_NS2_SIMULATION
INST_1774,DSDV,100,20,15,3,4,101774,EXPANDED_REAL_NS2_SIMULATION
INST_1774,AOMDV,100,20,15,3,4,101774,EXPANDED_REAL_NS2_SIMULATION
INST_1775,AODV,100,20,15,3,5,101775,EXPANDED_REAL_NS2_SIMULATION
INST_1775,DSDV,100,20,15,3,5,101775,EXPANDED_REAL_NS2_SIMULATION
INST_1775,AOMDV,100,20,15,3,5,101775,EXPANDED_REAL_NS2_SIMULATION
INST_1776,AODV,100,20,15,5,1,101776,EXPANDED_REAL_NS2_SIMULATION
INST_1776,DSDV,100,20,15,5,1,101776,EXPANDED_REAL_NS2_SIMULATION
INST_1776,AOMDV,100,20,15,5,1,101776,EXPANDED_REAL_NS2_SIMULATION
INST_1777,AODV,100,20,15,5,2,101777,EXPANDED_REAL_NS2_SIMULATION
INST_1777,DSDV,100,20,15,5,2,101777,EXPANDED_REAL_NS2_SIMULATION
INST_1777,AOMDV,100,20,15,5,2,101777,EXPANDED_REAL_NS2_SIMULATION
INST_1778,AODV,100,20,15,5,3,101778,EXPANDED_REAL_NS2_SIMULATION
INST_1778,DSDV,100,20,15,5,3,101778,EXPANDED_REAL_NS2_SIMULATION
INST_1778,AOMDV,100,20,15,5,3,101778,EXPANDED_REAL_NS2_SIMULATION
INST_1779,AODV,100,20,15,5,4,101779,EXPANDED_REAL_NS2_SIMULATION
INST_1779,DSDV,100,20,15,5,4,101779,EXPANDED_REAL_NS2_SIMULATION
INST_1779,AOMDV,100,20,15,5,4,101779,EXPANDED_REAL_NS2_SIMULATION
INST_1780,AODV,100,20,15,5,5,101780,EXPANDED_REAL_NS2_SIMULATION
INST_1780,DSDV,100,20,15,5,5,101780,EXPANDED_REAL_NS2_SIMULATION
INST_1780,AOMDV,100,20,15,5,5,101780,EXPANDED_REAL_NS2_SIMULATION
INST_1781,AODV,100,20,15,6,1,101781,EXPANDED_REAL_NS2_SIMULATION
INST_1781,DSDV,100,20,15,6,1,101781,EXPANDED_REAL_NS2_SIMULATION
INST_1781,AOMDV,100,20,15,6,1,101781,EXPANDED_REAL_NS2_SIMULATION
INST_1782,AODV,100,20,15,6,2,101782,EXPANDED_REAL_NS2_SIMULATION
INST_1782,DSDV,100,20,15,6,2,101782,EXPANDED_REAL_NS2_SIMULATION
INST_1782,AOMDV,100,20,15,6,2,101782,EXPANDED_REAL_NS2_SIMULATION
INST_1783,AODV,100,20,15,6,3,101783,EXPANDED_REAL_NS2_SIMULATION
INST_1783,DSDV,100,20,15,6,3,101783,EXPANDED_REAL_NS2_SIMULATION
INST_1783,AOMDV,100,20,15,6,3,101783,EXPANDED_REAL_NS2_SIMULATION
INST_1784,AODV,100,20,15,6,4,101784,EXPANDED_REAL_NS2_SIMULATION
INST_1784,DSDV,100,20,15,6,4,101784,EXPANDED_REAL_NS2_SIMULATION
INST_1784,AOMDV,100,20,15,6,4,101784,EXPANDED_REAL_NS2_SIMULATION
INST_1785,AODV,100,20,15,6,5,101785,EXPANDED_REAL_NS2_SIMULATION
INST_1785,DSDV,100,20,15,6,5,101785,EXPANDED_REAL_NS2_SIMULATION
INST_1785,AOMDV,100,20,15,6,5,101785,EXPANDED_REAL_NS2_SIMULATION
INST_1786,AODV,100,20,18,2,1,101786,EXPANDED_REAL_NS2_SIMULATION
INST_1786,DSDV,100,20,18,2,1,101786,EXPANDED_REAL_NS2_SIMULATION
INST_1786,AOMDV,100,20,18,2,1,101786,EXPANDED_REAL_NS2_SIMULATION
INST_1787,AODV,100,20,18,2,2,101787,EXPANDED_REAL_NS2_SIMULATION
INST_1787,DSDV,100,20,18,2,2,101787,EXPANDED_REAL_NS2_SIMULATION
INST_1787,AOMDV,100,20,18,2,2,101787,EXPANDED_REAL_NS2_SIMULATION
INST_1788,AODV,100,20,18,2,3,101788,EXPANDED_REAL_NS2_SIMULATION
INST_1788,DSDV,100,20,18,2,3,101788,EXPANDED_REAL_NS2_SIMULATION
INST_1788,AOMDV,100,20,18,2,3,101788,EXPANDED_REAL_NS2_SIMULATION
INST_1789,AODV,100,20,18,2,4,101789,EXPANDED_REAL_NS2_SIMULATION
INST_1789,DSDV,100,20,18,2,4,101789,EXPANDED_REAL_NS2_SIMULATION
INST_1789,AOMDV,100,20,18,2,4,101789,EXPANDED_REAL_NS2_SIMULATION
INST_1790,AODV,100,20,18,2,5,101790,EXPANDED_REAL_NS2_SIMULATION
INST_1790,DSDV,100,20,18,2,5,101790,EXPANDED_REAL_NS2_SIMULATION
INST_1790,AOMDV,100,20,18,2,5,101790,EXPANDED_REAL_NS2_SIMULATION
INST_1791,AODV,100,20,18,3,1,101791,EXPANDED_REAL_NS2_SIMULATION
INST_1791,DSDV,100,20,18,3,1,101791,EXPANDED_REAL_NS2_SIMULATION
INST_1791,AOMDV,100,20,18,3,1,101791,EXPANDED_REAL_NS2_SIMULATION
INST_1792,AODV,100,20,18,3,2,101792,EXPANDED_REAL_NS2_SIMULATION
INST_1792,DSDV,100,20,18,3,2,101792,EXPANDED_REAL_NS2_SIMULATION
INST_1792,AOMDV,100,20,18,3,2,101792,EXPANDED_REAL_NS2_SIMULATION
INST_1793,AODV,100,20,18,3,3,101793,EXPANDED_REAL_NS2_SIMULATION
INST_1793,DSDV,100,20,18,3,3,101793,EXPANDED_REAL_NS2_SIMULATION
INST_1793,AOMDV,100,20,18,3,3,101793,EXPANDED_REAL_NS2_SIMULATION
INST_1794,AODV,100,20,18,3,4,101794,EXPANDED_REAL_NS2_SIMULATION
INST_1794,DSDV,100,20,18,3,4,101794,EXPANDED_REAL_NS2_SIMULATION
INST_1794,AOMDV,100,20,18,3,4,101794,EXPANDED_REAL_NS2_SIMULATION
INST_1795,AODV,100,20,18,3,5,101795,EXPANDED_REAL_NS2_SIMULATION
INST_1795,DSDV,100,20,18,3,5,101795,EXPANDED_REAL_NS2_SIMULATION
INST_1795,AOMDV,100,20,18,3,5,101795,EXPANDED_REAL_NS2_SIMULATION
INST_1796,AODV,100,20,18,4,1,101796,EXPANDED_REAL_NS2_SIMULATION
INST_1796,DSDV,100,20,18,4,1,101796,EXPANDED_REAL_NS2_SIMULATION
INST_1796,AOMDV,100,20,18,4,1,101796,EXPANDED_REAL_NS2_SIMULATION
INST_1797,AODV,100,20,18,4,2,101797,EXPANDED_REAL_NS2_SIMULATION
INST_1797,DSDV,100,20,18,4,2,101797,EXPANDED_REAL_NS2_SIMULATION
INST_1797,AOMDV,100,20,18,4,2,101797,EXPANDED_REAL_NS2_SIMULATION
INST_1798,AODV,100,20,18,4,3,101798,EXPANDED_REAL_NS2_SIMULATION
INST_1798,DSDV,100,20,18,4,3,101798,EXPANDED_REAL_NS2_SIMULATION
INST_1798,AOMDV,100,20,18,4,3,101798,EXPANDED_REAL_NS2_SIMULATION
INST_1799,AODV,100,20,18,4,4,101799,EXPANDED_REAL_NS2_SIMULATION
INST_1799,DSDV,100,20,18,4,4,101799,EXPANDED_REAL_NS2_SIMULATION
INST_1799,AOMDV,100,20,18,4,4,101799,EXPANDED_REAL_NS2_SIMULATION
INST_1800,AODV,100,20,18,4,5,101800,EXPANDED_REAL_NS2_SIMULATION
INST_1800,DSDV,100,20,18,4,5,101800,EXPANDED_REAL_NS2_SIMULATION
INST_1800,AOMDV,100,20,18,4,5,101800,EXPANDED_REAL_NS2_SIMULATION
INST_1801,AODV,100,20,18,5,1,101801,EXPANDED_REAL_NS2_SIMULATION
INST_1801,DSDV,100,20,18,5,1,101801,EXPANDED_REAL_NS2_SIMULATION
INST_1801,AOMDV,100,20,18,5,1,101801,EXPANDED_REAL_NS2_SIMULATION
INST_1802,AODV,100,20,18,5,2,101802,EXPANDED_REAL_NS2_SIMULATION
INST_1802,DSDV,100,20,18,5,2,101802,EXPANDED_REAL_NS2_SIMULATION
INST_1802,AOMDV,100,20,18,5,2,101802,EXPANDED_REAL_NS2_SIMULATION
INST_1803,AODV,100,20,18,5,3,101803,EXPANDED_REAL_NS2_SIMULATION
INST_1803,DSDV,100,20,18,5,3,101803,EXPANDED_REAL_NS2_SIMULATION
INST_1803,AOMDV,100,20,18,5,3,101803,EXPANDED_REAL_NS2_SIMULATION
INST_1804,AODV,100,20,18,5,4,101804,EXPANDED_REAL_NS2_SIMULATION
INST_1804,DSDV,100,20,18,5,4,101804,EXPANDED_REAL_NS2_SIMULATION
INST_1804,AOMDV,100,20,18,5,4,101804,EXPANDED_REAL_NS2_SIMULATION
INST_1805,AODV,100,20,18,5,5,101805,EXPANDED_REAL_NS2_SIMULATION
INST_1805,DSDV,100,20,18,5,5,101805,EXPANDED_REAL_NS2_SIMULATION
INST_1805,AOMDV,100,20,18,5,5,101805,EXPANDED_REAL_NS2_SIMULATION
INST_1806,AODV,100,20,18,6,1,101806,EXPANDED_REAL_NS2_SIMULATION
INST_1806,DSDV,100,20,18,6,1,101806,EXPANDED_REAL_NS2_SIMULATION
INST_1806,AOMDV,100,20,18,6,1,101806,EXPANDED_REAL_NS2_SIMULATION
INST_1807,AODV,100,20,18,6,2,101807,EXPANDED_REAL_NS2_SIMULATION
INST_1807,DSDV,100,20,18,6,2,101807,EXPANDED_REAL_NS2_SIMULATION
INST_1807,AOMDV,100,20,18,6,2,101807,EXPANDED_REAL_NS2_SIMULATION
INST_1808,AODV,100,20,18,6,3,101808,EXPANDED_REAL_NS2_SIMULATION
INST_1808,DSDV,100,20,18,6,3,101808,EXPANDED_REAL_NS2_SIMULATION
INST_1808,AOMDV,100,20,18,6,3,101808,EXPANDED_REAL_NS2_SIMULATION
INST_1809,AODV,100,20,18,6,4,101809,EXPANDED_REAL_NS2_SIMULATION
INST_1809,DSDV,100,20,18,6,4,101809,EXPANDED_REAL_NS2_SIMULATION
INST_1809,AOMDV,100,20,18,6,4,101809,EXPANDED_REAL_NS2_SIMULATION
INST_1810,AODV,100,20,18,6,5,101810,EXPANDED_REAL_NS2_SIMULATION
INST_1810,DSDV,100,20,18,6,5,101810,EXPANDED_REAL_NS2_SIMULATION
INST_1810,AOMDV,100,20,18,6,5,101810,EXPANDED_REAL_NS2_SIMULATION
INST_1811,AODV,100,20,18,8,1,101811,EXPANDED_REAL_NS2_SIMULATION
INST_1811,DSDV,100,20,18,8,1,101811,EXPANDED_REAL_NS2_SIMULATION
INST_1811,AOMDV,100,20,18,8,1,101811,EXPANDED_REAL_NS2_SIMULATION
INST_1812,AODV,100,20,18,8,2,101812,EXPANDED_REAL_NS2_SIMULATION
INST_1812,DSDV,100,20,18,8,2,101812,EXPANDED_REAL_NS2_SIMULATION
INST_1812,AOMDV,100,20,18,8,2,101812,EXPANDED_REAL_NS2_SIMULATION
INST_1813,AODV,100,20,18,8,3,101813,EXPANDED_REAL_NS2_SIMULATION
INST_1813,DSDV,100,20,18,8,3,101813,EXPANDED_REAL_NS2_SIMULATION
INST_1813,AOMDV,100,20,18,8,3,101813,EXPANDED_REAL_NS2_SIMULATION
INST_1814,AODV,100,20,18,8,4,101814,EXPANDED_REAL_NS2_SIMULATION
INST_1814,DSDV,100,20,18,8,4,101814,EXPANDED_REAL_NS2_SIMULATION
INST_1814,AOMDV,100,20,18,8,4,101814,EXPANDED_REAL_NS2_SIMULATION
INST_1815,AODV,100,20,18,8,5,101815,EXPANDED_REAL_NS2_SIMULATION
INST_1815,DSDV,100,20,18,8,5,101815,EXPANDED_REAL_NS2_SIMULATION
INST_1815,AOMDV,100,20,18,8,5,101815,EXPANDED_REAL_NS2_SIMULATION
INST_1816,AODV,100,20,20,3,1,101816,EXPANDED_REAL_NS2_SIMULATION
INST_1816,DSDV,100,20,20,3,1,101816,EXPANDED_REAL_NS2_SIMULATION
INST_1816,AOMDV,100,20,20,3,1,101816,EXPANDED_REAL_NS2_SIMULATION
INST_1817,AODV,100,20,20,3,2,101817,EXPANDED_REAL_NS2_SIMULATION
INST_1817,DSDV,100,20,20,3,2,101817,EXPANDED_REAL_NS2_SIMULATION
INST_1817,AOMDV,100,20,20,3,2,101817,EXPANDED_REAL_NS2_SIMULATION
INST_1818,AODV,100,20,20,3,3,101818,EXPANDED_REAL_NS2_SIMULATION
INST_1818,DSDV,100,20,20,3,3,101818,EXPANDED_REAL_NS2_SIMULATION
INST_1818,AOMDV,100,20,20,3,3,101818,EXPANDED_REAL_NS2_SIMULATION
INST_1819,AODV,100,20,20,3,4,101819,EXPANDED_REAL_NS2_SIMULATION
INST_1819,DSDV,100,20,20,3,4,101819,EXPANDED_REAL_NS2_SIMULATION
INST_1819,AOMDV,100,20,20,3,4,101819,EXPANDED_REAL_NS2_SIMULATION
INST_1820,AODV,100,20,20,3,5,101820,EXPANDED_REAL_NS2_SIMULATION
INST_1820,DSDV,100,20,20,3,5,101820,EXPANDED_REAL_NS2_SIMULATION
INST_1820,AOMDV,100,20,20,3,5,101820,EXPANDED_REAL_NS2_SIMULATION
INST_1821,AODV,100,20,20,5,1,101821,EXPANDED_REAL_NS2_SIMULATION
INST_1821,DSDV,100,20,20,5,1,101821,EXPANDED_REAL_NS2_SIMULATION
INST_1821,AOMDV,100,20,20,5,1,101821,EXPANDED_REAL_NS2_SIMULATION
INST_1822,AODV,100,20,20,5,2,101822,EXPANDED_REAL_NS2_SIMULATION
INST_1822,DSDV,100,20,20,5,2,101822,EXPANDED_REAL_NS2_SIMULATION
INST_1822,AOMDV,100,20,20,5,2,101822,EXPANDED_REAL_NS2_SIMULATION
INST_1823,AODV,100,20,20,5,3,101823,EXPANDED_REAL_NS2_SIMULATION
INST_1823,DSDV,100,20,20,5,3,101823,EXPANDED_REAL_NS2_SIMULATION
INST_1823,AOMDV,100,20,20,5,3,101823,EXPANDED_REAL_NS2_SIMULATION
INST_1824,AODV,100,20,20,5,4,101824,EXPANDED_REAL_NS2_SIMULATION
INST_1824,DSDV,100,20,20,5,4,101824,EXPANDED_REAL_NS2_SIMULATION
INST_1824,AOMDV,100,20,20,5,4,101824,EXPANDED_REAL_NS2_SIMULATION
INST_1825,AODV,100,20,20,5,5,101825,EXPANDED_REAL_NS2_SIMULATION
INST_1825,DSDV,100,20,20,5,5,101825,EXPANDED_REAL_NS2_SIMULATION
INST_1825,AOMDV,100,20,20,5,5,101825,EXPANDED_REAL_NS2_SIMULATION
INST_1826,AODV,100,20,20,6,1,101826,EXPANDED_REAL_NS2_SIMULATION
INST_1826,DSDV,100,20,20,6,1,101826,EXPANDED_REAL_NS2_SIMULATION
INST_1826,AOMDV,100,20,20,6,1,101826,EXPANDED_REAL_NS2_SIMULATION
INST_1827,AODV,100,20,20,6,2,101827,EXPANDED_REAL_NS2_SIMULATION
INST_1827,DSDV,100,20,20,6,2,101827,EXPANDED_REAL_NS2_SIMULATION
INST_1827,AOMDV,100,20,20,6,2,101827,EXPANDED_REAL_NS2_SIMULATION
INST_1828,AODV,100,20,20,6,3,101828,EXPANDED_REAL_NS2_SIMULATION
INST_1828,DSDV,100,20,20,6,3,101828,EXPANDED_REAL_NS2_SIMULATION
INST_1828,AOMDV,100,20,20,6,3,101828,EXPANDED_REAL_NS2_SIMULATION
INST_1829,AODV,100,20,20,6,4,101829,EXPANDED_REAL_NS2_SIMULATION
INST_1829,DSDV,100,20,20,6,4,101829,EXPANDED_REAL_NS2_SIMULATION
INST_1829,AOMDV,100,20,20,6,4,101829,EXPANDED_REAL_NS2_SIMULATION
INST_1830,AODV,100,20,20,6,5,101830,EXPANDED_REAL_NS2_SIMULATION
INST_1830,DSDV,100,20,20,6,5,101830,EXPANDED_REAL_NS2_SIMULATION
INST_1830,AOMDV,100,20,20,6,5,101830,EXPANDED_REAL_NS2_SIMULATION
INST_1831,AODV,100,20,22,2,1,101831,EXPANDED_REAL_NS2_SIMULATION
INST_1831,DSDV,100,20,22,2,1,101831,EXPANDED_REAL_NS2_SIMULATION
INST_1831,AOMDV,100,20,22,2,1,101831,EXPANDED_REAL_NS2_SIMULATION
INST_1832,AODV,100,20,22,2,2,101832,EXPANDED_REAL_NS2_SIMULATION
INST_1832,DSDV,100,20,22,2,2,101832,EXPANDED_REAL_NS2_SIMULATION
INST_1832,AOMDV,100,20,22,2,2,101832,EXPANDED_REAL_NS2_SIMULATION
INST_1833,AODV,100,20,22,2,3,101833,EXPANDED_REAL_NS2_SIMULATION
INST_1833,DSDV,100,20,22,2,3,101833,EXPANDED_REAL_NS2_SIMULATION
INST_1833,AOMDV,100,20,22,2,3,101833,EXPANDED_REAL_NS2_SIMULATION
INST_1834,AODV,100,20,22,2,4,101834,EXPANDED_REAL_NS2_SIMULATION
INST_1834,DSDV,100,20,22,2,4,101834,EXPANDED_REAL_NS2_SIMULATION
INST_1834,AOMDV,100,20,22,2,4,101834,EXPANDED_REAL_NS2_SIMULATION
INST_1835,AODV,100,20,22,2,5,101835,EXPANDED_REAL_NS2_SIMULATION
INST_1835,DSDV,100,20,22,2,5,101835,EXPANDED_REAL_NS2_SIMULATION
INST_1835,AOMDV,100,20,22,2,5,101835,EXPANDED_REAL_NS2_SIMULATION
INST_1836,AODV,100,20,22,3,1,101836,EXPANDED_REAL_NS2_SIMULATION
INST_1836,DSDV,100,20,22,3,1,101836,EXPANDED_REAL_NS2_SIMULATION
INST_1836,AOMDV,100,20,22,3,1,101836,EXPANDED_REAL_NS2_SIMULATION
INST_1837,AODV,100,20,22,3,2,101837,EXPANDED_REAL_NS2_SIMULATION
INST_1837,DSDV,100,20,22,3,2,101837,EXPANDED_REAL_NS2_SIMULATION
INST_1837,AOMDV,100,20,22,3,2,101837,EXPANDED_REAL_NS2_SIMULATION
INST_1838,AODV,100,20,22,3,3,101838,EXPANDED_REAL_NS2_SIMULATION
INST_1838,DSDV,100,20,22,3,3,101838,EXPANDED_REAL_NS2_SIMULATION
INST_1838,AOMDV,100,20,22,3,3,101838,EXPANDED_REAL_NS2_SIMULATION
INST_1839,AODV,100,20,22,3,4,101839,EXPANDED_REAL_NS2_SIMULATION
INST_1839,DSDV,100,20,22,3,4,101839,EXPANDED_REAL_NS2_SIMULATION
INST_1839,AOMDV,100,20,22,3,4,101839,EXPANDED_REAL_NS2_SIMULATION
INST_1840,AODV,100,20,22,3,5,101840,EXPANDED_REAL_NS2_SIMULATION
INST_1840,DSDV,100,20,22,3,5,101840,EXPANDED_REAL_NS2_SIMULATION
INST_1840,AOMDV,100,20,22,3,5,101840,EXPANDED_REAL_NS2_SIMULATION
INST_1841,AODV,100,20,22,4,1,101841,EXPANDED_REAL_NS2_SIMULATION
INST_1841,DSDV,100,20,22,4,1,101841,EXPANDED_REAL_NS2_SIMULATION
INST_1841,AOMDV,100,20,22,4,1,101841,EXPANDED_REAL_NS2_SIMULATION
INST_1842,AODV,100,20,22,4,2,101842,EXPANDED_REAL_NS2_SIMULATION
INST_1842,DSDV,100,20,22,4,2,101842,EXPANDED_REAL_NS2_SIMULATION
INST_1842,AOMDV,100,20,22,4,2,101842,EXPANDED_REAL_NS2_SIMULATION
INST_1843,AODV,100,20,22,4,3,101843,EXPANDED_REAL_NS2_SIMULATION
INST_1843,DSDV,100,20,22,4,3,101843,EXPANDED_REAL_NS2_SIMULATION
INST_1843,AOMDV,100,20,22,4,3,101843,EXPANDED_REAL_NS2_SIMULATION
INST_1844,AODV,100,20,22,4,4,101844,EXPANDED_REAL_NS2_SIMULATION
INST_1844,DSDV,100,20,22,4,4,101844,EXPANDED_REAL_NS2_SIMULATION
INST_1844,AOMDV,100,20,22,4,4,101844,EXPANDED_REAL_NS2_SIMULATION
INST_1845,AODV,100,20,22,4,5,101845,EXPANDED_REAL_NS2_SIMULATION
INST_1845,DSDV,100,20,22,4,5,101845,EXPANDED_REAL_NS2_SIMULATION
INST_1845,AOMDV,100,20,22,4,5,101845,EXPANDED_REAL_NS2_SIMULATION
INST_1846,AODV,100,20,22,5,1,101846,EXPANDED_REAL_NS2_SIMULATION
INST_1846,DSDV,100,20,22,5,1,101846,EXPANDED_REAL_NS2_SIMULATION
INST_1846,AOMDV,100,20,22,5,1,101846,EXPANDED_REAL_NS2_SIMULATION
INST_1847,AODV,100,20,22,5,2,101847,EXPANDED_REAL_NS2_SIMULATION
INST_1847,DSDV,100,20,22,5,2,101847,EXPANDED_REAL_NS2_SIMULATION
INST_1847,AOMDV,100,20,22,5,2,101847,EXPANDED_REAL_NS2_SIMULATION
INST_1848,AODV,100,20,22,5,3,101848,EXPANDED_REAL_NS2_SIMULATION
INST_1848,DSDV,100,20,22,5,3,101848,EXPANDED_REAL_NS2_SIMULATION
INST_1848,AOMDV,100,20,22,5,3,101848,EXPANDED_REAL_NS2_SIMULATION
INST_1849,AODV,100,20,22,5,4,101849,EXPANDED_REAL_NS2_SIMULATION
INST_1849,DSDV,100,20,22,5,4,101849,EXPANDED_REAL_NS2_SIMULATION
INST_1849,AOMDV,100,20,22,5,4,101849,EXPANDED_REAL_NS2_SIMULATION
INST_1850,AODV,100,20,22,5,5,101850,EXPANDED_REAL_NS2_SIMULATION
INST_1850,DSDV,100,20,22,5,5,101850,EXPANDED_REAL_NS2_SIMULATION
INST_1850,AOMDV,100,20,22,5,5,101850,EXPANDED_REAL_NS2_SIMULATION
INST_1851,AODV,100,20,22,6,1,101851,EXPANDED_REAL_NS2_SIMULATION
INST_1851,DSDV,100,20,22,6,1,101851,EXPANDED_REAL_NS2_SIMULATION
INST_1851,AOMDV,100,20,22,6,1,101851,EXPANDED_REAL_NS2_SIMULATION
INST_1852,AODV,100,20,22,6,2,101852,EXPANDED_REAL_NS2_SIMULATION
INST_1852,DSDV,100,20,22,6,2,101852,EXPANDED_REAL_NS2_SIMULATION
INST_1852,AOMDV,100,20,22,6,2,101852,EXPANDED_REAL_NS2_SIMULATION
INST_1853,AODV,100,20,22,6,3,101853,EXPANDED_REAL_NS2_SIMULATION
INST_1853,DSDV,100,20,22,6,3,101853,EXPANDED_REAL_NS2_SIMULATION
INST_1853,AOMDV,100,20,22,6,3,101853,EXPANDED_REAL_NS2_SIMULATION
INST_1854,AODV,100,20,22,6,4,101854,EXPANDED_REAL_NS2_SIMULATION
INST_1854,DSDV,100,20,22,6,4,101854,EXPANDED_REAL_NS2_SIMULATION
INST_1854,AOMDV,100,20,22,6,4,101854,EXPANDED_REAL_NS2_SIMULATION
INST_1855,AODV,100,20,22,6,5,101855,EXPANDED_REAL_NS2_SIMULATION
INST_1855,DSDV,100,20,22,6,5,101855,EXPANDED_REAL_NS2_SIMULATION
INST_1855,AOMDV,100,20,22,6,5,101855,EXPANDED_REAL_NS2_SIMULATION
INST_1856,AODV,100,20,22,8,1,101856,EXPANDED_REAL_NS2_SIMULATION
INST_1856,DSDV,100,20,22,8,1,101856,EXPANDED_REAL_NS2_SIMULATION
INST_1856,AOMDV,100,20,22,8,1,101856,EXPANDED_REAL_NS2_SIMULATION
INST_1857,AODV,100,20,22,8,2,101857,EXPANDED_REAL_NS2_SIMULATION
INST_1857,DSDV,100,20,22,8,2,101857,EXPANDED_REAL_NS2_SIMULATION
INST_1857,AOMDV,100,20,22,8,2,101857,EXPANDED_REAL_NS2_SIMULATION
INST_1858,AODV,100,20,22,8,3,101858,EXPANDED_REAL_NS2_SIMULATION
INST_1858,DSDV,100,20,22,8,3,101858,EXPANDED_REAL_NS2_SIMULATION
INST_1858,AOMDV,100,20,22,8,3,101858,EXPANDED_REAL_NS2_SIMULATION
INST_1859,AODV,100,20,22,8,4,101859,EXPANDED_REAL_NS2_SIMULATION
INST_1859,DSDV,100,20,22,8,4,101859,EXPANDED_REAL_NS2_SIMULATION
INST_1859,AOMDV,100,20,22,8,4,101859,EXPANDED_REAL_NS2_SIMULATION
INST_1860,AODV,100,20,22,8,5,101860,EXPANDED_REAL_NS2_SIMULATION
INST_1860,DSDV,100,20,22,8,5,101860,EXPANDED_REAL_NS2_SIMULATION
INST_1860,AOMDV,100,20,22,8,5,101860,EXPANDED_REAL_NS2_SIMULATION
INST_1861,AODV,100,20,25,3,1,101861,EXPANDED_REAL_NS2_SIMULATION
INST_1861,DSDV,100,20,25,3,1,101861,EXPANDED_REAL_NS2_SIMULATION
INST_1861,AOMDV,100,20,25,3,1,101861,EXPANDED_REAL_NS2_SIMULATION
INST_1862,AODV,100,20,25,3,2,101862,EXPANDED_REAL_NS2_SIMULATION
INST_1862,DSDV,100,20,25,3,2,101862,EXPANDED_REAL_NS2_SIMULATION
INST_1862,AOMDV,100,20,25,3,2,101862,EXPANDED_REAL_NS2_SIMULATION
INST_1863,AODV,100,20,25,3,3,101863,EXPANDED_REAL_NS2_SIMULATION
INST_1863,DSDV,100,20,25,3,3,101863,EXPANDED_REAL_NS2_SIMULATION
INST_1863,AOMDV,100,20,25,3,3,101863,EXPANDED_REAL_NS2_SIMULATION
INST_1864,AODV,100,20,25,3,4,101864,EXPANDED_REAL_NS2_SIMULATION
INST_1864,DSDV,100,20,25,3,4,101864,EXPANDED_REAL_NS2_SIMULATION
INST_1864,AOMDV,100,20,25,3,4,101864,EXPANDED_REAL_NS2_SIMULATION
INST_1865,AODV,100,20,25,3,5,101865,EXPANDED_REAL_NS2_SIMULATION
INST_1865,DSDV,100,20,25,3,5,101865,EXPANDED_REAL_NS2_SIMULATION
INST_1865,AOMDV,100,20,25,3,5,101865,EXPANDED_REAL_NS2_SIMULATION
INST_1866,AODV,100,20,25,5,1,101866,EXPANDED_REAL_NS2_SIMULATION
INST_1866,DSDV,100,20,25,5,1,101866,EXPANDED_REAL_NS2_SIMULATION
INST_1866,AOMDV,100,20,25,5,1,101866,EXPANDED_REAL_NS2_SIMULATION
INST_1867,AODV,100,20,25,5,2,101867,EXPANDED_REAL_NS2_SIMULATION
INST_1867,DSDV,100,20,25,5,2,101867,EXPANDED_REAL_NS2_SIMULATION
INST_1867,AOMDV,100,20,25,5,2,101867,EXPANDED_REAL_NS2_SIMULATION
INST_1868,AODV,100,20,25,5,3,101868,EXPANDED_REAL_NS2_SIMULATION
INST_1868,DSDV,100,20,25,5,3,101868,EXPANDED_REAL_NS2_SIMULATION
INST_1868,AOMDV,100,20,25,5,3,101868,EXPANDED_REAL_NS2_SIMULATION
INST_1869,AODV,100,20,25,5,4,101869,EXPANDED_REAL_NS2_SIMULATION
INST_1869,DSDV,100,20,25,5,4,101869,EXPANDED_REAL_NS2_SIMULATION
INST_1869,AOMDV,100,20,25,5,4,101869,EXPANDED_REAL_NS2_SIMULATION
INST_1870,AODV,100,20,25,5,5,101870,EXPANDED_REAL_NS2_SIMULATION
INST_1870,DSDV,100,20,25,5,5,101870,EXPANDED_REAL_NS2_SIMULATION
INST_1870,AOMDV,100,20,25,5,5,101870,EXPANDED_REAL_NS2_SIMULATION
INST_1871,AODV,100,20,25,6,1,101871,EXPANDED_REAL_NS2_SIMULATION
INST_1871,DSDV,100,20,25,6,1,101871,EXPANDED_REAL_NS2_SIMULATION
INST_1871,AOMDV,100,20,25,6,1,101871,EXPANDED_REAL_NS2_SIMULATION
INST_1872,AODV,100,20,25,6,2,101872,EXPANDED_REAL_NS2_SIMULATION
INST_1872,DSDV,100,20,25,6,2,101872,EXPANDED_REAL_NS2_SIMULATION
INST_1872,AOMDV,100,20,25,6,2,101872,EXPANDED_REAL_NS2_SIMULATION
INST_1873,AODV,100,20,25,6,3,101873,EXPANDED_REAL_NS2_SIMULATION
INST_1873,DSDV,100,20,25,6,3,101873,EXPANDED_REAL_NS2_SIMULATION
INST_1873,AOMDV,100,20,25,6,3,101873,EXPANDED_REAL_NS2_SIMULATION
INST_1874,AODV,100,20,25,6,4,101874,EXPANDED_REAL_NS2_SIMULATION
INST_1874,DSDV,100,20,25,6,4,101874,EXPANDED_REAL_NS2_SIMULATION
INST_1874,AOMDV,100,20,25,6,4,101874,EXPANDED_REAL_NS2_SIMULATION
INST_1875,AODV,100,20,25,6,5,101875,EXPANDED_REAL_NS2_SIMULATION
INST_1875,DSDV,100,20,25,6,5,101875,EXPANDED_REAL_NS2_SIMULATION
INST_1875,AOMDV,100,20,25,6,5,101875,EXPANDED_REAL_NS2_SIMULATION
INST_1876,AODV,100,30,5,3,1,101876,EXPANDED_REAL_NS2_SIMULATION
INST_1876,DSDV,100,30,5,3,1,101876,EXPANDED_REAL_NS2_SIMULATION
INST_1876,AOMDV,100,30,5,3,1,101876,EXPANDED_REAL_NS2_SIMULATION
INST_1877,AODV,100,30,5,3,2,101877,EXPANDED_REAL_NS2_SIMULATION
INST_1877,DSDV,100,30,5,3,2,101877,EXPANDED_REAL_NS2_SIMULATION
INST_1877,AOMDV,100,30,5,3,2,101877,EXPANDED_REAL_NS2_SIMULATION
INST_1878,AODV,100,30,5,3,3,101878,EXPANDED_REAL_NS2_SIMULATION
INST_1878,DSDV,100,30,5,3,3,101878,EXPANDED_REAL_NS2_SIMULATION
INST_1878,AOMDV,100,30,5,3,3,101878,EXPANDED_REAL_NS2_SIMULATION
INST_1879,AODV,100,30,5,3,4,101879,EXPANDED_REAL_NS2_SIMULATION
INST_1879,DSDV,100,30,5,3,4,101879,EXPANDED_REAL_NS2_SIMULATION
INST_1879,AOMDV,100,30,5,3,4,101879,EXPANDED_REAL_NS2_SIMULATION
INST_1880,AODV,100,30,5,3,5,101880,EXPANDED_REAL_NS2_SIMULATION
INST_1880,DSDV,100,30,5,3,5,101880,EXPANDED_REAL_NS2_SIMULATION
INST_1880,AOMDV,100,30,5,3,5,101880,EXPANDED_REAL_NS2_SIMULATION
INST_1881,AODV,100,30,5,5,1,101881,EXPANDED_REAL_NS2_SIMULATION
INST_1881,DSDV,100,30,5,5,1,101881,EXPANDED_REAL_NS2_SIMULATION
INST_1881,AOMDV,100,30,5,5,1,101881,EXPANDED_REAL_NS2_SIMULATION
INST_1882,AODV,100,30,5,5,2,101882,EXPANDED_REAL_NS2_SIMULATION
INST_1882,DSDV,100,30,5,5,2,101882,EXPANDED_REAL_NS2_SIMULATION
INST_1882,AOMDV,100,30,5,5,2,101882,EXPANDED_REAL_NS2_SIMULATION
INST_1883,AODV,100,30,5,5,3,101883,EXPANDED_REAL_NS2_SIMULATION
INST_1883,DSDV,100,30,5,5,3,101883,EXPANDED_REAL_NS2_SIMULATION
INST_1883,AOMDV,100,30,5,5,3,101883,EXPANDED_REAL_NS2_SIMULATION
INST_1884,AODV,100,30,5,5,4,101884,EXPANDED_REAL_NS2_SIMULATION
INST_1884,DSDV,100,30,5,5,4,101884,EXPANDED_REAL_NS2_SIMULATION
INST_1884,AOMDV,100,30,5,5,4,101884,EXPANDED_REAL_NS2_SIMULATION
INST_1885,AODV,100,30,5,5,5,101885,EXPANDED_REAL_NS2_SIMULATION
INST_1885,DSDV,100,30,5,5,5,101885,EXPANDED_REAL_NS2_SIMULATION
INST_1885,AOMDV,100,30,5,5,5,101885,EXPANDED_REAL_NS2_SIMULATION
INST_1886,AODV,100,30,5,6,1,101886,EXPANDED_REAL_NS2_SIMULATION
INST_1886,DSDV,100,30,5,6,1,101886,EXPANDED_REAL_NS2_SIMULATION
INST_1886,AOMDV,100,30,5,6,1,101886,EXPANDED_REAL_NS2_SIMULATION
INST_1887,AODV,100,30,5,6,2,101887,EXPANDED_REAL_NS2_SIMULATION
INST_1887,DSDV,100,30,5,6,2,101887,EXPANDED_REAL_NS2_SIMULATION
INST_1887,AOMDV,100,30,5,6,2,101887,EXPANDED_REAL_NS2_SIMULATION
INST_1888,AODV,100,30,5,6,3,101888,EXPANDED_REAL_NS2_SIMULATION
INST_1888,DSDV,100,30,5,6,3,101888,EXPANDED_REAL_NS2_SIMULATION
INST_1888,AOMDV,100,30,5,6,3,101888,EXPANDED_REAL_NS2_SIMULATION
INST_1889,AODV,100,30,5,6,4,101889,EXPANDED_REAL_NS2_SIMULATION
INST_1889,DSDV,100,30,5,6,4,101889,EXPANDED_REAL_NS2_SIMULATION
INST_1889,AOMDV,100,30,5,6,4,101889,EXPANDED_REAL_NS2_SIMULATION
INST_1890,AODV,100,30,5,6,5,101890,EXPANDED_REAL_NS2_SIMULATION
INST_1890,DSDV,100,30,5,6,5,101890,EXPANDED_REAL_NS2_SIMULATION
INST_1890,AOMDV,100,30,5,6,5,101890,EXPANDED_REAL_NS2_SIMULATION
INST_1891,AODV,100,30,7,2,1,101891,EXPANDED_REAL_NS2_SIMULATION
INST_1891,DSDV,100,30,7,2,1,101891,EXPANDED_REAL_NS2_SIMULATION
INST_1891,AOMDV,100,30,7,2,1,101891,EXPANDED_REAL_NS2_SIMULATION
INST_1892,AODV,100,30,7,2,2,101892,EXPANDED_REAL_NS2_SIMULATION
INST_1892,DSDV,100,30,7,2,2,101892,EXPANDED_REAL_NS2_SIMULATION
INST_1892,AOMDV,100,30,7,2,2,101892,EXPANDED_REAL_NS2_SIMULATION
INST_1893,AODV,100,30,7,2,3,101893,EXPANDED_REAL_NS2_SIMULATION
INST_1893,DSDV,100,30,7,2,3,101893,EXPANDED_REAL_NS2_SIMULATION
INST_1893,AOMDV,100,30,7,2,3,101893,EXPANDED_REAL_NS2_SIMULATION
INST_1894,AODV,100,30,7,2,4,101894,EXPANDED_REAL_NS2_SIMULATION
INST_1894,DSDV,100,30,7,2,4,101894,EXPANDED_REAL_NS2_SIMULATION
INST_1894,AOMDV,100,30,7,2,4,101894,EXPANDED_REAL_NS2_SIMULATION
INST_1895,AODV,100,30,7,2,5,101895,EXPANDED_REAL_NS2_SIMULATION
INST_1895,DSDV,100,30,7,2,5,101895,EXPANDED_REAL_NS2_SIMULATION
INST_1895,AOMDV,100,30,7,2,5,101895,EXPANDED_REAL_NS2_SIMULATION
INST_1896,AODV,100,30,7,3,1,101896,EXPANDED_REAL_NS2_SIMULATION
INST_1896,DSDV,100,30,7,3,1,101896,EXPANDED_REAL_NS2_SIMULATION
INST_1896,AOMDV,100,30,7,3,1,101896,EXPANDED_REAL_NS2_SIMULATION
INST_1897,AODV,100,30,7,3,2,101897,EXPANDED_REAL_NS2_SIMULATION
INST_1897,DSDV,100,30,7,3,2,101897,EXPANDED_REAL_NS2_SIMULATION
INST_1897,AOMDV,100,30,7,3,2,101897,EXPANDED_REAL_NS2_SIMULATION
INST_1898,AODV,100,30,7,3,3,101898,EXPANDED_REAL_NS2_SIMULATION
INST_1898,DSDV,100,30,7,3,3,101898,EXPANDED_REAL_NS2_SIMULATION
INST_1898,AOMDV,100,30,7,3,3,101898,EXPANDED_REAL_NS2_SIMULATION
INST_1899,AODV,100,30,7,3,4,101899,EXPANDED_REAL_NS2_SIMULATION
INST_1899,DSDV,100,30,7,3,4,101899,EXPANDED_REAL_NS2_SIMULATION
INST_1899,AOMDV,100,30,7,3,4,101899,EXPANDED_REAL_NS2_SIMULATION
INST_1900,AODV,100,30,7,3,5,101900,EXPANDED_REAL_NS2_SIMULATION
INST_1900,DSDV,100,30,7,3,5,101900,EXPANDED_REAL_NS2_SIMULATION
INST_1900,AOMDV,100,30,7,3,5,101900,EXPANDED_REAL_NS2_SIMULATION
INST_1901,AODV,100,30,7,4,1,101901,EXPANDED_REAL_NS2_SIMULATION
INST_1901,DSDV,100,30,7,4,1,101901,EXPANDED_REAL_NS2_SIMULATION
INST_1901,AOMDV,100,30,7,4,1,101901,EXPANDED_REAL_NS2_SIMULATION
INST_1902,AODV,100,30,7,4,2,101902,EXPANDED_REAL_NS2_SIMULATION
INST_1902,DSDV,100,30,7,4,2,101902,EXPANDED_REAL_NS2_SIMULATION
INST_1902,AOMDV,100,30,7,4,2,101902,EXPANDED_REAL_NS2_SIMULATION
INST_1903,AODV,100,30,7,4,3,101903,EXPANDED_REAL_NS2_SIMULATION
INST_1903,DSDV,100,30,7,4,3,101903,EXPANDED_REAL_NS2_SIMULATION
INST_1903,AOMDV,100,30,7,4,3,101903,EXPANDED_REAL_NS2_SIMULATION
INST_1904,AODV,100,30,7,4,4,101904,EXPANDED_REAL_NS2_SIMULATION
INST_1904,DSDV,100,30,7,4,4,101904,EXPANDED_REAL_NS2_SIMULATION
INST_1904,AOMDV,100,30,7,4,4,101904,EXPANDED_REAL_NS2_SIMULATION
INST_1905,AODV,100,30,7,4,5,101905,EXPANDED_REAL_NS2_SIMULATION
INST_1905,DSDV,100,30,7,4,5,101905,EXPANDED_REAL_NS2_SIMULATION
INST_1905,AOMDV,100,30,7,4,5,101905,EXPANDED_REAL_NS2_SIMULATION
INST_1906,AODV,100,30,7,5,1,101906,EXPANDED_REAL_NS2_SIMULATION
INST_1906,DSDV,100,30,7,5,1,101906,EXPANDED_REAL_NS2_SIMULATION
INST_1906,AOMDV,100,30,7,5,1,101906,EXPANDED_REAL_NS2_SIMULATION
INST_1907,AODV,100,30,7,5,2,101907,EXPANDED_REAL_NS2_SIMULATION
INST_1907,DSDV,100,30,7,5,2,101907,EXPANDED_REAL_NS2_SIMULATION
INST_1907,AOMDV,100,30,7,5,2,101907,EXPANDED_REAL_NS2_SIMULATION
INST_1908,AODV,100,30,7,5,3,101908,EXPANDED_REAL_NS2_SIMULATION
INST_1908,DSDV,100,30,7,5,3,101908,EXPANDED_REAL_NS2_SIMULATION
INST_1908,AOMDV,100,30,7,5,3,101908,EXPANDED_REAL_NS2_SIMULATION
INST_1909,AODV,100,30,7,5,4,101909,EXPANDED_REAL_NS2_SIMULATION
INST_1909,DSDV,100,30,7,5,4,101909,EXPANDED_REAL_NS2_SIMULATION
INST_1909,AOMDV,100,30,7,5,4,101909,EXPANDED_REAL_NS2_SIMULATION
INST_1910,AODV,100,30,7,5,5,101910,EXPANDED_REAL_NS2_SIMULATION
INST_1910,DSDV,100,30,7,5,5,101910,EXPANDED_REAL_NS2_SIMULATION
INST_1910,AOMDV,100,30,7,5,5,101910,EXPANDED_REAL_NS2_SIMULATION
INST_1911,AODV,100,30,7,6,1,101911,EXPANDED_REAL_NS2_SIMULATION
INST_1911,DSDV,100,30,7,6,1,101911,EXPANDED_REAL_NS2_SIMULATION
INST_1911,AOMDV,100,30,7,6,1,101911,EXPANDED_REAL_NS2_SIMULATION
INST_1912,AODV,100,30,7,6,2,101912,EXPANDED_REAL_NS2_SIMULATION
INST_1912,DSDV,100,30,7,6,2,101912,EXPANDED_REAL_NS2_SIMULATION
INST_1912,AOMDV,100,30,7,6,2,101912,EXPANDED_REAL_NS2_SIMULATION
INST_1913,AODV,100,30,7,6,3,101913,EXPANDED_REAL_NS2_SIMULATION
INST_1913,DSDV,100,30,7,6,3,101913,EXPANDED_REAL_NS2_SIMULATION
INST_1913,AOMDV,100,30,7,6,3,101913,EXPANDED_REAL_NS2_SIMULATION
INST_1914,AODV,100,30,7,6,4,101914,EXPANDED_REAL_NS2_SIMULATION
INST_1914,DSDV,100,30,7,6,4,101914,EXPANDED_REAL_NS2_SIMULATION
INST_1914,AOMDV,100,30,7,6,4,101914,EXPANDED_REAL_NS2_SIMULATION
INST_1915,AODV,100,30,7,6,5,101915,EXPANDED_REAL_NS2_SIMULATION
INST_1915,DSDV,100,30,7,6,5,101915,EXPANDED_REAL_NS2_SIMULATION
INST_1915,AOMDV,100,30,7,6,5,101915,EXPANDED_REAL_NS2_SIMULATION
INST_1916,AODV,100,30,7,8,1,101916,EXPANDED_REAL_NS2_SIMULATION
INST_1916,DSDV,100,30,7,8,1,101916,EXPANDED_REAL_NS2_SIMULATION
INST_1916,AOMDV,100,30,7,8,1,101916,EXPANDED_REAL_NS2_SIMULATION
INST_1917,AODV,100,30,7,8,2,101917,EXPANDED_REAL_NS2_SIMULATION
INST_1917,DSDV,100,30,7,8,2,101917,EXPANDED_REAL_NS2_SIMULATION
INST_1917,AOMDV,100,30,7,8,2,101917,EXPANDED_REAL_NS2_SIMULATION
INST_1918,AODV,100,30,7,8,3,101918,EXPANDED_REAL_NS2_SIMULATION
INST_1918,DSDV,100,30,7,8,3,101918,EXPANDED_REAL_NS2_SIMULATION
INST_1918,AOMDV,100,30,7,8,3,101918,EXPANDED_REAL_NS2_SIMULATION
INST_1919,AODV,100,30,7,8,4,101919,EXPANDED_REAL_NS2_SIMULATION
INST_1919,DSDV,100,30,7,8,4,101919,EXPANDED_REAL_NS2_SIMULATION
INST_1919,AOMDV,100,30,7,8,4,101919,EXPANDED_REAL_NS2_SIMULATION
INST_1920,AODV,100,30,7,8,5,101920,EXPANDED_REAL_NS2_SIMULATION
INST_1920,DSDV,100,30,7,8,5,101920,EXPANDED_REAL_NS2_SIMULATION
INST_1920,AOMDV,100,30,7,8,5,101920,EXPANDED_REAL_NS2_SIMULATION
INST_1921,AODV,100,30,10,3,1,101921,EXPANDED_REAL_NS2_SIMULATION
INST_1921,DSDV,100,30,10,3,1,101921,EXPANDED_REAL_NS2_SIMULATION
INST_1921,AOMDV,100,30,10,3,1,101921,EXPANDED_REAL_NS2_SIMULATION
INST_1922,AODV,100,30,10,3,2,101922,EXPANDED_REAL_NS2_SIMULATION
INST_1922,DSDV,100,30,10,3,2,101922,EXPANDED_REAL_NS2_SIMULATION
INST_1922,AOMDV,100,30,10,3,2,101922,EXPANDED_REAL_NS2_SIMULATION
INST_1923,AODV,100,30,10,3,3,101923,EXPANDED_REAL_NS2_SIMULATION
INST_1923,DSDV,100,30,10,3,3,101923,EXPANDED_REAL_NS2_SIMULATION
INST_1923,AOMDV,100,30,10,3,3,101923,EXPANDED_REAL_NS2_SIMULATION
INST_1924,AODV,100,30,10,3,4,101924,EXPANDED_REAL_NS2_SIMULATION
INST_1924,DSDV,100,30,10,3,4,101924,EXPANDED_REAL_NS2_SIMULATION
INST_1924,AOMDV,100,30,10,3,4,101924,EXPANDED_REAL_NS2_SIMULATION
INST_1925,AODV,100,30,10,3,5,101925,EXPANDED_REAL_NS2_SIMULATION
INST_1925,DSDV,100,30,10,3,5,101925,EXPANDED_REAL_NS2_SIMULATION
INST_1925,AOMDV,100,30,10,3,5,101925,EXPANDED_REAL_NS2_SIMULATION
INST_1926,AODV,100,30,10,5,1,101926,EXPANDED_REAL_NS2_SIMULATION
INST_1926,DSDV,100,30,10,5,1,101926,EXPANDED_REAL_NS2_SIMULATION
INST_1926,AOMDV,100,30,10,5,1,101926,EXPANDED_REAL_NS2_SIMULATION
INST_1927,AODV,100,30,10,5,2,101927,EXPANDED_REAL_NS2_SIMULATION
INST_1927,DSDV,100,30,10,5,2,101927,EXPANDED_REAL_NS2_SIMULATION
INST_1927,AOMDV,100,30,10,5,2,101927,EXPANDED_REAL_NS2_SIMULATION
INST_1928,AODV,100,30,10,5,3,101928,EXPANDED_REAL_NS2_SIMULATION
INST_1928,DSDV,100,30,10,5,3,101928,EXPANDED_REAL_NS2_SIMULATION
INST_1928,AOMDV,100,30,10,5,3,101928,EXPANDED_REAL_NS2_SIMULATION
INST_1929,AODV,100,30,10,5,4,101929,EXPANDED_REAL_NS2_SIMULATION
INST_1929,DSDV,100,30,10,5,4,101929,EXPANDED_REAL_NS2_SIMULATION
INST_1929,AOMDV,100,30,10,5,4,101929,EXPANDED_REAL_NS2_SIMULATION
INST_1930,AODV,100,30,10,5,5,101930,EXPANDED_REAL_NS2_SIMULATION
INST_1930,DSDV,100,30,10,5,5,101930,EXPANDED_REAL_NS2_SIMULATION
INST_1930,AOMDV,100,30,10,5,5,101930,EXPANDED_REAL_NS2_SIMULATION
INST_1931,AODV,100,30,10,6,1,101931,EXPANDED_REAL_NS2_SIMULATION
INST_1931,DSDV,100,30,10,6,1,101931,EXPANDED_REAL_NS2_SIMULATION
INST_1931,AOMDV,100,30,10,6,1,101931,EXPANDED_REAL_NS2_SIMULATION
INST_1932,AODV,100,30,10,6,2,101932,EXPANDED_REAL_NS2_SIMULATION
INST_1932,DSDV,100,30,10,6,2,101932,EXPANDED_REAL_NS2_SIMULATION
INST_1932,AOMDV,100,30,10,6,2,101932,EXPANDED_REAL_NS2_SIMULATION
INST_1933,AODV,100,30,10,6,3,101933,EXPANDED_REAL_NS2_SIMULATION
INST_1933,DSDV,100,30,10,6,3,101933,EXPANDED_REAL_NS2_SIMULATION
INST_1933,AOMDV,100,30,10,6,3,101933,EXPANDED_REAL_NS2_SIMULATION
INST_1934,AODV,100,30,10,6,4,101934,EXPANDED_REAL_NS2_SIMULATION
INST_1934,DSDV,100,30,10,6,4,101934,EXPANDED_REAL_NS2_SIMULATION
INST_1934,AOMDV,100,30,10,6,4,101934,EXPANDED_REAL_NS2_SIMULATION
INST_1935,AODV,100,30,10,6,5,101935,EXPANDED_REAL_NS2_SIMULATION
INST_1935,DSDV,100,30,10,6,5,101935,EXPANDED_REAL_NS2_SIMULATION
INST_1935,AOMDV,100,30,10,6,5,101935,EXPANDED_REAL_NS2_SIMULATION
INST_1936,AODV,100,30,12,2,1,101936,EXPANDED_REAL_NS2_SIMULATION
INST_1936,DSDV,100,30,12,2,1,101936,EXPANDED_REAL_NS2_SIMULATION
INST_1936,AOMDV,100,30,12,2,1,101936,EXPANDED_REAL_NS2_SIMULATION
INST_1937,AODV,100,30,12,2,2,101937,EXPANDED_REAL_NS2_SIMULATION
INST_1937,DSDV,100,30,12,2,2,101937,EXPANDED_REAL_NS2_SIMULATION
INST_1937,AOMDV,100,30,12,2,2,101937,EXPANDED_REAL_NS2_SIMULATION
INST_1938,AODV,100,30,12,2,3,101938,EXPANDED_REAL_NS2_SIMULATION
INST_1938,DSDV,100,30,12,2,3,101938,EXPANDED_REAL_NS2_SIMULATION
INST_1938,AOMDV,100,30,12,2,3,101938,EXPANDED_REAL_NS2_SIMULATION
INST_1939,AODV,100,30,12,2,4,101939,EXPANDED_REAL_NS2_SIMULATION
INST_1939,DSDV,100,30,12,2,4,101939,EXPANDED_REAL_NS2_SIMULATION
INST_1939,AOMDV,100,30,12,2,4,101939,EXPANDED_REAL_NS2_SIMULATION
INST_1940,AODV,100,30,12,2,5,101940,EXPANDED_REAL_NS2_SIMULATION
INST_1940,DSDV,100,30,12,2,5,101940,EXPANDED_REAL_NS2_SIMULATION
INST_1940,AOMDV,100,30,12,2,5,101940,EXPANDED_REAL_NS2_SIMULATION
INST_1941,AODV,100,30,12,3,1,101941,EXPANDED_REAL_NS2_SIMULATION
INST_1941,DSDV,100,30,12,3,1,101941,EXPANDED_REAL_NS2_SIMULATION
INST_1941,AOMDV,100,30,12,3,1,101941,EXPANDED_REAL_NS2_SIMULATION
INST_1942,AODV,100,30,12,3,2,101942,EXPANDED_REAL_NS2_SIMULATION
INST_1942,DSDV,100,30,12,3,2,101942,EXPANDED_REAL_NS2_SIMULATION
INST_1942,AOMDV,100,30,12,3,2,101942,EXPANDED_REAL_NS2_SIMULATION
INST_1943,AODV,100,30,12,3,3,101943,EXPANDED_REAL_NS2_SIMULATION
INST_1943,DSDV,100,30,12,3,3,101943,EXPANDED_REAL_NS2_SIMULATION
INST_1943,AOMDV,100,30,12,3,3,101943,EXPANDED_REAL_NS2_SIMULATION
INST_1944,AODV,100,30,12,3,4,101944,EXPANDED_REAL_NS2_SIMULATION
INST_1944,DSDV,100,30,12,3,4,101944,EXPANDED_REAL_NS2_SIMULATION
INST_1944,AOMDV,100,30,12,3,4,101944,EXPANDED_REAL_NS2_SIMULATION
INST_1945,AODV,100,30,12,3,5,101945,EXPANDED_REAL_NS2_SIMULATION
INST_1945,DSDV,100,30,12,3,5,101945,EXPANDED_REAL_NS2_SIMULATION
INST_1945,AOMDV,100,30,12,3,5,101945,EXPANDED_REAL_NS2_SIMULATION
INST_1946,AODV,100,30,12,4,1,101946,EXPANDED_REAL_NS2_SIMULATION
INST_1946,DSDV,100,30,12,4,1,101946,EXPANDED_REAL_NS2_SIMULATION
INST_1946,AOMDV,100,30,12,4,1,101946,EXPANDED_REAL_NS2_SIMULATION
INST_1947,AODV,100,30,12,4,2,101947,EXPANDED_REAL_NS2_SIMULATION
INST_1947,DSDV,100,30,12,4,2,101947,EXPANDED_REAL_NS2_SIMULATION
INST_1947,AOMDV,100,30,12,4,2,101947,EXPANDED_REAL_NS2_SIMULATION
INST_1948,AODV,100,30,12,4,3,101948,EXPANDED_REAL_NS2_SIMULATION
INST_1948,DSDV,100,30,12,4,3,101948,EXPANDED_REAL_NS2_SIMULATION
INST_1948,AOMDV,100,30,12,4,3,101948,EXPANDED_REAL_NS2_SIMULATION
INST_1949,AODV,100,30,12,4,4,101949,EXPANDED_REAL_NS2_SIMULATION
INST_1949,DSDV,100,30,12,4,4,101949,EXPANDED_REAL_NS2_SIMULATION
INST_1949,AOMDV,100,30,12,4,4,101949,EXPANDED_REAL_NS2_SIMULATION
INST_1950,AODV,100,30,12,4,5,101950,EXPANDED_REAL_NS2_SIMULATION
INST_1950,DSDV,100,30,12,4,5,101950,EXPANDED_REAL_NS2_SIMULATION
INST_1950,AOMDV,100,30,12,4,5,101950,EXPANDED_REAL_NS2_SIMULATION
INST_1951,AODV,100,30,12,5,1,101951,EXPANDED_REAL_NS2_SIMULATION
INST_1951,DSDV,100,30,12,5,1,101951,EXPANDED_REAL_NS2_SIMULATION
INST_1951,AOMDV,100,30,12,5,1,101951,EXPANDED_REAL_NS2_SIMULATION
INST_1952,AODV,100,30,12,5,2,101952,EXPANDED_REAL_NS2_SIMULATION
INST_1952,DSDV,100,30,12,5,2,101952,EXPANDED_REAL_NS2_SIMULATION
INST_1952,AOMDV,100,30,12,5,2,101952,EXPANDED_REAL_NS2_SIMULATION
INST_1953,AODV,100,30,12,5,3,101953,EXPANDED_REAL_NS2_SIMULATION
INST_1953,DSDV,100,30,12,5,3,101953,EXPANDED_REAL_NS2_SIMULATION
INST_1953,AOMDV,100,30,12,5,3,101953,EXPANDED_REAL_NS2_SIMULATION
INST_1954,AODV,100,30,12,5,4,101954,EXPANDED_REAL_NS2_SIMULATION
INST_1954,DSDV,100,30,12,5,4,101954,EXPANDED_REAL_NS2_SIMULATION
INST_1954,AOMDV,100,30,12,5,4,101954,EXPANDED_REAL_NS2_SIMULATION
INST_1955,AODV,100,30,12,5,5,101955,EXPANDED_REAL_NS2_SIMULATION
INST_1955,DSDV,100,30,12,5,5,101955,EXPANDED_REAL_NS2_SIMULATION
INST_1955,AOMDV,100,30,12,5,5,101955,EXPANDED_REAL_NS2_SIMULATION
INST_1956,AODV,100,30,12,6,1,101956,EXPANDED_REAL_NS2_SIMULATION
INST_1956,DSDV,100,30,12,6,1,101956,EXPANDED_REAL_NS2_SIMULATION
INST_1956,AOMDV,100,30,12,6,1,101956,EXPANDED_REAL_NS2_SIMULATION
INST_1957,AODV,100,30,12,6,2,101957,EXPANDED_REAL_NS2_SIMULATION
INST_1957,DSDV,100,30,12,6,2,101957,EXPANDED_REAL_NS2_SIMULATION
INST_1957,AOMDV,100,30,12,6,2,101957,EXPANDED_REAL_NS2_SIMULATION
INST_1958,AODV,100,30,12,6,3,101958,EXPANDED_REAL_NS2_SIMULATION
INST_1958,DSDV,100,30,12,6,3,101958,EXPANDED_REAL_NS2_SIMULATION
INST_1958,AOMDV,100,30,12,6,3,101958,EXPANDED_REAL_NS2_SIMULATION
INST_1959,AODV,100,30,12,6,4,101959,EXPANDED_REAL_NS2_SIMULATION
INST_1959,DSDV,100,30,12,6,4,101959,EXPANDED_REAL_NS2_SIMULATION
INST_1959,AOMDV,100,30,12,6,4,101959,EXPANDED_REAL_NS2_SIMULATION
INST_1960,AODV,100,30,12,6,5,101960,EXPANDED_REAL_NS2_SIMULATION
INST_1960,DSDV,100,30,12,6,5,101960,EXPANDED_REAL_NS2_SIMULATION
INST_1960,AOMDV,100,30,12,6,5,101960,EXPANDED_REAL_NS2_SIMULATION
INST_1961,AODV,100,30,12,8,1,101961,EXPANDED_REAL_NS2_SIMULATION
INST_1961,DSDV,100,30,12,8,1,101961,EXPANDED_REAL_NS2_SIMULATION
INST_1961,AOMDV,100,30,12,8,1,101961,EXPANDED_REAL_NS2_SIMULATION
INST_1962,AODV,100,30,12,8,2,101962,EXPANDED_REAL_NS2_SIMULATION
INST_1962,DSDV,100,30,12,8,2,101962,EXPANDED_REAL_NS2_SIMULATION
INST_1962,AOMDV,100,30,12,8,2,101962,EXPANDED_REAL_NS2_SIMULATION
INST_1963,AODV,100,30,12,8,3,101963,EXPANDED_REAL_NS2_SIMULATION
INST_1963,DSDV,100,30,12,8,3,101963,EXPANDED_REAL_NS2_SIMULATION
INST_1963,AOMDV,100,30,12,8,3,101963,EXPANDED_REAL_NS2_SIMULATION
INST_1964,AODV,100,30,12,8,4,101964,EXPANDED_REAL_NS2_SIMULATION
INST_1964,DSDV,100,30,12,8,4,101964,EXPANDED_REAL_NS2_SIMULATION
INST_1964,AOMDV,100,30,12,8,4,101964,EXPANDED_REAL_NS2_SIMULATION
INST_1965,AODV,100,30,12,8,5,101965,EXPANDED_REAL_NS2_SIMULATION
INST_1965,DSDV,100,30,12,8,5,101965,EXPANDED_REAL_NS2_SIMULATION
INST_1965,AOMDV,100,30,12,8,5,101965,EXPANDED_REAL_NS2_SIMULATION
INST_1966,AODV,100,30,15,3,1,101966,EXPANDED_REAL_NS2_SIMULATION
INST_1966,DSDV,100,30,15,3,1,101966,EXPANDED_REAL_NS2_SIMULATION
INST_1966,AOMDV,100,30,15,3,1,101966,EXPANDED_REAL_NS2_SIMULATION
INST_1967,AODV,100,30,15,3,2,101967,EXPANDED_REAL_NS2_SIMULATION
INST_1967,DSDV,100,30,15,3,2,101967,EXPANDED_REAL_NS2_SIMULATION
INST_1967,AOMDV,100,30,15,3,2,101967,EXPANDED_REAL_NS2_SIMULATION
INST_1968,AODV,100,30,15,3,3,101968,EXPANDED_REAL_NS2_SIMULATION
INST_1968,DSDV,100,30,15,3,3,101968,EXPANDED_REAL_NS2_SIMULATION
INST_1968,AOMDV,100,30,15,3,3,101968,EXPANDED_REAL_NS2_SIMULATION
INST_1969,AODV,100,30,15,3,4,101969,EXPANDED_REAL_NS2_SIMULATION
INST_1969,DSDV,100,30,15,3,4,101969,EXPANDED_REAL_NS2_SIMULATION
INST_1969,AOMDV,100,30,15,3,4,101969,EXPANDED_REAL_NS2_SIMULATION
INST_1970,AODV,100,30,15,3,5,101970,EXPANDED_REAL_NS2_SIMULATION
INST_1970,DSDV,100,30,15,3,5,101970,EXPANDED_REAL_NS2_SIMULATION
INST_1970,AOMDV,100,30,15,3,5,101970,EXPANDED_REAL_NS2_SIMULATION
INST_1971,AODV,100,30,15,5,1,101971,EXPANDED_REAL_NS2_SIMULATION
INST_1971,DSDV,100,30,15,5,1,101971,EXPANDED_REAL_NS2_SIMULATION
INST_1971,AOMDV,100,30,15,5,1,101971,EXPANDED_REAL_NS2_SIMULATION
INST_1972,AODV,100,30,15,5,2,101972,EXPANDED_REAL_NS2_SIMULATION
INST_1972,DSDV,100,30,15,5,2,101972,EXPANDED_REAL_NS2_SIMULATION
INST_1972,AOMDV,100,30,15,5,2,101972,EXPANDED_REAL_NS2_SIMULATION
INST_1973,AODV,100,30,15,5,3,101973,EXPANDED_REAL_NS2_SIMULATION
INST_1973,DSDV,100,30,15,5,3,101973,EXPANDED_REAL_NS2_SIMULATION
INST_1973,AOMDV,100,30,15,5,3,101973,EXPANDED_REAL_NS2_SIMULATION
INST_1974,AODV,100,30,15,5,4,101974,EXPANDED_REAL_NS2_SIMULATION
INST_1974,DSDV,100,30,15,5,4,101974,EXPANDED_REAL_NS2_SIMULATION
INST_1974,AOMDV,100,30,15,5,4,101974,EXPANDED_REAL_NS2_SIMULATION
INST_1975,AODV,100,30,15,5,5,101975,EXPANDED_REAL_NS2_SIMULATION
INST_1975,DSDV,100,30,15,5,5,101975,EXPANDED_REAL_NS2_SIMULATION
INST_1975,AOMDV,100,30,15,5,5,101975,EXPANDED_REAL_NS2_SIMULATION
INST_1976,AODV,100,30,15,6,1,101976,EXPANDED_REAL_NS2_SIMULATION
INST_1976,DSDV,100,30,15,6,1,101976,EXPANDED_REAL_NS2_SIMULATION
INST_1976,AOMDV,100,30,15,6,1,101976,EXPANDED_REAL_NS2_SIMULATION
INST_1977,AODV,100,30,15,6,2,101977,EXPANDED_REAL_NS2_SIMULATION
INST_1977,DSDV,100,30,15,6,2,101977,EXPANDED_REAL_NS2_SIMULATION
INST_1977,AOMDV,100,30,15,6,2,101977,EXPANDED_REAL_NS2_SIMULATION
INST_1978,AODV,100,30,15,6,3,101978,EXPANDED_REAL_NS2_SIMULATION
INST_1978,DSDV,100,30,15,6,3,101978,EXPANDED_REAL_NS2_SIMULATION
INST_1978,AOMDV,100,30,15,6,3,101978,EXPANDED_REAL_NS2_SIMULATION
INST_1979,AODV,100,30,15,6,4,101979,EXPANDED_REAL_NS2_SIMULATION
INST_1979,DSDV,100,30,15,6,4,101979,EXPANDED_REAL_NS2_SIMULATION
INST_1979,AOMDV,100,30,15,6,4,101979,EXPANDED_REAL_NS2_SIMULATION
INST_1980,AODV,100,30,15,6,5,101980,EXPANDED_REAL_NS2_SIMULATION
INST_1980,DSDV,100,30,15,6,5,101980,EXPANDED_REAL_NS2_SIMULATION
INST_1980,AOMDV,100,30,15,6,5,101980,EXPANDED_REAL_NS2_SIMULATION
INST_1981,AODV,100,30,18,2,1,101981,EXPANDED_REAL_NS2_SIMULATION
INST_1981,DSDV,100,30,18,2,1,101981,EXPANDED_REAL_NS2_SIMULATION
INST_1981,AOMDV,100,30,18,2,1,101981,EXPANDED_REAL_NS2_SIMULATION
INST_1982,AODV,100,30,18,2,2,101982,EXPANDED_REAL_NS2_SIMULATION
INST_1982,DSDV,100,30,18,2,2,101982,EXPANDED_REAL_NS2_SIMULATION
INST_1982,AOMDV,100,30,18,2,2,101982,EXPANDED_REAL_NS2_SIMULATION
INST_1983,AODV,100,30,18,2,3,101983,EXPANDED_REAL_NS2_SIMULATION
INST_1983,DSDV,100,30,18,2,3,101983,EXPANDED_REAL_NS2_SIMULATION
INST_1983,AOMDV,100,30,18,2,3,101983,EXPANDED_REAL_NS2_SIMULATION
INST_1984,AODV,100,30,18,2,4,101984,EXPANDED_REAL_NS2_SIMULATION
INST_1984,DSDV,100,30,18,2,4,101984,EXPANDED_REAL_NS2_SIMULATION
INST_1984,AOMDV,100,30,18,2,4,101984,EXPANDED_REAL_NS2_SIMULATION
INST_1985,AODV,100,30,18,2,5,101985,EXPANDED_REAL_NS2_SIMULATION
INST_1985,DSDV,100,30,18,2,5,101985,EXPANDED_REAL_NS2_SIMULATION
INST_1985,AOMDV,100,30,18,2,5,101985,EXPANDED_REAL_NS2_SIMULATION
INST_1986,AODV,100,30,18,3,1,101986,EXPANDED_REAL_NS2_SIMULATION
INST_1986,DSDV,100,30,18,3,1,101986,EXPANDED_REAL_NS2_SIMULATION
INST_1986,AOMDV,100,30,18,3,1,101986,EXPANDED_REAL_NS2_SIMULATION
INST_1987,AODV,100,30,18,3,2,101987,EXPANDED_REAL_NS2_SIMULATION
INST_1987,DSDV,100,30,18,3,2,101987,EXPANDED_REAL_NS2_SIMULATION
INST_1987,AOMDV,100,30,18,3,2,101987,EXPANDED_REAL_NS2_SIMULATION
INST_1988,AODV,100,30,18,3,3,101988,EXPANDED_REAL_NS2_SIMULATION
INST_1988,DSDV,100,30,18,3,3,101988,EXPANDED_REAL_NS2_SIMULATION
INST_1988,AOMDV,100,30,18,3,3,101988,EXPANDED_REAL_NS2_SIMULATION
INST_1989,AODV,100,30,18,3,4,101989,EXPANDED_REAL_NS2_SIMULATION
INST_1989,DSDV,100,30,18,3,4,101989,EXPANDED_REAL_NS2_SIMULATION
INST_1989,AOMDV,100,30,18,3,4,101989,EXPANDED_REAL_NS2_SIMULATION
INST_1990,AODV,100,30,18,3,5,101990,EXPANDED_REAL_NS2_SIMULATION
INST_1990,DSDV,100,30,18,3,5,101990,EXPANDED_REAL_NS2_SIMULATION
INST_1990,AOMDV,100,30,18,3,5,101990,EXPANDED_REAL_NS2_SIMULATION
INST_1991,AODV,100,30,18,4,1,101991,EXPANDED_REAL_NS2_SIMULATION
INST_1991,DSDV,100,30,18,4,1,101991,EXPANDED_REAL_NS2_SIMULATION
INST_1991,AOMDV,100,30,18,4,1,101991,EXPANDED_REAL_NS2_SIMULATION
INST_1992,AODV,100,30,18,4,2,101992,EXPANDED_REAL_NS2_SIMULATION
INST_1992,DSDV,100,30,18,4,2,101992,EXPANDED_REAL_NS2_SIMULATION
INST_1992,AOMDV,100,30,18,4,2,101992,EXPANDED_REAL_NS2_SIMULATION
INST_1993,AODV,100,30,18,4,3,101993,EXPANDED_REAL_NS2_SIMULATION
INST_1993,DSDV,100,30,18,4,3,101993,EXPANDED_REAL_NS2_SIMULATION
INST_1993,AOMDV,100,30,18,4,3,101993,EXPANDED_REAL_NS2_SIMULATION
INST_1994,AODV,100,30,18,4,4,101994,EXPANDED_REAL_NS2_SIMULATION
INST_1994,DSDV,100,30,18,4,4,101994,EXPANDED_REAL_NS2_SIMULATION
INST_1994,AOMDV,100,30,18,4,4,101994,EXPANDED_REAL_NS2_SIMULATION
INST_1995,AODV,100,30,18,4,5,101995,EXPANDED_REAL_NS2_SIMULATION
INST_1995,DSDV,100,30,18,4,5,101995,EXPANDED_REAL_NS2_SIMULATION
INST_1995,AOMDV,100,30,18,4,5,101995,EXPANDED_REAL_NS2_SIMULATION
INST_1996,AODV,100,30,18,5,1,101996,EXPANDED_REAL_NS2_SIMULATION
INST_1996,DSDV,100,30,18,5,1,101996,EXPANDED_REAL_NS2_SIMULATION
INST_1996,AOMDV,100,30,18,5,1,101996,EXPANDED_REAL_NS2_SIMULATION
INST_1997,AODV,100,30,18,5,2,101997,EXPANDED_REAL_NS2_SIMULATION
INST_1997,DSDV,100,30,18,5,2,101997,EXPANDED_REAL_NS2_SIMULATION
INST_1997,AOMDV,100,30,18,5,2,101997,EXPANDED_REAL_NS2_SIMULATION
INST_1998,AODV,100,30,18,5,3,101998,EXPANDED_REAL_NS2_SIMULATION
INST_1998,DSDV,100,30,18,5,3,101998,EXPANDED_REAL_NS2_SIMULATION
INST_1998,AOMDV,100,30,18,5,3,101998,EXPANDED_REAL_NS2_SIMULATION
INST_1999,AODV,100,30,18,5,4,101999,EXPANDED_REAL_NS2_SIMULATION
INST_1999,DSDV,100,30,18,5,4,101999,EXPANDED_REAL_NS2_SIMULATION
INST_1999,AOMDV,100,30,18,5,4,101999,EXPANDED_REAL_NS2_SIMULATION
INST_2000,AODV,100,30,18,5,5,102000,EXPANDED_REAL_NS2_SIMULATION
INST_2000,DSDV,100,30,18,5,5,102000,EXPANDED_REAL_NS2_SIMULATION
INST_2000,AOMDV,100,30,18,5,5,102000,EXPANDED_REAL_NS2_SIMULATION
INST_2001,AODV,100,30,18,6,1,102001,EXPANDED_REAL_NS2_SIMULATION
INST_2001,DSDV,100,30,18,6,1,102001,EXPANDED_REAL_NS2_SIMULATION
INST_2001,AOMDV,100,30,18,6,1,102001,EXPANDED_REAL_NS2_SIMULATION
INST_2002,AODV,100,30,18,6,2,102002,EXPANDED_REAL_NS2_SIMULATION
INST_2002,DSDV,100,30,18,6,2,102002,EXPANDED_REAL_NS2_SIMULATION
INST_2002,AOMDV,100,30,18,6,2,102002,EXPANDED_REAL_NS2_SIMULATION
INST_2003,AODV,100,30,18,6,3,102003,EXPANDED_REAL_NS2_SIMULATION
INST_2003,DSDV,100,30,18,6,3,102003,EXPANDED_REAL_NS2_SIMULATION
INST_2003,AOMDV,100,30,18,6,3,102003,EXPANDED_REAL_NS2_SIMULATION
INST_2004,AODV,100,30,18,6,4,102004,EXPANDED_REAL_NS2_SIMULATION
INST_2004,DSDV,100,30,18,6,4,102004,EXPANDED_REAL_NS2_SIMULATION
INST_2004,AOMDV,100,30,18,6,4,102004,EXPANDED_REAL_NS2_SIMULATION
INST_2005,AODV,100,30,18,6,5,102005,EXPANDED_REAL_NS2_SIMULATION
INST_2005,DSDV,100,30,18,6,5,102005,EXPANDED_REAL_NS2_SIMULATION
INST_2005,AOMDV,100,30,18,6,5,102005,EXPANDED_REAL_NS2_SIMULATION
INST_2006,AODV,100,30,18,8,1,102006,EXPANDED_REAL_NS2_SIMULATION
INST_2006,DSDV,100,30,18,8,1,102006,EXPANDED_REAL_NS2_SIMULATION
INST_2006,AOMDV,100,30,18,8,1,102006,EXPANDED_REAL_NS2_SIMULATION
INST_2007,AODV,100,30,18,8,2,102007,EXPANDED_REAL_NS2_SIMULATION
INST_2007,DSDV,100,30,18,8,2,102007,EXPANDED_REAL_NS2_SIMULATION
INST_2007,AOMDV,100,30,18,8,2,102007,EXPANDED_REAL_NS2_SIMULATION
INST_2008,AODV,100,30,18,8,3,102008,EXPANDED_REAL_NS2_SIMULATION
INST_2008,DSDV,100,30,18,8,3,102008,EXPANDED_REAL_NS2_SIMULATION
INST_2008,AOMDV,100,30,18,8,3,102008,EXPANDED_REAL_NS2_SIMULATION
INST_2009,AODV,100,30,18,8,4,102009,EXPANDED_REAL_NS2_SIMULATION
INST_2009,DSDV,100,30,18,8,4,102009,EXPANDED_REAL_NS2_SIMULATION
INST_2009,AOMDV,100,30,18,8,4,102009,EXPANDED_REAL_NS2_SIMULATION
INST_2010,AODV,100,30,18,8,5,102010,EXPANDED_REAL_NS2_SIMULATION
INST_2010,DSDV,100,30,18,8,5,102010,EXPANDED_REAL_NS2_SIMULATION
INST_2010,AOMDV,100,30,18,8,5,102010,EXPANDED_REAL_NS2_SIMULATION
INST_2011,AODV,100,30,20,3,1,102011,EXPANDED_REAL_NS2_SIMULATION
INST_2011,DSDV,100,30,20,3,1,102011,EXPANDED_REAL_NS2_SIMULATION
INST_2011,AOMDV,100,30,20,3,1,102011,EXPANDED_REAL_NS2_SIMULATION
INST_2012,AODV,100,30,20,3,2,102012,EXPANDED_REAL_NS2_SIMULATION
INST_2012,DSDV,100,30,20,3,2,102012,EXPANDED_REAL_NS2_SIMULATION
INST_2012,AOMDV,100,30,20,3,2,102012,EXPANDED_REAL_NS2_SIMULATION
INST_2013,AODV,100,30,20,3,3,102013,EXPANDED_REAL_NS2_SIMULATION
INST_2013,DSDV,100,30,20,3,3,102013,EXPANDED_REAL_NS2_SIMULATION
INST_2013,AOMDV,100,30,20,3,3,102013,EXPANDED_REAL_NS2_SIMULATION
INST_2014,AODV,100,30,20,3,4,102014,EXPANDED_REAL_NS2_SIMULATION
INST_2014,DSDV,100,30,20,3,4,102014,EXPANDED_REAL_NS2_SIMULATION
INST_2014,AOMDV,100,30,20,3,4,102014,EXPANDED_REAL_NS2_SIMULATION
INST_2015,AODV,100,30,20,3,5,102015,EXPANDED_REAL_NS2_SIMULATION
INST_2015,DSDV,100,30,20,3,5,102015,EXPANDED_REAL_NS2_SIMULATION
INST_2015,AOMDV,100,30,20,3,5,102015,EXPANDED_REAL_NS2_SIMULATION
INST_2016,AODV,100,30,20,5,1,102016,EXPANDED_REAL_NS2_SIMULATION
INST_2016,DSDV,100,30,20,5,1,102016,EXPANDED_REAL_NS2_SIMULATION
INST_2016,AOMDV,100,30,20,5,1,102016,EXPANDED_REAL_NS2_SIMULATION
INST_2017,AODV,100,30,20,5,2,102017,EXPANDED_REAL_NS2_SIMULATION
INST_2017,DSDV,100,30,20,5,2,102017,EXPANDED_REAL_NS2_SIMULATION
INST_2017,AOMDV,100,30,20,5,2,102017,EXPANDED_REAL_NS2_SIMULATION
INST_2018,AODV,100,30,20,5,3,102018,EXPANDED_REAL_NS2_SIMULATION
INST_2018,DSDV,100,30,20,5,3,102018,EXPANDED_REAL_NS2_SIMULATION
INST_2018,AOMDV,100,30,20,5,3,102018,EXPANDED_REAL_NS2_SIMULATION
INST_2019,AODV,100,30,20,5,4,102019,EXPANDED_REAL_NS2_SIMULATION
INST_2019,DSDV,100,30,20,5,4,102019,EXPANDED_REAL_NS2_SIMULATION
INST_2019,AOMDV,100,30,20,5,4,102019,EXPANDED_REAL_NS2_SIMULATION
INST_2020,AODV,100,30,20,5,5,102020,EXPANDED_REAL_NS2_SIMULATION
INST_2020,DSDV,100,30,20,5,5,102020,EXPANDED_REAL_NS2_SIMULATION
INST_2020,AOMDV,100,30,20,5,5,102020,EXPANDED_REAL_NS2_SIMULATION
INST_2021,AODV,100,30,20,6,1,102021,EXPANDED_REAL_NS2_SIMULATION
INST_2021,DSDV,100,30,20,6,1,102021,EXPANDED_REAL_NS2_SIMULATION
INST_2021,AOMDV,100,30,20,6,1,102021,EXPANDED_REAL_NS2_SIMULATION
INST_2022,AODV,100,30,20,6,2,102022,EXPANDED_REAL_NS2_SIMULATION
INST_2022,DSDV,100,30,20,6,2,102022,EXPANDED_REAL_NS2_SIMULATION
INST_2022,AOMDV,100,30,20,6,2,102022,EXPANDED_REAL_NS2_SIMULATION
INST_2023,AODV,100,30,20,6,3,102023,EXPANDED_REAL_NS2_SIMULATION
INST_2023,DSDV,100,30,20,6,3,102023,EXPANDED_REAL_NS2_SIMULATION
INST_2023,AOMDV,100,30,20,6,3,102023,EXPANDED_REAL_NS2_SIMULATION
INST_2024,AODV,100,30,20,6,4,102024,EXPANDED_REAL_NS2_SIMULATION
INST_2024,DSDV,100,30,20,6,4,102024,EXPANDED_REAL_NS2_SIMULATION
INST_2024,AOMDV,100,30,20,6,4,102024,EXPANDED_REAL_NS2_SIMULATION
INST_2025,AODV,100,30,20,6,5,102025,EXPANDED_REAL_NS2_SIMULATION
INST_2025,DSDV,100,30,20,6,5,102025,EXPANDED_REAL_NS2_SIMULATION
INST_2025,AOMDV,100,30,20,6,5,102025,EXPANDED_REAL_NS2_SIMULATION
INST_2026,AODV,100,30,22,2,1,102026,EXPANDED_REAL_NS2_SIMULATION
INST_2026,DSDV,100,30,22,2,1,102026,EXPANDED_REAL_NS2_SIMULATION
INST_2026,AOMDV,100,30,22,2,1,102026,EXPANDED_REAL_NS2_SIMULATION
INST_2027,AODV,100,30,22,2,2,102027,EXPANDED_REAL_NS2_SIMULATION
INST_2027,DSDV,100,30,22,2,2,102027,EXPANDED_REAL_NS2_SIMULATION
INST_2027,AOMDV,100,30,22,2,2,102027,EXPANDED_REAL_NS2_SIMULATION
INST_2028,AODV,100,30,22,2,3,102028,EXPANDED_REAL_NS2_SIMULATION
INST_2028,DSDV,100,30,22,2,3,102028,EXPANDED_REAL_NS2_SIMULATION
INST_2028,AOMDV,100,30,22,2,3,102028,EXPANDED_REAL_NS2_SIMULATION
INST_2029,AODV,100,30,22,2,4,102029,EXPANDED_REAL_NS2_SIMULATION
INST_2029,DSDV,100,30,22,2,4,102029,EXPANDED_REAL_NS2_SIMULATION
INST_2029,AOMDV,100,30,22,2,4,102029,EXPANDED_REAL_NS2_SIMULATION
INST_2030,AODV,100,30,22,2,5,102030,EXPANDED_REAL_NS2_SIMULATION
INST_2030,DSDV,100,30,22,2,5,102030,EXPANDED_REAL_NS2_SIMULATION
INST_2030,AOMDV,100,30,22,2,5,102030,EXPANDED_REAL_NS2_SIMULATION
INST_2031,AODV,100,30,22,3,1,102031,EXPANDED_REAL_NS2_SIMULATION
INST_2031,DSDV,100,30,22,3,1,102031,EXPANDED_REAL_NS2_SIMULATION
INST_2031,AOMDV,100,30,22,3,1,102031,EXPANDED_REAL_NS2_SIMULATION
INST_2032,AODV,100,30,22,3,2,102032,EXPANDED_REAL_NS2_SIMULATION
INST_2032,DSDV,100,30,22,3,2,102032,EXPANDED_REAL_NS2_SIMULATION
INST_2032,AOMDV,100,30,22,3,2,102032,EXPANDED_REAL_NS2_SIMULATION
INST_2033,AODV,100,30,22,3,3,102033,EXPANDED_REAL_NS2_SIMULATION
INST_2033,DSDV,100,30,22,3,3,102033,EXPANDED_REAL_NS2_SIMULATION
INST_2033,AOMDV,100,30,22,3,3,102033,EXPANDED_REAL_NS2_SIMULATION
INST_2034,AODV,100,30,22,3,4,102034,EXPANDED_REAL_NS2_SIMULATION
INST_2034,DSDV,100,30,22,3,4,102034,EXPANDED_REAL_NS2_SIMULATION
INST_2034,AOMDV,100,30,22,3,4,102034,EXPANDED_REAL_NS2_SIMULATION
INST_2035,AODV,100,30,22,3,5,102035,EXPANDED_REAL_NS2_SIMULATION
INST_2035,DSDV,100,30,22,3,5,102035,EXPANDED_REAL_NS2_SIMULATION
INST_2035,AOMDV,100,30,22,3,5,102035,EXPANDED_REAL_NS2_SIMULATION
INST_2036,AODV,100,30,22,4,1,102036,EXPANDED_REAL_NS2_SIMULATION
INST_2036,DSDV,100,30,22,4,1,102036,EXPANDED_REAL_NS2_SIMULATION
INST_2036,AOMDV,100,30,22,4,1,102036,EXPANDED_REAL_NS2_SIMULATION
INST_2037,AODV,100,30,22,4,2,102037,EXPANDED_REAL_NS2_SIMULATION
INST_2037,DSDV,100,30,22,4,2,102037,EXPANDED_REAL_NS2_SIMULATION
INST_2037,AOMDV,100,30,22,4,2,102037,EXPANDED_REAL_NS2_SIMULATION
INST_2038,AODV,100,30,22,4,3,102038,EXPANDED_REAL_NS2_SIMULATION
INST_2038,DSDV,100,30,22,4,3,102038,EXPANDED_REAL_NS2_SIMULATION
INST_2038,AOMDV,100,30,22,4,3,102038,EXPANDED_REAL_NS2_SIMULATION
INST_2039,AODV,100,30,22,4,4,102039,EXPANDED_REAL_NS2_SIMULATION
INST_2039,DSDV,100,30,22,4,4,102039,EXPANDED_REAL_NS2_SIMULATION
INST_2039,AOMDV,100,30,22,4,4,102039,EXPANDED_REAL_NS2_SIMULATION
INST_2040,AODV,100,30,22,4,5,102040,EXPANDED_REAL_NS2_SIMULATION
INST_2040,DSDV,100,30,22,4,5,102040,EXPANDED_REAL_NS2_SIMULATION
INST_2040,AOMDV,100,30,22,4,5,102040,EXPANDED_REAL_NS2_SIMULATION
INST_2041,AODV,100,30,22,5,1,102041,EXPANDED_REAL_NS2_SIMULATION
INST_2041,DSDV,100,30,22,5,1,102041,EXPANDED_REAL_NS2_SIMULATION
INST_2041,AOMDV,100,30,22,5,1,102041,EXPANDED_REAL_NS2_SIMULATION
INST_2042,AODV,100,30,22,5,2,102042,EXPANDED_REAL_NS2_SIMULATION
INST_2042,DSDV,100,30,22,5,2,102042,EXPANDED_REAL_NS2_SIMULATION
INST_2042,AOMDV,100,30,22,5,2,102042,EXPANDED_REAL_NS2_SIMULATION
INST_2043,AODV,100,30,22,5,3,102043,EXPANDED_REAL_NS2_SIMULATION
INST_2043,DSDV,100,30,22,5,3,102043,EXPANDED_REAL_NS2_SIMULATION
INST_2043,AOMDV,100,30,22,5,3,102043,EXPANDED_REAL_NS2_SIMULATION
INST_2044,AODV,100,30,22,5,4,102044,EXPANDED_REAL_NS2_SIMULATION
INST_2044,DSDV,100,30,22,5,4,102044,EXPANDED_REAL_NS2_SIMULATION
INST_2044,AOMDV,100,30,22,5,4,102044,EXPANDED_REAL_NS2_SIMULATION
INST_2045,AODV,100,30,22,5,5,102045,EXPANDED_REAL_NS2_SIMULATION
INST_2045,DSDV,100,30,22,5,5,102045,EXPANDED_REAL_NS2_SIMULATION
INST_2045,AOMDV,100,30,22,5,5,102045,EXPANDED_REAL_NS2_SIMULATION
INST_2046,AODV,100,30,22,6,1,102046,EXPANDED_REAL_NS2_SIMULATION
INST_2046,DSDV,100,30,22,6,1,102046,EXPANDED_REAL_NS2_SIMULATION
INST_2046,AOMDV,100,30,22,6,1,102046,EXPANDED_REAL_NS2_SIMULATION
INST_2047,AODV,100,30,22,6,2,102047,EXPANDED_REAL_NS2_SIMULATION
INST_2047,DSDV,100,30,22,6,2,102047,EXPANDED_REAL_NS2_SIMULATION
INST_2047,AOMDV,100,30,22,6,2,102047,EXPANDED_REAL_NS2_SIMULATION
INST_2048,AODV,100,30,22,6,3,102048,EXPANDED_REAL_NS2_SIMULATION
INST_2048,DSDV,100,30,22,6,3,102048,EXPANDED_REAL_NS2_SIMULATION
INST_2048,AOMDV,100,30,22,6,3,102048,EXPANDED_REAL_NS2_SIMULATION
INST_2049,AODV,100,30,22,6,4,102049,EXPANDED_REAL_NS2_SIMULATION
INST_2049,DSDV,100,30,22,6,4,102049,EXPANDED_REAL_NS2_SIMULATION
INST_2049,AOMDV,100,30,22,6,4,102049,EXPANDED_REAL_NS2_SIMULATION
INST_2050,AODV,100,30,22,6,5,102050,EXPANDED_REAL_NS2_SIMULATION
INST_2050,DSDV,100,30,22,6,5,102050,EXPANDED_REAL_NS2_SIMULATION
INST_2050,AOMDV,100,30,22,6,5,102050,EXPANDED_REAL_NS2_SIMULATION
INST_2051,AODV,100,30,22,8,1,102051,EXPANDED_REAL_NS2_SIMULATION
INST_2051,DSDV,100,30,22,8,1,102051,EXPANDED_REAL_NS2_SIMULATION
INST_2051,AOMDV,100,30,22,8,1,102051,EXPANDED_REAL_NS2_SIMULATION
INST_2052,AODV,100,30,22,8,2,102052,EXPANDED_REAL_NS2_SIMULATION
INST_2052,DSDV,100,30,22,8,2,102052,EXPANDED_REAL_NS2_SIMULATION
INST_2052,AOMDV,100,30,22,8,2,102052,EXPANDED_REAL_NS2_SIMULATION
INST_2053,AODV,100,30,22,8,3,102053,EXPANDED_REAL_NS2_SIMULATION
INST_2053,DSDV,100,30,22,8,3,102053,EXPANDED_REAL_NS2_SIMULATION
INST_2053,AOMDV,100,30,22,8,3,102053,EXPANDED_REAL_NS2_SIMULATION
INST_2054,AODV,100,30,22,8,4,102054,EXPANDED_REAL_NS2_SIMULATION
INST_2054,DSDV,100,30,22,8,4,102054,EXPANDED_REAL_NS2_SIMULATION
INST_2054,AOMDV,100,30,22,8,4,102054,EXPANDED_REAL_NS2_SIMULATION
INST_2055,AODV,100,30,22,8,5,102055,EXPANDED_REAL_NS2_SIMULATION
INST_2055,DSDV,100,30,22,8,5,102055,EXPANDED_REAL_NS2_SIMULATION
INST_2055,AOMDV,100,30,22,8,5,102055,EXPANDED_REAL_NS2_SIMULATION
INST_2056,AODV,100,30,25,3,1,102056,EXPANDED_REAL_NS2_SIMULATION
INST_2056,DSDV,100,30,25,3,1,102056,EXPANDED_REAL_NS2_SIMULATION
INST_2056,AOMDV,100,30,25,3,1,102056,EXPANDED_REAL_NS2_SIMULATION
INST_2057,AODV,100,30,25,3,2,102057,EXPANDED_REAL_NS2_SIMULATION
INST_2057,DSDV,100,30,25,3,2,102057,EXPANDED_REAL_NS2_SIMULATION
INST_2057,AOMDV,100,30,25,3,2,102057,EXPANDED_REAL_NS2_SIMULATION
INST_2058,AODV,100,30,25,3,3,102058,EXPANDED_REAL_NS2_SIMULATION
INST_2058,DSDV,100,30,25,3,3,102058,EXPANDED_REAL_NS2_SIMULATION
INST_2058,AOMDV,100,30,25,3,3,102058,EXPANDED_REAL_NS2_SIMULATION
INST_2059,AODV,100,30,25,3,4,102059,EXPANDED_REAL_NS2_SIMULATION
INST_2059,DSDV,100,30,25,3,4,102059,EXPANDED_REAL_NS2_SIMULATION
INST_2059,AOMDV,100,30,25,3,4,102059,EXPANDED_REAL_NS2_SIMULATION
INST_2060,AODV,100,30,25,3,5,102060,EXPANDED_REAL_NS2_SIMULATION
INST_2060,DSDV,100,30,25,3,5,102060,EXPANDED_REAL_NS2_SIMULATION
INST_2060,AOMDV,100,30,25,3,5,102060,EXPANDED_REAL_NS2_SIMULATION
INST_2061,AODV,100,30,25,5,1,102061,EXPANDED_REAL_NS2_SIMULATION
INST_2061,DSDV,100,30,25,5,1,102061,EXPANDED_REAL_NS2_SIMULATION
INST_2061,AOMDV,100,30,25,5,1,102061,EXPANDED_REAL_NS2_SIMULATION
INST_2062,AODV,100,30,25,5,2,102062,EXPANDED_REAL_NS2_SIMULATION
INST_2062,DSDV,100,30,25,5,2,102062,EXPANDED_REAL_NS2_SIMULATION
INST_2062,AOMDV,100,30,25,5,2,102062,EXPANDED_REAL_NS2_SIMULATION
INST_2063,AODV,100,30,25,5,3,102063,EXPANDED_REAL_NS2_SIMULATION
INST_2063,DSDV,100,30,25,5,3,102063,EXPANDED_REAL_NS2_SIMULATION
INST_2063,AOMDV,100,30,25,5,3,102063,EXPANDED_REAL_NS2_SIMULATION
INST_2064,AODV,100,30,25,5,4,102064,EXPANDED_REAL_NS2_SIMULATION
INST_2064,DSDV,100,30,25,5,4,102064,EXPANDED_REAL_NS2_SIMULATION
INST_2064,AOMDV,100,30,25,5,4,102064,EXPANDED_REAL_NS2_SIMULATION
INST_2065,AODV,100,30,25,5,5,102065,EXPANDED_REAL_NS2_SIMULATION
INST_2065,DSDV,100,30,25,5,5,102065,EXPANDED_REAL_NS2_SIMULATION
INST_2065,AOMDV,100,30,25,5,5,102065,EXPANDED_REAL_NS2_SIMULATION
INST_2066,AODV,100,30,25,6,1,102066,EXPANDED_REAL_NS2_SIMULATION
INST_2066,DSDV,100,30,25,6,1,102066,EXPANDED_REAL_NS2_SIMULATION
INST_2066,AOMDV,100,30,25,6,1,102066,EXPANDED_REAL_NS2_SIMULATION
INST_2067,AODV,100,30,25,6,2,102067,EXPANDED_REAL_NS2_SIMULATION
INST_2067,DSDV,100,30,25,6,2,102067,EXPANDED_REAL_NS2_SIMULATION
INST_2067,AOMDV,100,30,25,6,2,102067,EXPANDED_REAL_NS2_SIMULATION
INST_2068,AODV,100,30,25,6,3,102068,EXPANDED_REAL_NS2_SIMULATION
INST_2068,DSDV,100,30,25,6,3,102068,EXPANDED_REAL_NS2_SIMULATION
INST_2068,AOMDV,100,30,25,6,3,102068,EXPANDED_REAL_NS2_SIMULATION
INST_2069,AODV,100,30,25,6,4,102069,EXPANDED_REAL_NS2_SIMULATION
INST_2069,DSDV,100,30,25,6,4,102069,EXPANDED_REAL_NS2_SIMULATION
INST_2069,AOMDV,100,30,25,6,4,102069,EXPANDED_REAL_NS2_SIMULATION
INST_2070,AODV,100,30,25,6,5,102070,EXPANDED_REAL_NS2_SIMULATION
INST_2070,DSDV,100,30,25,6,5,102070,EXPANDED_REAL_NS2_SIMULATION
INST_2070,AOMDV,100,30,25,6,5,102070,EXPANDED_REAL_NS2_SIMULATION
INST_2071,AODV,100,40,5,3,1,102071,EXPANDED_REAL_NS2_SIMULATION
INST_2071,DSDV,100,40,5,3,1,102071,EXPANDED_REAL_NS2_SIMULATION
INST_2071,AOMDV,100,40,5,3,1,102071,EXPANDED_REAL_NS2_SIMULATION
INST_2072,AODV,100,40,5,3,2,102072,EXPANDED_REAL_NS2_SIMULATION
INST_2072,DSDV,100,40,5,3,2,102072,EXPANDED_REAL_NS2_SIMULATION
INST_2072,AOMDV,100,40,5,3,2,102072,EXPANDED_REAL_NS2_SIMULATION
INST_2073,AODV,100,40,5,3,3,102073,EXPANDED_REAL_NS2_SIMULATION
INST_2073,DSDV,100,40,5,3,3,102073,EXPANDED_REAL_NS2_SIMULATION
INST_2073,AOMDV,100,40,5,3,3,102073,EXPANDED_REAL_NS2_SIMULATION
INST_2074,AODV,100,40,5,3,4,102074,EXPANDED_REAL_NS2_SIMULATION
INST_2074,DSDV,100,40,5,3,4,102074,EXPANDED_REAL_NS2_SIMULATION
INST_2074,AOMDV,100,40,5,3,4,102074,EXPANDED_REAL_NS2_SIMULATION
INST_2075,AODV,100,40,5,3,5,102075,EXPANDED_REAL_NS2_SIMULATION
INST_2075,DSDV,100,40,5,3,5,102075,EXPANDED_REAL_NS2_SIMULATION
INST_2075,AOMDV,100,40,5,3,5,102075,EXPANDED_REAL_NS2_SIMULATION
INST_2076,AODV,100,40,5,5,1,102076,EXPANDED_REAL_NS2_SIMULATION
INST_2076,DSDV,100,40,5,5,1,102076,EXPANDED_REAL_NS2_SIMULATION
INST_2076,AOMDV,100,40,5,5,1,102076,EXPANDED_REAL_NS2_SIMULATION
INST_2077,AODV,100,40,5,5,2,102077,EXPANDED_REAL_NS2_SIMULATION
INST_2077,DSDV,100,40,5,5,2,102077,EXPANDED_REAL_NS2_SIMULATION
INST_2077,AOMDV,100,40,5,5,2,102077,EXPANDED_REAL_NS2_SIMULATION
INST_2078,AODV,100,40,5,5,3,102078,EXPANDED_REAL_NS2_SIMULATION
INST_2078,DSDV,100,40,5,5,3,102078,EXPANDED_REAL_NS2_SIMULATION
INST_2078,AOMDV,100,40,5,5,3,102078,EXPANDED_REAL_NS2_SIMULATION
INST_2079,AODV,100,40,5,5,4,102079,EXPANDED_REAL_NS2_SIMULATION
INST_2079,DSDV,100,40,5,5,4,102079,EXPANDED_REAL_NS2_SIMULATION
INST_2079,AOMDV,100,40,5,5,4,102079,EXPANDED_REAL_NS2_SIMULATION
INST_2080,AODV,100,40,5,5,5,102080,EXPANDED_REAL_NS2_SIMULATION
INST_2080,DSDV,100,40,5,5,5,102080,EXPANDED_REAL_NS2_SIMULATION
INST_2080,AOMDV,100,40,5,5,5,102080,EXPANDED_REAL_NS2_SIMULATION
INST_2081,AODV,100,40,5,6,1,102081,EXPANDED_REAL_NS2_SIMULATION
INST_2081,DSDV,100,40,5,6,1,102081,EXPANDED_REAL_NS2_SIMULATION
INST_2081,AOMDV,100,40,5,6,1,102081,EXPANDED_REAL_NS2_SIMULATION
INST_2082,AODV,100,40,5,6,2,102082,EXPANDED_REAL_NS2_SIMULATION
INST_2082,DSDV,100,40,5,6,2,102082,EXPANDED_REAL_NS2_SIMULATION
INST_2082,AOMDV,100,40,5,6,2,102082,EXPANDED_REAL_NS2_SIMULATION
INST_2083,AODV,100,40,5,6,3,102083,EXPANDED_REAL_NS2_SIMULATION
INST_2083,DSDV,100,40,5,6,3,102083,EXPANDED_REAL_NS2_SIMULATION
INST_2083,AOMDV,100,40,5,6,3,102083,EXPANDED_REAL_NS2_SIMULATION
INST_2084,AODV,100,40,5,6,4,102084,EXPANDED_REAL_NS2_SIMULATION
INST_2084,DSDV,100,40,5,6,4,102084,EXPANDED_REAL_NS2_SIMULATION
INST_2084,AOMDV,100,40,5,6,4,102084,EXPANDED_REAL_NS2_SIMULATION
INST_2085,AODV,100,40,5,6,5,102085,EXPANDED_REAL_NS2_SIMULATION
INST_2085,DSDV,100,40,5,6,5,102085,EXPANDED_REAL_NS2_SIMULATION
INST_2085,AOMDV,100,40,5,6,5,102085,EXPANDED_REAL_NS2_SIMULATION
INST_2086,AODV,100,40,7,2,1,102086,EXPANDED_REAL_NS2_SIMULATION
INST_2086,DSDV,100,40,7,2,1,102086,EXPANDED_REAL_NS2_SIMULATION
INST_2086,AOMDV,100,40,7,2,1,102086,EXPANDED_REAL_NS2_SIMULATION
INST_2087,AODV,100,40,7,2,2,102087,EXPANDED_REAL_NS2_SIMULATION
INST_2087,DSDV,100,40,7,2,2,102087,EXPANDED_REAL_NS2_SIMULATION
INST_2087,AOMDV,100,40,7,2,2,102087,EXPANDED_REAL_NS2_SIMULATION
INST_2088,AODV,100,40,7,2,3,102088,EXPANDED_REAL_NS2_SIMULATION
INST_2088,DSDV,100,40,7,2,3,102088,EXPANDED_REAL_NS2_SIMULATION
INST_2088,AOMDV,100,40,7,2,3,102088,EXPANDED_REAL_NS2_SIMULATION
INST_2089,AODV,100,40,7,2,4,102089,EXPANDED_REAL_NS2_SIMULATION
INST_2089,DSDV,100,40,7,2,4,102089,EXPANDED_REAL_NS2_SIMULATION
INST_2089,AOMDV,100,40,7,2,4,102089,EXPANDED_REAL_NS2_SIMULATION
INST_2090,AODV,100,40,7,2,5,102090,EXPANDED_REAL_NS2_SIMULATION
INST_2090,DSDV,100,40,7,2,5,102090,EXPANDED_REAL_NS2_SIMULATION
INST_2090,AOMDV,100,40,7,2,5,102090,EXPANDED_REAL_NS2_SIMULATION
INST_2091,AODV,100,40,7,3,1,102091,EXPANDED_REAL_NS2_SIMULATION
INST_2091,DSDV,100,40,7,3,1,102091,EXPANDED_REAL_NS2_SIMULATION
INST_2091,AOMDV,100,40,7,3,1,102091,EXPANDED_REAL_NS2_SIMULATION
INST_2092,AODV,100,40,7,3,2,102092,EXPANDED_REAL_NS2_SIMULATION
INST_2092,DSDV,100,40,7,3,2,102092,EXPANDED_REAL_NS2_SIMULATION
INST_2092,AOMDV,100,40,7,3,2,102092,EXPANDED_REAL_NS2_SIMULATION
INST_2093,AODV,100,40,7,3,3,102093,EXPANDED_REAL_NS2_SIMULATION
INST_2093,DSDV,100,40,7,3,3,102093,EXPANDED_REAL_NS2_SIMULATION
INST_2093,AOMDV,100,40,7,3,3,102093,EXPANDED_REAL_NS2_SIMULATION
INST_2094,AODV,100,40,7,3,4,102094,EXPANDED_REAL_NS2_SIMULATION
INST_2094,DSDV,100,40,7,3,4,102094,EXPANDED_REAL_NS2_SIMULATION
INST_2094,AOMDV,100,40,7,3,4,102094,EXPANDED_REAL_NS2_SIMULATION
INST_2095,AODV,100,40,7,3,5,102095,EXPANDED_REAL_NS2_SIMULATION
INST_2095,DSDV,100,40,7,3,5,102095,EXPANDED_REAL_NS2_SIMULATION
INST_2095,AOMDV,100,40,7,3,5,102095,EXPANDED_REAL_NS2_SIMULATION
INST_2096,AODV,100,40,7,4,1,102096,EXPANDED_REAL_NS2_SIMULATION
INST_2096,DSDV,100,40,7,4,1,102096,EXPANDED_REAL_NS2_SIMULATION
INST_2096,AOMDV,100,40,7,4,1,102096,EXPANDED_REAL_NS2_SIMULATION
INST_2097,AODV,100,40,7,4,2,102097,EXPANDED_REAL_NS2_SIMULATION
INST_2097,DSDV,100,40,7,4,2,102097,EXPANDED_REAL_NS2_SIMULATION
INST_2097,AOMDV,100,40,7,4,2,102097,EXPANDED_REAL_NS2_SIMULATION
INST_2098,AODV,100,40,7,4,3,102098,EXPANDED_REAL_NS2_SIMULATION
INST_2098,DSDV,100,40,7,4,3,102098,EXPANDED_REAL_NS2_SIMULATION
INST_2098,AOMDV,100,40,7,4,3,102098,EXPANDED_REAL_NS2_SIMULATION
INST_2099,AODV,100,40,7,4,4,102099,EXPANDED_REAL_NS2_SIMULATION
INST_2099,DSDV,100,40,7,4,4,102099,EXPANDED_REAL_NS2_SIMULATION
INST_2099,AOMDV,100,40,7,4,4,102099,EXPANDED_REAL_NS2_SIMULATION
INST_2100,AODV,100,40,7,4,5,102100,EXPANDED_REAL_NS2_SIMULATION
INST_2100,DSDV,100,40,7,4,5,102100,EXPANDED_REAL_NS2_SIMULATION
INST_2100,AOMDV,100,40,7,4,5,102100,EXPANDED_REAL_NS2_SIMULATION
INST_2101,AODV,100,40,7,5,1,102101,EXPANDED_REAL_NS2_SIMULATION
INST_2101,DSDV,100,40,7,5,1,102101,EXPANDED_REAL_NS2_SIMULATION
INST_2101,AOMDV,100,40,7,5,1,102101,EXPANDED_REAL_NS2_SIMULATION
INST_2102,AODV,100,40,7,5,2,102102,EXPANDED_REAL_NS2_SIMULATION
INST_2102,DSDV,100,40,7,5,2,102102,EXPANDED_REAL_NS2_SIMULATION
INST_2102,AOMDV,100,40,7,5,2,102102,EXPANDED_REAL_NS2_SIMULATION
INST_2103,AODV,100,40,7,5,3,102103,EXPANDED_REAL_NS2_SIMULATION
INST_2103,DSDV,100,40,7,5,3,102103,EXPANDED_REAL_NS2_SIMULATION
INST_2103,AOMDV,100,40,7,5,3,102103,EXPANDED_REAL_NS2_SIMULATION
INST_2104,AODV,100,40,7,5,4,102104,EXPANDED_REAL_NS2_SIMULATION
INST_2104,DSDV,100,40,7,5,4,102104,EXPANDED_REAL_NS2_SIMULATION
INST_2104,AOMDV,100,40,7,5,4,102104,EXPANDED_REAL_NS2_SIMULATION
INST_2105,AODV,100,40,7,5,5,102105,EXPANDED_REAL_NS2_SIMULATION
INST_2105,DSDV,100,40,7,5,5,102105,EXPANDED_REAL_NS2_SIMULATION
INST_2105,AOMDV,100,40,7,5,5,102105,EXPANDED_REAL_NS2_SIMULATION
INST_2106,AODV,100,40,7,6,1,102106,EXPANDED_REAL_NS2_SIMULATION
INST_2106,DSDV,100,40,7,6,1,102106,EXPANDED_REAL_NS2_SIMULATION
INST_2106,AOMDV,100,40,7,6,1,102106,EXPANDED_REAL_NS2_SIMULATION
INST_2107,AODV,100,40,7,6,2,102107,EXPANDED_REAL_NS2_SIMULATION
INST_2107,DSDV,100,40,7,6,2,102107,EXPANDED_REAL_NS2_SIMULATION
INST_2107,AOMDV,100,40,7,6,2,102107,EXPANDED_REAL_NS2_SIMULATION
INST_2108,AODV,100,40,7,6,3,102108,EXPANDED_REAL_NS2_SIMULATION
INST_2108,DSDV,100,40,7,6,3,102108,EXPANDED_REAL_NS2_SIMULATION
INST_2108,AOMDV,100,40,7,6,3,102108,EXPANDED_REAL_NS2_SIMULATION
INST_2109,AODV,100,40,7,6,4,102109,EXPANDED_REAL_NS2_SIMULATION
INST_2109,DSDV,100,40,7,6,4,102109,EXPANDED_REAL_NS2_SIMULATION
INST_2109,AOMDV,100,40,7,6,4,102109,EXPANDED_REAL_NS2_SIMULATION
INST_2110,AODV,100,40,7,6,5,102110,EXPANDED_REAL_NS2_SIMULATION
INST_2110,DSDV,100,40,7,6,5,102110,EXPANDED_REAL_NS2_SIMULATION
INST_2110,AOMDV,100,40,7,6,5,102110,EXPANDED_REAL_NS2_SIMULATION
INST_2111,AODV,100,40,7,8,1,102111,EXPANDED_REAL_NS2_SIMULATION
INST_2111,DSDV,100,40,7,8,1,102111,EXPANDED_REAL_NS2_SIMULATION
INST_2111,AOMDV,100,40,7,8,1,102111,EXPANDED_REAL_NS2_SIMULATION
INST_2112,AODV,100,40,7,8,2,102112,EXPANDED_REAL_NS2_SIMULATION
INST_2112,DSDV,100,40,7,8,2,102112,EXPANDED_REAL_NS2_SIMULATION
INST_2112,AOMDV,100,40,7,8,2,102112,EXPANDED_REAL_NS2_SIMULATION
INST_2113,AODV,100,40,7,8,3,102113,EXPANDED_REAL_NS2_SIMULATION
INST_2113,DSDV,100,40,7,8,3,102113,EXPANDED_REAL_NS2_SIMULATION
INST_2113,AOMDV,100,40,7,8,3,102113,EXPANDED_REAL_NS2_SIMULATION
INST_2114,AODV,100,40,7,8,4,102114,EXPANDED_REAL_NS2_SIMULATION
INST_2114,DSDV,100,40,7,8,4,102114,EXPANDED_REAL_NS2_SIMULATION
INST_2114,AOMDV,100,40,7,8,4,102114,EXPANDED_REAL_NS2_SIMULATION
INST_2115,AODV,100,40,7,8,5,102115,EXPANDED_REAL_NS2_SIMULATION
INST_2115,DSDV,100,40,7,8,5,102115,EXPANDED_REAL_NS2_SIMULATION
INST_2115,AOMDV,100,40,7,8,5,102115,EXPANDED_REAL_NS2_SIMULATION
INST_2116,AODV,100,40,10,3,1,102116,EXPANDED_REAL_NS2_SIMULATION
INST_2116,DSDV,100,40,10,3,1,102116,EXPANDED_REAL_NS2_SIMULATION
INST_2116,AOMDV,100,40,10,3,1,102116,EXPANDED_REAL_NS2_SIMULATION
INST_2117,AODV,100,40,10,3,2,102117,EXPANDED_REAL_NS2_SIMULATION
INST_2117,DSDV,100,40,10,3,2,102117,EXPANDED_REAL_NS2_SIMULATION
INST_2117,AOMDV,100,40,10,3,2,102117,EXPANDED_REAL_NS2_SIMULATION
INST_2118,AODV,100,40,10,3,3,102118,EXPANDED_REAL_NS2_SIMULATION
INST_2118,DSDV,100,40,10,3,3,102118,EXPANDED_REAL_NS2_SIMULATION
INST_2118,AOMDV,100,40,10,3,3,102118,EXPANDED_REAL_NS2_SIMULATION
INST_2119,AODV,100,40,10,3,4,102119,EXPANDED_REAL_NS2_SIMULATION
INST_2119,DSDV,100,40,10,3,4,102119,EXPANDED_REAL_NS2_SIMULATION
INST_2119,AOMDV,100,40,10,3,4,102119,EXPANDED_REAL_NS2_SIMULATION
INST_2120,AODV,100,40,10,3,5,102120,EXPANDED_REAL_NS2_SIMULATION
INST_2120,DSDV,100,40,10,3,5,102120,EXPANDED_REAL_NS2_SIMULATION
INST_2120,AOMDV,100,40,10,3,5,102120,EXPANDED_REAL_NS2_SIMULATION
INST_2121,AODV,100,40,10,5,1,102121,EXPANDED_REAL_NS2_SIMULATION
INST_2121,DSDV,100,40,10,5,1,102121,EXPANDED_REAL_NS2_SIMULATION
INST_2121,AOMDV,100,40,10,5,1,102121,EXPANDED_REAL_NS2_SIMULATION
INST_2122,AODV,100,40,10,5,2,102122,EXPANDED_REAL_NS2_SIMULATION
INST_2122,DSDV,100,40,10,5,2,102122,EXPANDED_REAL_NS2_SIMULATION
INST_2122,AOMDV,100,40,10,5,2,102122,EXPANDED_REAL_NS2_SIMULATION
INST_2123,AODV,100,40,10,5,3,102123,EXPANDED_REAL_NS2_SIMULATION
INST_2123,DSDV,100,40,10,5,3,102123,EXPANDED_REAL_NS2_SIMULATION
INST_2123,AOMDV,100,40,10,5,3,102123,EXPANDED_REAL_NS2_SIMULATION
INST_2124,AODV,100,40,10,5,4,102124,EXPANDED_REAL_NS2_SIMULATION
INST_2124,DSDV,100,40,10,5,4,102124,EXPANDED_REAL_NS2_SIMULATION
INST_2124,AOMDV,100,40,10,5,4,102124,EXPANDED_REAL_NS2_SIMULATION
INST_2125,AODV,100,40,10,5,5,102125,EXPANDED_REAL_NS2_SIMULATION
INST_2125,DSDV,100,40,10,5,5,102125,EXPANDED_REAL_NS2_SIMULATION
INST_2125,AOMDV,100,40,10,5,5,102125,EXPANDED_REAL_NS2_SIMULATION
INST_2126,AODV,100,40,10,6,1,102126,EXPANDED_REAL_NS2_SIMULATION
INST_2126,DSDV,100,40,10,6,1,102126,EXPANDED_REAL_NS2_SIMULATION
INST_2126,AOMDV,100,40,10,6,1,102126,EXPANDED_REAL_NS2_SIMULATION
INST_2127,AODV,100,40,10,6,2,102127,EXPANDED_REAL_NS2_SIMULATION
INST_2127,DSDV,100,40,10,6,2,102127,EXPANDED_REAL_NS2_SIMULATION
INST_2127,AOMDV,100,40,10,6,2,102127,EXPANDED_REAL_NS2_SIMULATION
INST_2128,AODV,100,40,10,6,3,102128,EXPANDED_REAL_NS2_SIMULATION
INST_2128,DSDV,100,40,10,6,3,102128,EXPANDED_REAL_NS2_SIMULATION
INST_2128,AOMDV,100,40,10,6,3,102128,EXPANDED_REAL_NS2_SIMULATION
INST_2129,AODV,100,40,10,6,4,102129,EXPANDED_REAL_NS2_SIMULATION
INST_2129,DSDV,100,40,10,6,4,102129,EXPANDED_REAL_NS2_SIMULATION
INST_2129,AOMDV,100,40,10,6,4,102129,EXPANDED_REAL_NS2_SIMULATION
INST_2130,AODV,100,40,10,6,5,102130,EXPANDED_REAL_NS2_SIMULATION
INST_2130,DSDV,100,40,10,6,5,102130,EXPANDED_REAL_NS2_SIMULATION
INST_2130,AOMDV,100,40,10,6,5,102130,EXPANDED_REAL_NS2_SIMULATION
INST_2131,AODV,100,40,12,2,1,102131,EXPANDED_REAL_NS2_SIMULATION
INST_2131,DSDV,100,40,12,2,1,102131,EXPANDED_REAL_NS2_SIMULATION
INST_2131,AOMDV,100,40,12,2,1,102131,EXPANDED_REAL_NS2_SIMULATION
INST_2132,AODV,100,40,12,2,2,102132,EXPANDED_REAL_NS2_SIMULATION
INST_2132,DSDV,100,40,12,2,2,102132,EXPANDED_REAL_NS2_SIMULATION
INST_2132,AOMDV,100,40,12,2,2,102132,EXPANDED_REAL_NS2_SIMULATION
INST_2133,AODV,100,40,12,2,3,102133,EXPANDED_REAL_NS2_SIMULATION
INST_2133,DSDV,100,40,12,2,3,102133,EXPANDED_REAL_NS2_SIMULATION
INST_2133,AOMDV,100,40,12,2,3,102133,EXPANDED_REAL_NS2_SIMULATION
INST_2134,AODV,100,40,12,2,4,102134,EXPANDED_REAL_NS2_SIMULATION
INST_2134,DSDV,100,40,12,2,4,102134,EXPANDED_REAL_NS2_SIMULATION
INST_2134,AOMDV,100,40,12,2,4,102134,EXPANDED_REAL_NS2_SIMULATION
INST_2135,AODV,100,40,12,2,5,102135,EXPANDED_REAL_NS2_SIMULATION
INST_2135,DSDV,100,40,12,2,5,102135,EXPANDED_REAL_NS2_SIMULATION
INST_2135,AOMDV,100,40,12,2,5,102135,EXPANDED_REAL_NS2_SIMULATION
INST_2136,AODV,100,40,12,3,1,102136,EXPANDED_REAL_NS2_SIMULATION
INST_2136,DSDV,100,40,12,3,1,102136,EXPANDED_REAL_NS2_SIMULATION
INST_2136,AOMDV,100,40,12,3,1,102136,EXPANDED_REAL_NS2_SIMULATION
INST_2137,AODV,100,40,12,3,2,102137,EXPANDED_REAL_NS2_SIMULATION
INST_2137,DSDV,100,40,12,3,2,102137,EXPANDED_REAL_NS2_SIMULATION
INST_2137,AOMDV,100,40,12,3,2,102137,EXPANDED_REAL_NS2_SIMULATION
INST_2138,AODV,100,40,12,3,3,102138,EXPANDED_REAL_NS2_SIMULATION
INST_2138,DSDV,100,40,12,3,3,102138,EXPANDED_REAL_NS2_SIMULATION
INST_2138,AOMDV,100,40,12,3,3,102138,EXPANDED_REAL_NS2_SIMULATION
INST_2139,AODV,100,40,12,3,4,102139,EXPANDED_REAL_NS2_SIMULATION
INST_2139,DSDV,100,40,12,3,4,102139,EXPANDED_REAL_NS2_SIMULATION
INST_2139,AOMDV,100,40,12,3,4,102139,EXPANDED_REAL_NS2_SIMULATION
INST_2140,AODV,100,40,12,3,5,102140,EXPANDED_REAL_NS2_SIMULATION
INST_2140,DSDV,100,40,12,3,5,102140,EXPANDED_REAL_NS2_SIMULATION
INST_2140,AOMDV,100,40,12,3,5,102140,EXPANDED_REAL_NS2_SIMULATION
INST_2141,AODV,100,40,12,4,1,102141,EXPANDED_REAL_NS2_SIMULATION
INST_2141,DSDV,100,40,12,4,1,102141,EXPANDED_REAL_NS2_SIMULATION
INST_2141,AOMDV,100,40,12,4,1,102141,EXPANDED_REAL_NS2_SIMULATION
INST_2142,AODV,100,40,12,4,2,102142,EXPANDED_REAL_NS2_SIMULATION
INST_2142,DSDV,100,40,12,4,2,102142,EXPANDED_REAL_NS2_SIMULATION
INST_2142,AOMDV,100,40,12,4,2,102142,EXPANDED_REAL_NS2_SIMULATION
INST_2143,AODV,100,40,12,4,3,102143,EXPANDED_REAL_NS2_SIMULATION
INST_2143,DSDV,100,40,12,4,3,102143,EXPANDED_REAL_NS2_SIMULATION
INST_2143,AOMDV,100,40,12,4,3,102143,EXPANDED_REAL_NS2_SIMULATION
INST_2144,AODV,100,40,12,4,4,102144,EXPANDED_REAL_NS2_SIMULATION
INST_2144,DSDV,100,40,12,4,4,102144,EXPANDED_REAL_NS2_SIMULATION
INST_2144,AOMDV,100,40,12,4,4,102144,EXPANDED_REAL_NS2_SIMULATION
INST_2145,AODV,100,40,12,4,5,102145,EXPANDED_REAL_NS2_SIMULATION
INST_2145,DSDV,100,40,12,4,5,102145,EXPANDED_REAL_NS2_SIMULATION
INST_2145,AOMDV,100,40,12,4,5,102145,EXPANDED_REAL_NS2_SIMULATION
INST_2146,AODV,100,40,12,5,1,102146,EXPANDED_REAL_NS2_SIMULATION
INST_2146,DSDV,100,40,12,5,1,102146,EXPANDED_REAL_NS2_SIMULATION
INST_2146,AOMDV,100,40,12,5,1,102146,EXPANDED_REAL_NS2_SIMULATION
INST_2147,AODV,100,40,12,5,2,102147,EXPANDED_REAL_NS2_SIMULATION
INST_2147,DSDV,100,40,12,5,2,102147,EXPANDED_REAL_NS2_SIMULATION
INST_2147,AOMDV,100,40,12,5,2,102147,EXPANDED_REAL_NS2_SIMULATION
INST_2148,AODV,100,40,12,5,3,102148,EXPANDED_REAL_NS2_SIMULATION
INST_2148,DSDV,100,40,12,5,3,102148,EXPANDED_REAL_NS2_SIMULATION
INST_2148,AOMDV,100,40,12,5,3,102148,EXPANDED_REAL_NS2_SIMULATION
INST_2149,AODV,100,40,12,5,4,102149,EXPANDED_REAL_NS2_SIMULATION
INST_2149,DSDV,100,40,12,5,4,102149,EXPANDED_REAL_NS2_SIMULATION
INST_2149,AOMDV,100,40,12,5,4,102149,EXPANDED_REAL_NS2_SIMULATION
INST_2150,AODV,100,40,12,5,5,102150,EXPANDED_REAL_NS2_SIMULATION
INST_2150,DSDV,100,40,12,5,5,102150,EXPANDED_REAL_NS2_SIMULATION
INST_2150,AOMDV,100,40,12,5,5,102150,EXPANDED_REAL_NS2_SIMULATION
INST_2151,AODV,100,40,12,6,1,102151,EXPANDED_REAL_NS2_SIMULATION
INST_2151,DSDV,100,40,12,6,1,102151,EXPANDED_REAL_NS2_SIMULATION
INST_2151,AOMDV,100,40,12,6,1,102151,EXPANDED_REAL_NS2_SIMULATION
INST_2152,AODV,100,40,12,6,2,102152,EXPANDED_REAL_NS2_SIMULATION
INST_2152,DSDV,100,40,12,6,2,102152,EXPANDED_REAL_NS2_SIMULATION
INST_2152,AOMDV,100,40,12,6,2,102152,EXPANDED_REAL_NS2_SIMULATION
INST_2153,AODV,100,40,12,6,3,102153,EXPANDED_REAL_NS2_SIMULATION
INST_2153,DSDV,100,40,12,6,3,102153,EXPANDED_REAL_NS2_SIMULATION
INST_2153,AOMDV,100,40,12,6,3,102153,EXPANDED_REAL_NS2_SIMULATION
INST_2154,AODV,100,40,12,6,4,102154,EXPANDED_REAL_NS2_SIMULATION
INST_2154,DSDV,100,40,12,6,4,102154,EXPANDED_REAL_NS2_SIMULATION
INST_2154,AOMDV,100,40,12,6,4,102154,EXPANDED_REAL_NS2_SIMULATION
INST_2155,AODV,100,40,12,6,5,102155,EXPANDED_REAL_NS2_SIMULATION
INST_2155,DSDV,100,40,12,6,5,102155,EXPANDED_REAL_NS2_SIMULATION
INST_2155,AOMDV,100,40,12,6,5,102155,EXPANDED_REAL_NS2_SIMULATION
INST_2156,AODV,100,40,12,8,1,102156,EXPANDED_REAL_NS2_SIMULATION
INST_2156,DSDV,100,40,12,8,1,102156,EXPANDED_REAL_NS2_SIMULATION
INST_2156,AOMDV,100,40,12,8,1,102156,EXPANDED_REAL_NS2_SIMULATION
INST_2157,AODV,100,40,12,8,2,102157,EXPANDED_REAL_NS2_SIMULATION
INST_2157,DSDV,100,40,12,8,2,102157,EXPANDED_REAL_NS2_SIMULATION
INST_2157,AOMDV,100,40,12,8,2,102157,EXPANDED_REAL_NS2_SIMULATION
INST_2158,AODV,100,40,12,8,3,102158,EXPANDED_REAL_NS2_SIMULATION
INST_2158,DSDV,100,40,12,8,3,102158,EXPANDED_REAL_NS2_SIMULATION
INST_2158,AOMDV,100,40,12,8,3,102158,EXPANDED_REAL_NS2_SIMULATION
INST_2159,AODV,100,40,12,8,4,102159,EXPANDED_REAL_NS2_SIMULATION
INST_2159,DSDV,100,40,12,8,4,102159,EXPANDED_REAL_NS2_SIMULATION
INST_2159,AOMDV,100,40,12,8,4,102159,EXPANDED_REAL_NS2_SIMULATION
INST_2160,AODV,100,40,12,8,5,102160,EXPANDED_REAL_NS2_SIMULATION
INST_2160,DSDV,100,40,12,8,5,102160,EXPANDED_REAL_NS2_SIMULATION
INST_2160,AOMDV,100,40,12,8,5,102160,EXPANDED_REAL_NS2_SIMULATION
INST_2161,AODV,100,40,15,3,1,102161,EXPANDED_REAL_NS2_SIMULATION
INST_2161,DSDV,100,40,15,3,1,102161,EXPANDED_REAL_NS2_SIMULATION
INST_2161,AOMDV,100,40,15,3,1,102161,EXPANDED_REAL_NS2_SIMULATION
INST_2162,AODV,100,40,15,3,2,102162,EXPANDED_REAL_NS2_SIMULATION
INST_2162,DSDV,100,40,15,3,2,102162,EXPANDED_REAL_NS2_SIMULATION
INST_2162,AOMDV,100,40,15,3,2,102162,EXPANDED_REAL_NS2_SIMULATION
INST_2163,AODV,100,40,15,3,3,102163,EXPANDED_REAL_NS2_SIMULATION
INST_2163,DSDV,100,40,15,3,3,102163,EXPANDED_REAL_NS2_SIMULATION
INST_2163,AOMDV,100,40,15,3,3,102163,EXPANDED_REAL_NS2_SIMULATION
INST_2164,AODV,100,40,15,3,4,102164,EXPANDED_REAL_NS2_SIMULATION
INST_2164,DSDV,100,40,15,3,4,102164,EXPANDED_REAL_NS2_SIMULATION
INST_2164,AOMDV,100,40,15,3,4,102164,EXPANDED_REAL_NS2_SIMULATION
INST_2165,AODV,100,40,15,3,5,102165,EXPANDED_REAL_NS2_SIMULATION
INST_2165,DSDV,100,40,15,3,5,102165,EXPANDED_REAL_NS2_SIMULATION
INST_2165,AOMDV,100,40,15,3,5,102165,EXPANDED_REAL_NS2_SIMULATION
INST_2166,AODV,100,40,15,5,1,102166,EXPANDED_REAL_NS2_SIMULATION
INST_2166,DSDV,100,40,15,5,1,102166,EXPANDED_REAL_NS2_SIMULATION
INST_2166,AOMDV,100,40,15,5,1,102166,EXPANDED_REAL_NS2_SIMULATION
INST_2167,AODV,100,40,15,5,2,102167,EXPANDED_REAL_NS2_SIMULATION
INST_2167,DSDV,100,40,15,5,2,102167,EXPANDED_REAL_NS2_SIMULATION
INST_2167,AOMDV,100,40,15,5,2,102167,EXPANDED_REAL_NS2_SIMULATION
INST_2168,AODV,100,40,15,5,3,102168,EXPANDED_REAL_NS2_SIMULATION
INST_2168,DSDV,100,40,15,5,3,102168,EXPANDED_REAL_NS2_SIMULATION
INST_2168,AOMDV,100,40,15,5,3,102168,EXPANDED_REAL_NS2_SIMULATION
INST_2169,AODV,100,40,15,5,4,102169,EXPANDED_REAL_NS2_SIMULATION
INST_2169,DSDV,100,40,15,5,4,102169,EXPANDED_REAL_NS2_SIMULATION
INST_2169,AOMDV,100,40,15,5,4,102169,EXPANDED_REAL_NS2_SIMULATION
INST_2170,AODV,100,40,15,5,5,102170,EXPANDED_REAL_NS2_SIMULATION
INST_2170,DSDV,100,40,15,5,5,102170,EXPANDED_REAL_NS2_SIMULATION
INST_2170,AOMDV,100,40,15,5,5,102170,EXPANDED_REAL_NS2_SIMULATION
INST_2171,AODV,100,40,15,6,1,102171,EXPANDED_REAL_NS2_SIMULATION
INST_2171,DSDV,100,40,15,6,1,102171,EXPANDED_REAL_NS2_SIMULATION
INST_2171,AOMDV,100,40,15,6,1,102171,EXPANDED_REAL_NS2_SIMULATION
INST_2172,AODV,100,40,15,6,2,102172,EXPANDED_REAL_NS2_SIMULATION
INST_2172,DSDV,100,40,15,6,2,102172,EXPANDED_REAL_NS2_SIMULATION
INST_2172,AOMDV,100,40,15,6,2,102172,EXPANDED_REAL_NS2_SIMULATION
INST_2173,AODV,100,40,15,6,3,102173,EXPANDED_REAL_NS2_SIMULATION
INST_2173,DSDV,100,40,15,6,3,102173,EXPANDED_REAL_NS2_SIMULATION
INST_2173,AOMDV,100,40,15,6,3,102173,EXPANDED_REAL_NS2_SIMULATION
INST_2174,AODV,100,40,15,6,4,102174,EXPANDED_REAL_NS2_SIMULATION
INST_2174,DSDV,100,40,15,6,4,102174,EXPANDED_REAL_NS2_SIMULATION
INST_2174,AOMDV,100,40,15,6,4,102174,EXPANDED_REAL_NS2_SIMULATION
INST_2175,AODV,100,40,15,6,5,102175,EXPANDED_REAL_NS2_SIMULATION
INST_2175,DSDV,100,40,15,6,5,102175,EXPANDED_REAL_NS2_SIMULATION
INST_2175,AOMDV,100,40,15,6,5,102175,EXPANDED_REAL_NS2_SIMULATION
INST_2176,AODV,100,40,18,2,1,102176,EXPANDED_REAL_NS2_SIMULATION
INST_2176,DSDV,100,40,18,2,1,102176,EXPANDED_REAL_NS2_SIMULATION
INST_2176,AOMDV,100,40,18,2,1,102176,EXPANDED_REAL_NS2_SIMULATION
INST_2177,AODV,100,40,18,2,2,102177,EXPANDED_REAL_NS2_SIMULATION
INST_2177,DSDV,100,40,18,2,2,102177,EXPANDED_REAL_NS2_SIMULATION
INST_2177,AOMDV,100,40,18,2,2,102177,EXPANDED_REAL_NS2_SIMULATION
INST_2178,AODV,100,40,18,2,3,102178,EXPANDED_REAL_NS2_SIMULATION
INST_2178,DSDV,100,40,18,2,3,102178,EXPANDED_REAL_NS2_SIMULATION
INST_2178,AOMDV,100,40,18,2,3,102178,EXPANDED_REAL_NS2_SIMULATION
INST_2179,AODV,100,40,18,2,4,102179,EXPANDED_REAL_NS2_SIMULATION
INST_2179,DSDV,100,40,18,2,4,102179,EXPANDED_REAL_NS2_SIMULATION
INST_2179,AOMDV,100,40,18,2,4,102179,EXPANDED_REAL_NS2_SIMULATION
INST_2180,AODV,100,40,18,2,5,102180,EXPANDED_REAL_NS2_SIMULATION
INST_2180,DSDV,100,40,18,2,5,102180,EXPANDED_REAL_NS2_SIMULATION
INST_2180,AOMDV,100,40,18,2,5,102180,EXPANDED_REAL_NS2_SIMULATION
INST_2181,AODV,100,40,18,3,1,102181,EXPANDED_REAL_NS2_SIMULATION
INST_2181,DSDV,100,40,18,3,1,102181,EXPANDED_REAL_NS2_SIMULATION
INST_2181,AOMDV,100,40,18,3,1,102181,EXPANDED_REAL_NS2_SIMULATION
INST_2182,AODV,100,40,18,3,2,102182,EXPANDED_REAL_NS2_SIMULATION
INST_2182,DSDV,100,40,18,3,2,102182,EXPANDED_REAL_NS2_SIMULATION
INST_2182,AOMDV,100,40,18,3,2,102182,EXPANDED_REAL_NS2_SIMULATION
INST_2183,AODV,100,40,18,3,3,102183,EXPANDED_REAL_NS2_SIMULATION
INST_2183,DSDV,100,40,18,3,3,102183,EXPANDED_REAL_NS2_SIMULATION
INST_2183,AOMDV,100,40,18,3,3,102183,EXPANDED_REAL_NS2_SIMULATION
INST_2184,AODV,100,40,18,3,4,102184,EXPANDED_REAL_NS2_SIMULATION
INST_2184,DSDV,100,40,18,3,4,102184,EXPANDED_REAL_NS2_SIMULATION
INST_2184,AOMDV,100,40,18,3,4,102184,EXPANDED_REAL_NS2_SIMULATION
INST_2185,AODV,100,40,18,3,5,102185,EXPANDED_REAL_NS2_SIMULATION
INST_2185,DSDV,100,40,18,3,5,102185,EXPANDED_REAL_NS2_SIMULATION
INST_2185,AOMDV,100,40,18,3,5,102185,EXPANDED_REAL_NS2_SIMULATION
INST_2186,AODV,100,40,18,4,1,102186,EXPANDED_REAL_NS2_SIMULATION
INST_2186,DSDV,100,40,18,4,1,102186,EXPANDED_REAL_NS2_SIMULATION
INST_2186,AOMDV,100,40,18,4,1,102186,EXPANDED_REAL_NS2_SIMULATION
INST_2187,AODV,100,40,18,4,2,102187,EXPANDED_REAL_NS2_SIMULATION
INST_2187,DSDV,100,40,18,4,2,102187,EXPANDED_REAL_NS2_SIMULATION
INST_2187,AOMDV,100,40,18,4,2,102187,EXPANDED_REAL_NS2_SIMULATION
INST_2188,AODV,100,40,18,4,3,102188,EXPANDED_REAL_NS2_SIMULATION
INST_2188,DSDV,100,40,18,4,3,102188,EXPANDED_REAL_NS2_SIMULATION
INST_2188,AOMDV,100,40,18,4,3,102188,EXPANDED_REAL_NS2_SIMULATION
INST_2189,AODV,100,40,18,4,4,102189,EXPANDED_REAL_NS2_SIMULATION
INST_2189,DSDV,100,40,18,4,4,102189,EXPANDED_REAL_NS2_SIMULATION
INST_2189,AOMDV,100,40,18,4,4,102189,EXPANDED_REAL_NS2_SIMULATION
INST_2190,AODV,100,40,18,4,5,102190,EXPANDED_REAL_NS2_SIMULATION
INST_2190,DSDV,100,40,18,4,5,102190,EXPANDED_REAL_NS2_SIMULATION
INST_2190,AOMDV,100,40,18,4,5,102190,EXPANDED_REAL_NS2_SIMULATION
INST_2191,AODV,100,40,18,5,1,102191,EXPANDED_REAL_NS2_SIMULATION
INST_2191,DSDV,100,40,18,5,1,102191,EXPANDED_REAL_NS2_SIMULATION
INST_2191,AOMDV,100,40,18,5,1,102191,EXPANDED_REAL_NS2_SIMULATION
INST_2192,AODV,100,40,18,5,2,102192,EXPANDED_REAL_NS2_SIMULATION
INST_2192,DSDV,100,40,18,5,2,102192,EXPANDED_REAL_NS2_SIMULATION
INST_2192,AOMDV,100,40,18,5,2,102192,EXPANDED_REAL_NS2_SIMULATION
INST_2193,AODV,100,40,18,5,3,102193,EXPANDED_REAL_NS2_SIMULATION
INST_2193,DSDV,100,40,18,5,3,102193,EXPANDED_REAL_NS2_SIMULATION
INST_2193,AOMDV,100,40,18,5,3,102193,EXPANDED_REAL_NS2_SIMULATION
INST_2194,AODV,100,40,18,5,4,102194,EXPANDED_REAL_NS2_SIMULATION
INST_2194,DSDV,100,40,18,5,4,102194,EXPANDED_REAL_NS2_SIMULATION
INST_2194,AOMDV,100,40,18,5,4,102194,EXPANDED_REAL_NS2_SIMULATION
INST_2195,AODV,100,40,18,5,5,102195,EXPANDED_REAL_NS2_SIMULATION
INST_2195,DSDV,100,40,18,5,5,102195,EXPANDED_REAL_NS2_SIMULATION
INST_2195,AOMDV,100,40,18,5,5,102195,EXPANDED_REAL_NS2_SIMULATION
INST_2196,AODV,100,40,18,6,1,102196,EXPANDED_REAL_NS2_SIMULATION
INST_2196,DSDV,100,40,18,6,1,102196,EXPANDED_REAL_NS2_SIMULATION
INST_2196,AOMDV,100,40,18,6,1,102196,EXPANDED_REAL_NS2_SIMULATION
INST_2197,AODV,100,40,18,6,2,102197,EXPANDED_REAL_NS2_SIMULATION
INST_2197,DSDV,100,40,18,6,2,102197,EXPANDED_REAL_NS2_SIMULATION
INST_2197,AOMDV,100,40,18,6,2,102197,EXPANDED_REAL_NS2_SIMULATION
INST_2198,AODV,100,40,18,6,3,102198,EXPANDED_REAL_NS2_SIMULATION
INST_2198,DSDV,100,40,18,6,3,102198,EXPANDED_REAL_NS2_SIMULATION
INST_2198,AOMDV,100,40,18,6,3,102198,EXPANDED_REAL_NS2_SIMULATION
INST_2199,AODV,100,40,18,6,4,102199,EXPANDED_REAL_NS2_SIMULATION
INST_2199,DSDV,100,40,18,6,4,102199,EXPANDED_REAL_NS2_SIMULATION
INST_2199,AOMDV,100,40,18,6,4,102199,EXPANDED_REAL_NS2_SIMULATION
INST_2200,AODV,100,40,18,6,5,102200,EXPANDED_REAL_NS2_SIMULATION
INST_2200,DSDV,100,40,18,6,5,102200,EXPANDED_REAL_NS2_SIMULATION
INST_2200,AOMDV,100,40,18,6,5,102200,EXPANDED_REAL_NS2_SIMULATION
INST_2201,AODV,100,40,18,8,1,102201,EXPANDED_REAL_NS2_SIMULATION
INST_2201,DSDV,100,40,18,8,1,102201,EXPANDED_REAL_NS2_SIMULATION
INST_2201,AOMDV,100,40,18,8,1,102201,EXPANDED_REAL_NS2_SIMULATION
INST_2202,AODV,100,40,18,8,2,102202,EXPANDED_REAL_NS2_SIMULATION
INST_2202,DSDV,100,40,18,8,2,102202,EXPANDED_REAL_NS2_SIMULATION
INST_2202,AOMDV,100,40,18,8,2,102202,EXPANDED_REAL_NS2_SIMULATION
INST_2203,AODV,100,40,18,8,3,102203,EXPANDED_REAL_NS2_SIMULATION
INST_2203,DSDV,100,40,18,8,3,102203,EXPANDED_REAL_NS2_SIMULATION
INST_2203,AOMDV,100,40,18,8,3,102203,EXPANDED_REAL_NS2_SIMULATION
INST_2204,AODV,100,40,18,8,4,102204,EXPANDED_REAL_NS2_SIMULATION
INST_2204,DSDV,100,40,18,8,4,102204,EXPANDED_REAL_NS2_SIMULATION
INST_2204,AOMDV,100,40,18,8,4,102204,EXPANDED_REAL_NS2_SIMULATION
INST_2205,AODV,100,40,18,8,5,102205,EXPANDED_REAL_NS2_SIMULATION
INST_2205,DSDV,100,40,18,8,5,102205,EXPANDED_REAL_NS2_SIMULATION
INST_2205,AOMDV,100,40,18,8,5,102205,EXPANDED_REAL_NS2_SIMULATION
INST_2206,AODV,100,40,20,3,1,102206,EXPANDED_REAL_NS2_SIMULATION
INST_2206,DSDV,100,40,20,3,1,102206,EXPANDED_REAL_NS2_SIMULATION
INST_2206,AOMDV,100,40,20,3,1,102206,EXPANDED_REAL_NS2_SIMULATION
INST_2207,AODV,100,40,20,3,2,102207,EXPANDED_REAL_NS2_SIMULATION
INST_2207,DSDV,100,40,20,3,2,102207,EXPANDED_REAL_NS2_SIMULATION
INST_2207,AOMDV,100,40,20,3,2,102207,EXPANDED_REAL_NS2_SIMULATION
INST_2208,AODV,100,40,20,3,3,102208,EXPANDED_REAL_NS2_SIMULATION
INST_2208,DSDV,100,40,20,3,3,102208,EXPANDED_REAL_NS2_SIMULATION
INST_2208,AOMDV,100,40,20,3,3,102208,EXPANDED_REAL_NS2_SIMULATION
INST_2209,AODV,100,40,20,3,4,102209,EXPANDED_REAL_NS2_SIMULATION
INST_2209,DSDV,100,40,20,3,4,102209,EXPANDED_REAL_NS2_SIMULATION
INST_2209,AOMDV,100,40,20,3,4,102209,EXPANDED_REAL_NS2_SIMULATION
INST_2210,AODV,100,40,20,3,5,102210,EXPANDED_REAL_NS2_SIMULATION
INST_2210,DSDV,100,40,20,3,5,102210,EXPANDED_REAL_NS2_SIMULATION
INST_2210,AOMDV,100,40,20,3,5,102210,EXPANDED_REAL_NS2_SIMULATION
INST_2211,AODV,100,40,20,5,1,102211,EXPANDED_REAL_NS2_SIMULATION
INST_2211,DSDV,100,40,20,5,1,102211,EXPANDED_REAL_NS2_SIMULATION
INST_2211,AOMDV,100,40,20,5,1,102211,EXPANDED_REAL_NS2_SIMULATION
INST_2212,AODV,100,40,20,5,2,102212,EXPANDED_REAL_NS2_SIMULATION
INST_2212,DSDV,100,40,20,5,2,102212,EXPANDED_REAL_NS2_SIMULATION
INST_2212,AOMDV,100,40,20,5,2,102212,EXPANDED_REAL_NS2_SIMULATION
INST_2213,AODV,100,40,20,5,3,102213,EXPANDED_REAL_NS2_SIMULATION
INST_2213,DSDV,100,40,20,5,3,102213,EXPANDED_REAL_NS2_SIMULATION
INST_2213,AOMDV,100,40,20,5,3,102213,EXPANDED_REAL_NS2_SIMULATION
INST_2214,AODV,100,40,20,5,4,102214,EXPANDED_REAL_NS2_SIMULATION
INST_2214,DSDV,100,40,20,5,4,102214,EXPANDED_REAL_NS2_SIMULATION
INST_2214,AOMDV,100,40,20,5,4,102214,EXPANDED_REAL_NS2_SIMULATION
INST_2215,AODV,100,40,20,5,5,102215,EXPANDED_REAL_NS2_SIMULATION
INST_2215,DSDV,100,40,20,5,5,102215,EXPANDED_REAL_NS2_SIMULATION
INST_2215,AOMDV,100,40,20,5,5,102215,EXPANDED_REAL_NS2_SIMULATION
INST_2216,AODV,100,40,20,6,1,102216,EXPANDED_REAL_NS2_SIMULATION
INST_2216,DSDV,100,40,20,6,1,102216,EXPANDED_REAL_NS2_SIMULATION
INST_2216,AOMDV,100,40,20,6,1,102216,EXPANDED_REAL_NS2_SIMULATION
INST_2217,AODV,100,40,20,6,2,102217,EXPANDED_REAL_NS2_SIMULATION
INST_2217,DSDV,100,40,20,6,2,102217,EXPANDED_REAL_NS2_SIMULATION
INST_2217,AOMDV,100,40,20,6,2,102217,EXPANDED_REAL_NS2_SIMULATION
INST_2218,AODV,100,40,20,6,3,102218,EXPANDED_REAL_NS2_SIMULATION
INST_2218,DSDV,100,40,20,6,3,102218,EXPANDED_REAL_NS2_SIMULATION
INST_2218,AOMDV,100,40,20,6,3,102218,EXPANDED_REAL_NS2_SIMULATION
INST_2219,AODV,100,40,20,6,4,102219,EXPANDED_REAL_NS2_SIMULATION
INST_2219,DSDV,100,40,20,6,4,102219,EXPANDED_REAL_NS2_SIMULATION
INST_2219,AOMDV,100,40,20,6,4,102219,EXPANDED_REAL_NS2_SIMULATION
INST_2220,AODV,100,40,20,6,5,102220,EXPANDED_REAL_NS2_SIMULATION
INST_2220,DSDV,100,40,20,6,5,102220,EXPANDED_REAL_NS2_SIMULATION
INST_2220,AOMDV,100,40,20,6,5,102220,EXPANDED_REAL_NS2_SIMULATION
INST_2221,AODV,100,40,22,2,1,102221,EXPANDED_REAL_NS2_SIMULATION
INST_2221,DSDV,100,40,22,2,1,102221,EXPANDED_REAL_NS2_SIMULATION
INST_2221,AOMDV,100,40,22,2,1,102221,EXPANDED_REAL_NS2_SIMULATION
INST_2222,AODV,100,40,22,2,2,102222,EXPANDED_REAL_NS2_SIMULATION
INST_2222,DSDV,100,40,22,2,2,102222,EXPANDED_REAL_NS2_SIMULATION
INST_2222,AOMDV,100,40,22,2,2,102222,EXPANDED_REAL_NS2_SIMULATION
INST_2223,AODV,100,40,22,2,3,102223,EXPANDED_REAL_NS2_SIMULATION
INST_2223,DSDV,100,40,22,2,3,102223,EXPANDED_REAL_NS2_SIMULATION
INST_2223,AOMDV,100,40,22,2,3,102223,EXPANDED_REAL_NS2_SIMULATION
INST_2224,AODV,100,40,22,2,4,102224,EXPANDED_REAL_NS2_SIMULATION
INST_2224,DSDV,100,40,22,2,4,102224,EXPANDED_REAL_NS2_SIMULATION
INST_2224,AOMDV,100,40,22,2,4,102224,EXPANDED_REAL_NS2_SIMULATION
INST_2225,AODV,100,40,22,2,5,102225,EXPANDED_REAL_NS2_SIMULATION
INST_2225,DSDV,100,40,22,2,5,102225,EXPANDED_REAL_NS2_SIMULATION
INST_2225,AOMDV,100,40,22,2,5,102225,EXPANDED_REAL_NS2_SIMULATION
INST_2226,AODV,100,40,22,3,1,102226,EXPANDED_REAL_NS2_SIMULATION
INST_2226,DSDV,100,40,22,3,1,102226,EXPANDED_REAL_NS2_SIMULATION
INST_2226,AOMDV,100,40,22,3,1,102226,EXPANDED_REAL_NS2_SIMULATION
INST_2227,AODV,100,40,22,3,2,102227,EXPANDED_REAL_NS2_SIMULATION
INST_2227,DSDV,100,40,22,3,2,102227,EXPANDED_REAL_NS2_SIMULATION
INST_2227,AOMDV,100,40,22,3,2,102227,EXPANDED_REAL_NS2_SIMULATION
INST_2228,AODV,100,40,22,3,3,102228,EXPANDED_REAL_NS2_SIMULATION
INST_2228,DSDV,100,40,22,3,3,102228,EXPANDED_REAL_NS2_SIMULATION
INST_2228,AOMDV,100,40,22,3,3,102228,EXPANDED_REAL_NS2_SIMULATION
INST_2229,AODV,100,40,22,3,4,102229,EXPANDED_REAL_NS2_SIMULATION
INST_2229,DSDV,100,40,22,3,4,102229,EXPANDED_REAL_NS2_SIMULATION
INST_2229,AOMDV,100,40,22,3,4,102229,EXPANDED_REAL_NS2_SIMULATION
INST_2230,AODV,100,40,22,3,5,102230,EXPANDED_REAL_NS2_SIMULATION
INST_2230,DSDV,100,40,22,3,5,102230,EXPANDED_REAL_NS2_SIMULATION
INST_2230,AOMDV,100,40,22,3,5,102230,EXPANDED_REAL_NS2_SIMULATION
INST_2231,AODV,100,40,22,4,1,102231,EXPANDED_REAL_NS2_SIMULATION
INST_2231,DSDV,100,40,22,4,1,102231,EXPANDED_REAL_NS2_SIMULATION
INST_2231,AOMDV,100,40,22,4,1,102231,EXPANDED_REAL_NS2_SIMULATION
INST_2232,AODV,100,40,22,4,2,102232,EXPANDED_REAL_NS2_SIMULATION
INST_2232,DSDV,100,40,22,4,2,102232,EXPANDED_REAL_NS2_SIMULATION
INST_2232,AOMDV,100,40,22,4,2,102232,EXPANDED_REAL_NS2_SIMULATION
INST_2233,AODV,100,40,22,4,3,102233,EXPANDED_REAL_NS2_SIMULATION
INST_2233,DSDV,100,40,22,4,3,102233,EXPANDED_REAL_NS2_SIMULATION
INST_2233,AOMDV,100,40,22,4,3,102233,EXPANDED_REAL_NS2_SIMULATION
INST_2234,AODV,100,40,22,4,4,102234,EXPANDED_REAL_NS2_SIMULATION
INST_2234,DSDV,100,40,22,4,4,102234,EXPANDED_REAL_NS2_SIMULATION
INST_2234,AOMDV,100,40,22,4,4,102234,EXPANDED_REAL_NS2_SIMULATION
INST_2235,AODV,100,40,22,4,5,102235,EXPANDED_REAL_NS2_SIMULATION
INST_2235,DSDV,100,40,22,4,5,102235,EXPANDED_REAL_NS2_SIMULATION
INST_2235,AOMDV,100,40,22,4,5,102235,EXPANDED_REAL_NS2_SIMULATION
INST_2236,AODV,100,40,22,5,1,102236,EXPANDED_REAL_NS2_SIMULATION
INST_2236,DSDV,100,40,22,5,1,102236,EXPANDED_REAL_NS2_SIMULATION
INST_2236,AOMDV,100,40,22,5,1,102236,EXPANDED_REAL_NS2_SIMULATION
INST_2237,AODV,100,40,22,5,2,102237,EXPANDED_REAL_NS2_SIMULATION
INST_2237,DSDV,100,40,22,5,2,102237,EXPANDED_REAL_NS2_SIMULATION
INST_2237,AOMDV,100,40,22,5,2,102237,EXPANDED_REAL_NS2_SIMULATION
INST_2238,AODV,100,40,22,5,3,102238,EXPANDED_REAL_NS2_SIMULATION
INST_2238,DSDV,100,40,22,5,3,102238,EXPANDED_REAL_NS2_SIMULATION
INST_2238,AOMDV,100,40,22,5,3,102238,EXPANDED_REAL_NS2_SIMULATION
INST_2239,AODV,100,40,22,5,4,102239,EXPANDED_REAL_NS2_SIMULATION
INST_2239,DSDV,100,40,22,5,4,102239,EXPANDED_REAL_NS2_SIMULATION
INST_2239,AOMDV,100,40,22,5,4,102239,EXPANDED_REAL_NS2_SIMULATION
INST_2240,AODV,100,40,22,5,5,102240,EXPANDED_REAL_NS2_SIMULATION
INST_2240,DSDV,100,40,22,5,5,102240,EXPANDED_REAL_NS2_SIMULATION
INST_2240,AOMDV,100,40,22,5,5,102240,EXPANDED_REAL_NS2_SIMULATION
INST_2241,AODV,100,40,22,6,1,102241,EXPANDED_REAL_NS2_SIMULATION
INST_2241,DSDV,100,40,22,6,1,102241,EXPANDED_REAL_NS2_SIMULATION
INST_2241,AOMDV,100,40,22,6,1,102241,EXPANDED_REAL_NS2_SIMULATION
INST_2242,AODV,100,40,22,6,2,102242,EXPANDED_REAL_NS2_SIMULATION
INST_2242,DSDV,100,40,22,6,2,102242,EXPANDED_REAL_NS2_SIMULATION
INST_2242,AOMDV,100,40,22,6,2,102242,EXPANDED_REAL_NS2_SIMULATION
INST_2243,AODV,100,40,22,6,3,102243,EXPANDED_REAL_NS2_SIMULATION
INST_2243,DSDV,100,40,22,6,3,102243,EXPANDED_REAL_NS2_SIMULATION
INST_2243,AOMDV,100,40,22,6,3,102243,EXPANDED_REAL_NS2_SIMULATION
INST_2244,AODV,100,40,22,6,4,102244,EXPANDED_REAL_NS2_SIMULATION
INST_2244,DSDV,100,40,22,6,4,102244,EXPANDED_REAL_NS2_SIMULATION
INST_2244,AOMDV,100,40,22,6,4,102244,EXPANDED_REAL_NS2_SIMULATION
INST_2245,AODV,100,40,22,6,5,102245,EXPANDED_REAL_NS2_SIMULATION
INST_2245,DSDV,100,40,22,6,5,102245,EXPANDED_REAL_NS2_SIMULATION
INST_2245,AOMDV,100,40,22,6,5,102245,EXPANDED_REAL_NS2_SIMULATION
INST_2246,AODV,100,40,22,8,1,102246,EXPANDED_REAL_NS2_SIMULATION
INST_2246,DSDV,100,40,22,8,1,102246,EXPANDED_REAL_NS2_SIMULATION
INST_2246,AOMDV,100,40,22,8,1,102246,EXPANDED_REAL_NS2_SIMULATION
INST_2247,AODV,100,40,22,8,2,102247,EXPANDED_REAL_NS2_SIMULATION
INST_2247,DSDV,100,40,22,8,2,102247,EXPANDED_REAL_NS2_SIMULATION
INST_2247,AOMDV,100,40,22,8,2,102247,EXPANDED_REAL_NS2_SIMULATION
INST_2248,AODV,100,40,22,8,3,102248,EXPANDED_REAL_NS2_SIMULATION
INST_2248,DSDV,100,40,22,8,3,102248,EXPANDED_REAL_NS2_SIMULATION
INST_2248,AOMDV,100,40,22,8,3,102248,EXPANDED_REAL_NS2_SIMULATION
INST_2249,AODV,100,40,22,8,4,102249,EXPANDED_REAL_NS2_SIMULATION
INST_2249,DSDV,100,40,22,8,4,102249,EXPANDED_REAL_NS2_SIMULATION
INST_2249,AOMDV,100,40,22,8,4,102249,EXPANDED_REAL_NS2_SIMULATION
INST_2250,AODV,100,40,22,8,5,102250,EXPANDED_REAL_NS2_SIMULATION
INST_2250,DSDV,100,40,22,8,5,102250,EXPANDED_REAL_NS2_SIMULATION
INST_2250,AOMDV,100,40,22,8,5,102250,EXPANDED_REAL_NS2_SIMULATION
INST_2251,AODV,100,40,25,3,1,102251,EXPANDED_REAL_NS2_SIMULATION
INST_2251,DSDV,100,40,25,3,1,102251,EXPANDED_REAL_NS2_SIMULATION
INST_2251,AOMDV,100,40,25,3,1,102251,EXPANDED_REAL_NS2_SIMULATION
INST_2252,AODV,100,40,25,3,2,102252,EXPANDED_REAL_NS2_SIMULATION
INST_2252,DSDV,100,40,25,3,2,102252,EXPANDED_REAL_NS2_SIMULATION
INST_2252,AOMDV,100,40,25,3,2,102252,EXPANDED_REAL_NS2_SIMULATION
INST_2253,AODV,100,40,25,3,3,102253,EXPANDED_REAL_NS2_SIMULATION
INST_2253,DSDV,100,40,25,3,3,102253,EXPANDED_REAL_NS2_SIMULATION
INST_2253,AOMDV,100,40,25,3,3,102253,EXPANDED_REAL_NS2_SIMULATION
INST_2254,AODV,100,40,25,3,4,102254,EXPANDED_REAL_NS2_SIMULATION
INST_2254,DSDV,100,40,25,3,4,102254,EXPANDED_REAL_NS2_SIMULATION
INST_2254,AOMDV,100,40,25,3,4,102254,EXPANDED_REAL_NS2_SIMULATION
INST_2255,AODV,100,40,25,3,5,102255,EXPANDED_REAL_NS2_SIMULATION
INST_2255,DSDV,100,40,25,3,5,102255,EXPANDED_REAL_NS2_SIMULATION
INST_2255,AOMDV,100,40,25,3,5,102255,EXPANDED_REAL_NS2_SIMULATION
INST_2256,AODV,100,40,25,5,1,102256,EXPANDED_REAL_NS2_SIMULATION
INST_2256,DSDV,100,40,25,5,1,102256,EXPANDED_REAL_NS2_SIMULATION
INST_2256,AOMDV,100,40,25,5,1,102256,EXPANDED_REAL_NS2_SIMULATION
INST_2257,AODV,100,40,25,5,2,102257,EXPANDED_REAL_NS2_SIMULATION
INST_2257,DSDV,100,40,25,5,2,102257,EXPANDED_REAL_NS2_SIMULATION
INST_2257,AOMDV,100,40,25,5,2,102257,EXPANDED_REAL_NS2_SIMULATION
INST_2258,AODV,100,40,25,5,3,102258,EXPANDED_REAL_NS2_SIMULATION
INST_2258,DSDV,100,40,25,5,3,102258,EXPANDED_REAL_NS2_SIMULATION
INST_2258,AOMDV,100,40,25,5,3,102258,EXPANDED_REAL_NS2_SIMULATION
INST_2259,AODV,100,40,25,5,4,102259,EXPANDED_REAL_NS2_SIMULATION
INST_2259,DSDV,100,40,25,5,4,102259,EXPANDED_REAL_NS2_SIMULATION
INST_2259,AOMDV,100,40,25,5,4,102259,EXPANDED_REAL_NS2_SIMULATION
INST_2260,AODV,100,40,25,5,5,102260,EXPANDED_REAL_NS2_SIMULATION
INST_2260,DSDV,100,40,25,5,5,102260,EXPANDED_REAL_NS2_SIMULATION
INST_2260,AOMDV,100,40,25,5,5,102260,EXPANDED_REAL_NS2_SIMULATION
INST_2261,AODV,100,40,25,6,1,102261,EXPANDED_REAL_NS2_SIMULATION
INST_2261,DSDV,100,40,25,6,1,102261,EXPANDED_REAL_NS2_SIMULATION
INST_2261,AOMDV,100,40,25,6,1,102261,EXPANDED_REAL_NS2_SIMULATION
INST_2262,AODV,100,40,25,6,2,102262,EXPANDED_REAL_NS2_SIMULATION
INST_2262,DSDV,100,40,25,6,2,102262,EXPANDED_REAL_NS2_SIMULATION
INST_2262,AOMDV,100,40,25,6,2,102262,EXPANDED_REAL_NS2_SIMULATION
INST_2263,AODV,100,40,25,6,3,102263,EXPANDED_REAL_NS2_SIMULATION
INST_2263,DSDV,100,40,25,6,3,102263,EXPANDED_REAL_NS2_SIMULATION
INST_2263,AOMDV,100,40,25,6,3,102263,EXPANDED_REAL_NS2_SIMULATION
INST_2264,AODV,100,40,25,6,4,102264,EXPANDED_REAL_NS2_SIMULATION
INST_2264,DSDV,100,40,25,6,4,102264,EXPANDED_REAL_NS2_SIMULATION
INST_2264,AOMDV,100,40,25,6,4,102264,EXPANDED_REAL_NS2_SIMULATION
INST_2265,AODV,100,40,25,6,5,102265,EXPANDED_REAL_NS2_SIMULATION
INST_2265,DSDV,100,40,25,6,5,102265,EXPANDED_REAL_NS2_SIMULATION
INST_2265,AOMDV,100,40,25,6,5,102265,EXPANDED_REAL_NS2_SIMULATION
INST_2266,AODV,100,50,5,3,1,102266,EXPANDED_REAL_NS2_SIMULATION
INST_2266,DSDV,100,50,5,3,1,102266,EXPANDED_REAL_NS2_SIMULATION
INST_2266,AOMDV,100,50,5,3,1,102266,EXPANDED_REAL_NS2_SIMULATION
INST_2267,AODV,100,50,5,3,2,102267,EXPANDED_REAL_NS2_SIMULATION
INST_2267,DSDV,100,50,5,3,2,102267,EXPANDED_REAL_NS2_SIMULATION
INST_2267,AOMDV,100,50,5,3,2,102267,EXPANDED_REAL_NS2_SIMULATION
INST_2268,AODV,100,50,5,3,3,102268,EXPANDED_REAL_NS2_SIMULATION
INST_2268,DSDV,100,50,5,3,3,102268,EXPANDED_REAL_NS2_SIMULATION
INST_2268,AOMDV,100,50,5,3,3,102268,EXPANDED_REAL_NS2_SIMULATION
INST_2269,AODV,100,50,5,3,4,102269,EXPANDED_REAL_NS2_SIMULATION
INST_2269,DSDV,100,50,5,3,4,102269,EXPANDED_REAL_NS2_SIMULATION
INST_2269,AOMDV,100,50,5,3,4,102269,EXPANDED_REAL_NS2_SIMULATION
INST_2270,AODV,100,50,5,3,5,102270,EXPANDED_REAL_NS2_SIMULATION
INST_2270,DSDV,100,50,5,3,5,102270,EXPANDED_REAL_NS2_SIMULATION
INST_2270,AOMDV,100,50,5,3,5,102270,EXPANDED_REAL_NS2_SIMULATION
INST_2271,AODV,100,50,5,5,1,102271,EXPANDED_REAL_NS2_SIMULATION
INST_2271,DSDV,100,50,5,5,1,102271,EXPANDED_REAL_NS2_SIMULATION
INST_2271,AOMDV,100,50,5,5,1,102271,EXPANDED_REAL_NS2_SIMULATION
INST_2272,AODV,100,50,5,5,2,102272,EXPANDED_REAL_NS2_SIMULATION
INST_2272,DSDV,100,50,5,5,2,102272,EXPANDED_REAL_NS2_SIMULATION
INST_2272,AOMDV,100,50,5,5,2,102272,EXPANDED_REAL_NS2_SIMULATION
INST_2273,AODV,100,50,5,5,3,102273,EXPANDED_REAL_NS2_SIMULATION
INST_2273,DSDV,100,50,5,5,3,102273,EXPANDED_REAL_NS2_SIMULATION
INST_2273,AOMDV,100,50,5,5,3,102273,EXPANDED_REAL_NS2_SIMULATION
INST_2274,AODV,100,50,5,5,4,102274,EXPANDED_REAL_NS2_SIMULATION
INST_2274,DSDV,100,50,5,5,4,102274,EXPANDED_REAL_NS2_SIMULATION
INST_2274,AOMDV,100,50,5,5,4,102274,EXPANDED_REAL_NS2_SIMULATION
INST_2275,AODV,100,50,5,5,5,102275,EXPANDED_REAL_NS2_SIMULATION
INST_2275,DSDV,100,50,5,5,5,102275,EXPANDED_REAL_NS2_SIMULATION
INST_2275,AOMDV,100,50,5,5,5,102275,EXPANDED_REAL_NS2_SIMULATION
INST_2276,AODV,100,50,5,6,1,102276,EXPANDED_REAL_NS2_SIMULATION
INST_2276,DSDV,100,50,5,6,1,102276,EXPANDED_REAL_NS2_SIMULATION
INST_2276,AOMDV,100,50,5,6,1,102276,EXPANDED_REAL_NS2_SIMULATION
INST_2277,AODV,100,50,5,6,2,102277,EXPANDED_REAL_NS2_SIMULATION
INST_2277,DSDV,100,50,5,6,2,102277,EXPANDED_REAL_NS2_SIMULATION
INST_2277,AOMDV,100,50,5,6,2,102277,EXPANDED_REAL_NS2_SIMULATION
INST_2278,AODV,100,50,5,6,3,102278,EXPANDED_REAL_NS2_SIMULATION
INST_2278,DSDV,100,50,5,6,3,102278,EXPANDED_REAL_NS2_SIMULATION
INST_2278,AOMDV,100,50,5,6,3,102278,EXPANDED_REAL_NS2_SIMULATION
INST_2279,AODV,100,50,5,6,4,102279,EXPANDED_REAL_NS2_SIMULATION
INST_2279,DSDV,100,50,5,6,4,102279,EXPANDED_REAL_NS2_SIMULATION
INST_2279,AOMDV,100,50,5,6,4,102279,EXPANDED_REAL_NS2_SIMULATION
INST_2280,AODV,100,50,5,6,5,102280,EXPANDED_REAL_NS2_SIMULATION
INST_2280,DSDV,100,50,5,6,5,102280,EXPANDED_REAL_NS2_SIMULATION
INST_2280,AOMDV,100,50,5,6,5,102280,EXPANDED_REAL_NS2_SIMULATION
INST_2281,AODV,100,50,7,2,1,102281,EXPANDED_REAL_NS2_SIMULATION
INST_2281,DSDV,100,50,7,2,1,102281,EXPANDED_REAL_NS2_SIMULATION
INST_2281,AOMDV,100,50,7,2,1,102281,EXPANDED_REAL_NS2_SIMULATION
INST_2282,AODV,100,50,7,2,2,102282,EXPANDED_REAL_NS2_SIMULATION
INST_2282,DSDV,100,50,7,2,2,102282,EXPANDED_REAL_NS2_SIMULATION
INST_2282,AOMDV,100,50,7,2,2,102282,EXPANDED_REAL_NS2_SIMULATION
INST_2283,AODV,100,50,7,2,3,102283,EXPANDED_REAL_NS2_SIMULATION
INST_2283,DSDV,100,50,7,2,3,102283,EXPANDED_REAL_NS2_SIMULATION
INST_2283,AOMDV,100,50,7,2,3,102283,EXPANDED_REAL_NS2_SIMULATION
INST_2284,AODV,100,50,7,2,4,102284,EXPANDED_REAL_NS2_SIMULATION
INST_2284,DSDV,100,50,7,2,4,102284,EXPANDED_REAL_NS2_SIMULATION
INST_2284,AOMDV,100,50,7,2,4,102284,EXPANDED_REAL_NS2_SIMULATION
INST_2285,AODV,100,50,7,2,5,102285,EXPANDED_REAL_NS2_SIMULATION
INST_2285,DSDV,100,50,7,2,5,102285,EXPANDED_REAL_NS2_SIMULATION
INST_2285,AOMDV,100,50,7,2,5,102285,EXPANDED_REAL_NS2_SIMULATION
INST_2286,AODV,100,50,7,3,1,102286,EXPANDED_REAL_NS2_SIMULATION
INST_2286,DSDV,100,50,7,3,1,102286,EXPANDED_REAL_NS2_SIMULATION
INST_2286,AOMDV,100,50,7,3,1,102286,EXPANDED_REAL_NS2_SIMULATION
INST_2287,AODV,100,50,7,3,2,102287,EXPANDED_REAL_NS2_SIMULATION
INST_2287,DSDV,100,50,7,3,2,102287,EXPANDED_REAL_NS2_SIMULATION
INST_2287,AOMDV,100,50,7,3,2,102287,EXPANDED_REAL_NS2_SIMULATION
INST_2288,AODV,100,50,7,3,3,102288,EXPANDED_REAL_NS2_SIMULATION
INST_2288,DSDV,100,50,7,3,3,102288,EXPANDED_REAL_NS2_SIMULATION
INST_2288,AOMDV,100,50,7,3,3,102288,EXPANDED_REAL_NS2_SIMULATION
INST_2289,AODV,100,50,7,3,4,102289,EXPANDED_REAL_NS2_SIMULATION
INST_2289,DSDV,100,50,7,3,4,102289,EXPANDED_REAL_NS2_SIMULATION
INST_2289,AOMDV,100,50,7,3,4,102289,EXPANDED_REAL_NS2_SIMULATION
INST_2290,AODV,100,50,7,3,5,102290,EXPANDED_REAL_NS2_SIMULATION
INST_2290,DSDV,100,50,7,3,5,102290,EXPANDED_REAL_NS2_SIMULATION
INST_2290,AOMDV,100,50,7,3,5,102290,EXPANDED_REAL_NS2_SIMULATION
INST_2291,AODV,100,50,7,4,1,102291,EXPANDED_REAL_NS2_SIMULATION
INST_2291,DSDV,100,50,7,4,1,102291,EXPANDED_REAL_NS2_SIMULATION
INST_2291,AOMDV,100,50,7,4,1,102291,EXPANDED_REAL_NS2_SIMULATION
INST_2292,AODV,100,50,7,4,2,102292,EXPANDED_REAL_NS2_SIMULATION
INST_2292,DSDV,100,50,7,4,2,102292,EXPANDED_REAL_NS2_SIMULATION
INST_2292,AOMDV,100,50,7,4,2,102292,EXPANDED_REAL_NS2_SIMULATION
INST_2293,AODV,100,50,7,4,3,102293,EXPANDED_REAL_NS2_SIMULATION
INST_2293,DSDV,100,50,7,4,3,102293,EXPANDED_REAL_NS2_SIMULATION
INST_2293,AOMDV,100,50,7,4,3,102293,EXPANDED_REAL_NS2_SIMULATION
INST_2294,AODV,100,50,7,4,4,102294,EXPANDED_REAL_NS2_SIMULATION
INST_2294,DSDV,100,50,7,4,4,102294,EXPANDED_REAL_NS2_SIMULATION
INST_2294,AOMDV,100,50,7,4,4,102294,EXPANDED_REAL_NS2_SIMULATION
INST_2295,AODV,100,50,7,4,5,102295,EXPANDED_REAL_NS2_SIMULATION
INST_2295,DSDV,100,50,7,4,5,102295,EXPANDED_REAL_NS2_SIMULATION
INST_2295,AOMDV,100,50,7,4,5,102295,EXPANDED_REAL_NS2_SIMULATION
INST_2296,AODV,100,50,7,5,1,102296,EXPANDED_REAL_NS2_SIMULATION
INST_2296,DSDV,100,50,7,5,1,102296,EXPANDED_REAL_NS2_SIMULATION
INST_2296,AOMDV,100,50,7,5,1,102296,EXPANDED_REAL_NS2_SIMULATION
INST_2297,AODV,100,50,7,5,2,102297,EXPANDED_REAL_NS2_SIMULATION
INST_2297,DSDV,100,50,7,5,2,102297,EXPANDED_REAL_NS2_SIMULATION
INST_2297,AOMDV,100,50,7,5,2,102297,EXPANDED_REAL_NS2_SIMULATION
INST_2298,AODV,100,50,7,5,3,102298,EXPANDED_REAL_NS2_SIMULATION
INST_2298,DSDV,100,50,7,5,3,102298,EXPANDED_REAL_NS2_SIMULATION
INST_2298,AOMDV,100,50,7,5,3,102298,EXPANDED_REAL_NS2_SIMULATION
INST_2299,AODV,100,50,7,5,4,102299,EXPANDED_REAL_NS2_SIMULATION
INST_2299,DSDV,100,50,7,5,4,102299,EXPANDED_REAL_NS2_SIMULATION
INST_2299,AOMDV,100,50,7,5,4,102299,EXPANDED_REAL_NS2_SIMULATION
INST_2300,AODV,100,50,7,5,5,102300,EXPANDED_REAL_NS2_SIMULATION
INST_2300,DSDV,100,50,7,5,5,102300,EXPANDED_REAL_NS2_SIMULATION
INST_2300,AOMDV,100,50,7,5,5,102300,EXPANDED_REAL_NS2_SIMULATION
INST_2301,AODV,100,50,7,6,1,102301,EXPANDED_REAL_NS2_SIMULATION
INST_2301,DSDV,100,50,7,6,1,102301,EXPANDED_REAL_NS2_SIMULATION
INST_2301,AOMDV,100,50,7,6,1,102301,EXPANDED_REAL_NS2_SIMULATION
INST_2302,AODV,100,50,7,6,2,102302,EXPANDED_REAL_NS2_SIMULATION
INST_2302,DSDV,100,50,7,6,2,102302,EXPANDED_REAL_NS2_SIMULATION
INST_2302,AOMDV,100,50,7,6,2,102302,EXPANDED_REAL_NS2_SIMULATION
INST_2303,AODV,100,50,7,6,3,102303,EXPANDED_REAL_NS2_SIMULATION
INST_2303,DSDV,100,50,7,6,3,102303,EXPANDED_REAL_NS2_SIMULATION
INST_2303,AOMDV,100,50,7,6,3,102303,EXPANDED_REAL_NS2_SIMULATION
INST_2304,AODV,100,50,7,6,4,102304,EXPANDED_REAL_NS2_SIMULATION
INST_2304,DSDV,100,50,7,6,4,102304,EXPANDED_REAL_NS2_SIMULATION
INST_2304,AOMDV,100,50,7,6,4,102304,EXPANDED_REAL_NS2_SIMULATION
INST_2305,AODV,100,50,7,6,5,102305,EXPANDED_REAL_NS2_SIMULATION
INST_2305,DSDV,100,50,7,6,5,102305,EXPANDED_REAL_NS2_SIMULATION
INST_2305,AOMDV,100,50,7,6,5,102305,EXPANDED_REAL_NS2_SIMULATION
INST_2306,AODV,100,50,7,8,1,102306,EXPANDED_REAL_NS2_SIMULATION
INST_2306,DSDV,100,50,7,8,1,102306,EXPANDED_REAL_NS2_SIMULATION
INST_2306,AOMDV,100,50,7,8,1,102306,EXPANDED_REAL_NS2_SIMULATION
INST_2307,AODV,100,50,7,8,2,102307,EXPANDED_REAL_NS2_SIMULATION
INST_2307,DSDV,100,50,7,8,2,102307,EXPANDED_REAL_NS2_SIMULATION
INST_2307,AOMDV,100,50,7,8,2,102307,EXPANDED_REAL_NS2_SIMULATION
INST_2308,AODV,100,50,7,8,3,102308,EXPANDED_REAL_NS2_SIMULATION
INST_2308,DSDV,100,50,7,8,3,102308,EXPANDED_REAL_NS2_SIMULATION
INST_2308,AOMDV,100,50,7,8,3,102308,EXPANDED_REAL_NS2_SIMULATION
INST_2309,AODV,100,50,7,8,4,102309,EXPANDED_REAL_NS2_SIMULATION
INST_2309,DSDV,100,50,7,8,4,102309,EXPANDED_REAL_NS2_SIMULATION
INST_2309,AOMDV,100,50,7,8,4,102309,EXPANDED_REAL_NS2_SIMULATION
INST_2310,AODV,100,50,7,8,5,102310,EXPANDED_REAL_NS2_SIMULATION
INST_2310,DSDV,100,50,7,8,5,102310,EXPANDED_REAL_NS2_SIMULATION
INST_2310,AOMDV,100,50,7,8,5,102310,EXPANDED_REAL_NS2_SIMULATION
INST_2311,AODV,100,50,10,3,1,102311,EXPANDED_REAL_NS2_SIMULATION
INST_2311,DSDV,100,50,10,3,1,102311,EXPANDED_REAL_NS2_SIMULATION
INST_2311,AOMDV,100,50,10,3,1,102311,EXPANDED_REAL_NS2_SIMULATION
INST_2312,AODV,100,50,10,3,2,102312,EXPANDED_REAL_NS2_SIMULATION
INST_2312,DSDV,100,50,10,3,2,102312,EXPANDED_REAL_NS2_SIMULATION
INST_2312,AOMDV,100,50,10,3,2,102312,EXPANDED_REAL_NS2_SIMULATION
INST_2313,AODV,100,50,10,3,3,102313,EXPANDED_REAL_NS2_SIMULATION
INST_2313,DSDV,100,50,10,3,3,102313,EXPANDED_REAL_NS2_SIMULATION
INST_2313,AOMDV,100,50,10,3,3,102313,EXPANDED_REAL_NS2_SIMULATION
INST_2314,AODV,100,50,10,3,4,102314,EXPANDED_REAL_NS2_SIMULATION
INST_2314,DSDV,100,50,10,3,4,102314,EXPANDED_REAL_NS2_SIMULATION
INST_2314,AOMDV,100,50,10,3,4,102314,EXPANDED_REAL_NS2_SIMULATION
INST_2315,AODV,100,50,10,3,5,102315,EXPANDED_REAL_NS2_SIMULATION
INST_2315,DSDV,100,50,10,3,5,102315,EXPANDED_REAL_NS2_SIMULATION
INST_2315,AOMDV,100,50,10,3,5,102315,EXPANDED_REAL_NS2_SIMULATION
INST_2316,AODV,100,50,10,5,1,102316,EXPANDED_REAL_NS2_SIMULATION
INST_2316,DSDV,100,50,10,5,1,102316,EXPANDED_REAL_NS2_SIMULATION
INST_2316,AOMDV,100,50,10,5,1,102316,EXPANDED_REAL_NS2_SIMULATION
INST_2317,AODV,100,50,10,5,2,102317,EXPANDED_REAL_NS2_SIMULATION
INST_2317,DSDV,100,50,10,5,2,102317,EXPANDED_REAL_NS2_SIMULATION
INST_2317,AOMDV,100,50,10,5,2,102317,EXPANDED_REAL_NS2_SIMULATION
INST_2318,AODV,100,50,10,5,3,102318,EXPANDED_REAL_NS2_SIMULATION
INST_2318,DSDV,100,50,10,5,3,102318,EXPANDED_REAL_NS2_SIMULATION
INST_2318,AOMDV,100,50,10,5,3,102318,EXPANDED_REAL_NS2_SIMULATION
INST_2319,AODV,100,50,10,5,4,102319,EXPANDED_REAL_NS2_SIMULATION
INST_2319,DSDV,100,50,10,5,4,102319,EXPANDED_REAL_NS2_SIMULATION
INST_2319,AOMDV,100,50,10,5,4,102319,EXPANDED_REAL_NS2_SIMULATION
INST_2320,AODV,100,50,10,5,5,102320,EXPANDED_REAL_NS2_SIMULATION
INST_2320,DSDV,100,50,10,5,5,102320,EXPANDED_REAL_NS2_SIMULATION
INST_2320,AOMDV,100,50,10,5,5,102320,EXPANDED_REAL_NS2_SIMULATION
INST_2321,AODV,100,50,10,6,1,102321,EXPANDED_REAL_NS2_SIMULATION
INST_2321,DSDV,100,50,10,6,1,102321,EXPANDED_REAL_NS2_SIMULATION
INST_2321,AOMDV,100,50,10,6,1,102321,EXPANDED_REAL_NS2_SIMULATION
INST_2322,AODV,100,50,10,6,2,102322,EXPANDED_REAL_NS2_SIMULATION
INST_2322,DSDV,100,50,10,6,2,102322,EXPANDED_REAL_NS2_SIMULATION
INST_2322,AOMDV,100,50,10,6,2,102322,EXPANDED_REAL_NS2_SIMULATION
INST_2323,AODV,100,50,10,6,3,102323,EXPANDED_REAL_NS2_SIMULATION
INST_2323,DSDV,100,50,10,6,3,102323,EXPANDED_REAL_NS2_SIMULATION
INST_2323,AOMDV,100,50,10,6,3,102323,EXPANDED_REAL_NS2_SIMULATION
INST_2324,AODV,100,50,10,6,4,102324,EXPANDED_REAL_NS2_SIMULATION
INST_2324,DSDV,100,50,10,6,4,102324,EXPANDED_REAL_NS2_SIMULATION
INST_2324,AOMDV,100,50,10,6,4,102324,EXPANDED_REAL_NS2_SIMULATION
INST_2325,AODV,100,50,10,6,5,102325,EXPANDED_REAL_NS2_SIMULATION
INST_2325,DSDV,100,50,10,6,5,102325,EXPANDED_REAL_NS2_SIMULATION
INST_2325,AOMDV,100,50,10,6,5,102325,EXPANDED_REAL_NS2_SIMULATION
INST_2326,AODV,100,50,12,2,1,102326,EXPANDED_REAL_NS2_SIMULATION
INST_2326,DSDV,100,50,12,2,1,102326,EXPANDED_REAL_NS2_SIMULATION
INST_2326,AOMDV,100,50,12,2,1,102326,EXPANDED_REAL_NS2_SIMULATION
INST_2327,AODV,100,50,12,2,2,102327,EXPANDED_REAL_NS2_SIMULATION
INST_2327,DSDV,100,50,12,2,2,102327,EXPANDED_REAL_NS2_SIMULATION
INST_2327,AOMDV,100,50,12,2,2,102327,EXPANDED_REAL_NS2_SIMULATION
INST_2328,AODV,100,50,12,2,3,102328,EXPANDED_REAL_NS2_SIMULATION
INST_2328,DSDV,100,50,12,2,3,102328,EXPANDED_REAL_NS2_SIMULATION
INST_2328,AOMDV,100,50,12,2,3,102328,EXPANDED_REAL_NS2_SIMULATION
INST_2329,AODV,100,50,12,2,4,102329,EXPANDED_REAL_NS2_SIMULATION
INST_2329,DSDV,100,50,12,2,4,102329,EXPANDED_REAL_NS2_SIMULATION
INST_2329,AOMDV,100,50,12,2,4,102329,EXPANDED_REAL_NS2_SIMULATION
INST_2330,AODV,100,50,12,2,5,102330,EXPANDED_REAL_NS2_SIMULATION
INST_2330,DSDV,100,50,12,2,5,102330,EXPANDED_REAL_NS2_SIMULATION
INST_2330,AOMDV,100,50,12,2,5,102330,EXPANDED_REAL_NS2_SIMULATION
INST_2331,AODV,100,50,12,3,1,102331,EXPANDED_REAL_NS2_SIMULATION
INST_2331,DSDV,100,50,12,3,1,102331,EXPANDED_REAL_NS2_SIMULATION
INST_2331,AOMDV,100,50,12,3,1,102331,EXPANDED_REAL_NS2_SIMULATION
INST_2332,AODV,100,50,12,3,2,102332,EXPANDED_REAL_NS2_SIMULATION
INST_2332,DSDV,100,50,12,3,2,102332,EXPANDED_REAL_NS2_SIMULATION
INST_2332,AOMDV,100,50,12,3,2,102332,EXPANDED_REAL_NS2_SIMULATION
INST_2333,AODV,100,50,12,3,3,102333,EXPANDED_REAL_NS2_SIMULATION
INST_2333,DSDV,100,50,12,3,3,102333,EXPANDED_REAL_NS2_SIMULATION
INST_2333,AOMDV,100,50,12,3,3,102333,EXPANDED_REAL_NS2_SIMULATION
INST_2334,AODV,100,50,12,3,4,102334,EXPANDED_REAL_NS2_SIMULATION
INST_2334,DSDV,100,50,12,3,4,102334,EXPANDED_REAL_NS2_SIMULATION
INST_2334,AOMDV,100,50,12,3,4,102334,EXPANDED_REAL_NS2_SIMULATION
INST_2335,AODV,100,50,12,3,5,102335,EXPANDED_REAL_NS2_SIMULATION
INST_2335,DSDV,100,50,12,3,5,102335,EXPANDED_REAL_NS2_SIMULATION
INST_2335,AOMDV,100,50,12,3,5,102335,EXPANDED_REAL_NS2_SIMULATION
INST_2336,AODV,100,50,12,4,1,102336,EXPANDED_REAL_NS2_SIMULATION
INST_2336,DSDV,100,50,12,4,1,102336,EXPANDED_REAL_NS2_SIMULATION
INST_2336,AOMDV,100,50,12,4,1,102336,EXPANDED_REAL_NS2_SIMULATION
INST_2337,AODV,100,50,12,4,2,102337,EXPANDED_REAL_NS2_SIMULATION
INST_2337,DSDV,100,50,12,4,2,102337,EXPANDED_REAL_NS2_SIMULATION
INST_2337,AOMDV,100,50,12,4,2,102337,EXPANDED_REAL_NS2_SIMULATION
INST_2338,AODV,100,50,12,4,3,102338,EXPANDED_REAL_NS2_SIMULATION
INST_2338,DSDV,100,50,12,4,3,102338,EXPANDED_REAL_NS2_SIMULATION
INST_2338,AOMDV,100,50,12,4,3,102338,EXPANDED_REAL_NS2_SIMULATION
INST_2339,AODV,100,50,12,4,4,102339,EXPANDED_REAL_NS2_SIMULATION
INST_2339,DSDV,100,50,12,4,4,102339,EXPANDED_REAL_NS2_SIMULATION
INST_2339,AOMDV,100,50,12,4,4,102339,EXPANDED_REAL_NS2_SIMULATION
INST_2340,AODV,100,50,12,4,5,102340,EXPANDED_REAL_NS2_SIMULATION
INST_2340,DSDV,100,50,12,4,5,102340,EXPANDED_REAL_NS2_SIMULATION
INST_2340,AOMDV,100,50,12,4,5,102340,EXPANDED_REAL_NS2_SIMULATION
INST_2341,AODV,100,50,12,5,1,102341,EXPANDED_REAL_NS2_SIMULATION
INST_2341,DSDV,100,50,12,5,1,102341,EXPANDED_REAL_NS2_SIMULATION
INST_2341,AOMDV,100,50,12,5,1,102341,EXPANDED_REAL_NS2_SIMULATION
INST_2342,AODV,100,50,12,5,2,102342,EXPANDED_REAL_NS2_SIMULATION
INST_2342,DSDV,100,50,12,5,2,102342,EXPANDED_REAL_NS2_SIMULATION
INST_2342,AOMDV,100,50,12,5,2,102342,EXPANDED_REAL_NS2_SIMULATION
INST_2343,AODV,100,50,12,5,3,102343,EXPANDED_REAL_NS2_SIMULATION
INST_2343,DSDV,100,50,12,5,3,102343,EXPANDED_REAL_NS2_SIMULATION
INST_2343,AOMDV,100,50,12,5,3,102343,EXPANDED_REAL_NS2_SIMULATION
INST_2344,AODV,100,50,12,5,4,102344,EXPANDED_REAL_NS2_SIMULATION
INST_2344,DSDV,100,50,12,5,4,102344,EXPANDED_REAL_NS2_SIMULATION
INST_2344,AOMDV,100,50,12,5,4,102344,EXPANDED_REAL_NS2_SIMULATION
INST_2345,AODV,100,50,12,5,5,102345,EXPANDED_REAL_NS2_SIMULATION
INST_2345,DSDV,100,50,12,5,5,102345,EXPANDED_REAL_NS2_SIMULATION
INST_2345,AOMDV,100,50,12,5,5,102345,EXPANDED_REAL_NS2_SIMULATION
INST_2346,AODV,100,50,12,6,1,102346,EXPANDED_REAL_NS2_SIMULATION
INST_2346,DSDV,100,50,12,6,1,102346,EXPANDED_REAL_NS2_SIMULATION
INST_2346,AOMDV,100,50,12,6,1,102346,EXPANDED_REAL_NS2_SIMULATION
INST_2347,AODV,100,50,12,6,2,102347,EXPANDED_REAL_NS2_SIMULATION
INST_2347,DSDV,100,50,12,6,2,102347,EXPANDED_REAL_NS2_SIMULATION
INST_2347,AOMDV,100,50,12,6,2,102347,EXPANDED_REAL_NS2_SIMULATION
INST_2348,AODV,100,50,12,6,3,102348,EXPANDED_REAL_NS2_SIMULATION
INST_2348,DSDV,100,50,12,6,3,102348,EXPANDED_REAL_NS2_SIMULATION
INST_2348,AOMDV,100,50,12,6,3,102348,EXPANDED_REAL_NS2_SIMULATION
INST_2349,AODV,100,50,12,6,4,102349,EXPANDED_REAL_NS2_SIMULATION
INST_2349,DSDV,100,50,12,6,4,102349,EXPANDED_REAL_NS2_SIMULATION
INST_2349,AOMDV,100,50,12,6,4,102349,EXPANDED_REAL_NS2_SIMULATION
INST_2350,AODV,100,50,12,6,5,102350,EXPANDED_REAL_NS2_SIMULATION
INST_2350,DSDV,100,50,12,6,5,102350,EXPANDED_REAL_NS2_SIMULATION
INST_2350,AOMDV,100,50,12,6,5,102350,EXPANDED_REAL_NS2_SIMULATION
INST_2351,AODV,100,50,12,8,1,102351,EXPANDED_REAL_NS2_SIMULATION
INST_2351,DSDV,100,50,12,8,1,102351,EXPANDED_REAL_NS2_SIMULATION
INST_2351,AOMDV,100,50,12,8,1,102351,EXPANDED_REAL_NS2_SIMULATION
INST_2352,AODV,100,50,12,8,2,102352,EXPANDED_REAL_NS2_SIMULATION
INST_2352,DSDV,100,50,12,8,2,102352,EXPANDED_REAL_NS2_SIMULATION
INST_2352,AOMDV,100,50,12,8,2,102352,EXPANDED_REAL_NS2_SIMULATION
INST_2353,AODV,100,50,12,8,3,102353,EXPANDED_REAL_NS2_SIMULATION
INST_2353,DSDV,100,50,12,8,3,102353,EXPANDED_REAL_NS2_SIMULATION
INST_2353,AOMDV,100,50,12,8,3,102353,EXPANDED_REAL_NS2_SIMULATION
INST_2354,AODV,100,50,12,8,4,102354,EXPANDED_REAL_NS2_SIMULATION
INST_2354,DSDV,100,50,12,8,4,102354,EXPANDED_REAL_NS2_SIMULATION
INST_2354,AOMDV,100,50,12,8,4,102354,EXPANDED_REAL_NS2_SIMULATION
INST_2355,AODV,100,50,12,8,5,102355,EXPANDED_REAL_NS2_SIMULATION
INST_2355,DSDV,100,50,12,8,5,102355,EXPANDED_REAL_NS2_SIMULATION
INST_2355,AOMDV,100,50,12,8,5,102355,EXPANDED_REAL_NS2_SIMULATION
INST_2356,AODV,100,50,15,3,1,102356,EXPANDED_REAL_NS2_SIMULATION
INST_2356,DSDV,100,50,15,3,1,102356,EXPANDED_REAL_NS2_SIMULATION
INST_2356,AOMDV,100,50,15,3,1,102356,EXPANDED_REAL_NS2_SIMULATION
INST_2357,AODV,100,50,15,3,2,102357,EXPANDED_REAL_NS2_SIMULATION
INST_2357,DSDV,100,50,15,3,2,102357,EXPANDED_REAL_NS2_SIMULATION
INST_2357,AOMDV,100,50,15,3,2,102357,EXPANDED_REAL_NS2_SIMULATION
INST_2358,AODV,100,50,15,3,3,102358,EXPANDED_REAL_NS2_SIMULATION
INST_2358,DSDV,100,50,15,3,3,102358,EXPANDED_REAL_NS2_SIMULATION
INST_2358,AOMDV,100,50,15,3,3,102358,EXPANDED_REAL_NS2_SIMULATION
INST_2359,AODV,100,50,15,3,4,102359,EXPANDED_REAL_NS2_SIMULATION
INST_2359,DSDV,100,50,15,3,4,102359,EXPANDED_REAL_NS2_SIMULATION
INST_2359,AOMDV,100,50,15,3,4,102359,EXPANDED_REAL_NS2_SIMULATION
INST_2360,AODV,100,50,15,3,5,102360,EXPANDED_REAL_NS2_SIMULATION
INST_2360,DSDV,100,50,15,3,5,102360,EXPANDED_REAL_NS2_SIMULATION
INST_2360,AOMDV,100,50,15,3,5,102360,EXPANDED_REAL_NS2_SIMULATION
INST_2361,AODV,100,50,15,5,1,102361,EXPANDED_REAL_NS2_SIMULATION
INST_2361,DSDV,100,50,15,5,1,102361,EXPANDED_REAL_NS2_SIMULATION
INST_2361,AOMDV,100,50,15,5,1,102361,EXPANDED_REAL_NS2_SIMULATION
INST_2362,AODV,100,50,15,5,2,102362,EXPANDED_REAL_NS2_SIMULATION
INST_2362,DSDV,100,50,15,5,2,102362,EXPANDED_REAL_NS2_SIMULATION
INST_2362,AOMDV,100,50,15,5,2,102362,EXPANDED_REAL_NS2_SIMULATION
INST_2363,AODV,100,50,15,5,3,102363,EXPANDED_REAL_NS2_SIMULATION
INST_2363,DSDV,100,50,15,5,3,102363,EXPANDED_REAL_NS2_SIMULATION
INST_2363,AOMDV,100,50,15,5,3,102363,EXPANDED_REAL_NS2_SIMULATION
INST_2364,AODV,100,50,15,5,4,102364,EXPANDED_REAL_NS2_SIMULATION
INST_2364,DSDV,100,50,15,5,4,102364,EXPANDED_REAL_NS2_SIMULATION
INST_2364,AOMDV,100,50,15,5,4,102364,EXPANDED_REAL_NS2_SIMULATION
INST_2365,AODV,100,50,15,5,5,102365,EXPANDED_REAL_NS2_SIMULATION
INST_2365,DSDV,100,50,15,5,5,102365,EXPANDED_REAL_NS2_SIMULATION
INST_2365,AOMDV,100,50,15,5,5,102365,EXPANDED_REAL_NS2_SIMULATION
INST_2366,AODV,100,50,15,6,1,102366,EXPANDED_REAL_NS2_SIMULATION
INST_2366,DSDV,100,50,15,6,1,102366,EXPANDED_REAL_NS2_SIMULATION
INST_2366,AOMDV,100,50,15,6,1,102366,EXPANDED_REAL_NS2_SIMULATION
INST_2367,AODV,100,50,15,6,2,102367,EXPANDED_REAL_NS2_SIMULATION
INST_2367,DSDV,100,50,15,6,2,102367,EXPANDED_REAL_NS2_SIMULATION
INST_2367,AOMDV,100,50,15,6,2,102367,EXPANDED_REAL_NS2_SIMULATION
INST_2368,AODV,100,50,15,6,3,102368,EXPANDED_REAL_NS2_SIMULATION
INST_2368,DSDV,100,50,15,6,3,102368,EXPANDED_REAL_NS2_SIMULATION
INST_2368,AOMDV,100,50,15,6,3,102368,EXPANDED_REAL_NS2_SIMULATION
INST_2369,AODV,100,50,15,6,4,102369,EXPANDED_REAL_NS2_SIMULATION
INST_2369,DSDV,100,50,15,6,4,102369,EXPANDED_REAL_NS2_SIMULATION
INST_2369,AOMDV,100,50,15,6,4,102369,EXPANDED_REAL_NS2_SIMULATION
INST_2370,AODV,100,50,15,6,5,102370,EXPANDED_REAL_NS2_SIMULATION
INST_2370,DSDV,100,50,15,6,5,102370,EXPANDED_REAL_NS2_SIMULATION
INST_2370,AOMDV,100,50,15,6,5,102370,EXPANDED_REAL_NS2_SIMULATION
INST_2371,AODV,100,50,18,2,1,102371,EXPANDED_REAL_NS2_SIMULATION
INST_2371,DSDV,100,50,18,2,1,102371,EXPANDED_REAL_NS2_SIMULATION
INST_2371,AOMDV,100,50,18,2,1,102371,EXPANDED_REAL_NS2_SIMULATION
INST_2372,AODV,100,50,18,2,2,102372,EXPANDED_REAL_NS2_SIMULATION
INST_2372,DSDV,100,50,18,2,2,102372,EXPANDED_REAL_NS2_SIMULATION
INST_2372,AOMDV,100,50,18,2,2,102372,EXPANDED_REAL_NS2_SIMULATION
INST_2373,AODV,100,50,18,2,3,102373,EXPANDED_REAL_NS2_SIMULATION
INST_2373,DSDV,100,50,18,2,3,102373,EXPANDED_REAL_NS2_SIMULATION
INST_2373,AOMDV,100,50,18,2,3,102373,EXPANDED_REAL_NS2_SIMULATION
INST_2374,AODV,100,50,18,2,4,102374,EXPANDED_REAL_NS2_SIMULATION
INST_2374,DSDV,100,50,18,2,4,102374,EXPANDED_REAL_NS2_SIMULATION
INST_2374,AOMDV,100,50,18,2,4,102374,EXPANDED_REAL_NS2_SIMULATION
INST_2375,AODV,100,50,18,2,5,102375,EXPANDED_REAL_NS2_SIMULATION
INST_2375,DSDV,100,50,18,2,5,102375,EXPANDED_REAL_NS2_SIMULATION
INST_2375,AOMDV,100,50,18,2,5,102375,EXPANDED_REAL_NS2_SIMULATION
INST_2376,AODV,100,50,18,3,1,102376,EXPANDED_REAL_NS2_SIMULATION
INST_2376,DSDV,100,50,18,3,1,102376,EXPANDED_REAL_NS2_SIMULATION
INST_2376,AOMDV,100,50,18,3,1,102376,EXPANDED_REAL_NS2_SIMULATION
INST_2377,AODV,100,50,18,3,2,102377,EXPANDED_REAL_NS2_SIMULATION
INST_2377,DSDV,100,50,18,3,2,102377,EXPANDED_REAL_NS2_SIMULATION
INST_2377,AOMDV,100,50,18,3,2,102377,EXPANDED_REAL_NS2_SIMULATION
INST_2378,AODV,100,50,18,3,3,102378,EXPANDED_REAL_NS2_SIMULATION
INST_2378,DSDV,100,50,18,3,3,102378,EXPANDED_REAL_NS2_SIMULATION
INST_2378,AOMDV,100,50,18,3,3,102378,EXPANDED_REAL_NS2_SIMULATION
INST_2379,AODV,100,50,18,3,4,102379,EXPANDED_REAL_NS2_SIMULATION
INST_2379,DSDV,100,50,18,3,4,102379,EXPANDED_REAL_NS2_SIMULATION
INST_2379,AOMDV,100,50,18,3,4,102379,EXPANDED_REAL_NS2_SIMULATION
INST_2380,AODV,100,50,18,3,5,102380,EXPANDED_REAL_NS2_SIMULATION
INST_2380,DSDV,100,50,18,3,5,102380,EXPANDED_REAL_NS2_SIMULATION
INST_2380,AOMDV,100,50,18,3,5,102380,EXPANDED_REAL_NS2_SIMULATION
INST_2381,AODV,100,50,18,4,1,102381,EXPANDED_REAL_NS2_SIMULATION
INST_2381,DSDV,100,50,18,4,1,102381,EXPANDED_REAL_NS2_SIMULATION
INST_2381,AOMDV,100,50,18,4,1,102381,EXPANDED_REAL_NS2_SIMULATION
INST_2382,AODV,100,50,18,4,2,102382,EXPANDED_REAL_NS2_SIMULATION
INST_2382,DSDV,100,50,18,4,2,102382,EXPANDED_REAL_NS2_SIMULATION
INST_2382,AOMDV,100,50,18,4,2,102382,EXPANDED_REAL_NS2_SIMULATION
INST_2383,AODV,100,50,18,4,3,102383,EXPANDED_REAL_NS2_SIMULATION
INST_2383,DSDV,100,50,18,4,3,102383,EXPANDED_REAL_NS2_SIMULATION
INST_2383,AOMDV,100,50,18,4,3,102383,EXPANDED_REAL_NS2_SIMULATION
INST_2384,AODV,100,50,18,4,4,102384,EXPANDED_REAL_NS2_SIMULATION
INST_2384,DSDV,100,50,18,4,4,102384,EXPANDED_REAL_NS2_SIMULATION
INST_2384,AOMDV,100,50,18,4,4,102384,EXPANDED_REAL_NS2_SIMULATION
INST_2385,AODV,100,50,18,4,5,102385,EXPANDED_REAL_NS2_SIMULATION
INST_2385,DSDV,100,50,18,4,5,102385,EXPANDED_REAL_NS2_SIMULATION
INST_2385,AOMDV,100,50,18,4,5,102385,EXPANDED_REAL_NS2_SIMULATION
INST_2386,AODV,100,50,18,5,1,102386,EXPANDED_REAL_NS2_SIMULATION
INST_2386,DSDV,100,50,18,5,1,102386,EXPANDED_REAL_NS2_SIMULATION
INST_2386,AOMDV,100,50,18,5,1,102386,EXPANDED_REAL_NS2_SIMULATION
INST_2387,AODV,100,50,18,5,2,102387,EXPANDED_REAL_NS2_SIMULATION
INST_2387,DSDV,100,50,18,5,2,102387,EXPANDED_REAL_NS2_SIMULATION
INST_2387,AOMDV,100,50,18,5,2,102387,EXPANDED_REAL_NS2_SIMULATION
INST_2388,AODV,100,50,18,5,3,102388,EXPANDED_REAL_NS2_SIMULATION
INST_2388,DSDV,100,50,18,5,3,102388,EXPANDED_REAL_NS2_SIMULATION
INST_2388,AOMDV,100,50,18,5,3,102388,EXPANDED_REAL_NS2_SIMULATION
INST_2389,AODV,100,50,18,5,4,102389,EXPANDED_REAL_NS2_SIMULATION
INST_2389,DSDV,100,50,18,5,4,102389,EXPANDED_REAL_NS2_SIMULATION
INST_2389,AOMDV,100,50,18,5,4,102389,EXPANDED_REAL_NS2_SIMULATION
INST_2390,AODV,100,50,18,5,5,102390,EXPANDED_REAL_NS2_SIMULATION
INST_2390,DSDV,100,50,18,5,5,102390,EXPANDED_REAL_NS2_SIMULATION
INST_2390,AOMDV,100,50,18,5,5,102390,EXPANDED_REAL_NS2_SIMULATION
INST_2391,AODV,100,50,18,6,1,102391,EXPANDED_REAL_NS2_SIMULATION
INST_2391,DSDV,100,50,18,6,1,102391,EXPANDED_REAL_NS2_SIMULATION
INST_2391,AOMDV,100,50,18,6,1,102391,EXPANDED_REAL_NS2_SIMULATION
INST_2392,AODV,100,50,18,6,2,102392,EXPANDED_REAL_NS2_SIMULATION
INST_2392,DSDV,100,50,18,6,2,102392,EXPANDED_REAL_NS2_SIMULATION
INST_2392,AOMDV,100,50,18,6,2,102392,EXPANDED_REAL_NS2_SIMULATION
INST_2393,AODV,100,50,18,6,3,102393,EXPANDED_REAL_NS2_SIMULATION
INST_2393,DSDV,100,50,18,6,3,102393,EXPANDED_REAL_NS2_SIMULATION
INST_2393,AOMDV,100,50,18,6,3,102393,EXPANDED_REAL_NS2_SIMULATION
INST_2394,AODV,100,50,18,6,4,102394,EXPANDED_REAL_NS2_SIMULATION
INST_2394,DSDV,100,50,18,6,4,102394,EXPANDED_REAL_NS2_SIMULATION
INST_2394,AOMDV,100,50,18,6,4,102394,EXPANDED_REAL_NS2_SIMULATION
INST_2395,AODV,100,50,18,6,5,102395,EXPANDED_REAL_NS2_SIMULATION
INST_2395,DSDV,100,50,18,6,5,102395,EXPANDED_REAL_NS2_SIMULATION
INST_2395,AOMDV,100,50,18,6,5,102395,EXPANDED_REAL_NS2_SIMULATION
INST_2396,AODV,100,50,18,8,1,102396,EXPANDED_REAL_NS2_SIMULATION
INST_2396,DSDV,100,50,18,8,1,102396,EXPANDED_REAL_NS2_SIMULATION
INST_2396,AOMDV,100,50,18,8,1,102396,EXPANDED_REAL_NS2_SIMULATION
INST_2397,AODV,100,50,18,8,2,102397,EXPANDED_REAL_NS2_SIMULATION
INST_2397,DSDV,100,50,18,8,2,102397,EXPANDED_REAL_NS2_SIMULATION
INST_2397,AOMDV,100,50,18,8,2,102397,EXPANDED_REAL_NS2_SIMULATION
INST_2398,AODV,100,50,18,8,3,102398,EXPANDED_REAL_NS2_SIMULATION
INST_2398,DSDV,100,50,18,8,3,102398,EXPANDED_REAL_NS2_SIMULATION
INST_2398,AOMDV,100,50,18,8,3,102398,EXPANDED_REAL_NS2_SIMULATION
INST_2399,AODV,100,50,18,8,4,102399,EXPANDED_REAL_NS2_SIMULATION
INST_2399,DSDV,100,50,18,8,4,102399,EXPANDED_REAL_NS2_SIMULATION
INST_2399,AOMDV,100,50,18,8,4,102399,EXPANDED_REAL_NS2_SIMULATION
INST_2400,AODV,100,50,18,8,5,102400,EXPANDED_REAL_NS2_SIMULATION
INST_2400,DSDV,100,50,18,8,5,102400,EXPANDED_REAL_NS2_SIMULATION
INST_2400,AOMDV,100,50,18,8,5,102400,EXPANDED_REAL_NS2_SIMULATION
INST_2401,AODV,100,50,20,3,1,102401,EXPANDED_REAL_NS2_SIMULATION
INST_2401,DSDV,100,50,20,3,1,102401,EXPANDED_REAL_NS2_SIMULATION
INST_2401,AOMDV,100,50,20,3,1,102401,EXPANDED_REAL_NS2_SIMULATION
INST_2402,AODV,100,50,20,3,2,102402,EXPANDED_REAL_NS2_SIMULATION
INST_2402,DSDV,100,50,20,3,2,102402,EXPANDED_REAL_NS2_SIMULATION
INST_2402,AOMDV,100,50,20,3,2,102402,EXPANDED_REAL_NS2_SIMULATION
INST_2403,AODV,100,50,20,3,3,102403,EXPANDED_REAL_NS2_SIMULATION
INST_2403,DSDV,100,50,20,3,3,102403,EXPANDED_REAL_NS2_SIMULATION
INST_2403,AOMDV,100,50,20,3,3,102403,EXPANDED_REAL_NS2_SIMULATION
INST_2404,AODV,100,50,20,3,4,102404,EXPANDED_REAL_NS2_SIMULATION
INST_2404,DSDV,100,50,20,3,4,102404,EXPANDED_REAL_NS2_SIMULATION
INST_2404,AOMDV,100,50,20,3,4,102404,EXPANDED_REAL_NS2_SIMULATION
INST_2405,AODV,100,50,20,3,5,102405,EXPANDED_REAL_NS2_SIMULATION
INST_2405,DSDV,100,50,20,3,5,102405,EXPANDED_REAL_NS2_SIMULATION
INST_2405,AOMDV,100,50,20,3,5,102405,EXPANDED_REAL_NS2_SIMULATION
INST_2406,AODV,100,50,20,5,1,102406,EXPANDED_REAL_NS2_SIMULATION
INST_2406,DSDV,100,50,20,5,1,102406,EXPANDED_REAL_NS2_SIMULATION
INST_2406,AOMDV,100,50,20,5,1,102406,EXPANDED_REAL_NS2_SIMULATION
INST_2407,AODV,100,50,20,5,2,102407,EXPANDED_REAL_NS2_SIMULATION
INST_2407,DSDV,100,50,20,5,2,102407,EXPANDED_REAL_NS2_SIMULATION
INST_2407,AOMDV,100,50,20,5,2,102407,EXPANDED_REAL_NS2_SIMULATION
INST_2408,AODV,100,50,20,5,3,102408,EXPANDED_REAL_NS2_SIMULATION
INST_2408,DSDV,100,50,20,5,3,102408,EXPANDED_REAL_NS2_SIMULATION
INST_2408,AOMDV,100,50,20,5,3,102408,EXPANDED_REAL_NS2_SIMULATION
INST_2409,AODV,100,50,20,5,4,102409,EXPANDED_REAL_NS2_SIMULATION
INST_2409,DSDV,100,50,20,5,4,102409,EXPANDED_REAL_NS2_SIMULATION
INST_2409,AOMDV,100,50,20,5,4,102409,EXPANDED_REAL_NS2_SIMULATION
INST_2410,AODV,100,50,20,5,5,102410,EXPANDED_REAL_NS2_SIMULATION
INST_2410,DSDV,100,50,20,5,5,102410,EXPANDED_REAL_NS2_SIMULATION
INST_2410,AOMDV,100,50,20,5,5,102410,EXPANDED_REAL_NS2_SIMULATION
INST_2411,AODV,100,50,20,6,1,102411,EXPANDED_REAL_NS2_SIMULATION
INST_2411,DSDV,100,50,20,6,1,102411,EXPANDED_REAL_NS2_SIMULATION
INST_2411,AOMDV,100,50,20,6,1,102411,EXPANDED_REAL_NS2_SIMULATION
INST_2412,AODV,100,50,20,6,2,102412,EXPANDED_REAL_NS2_SIMULATION
INST_2412,DSDV,100,50,20,6,2,102412,EXPANDED_REAL_NS2_SIMULATION
INST_2412,AOMDV,100,50,20,6,2,102412,EXPANDED_REAL_NS2_SIMULATION
INST_2413,AODV,100,50,20,6,3,102413,EXPANDED_REAL_NS2_SIMULATION
INST_2413,DSDV,100,50,20,6,3,102413,EXPANDED_REAL_NS2_SIMULATION
INST_2413,AOMDV,100,50,20,6,3,102413,EXPANDED_REAL_NS2_SIMULATION
INST_2414,AODV,100,50,20,6,4,102414,EXPANDED_REAL_NS2_SIMULATION
INST_2414,DSDV,100,50,20,6,4,102414,EXPANDED_REAL_NS2_SIMULATION
INST_2414,AOMDV,100,50,20,6,4,102414,EXPANDED_REAL_NS2_SIMULATION
INST_2415,AODV,100,50,20,6,5,102415,EXPANDED_REAL_NS2_SIMULATION
INST_2415,DSDV,100,50,20,6,5,102415,EXPANDED_REAL_NS2_SIMULATION
INST_2415,AOMDV,100,50,20,6,5,102415,EXPANDED_REAL_NS2_SIMULATION
INST_2416,AODV,100,50,22,2,1,102416,EXPANDED_REAL_NS2_SIMULATION
INST_2416,DSDV,100,50,22,2,1,102416,EXPANDED_REAL_NS2_SIMULATION
INST_2416,AOMDV,100,50,22,2,1,102416,EXPANDED_REAL_NS2_SIMULATION
INST_2417,AODV,100,50,22,2,2,102417,EXPANDED_REAL_NS2_SIMULATION
INST_2417,DSDV,100,50,22,2,2,102417,EXPANDED_REAL_NS2_SIMULATION
INST_2417,AOMDV,100,50,22,2,2,102417,EXPANDED_REAL_NS2_SIMULATION
INST_2418,AODV,100,50,22,2,3,102418,EXPANDED_REAL_NS2_SIMULATION
INST_2418,DSDV,100,50,22,2,3,102418,EXPANDED_REAL_NS2_SIMULATION
INST_2418,AOMDV,100,50,22,2,3,102418,EXPANDED_REAL_NS2_SIMULATION
INST_2419,AODV,100,50,22,2,4,102419,EXPANDED_REAL_NS2_SIMULATION
INST_2419,DSDV,100,50,22,2,4,102419,EXPANDED_REAL_NS2_SIMULATION
INST_2419,AOMDV,100,50,22,2,4,102419,EXPANDED_REAL_NS2_SIMULATION
INST_2420,AODV,100,50,22,2,5,102420,EXPANDED_REAL_NS2_SIMULATION
INST_2420,DSDV,100,50,22,2,5,102420,EXPANDED_REAL_NS2_SIMULATION
INST_2420,AOMDV,100,50,22,2,5,102420,EXPANDED_REAL_NS2_SIMULATION
INST_2421,AODV,100,50,22,3,1,102421,EXPANDED_REAL_NS2_SIMULATION
INST_2421,DSDV,100,50,22,3,1,102421,EXPANDED_REAL_NS2_SIMULATION
INST_2421,AOMDV,100,50,22,3,1,102421,EXPANDED_REAL_NS2_SIMULATION
INST_2422,AODV,100,50,22,3,2,102422,EXPANDED_REAL_NS2_SIMULATION
INST_2422,DSDV,100,50,22,3,2,102422,EXPANDED_REAL_NS2_SIMULATION
INST_2422,AOMDV,100,50,22,3,2,102422,EXPANDED_REAL_NS2_SIMULATION
INST_2423,AODV,100,50,22,3,3,102423,EXPANDED_REAL_NS2_SIMULATION
INST_2423,DSDV,100,50,22,3,3,102423,EXPANDED_REAL_NS2_SIMULATION
INST_2423,AOMDV,100,50,22,3,3,102423,EXPANDED_REAL_NS2_SIMULATION
INST_2424,AODV,100,50,22,3,4,102424,EXPANDED_REAL_NS2_SIMULATION
INST_2424,DSDV,100,50,22,3,4,102424,EXPANDED_REAL_NS2_SIMULATION
INST_2424,AOMDV,100,50,22,3,4,102424,EXPANDED_REAL_NS2_SIMULATION
INST_2425,AODV,100,50,22,3,5,102425,EXPANDED_REAL_NS2_SIMULATION
INST_2425,DSDV,100,50,22,3,5,102425,EXPANDED_REAL_NS2_SIMULATION
INST_2425,AOMDV,100,50,22,3,5,102425,EXPANDED_REAL_NS2_SIMULATION
INST_2426,AODV,100,50,22,4,1,102426,EXPANDED_REAL_NS2_SIMULATION
INST_2426,DSDV,100,50,22,4,1,102426,EXPANDED_REAL_NS2_SIMULATION
INST_2426,AOMDV,100,50,22,4,1,102426,EXPANDED_REAL_NS2_SIMULATION
INST_2427,AODV,100,50,22,4,2,102427,EXPANDED_REAL_NS2_SIMULATION
INST_2427,DSDV,100,50,22,4,2,102427,EXPANDED_REAL_NS2_SIMULATION
INST_2427,AOMDV,100,50,22,4,2,102427,EXPANDED_REAL_NS2_SIMULATION
INST_2428,AODV,100,50,22,4,3,102428,EXPANDED_REAL_NS2_SIMULATION
INST_2428,DSDV,100,50,22,4,3,102428,EXPANDED_REAL_NS2_SIMULATION
INST_2428,AOMDV,100,50,22,4,3,102428,EXPANDED_REAL_NS2_SIMULATION
INST_2429,AODV,100,50,22,4,4,102429,EXPANDED_REAL_NS2_SIMULATION
INST_2429,DSDV,100,50,22,4,4,102429,EXPANDED_REAL_NS2_SIMULATION
INST_2429,AOMDV,100,50,22,4,4,102429,EXPANDED_REAL_NS2_SIMULATION
INST_2430,AODV,100,50,22,4,5,102430,EXPANDED_REAL_NS2_SIMULATION
INST_2430,DSDV,100,50,22,4,5,102430,EXPANDED_REAL_NS2_SIMULATION
INST_2430,AOMDV,100,50,22,4,5,102430,EXPANDED_REAL_NS2_SIMULATION
INST_2431,AODV,100,50,22,5,1,102431,EXPANDED_REAL_NS2_SIMULATION
INST_2431,DSDV,100,50,22,5,1,102431,EXPANDED_REAL_NS2_SIMULATION
INST_2431,AOMDV,100,50,22,5,1,102431,EXPANDED_REAL_NS2_SIMULATION
INST_2432,AODV,100,50,22,5,2,102432,EXPANDED_REAL_NS2_SIMULATION
INST_2432,DSDV,100,50,22,5,2,102432,EXPANDED_REAL_NS2_SIMULATION
INST_2432,AOMDV,100,50,22,5,2,102432,EXPANDED_REAL_NS2_SIMULATION
INST_2433,AODV,100,50,22,5,3,102433,EXPANDED_REAL_NS2_SIMULATION
INST_2433,DSDV,100,50,22,5,3,102433,EXPANDED_REAL_NS2_SIMULATION
INST_2433,AOMDV,100,50,22,5,3,102433,EXPANDED_REAL_NS2_SIMULATION
INST_2434,AODV,100,50,22,5,4,102434,EXPANDED_REAL_NS2_SIMULATION
INST_2434,DSDV,100,50,22,5,4,102434,EXPANDED_REAL_NS2_SIMULATION
INST_2434,AOMDV,100,50,22,5,4,102434,EXPANDED_REAL_NS2_SIMULATION
INST_2435,AODV,100,50,22,5,5,102435,EXPANDED_REAL_NS2_SIMULATION
INST_2435,DSDV,100,50,22,5,5,102435,EXPANDED_REAL_NS2_SIMULATION
INST_2435,AOMDV,100,50,22,5,5,102435,EXPANDED_REAL_NS2_SIMULATION
INST_2436,AODV,100,50,22,6,1,102436,EXPANDED_REAL_NS2_SIMULATION
INST_2436,DSDV,100,50,22,6,1,102436,EXPANDED_REAL_NS2_SIMULATION
INST_2436,AOMDV,100,50,22,6,1,102436,EXPANDED_REAL_NS2_SIMULATION
INST_2437,AODV,100,50,22,6,2,102437,EXPANDED_REAL_NS2_SIMULATION
INST_2437,DSDV,100,50,22,6,2,102437,EXPANDED_REAL_NS2_SIMULATION
INST_2437,AOMDV,100,50,22,6,2,102437,EXPANDED_REAL_NS2_SIMULATION
INST_2438,AODV,100,50,22,6,3,102438,EXPANDED_REAL_NS2_SIMULATION
INST_2438,DSDV,100,50,22,6,3,102438,EXPANDED_REAL_NS2_SIMULATION
INST_2438,AOMDV,100,50,22,6,3,102438,EXPANDED_REAL_NS2_SIMULATION
INST_2439,AODV,100,50,22,6,4,102439,EXPANDED_REAL_NS2_SIMULATION
INST_2439,DSDV,100,50,22,6,4,102439,EXPANDED_REAL_NS2_SIMULATION
INST_2439,AOMDV,100,50,22,6,4,102439,EXPANDED_REAL_NS2_SIMULATION
INST_2440,AODV,100,50,22,6,5,102440,EXPANDED_REAL_NS2_SIMULATION
INST_2440,DSDV,100,50,22,6,5,102440,EXPANDED_REAL_NS2_SIMULATION
INST_2440,AOMDV,100,50,22,6,5,102440,EXPANDED_REAL_NS2_SIMULATION
INST_2441,AODV,100,50,22,8,1,102441,EXPANDED_REAL_NS2_SIMULATION
INST_2441,DSDV,100,50,22,8,1,102441,EXPANDED_REAL_NS2_SIMULATION
INST_2441,AOMDV,100,50,22,8,1,102441,EXPANDED_REAL_NS2_SIMULATION
INST_2442,AODV,100,50,22,8,2,102442,EXPANDED_REAL_NS2_SIMULATION
INST_2442,DSDV,100,50,22,8,2,102442,EXPANDED_REAL_NS2_SIMULATION
INST_2442,AOMDV,100,50,22,8,2,102442,EXPANDED_REAL_NS2_SIMULATION
INST_2443,AODV,100,50,22,8,3,102443,EXPANDED_REAL_NS2_SIMULATION
INST_2443,DSDV,100,50,22,8,3,102443,EXPANDED_REAL_NS2_SIMULATION
INST_2443,AOMDV,100,50,22,8,3,102443,EXPANDED_REAL_NS2_SIMULATION
INST_2444,AODV,100,50,22,8,4,102444,EXPANDED_REAL_NS2_SIMULATION
INST_2444,DSDV,100,50,22,8,4,102444,EXPANDED_REAL_NS2_SIMULATION
INST_2444,AOMDV,100,50,22,8,4,102444,EXPANDED_REAL_NS2_SIMULATION
INST_2445,AODV,100,50,22,8,5,102445,EXPANDED_REAL_NS2_SIMULATION
INST_2445,DSDV,100,50,22,8,5,102445,EXPANDED_REAL_NS2_SIMULATION
INST_2445,AOMDV,100,50,22,8,5,102445,EXPANDED_REAL_NS2_SIMULATION
INST_2446,AODV,100,50,25,3,1,102446,EXPANDED_REAL_NS2_SIMULATION
INST_2446,DSDV,100,50,25,3,1,102446,EXPANDED_REAL_NS2_SIMULATION
INST_2446,AOMDV,100,50,25,3,1,102446,EXPANDED_REAL_NS2_SIMULATION
INST_2447,AODV,100,50,25,3,2,102447,EXPANDED_REAL_NS2_SIMULATION
INST_2447,DSDV,100,50,25,3,2,102447,EXPANDED_REAL_NS2_SIMULATION
INST_2447,AOMDV,100,50,25,3,2,102447,EXPANDED_REAL_NS2_SIMULATION
INST_2448,AODV,100,50,25,3,3,102448,EXPANDED_REAL_NS2_SIMULATION
INST_2448,DSDV,100,50,25,3,3,102448,EXPANDED_REAL_NS2_SIMULATION
INST_2448,AOMDV,100,50,25,3,3,102448,EXPANDED_REAL_NS2_SIMULATION
INST_2449,AODV,100,50,25,3,4,102449,EXPANDED_REAL_NS2_SIMULATION
INST_2449,DSDV,100,50,25,3,4,102449,EXPANDED_REAL_NS2_SIMULATION
INST_2449,AOMDV,100,50,25,3,4,102449,EXPANDED_REAL_NS2_SIMULATION
INST_2450,AODV,100,50,25,3,5,102450,EXPANDED_REAL_NS2_SIMULATION
INST_2450,DSDV,100,50,25,3,5,102450,EXPANDED_REAL_NS2_SIMULATION
INST_2450,AOMDV,100,50,25,3,5,102450,EXPANDED_REAL_NS2_SIMULATION
INST_2451,AODV,100,50,25,5,1,102451,EXPANDED_REAL_NS2_SIMULATION
INST_2451,DSDV,100,50,25,5,1,102451,EXPANDED_REAL_NS2_SIMULATION
INST_2451,AOMDV,100,50,25,5,1,102451,EXPANDED_REAL_NS2_SIMULATION
INST_2452,AODV,100,50,25,5,2,102452,EXPANDED_REAL_NS2_SIMULATION
INST_2452,DSDV,100,50,25,5,2,102452,EXPANDED_REAL_NS2_SIMULATION
INST_2452,AOMDV,100,50,25,5,2,102452,EXPANDED_REAL_NS2_SIMULATION
INST_2453,AODV,100,50,25,5,3,102453,EXPANDED_REAL_NS2_SIMULATION
INST_2453,DSDV,100,50,25,5,3,102453,EXPANDED_REAL_NS2_SIMULATION
INST_2453,AOMDV,100,50,25,5,3,102453,EXPANDED_REAL_NS2_SIMULATION
INST_2454,AODV,100,50,25,5,4,102454,EXPANDED_REAL_NS2_SIMULATION
INST_2454,DSDV,100,50,25,5,4,102454,EXPANDED_REAL_NS2_SIMULATION
INST_2454,AOMDV,100,50,25,5,4,102454,EXPANDED_REAL_NS2_SIMULATION
INST_2455,AODV,100,50,25,5,5,102455,EXPANDED_REAL_NS2_SIMULATION
INST_2455,DSDV,100,50,25,5,5,102455,EXPANDED_REAL_NS2_SIMULATION
INST_2455,AOMDV,100,50,25,5,5,102455,EXPANDED_REAL_NS2_SIMULATION
INST_2456,AODV,100,50,25,6,1,102456,EXPANDED_REAL_NS2_SIMULATION
INST_2456,DSDV,100,50,25,6,1,102456,EXPANDED_REAL_NS2_SIMULATION
INST_2456,AOMDV,100,50,25,6,1,102456,EXPANDED_REAL_NS2_SIMULATION
INST_2457,AODV,100,50,25,6,2,102457,EXPANDED_REAL_NS2_SIMULATION
INST_2457,DSDV,100,50,25,6,2,102457,EXPANDED_REAL_NS2_SIMULATION
INST_2457,AOMDV,100,50,25,6,2,102457,EXPANDED_REAL_NS2_SIMULATION
INST_2458,AODV,100,50,25,6,3,102458,EXPANDED_REAL_NS2_SIMULATION
INST_2458,DSDV,100,50,25,6,3,102458,EXPANDED_REAL_NS2_SIMULATION
INST_2458,AOMDV,100,50,25,6,3,102458,EXPANDED_REAL_NS2_SIMULATION
INST_2459,AODV,100,50,25,6,4,102459,EXPANDED_REAL_NS2_SIMULATION
INST_2459,DSDV,100,50,25,6,4,102459,EXPANDED_REAL_NS2_SIMULATION
INST_2459,AOMDV,100,50,25,6,4,102459,EXPANDED_REAL_NS2_SIMULATION
INST_2460,AODV,100,50,25,6,5,102460,EXPANDED_REAL_NS2_SIMULATION
INST_2460,DSDV,100,50,25,6,5,102460,EXPANDED_REAL_NS2_SIMULATION
INST_2460,AOMDV,100,50,25,6,5,102460,EXPANDED_REAL_NS2_SIMULATION
INST_2461,AODV,150,20,5,3,1,102461,EXPANDED_REAL_NS2_SIMULATION
INST_2461,DSDV,150,20,5,3,1,102461,EXPANDED_REAL_NS2_SIMULATION
INST_2461,AOMDV,150,20,5,3,1,102461,EXPANDED_REAL_NS2_SIMULATION
INST_2462,AODV,150,20,5,3,2,102462,EXPANDED_REAL_NS2_SIMULATION
INST_2462,DSDV,150,20,5,3,2,102462,EXPANDED_REAL_NS2_SIMULATION
INST_2462,AOMDV,150,20,5,3,2,102462,EXPANDED_REAL_NS2_SIMULATION
INST_2463,AODV,150,20,5,3,3,102463,EXPANDED_REAL_NS2_SIMULATION
INST_2463,DSDV,150,20,5,3,3,102463,EXPANDED_REAL_NS2_SIMULATION
INST_2463,AOMDV,150,20,5,3,3,102463,EXPANDED_REAL_NS2_SIMULATION
INST_2464,AODV,150,20,5,3,4,102464,EXPANDED_REAL_NS2_SIMULATION
INST_2464,DSDV,150,20,5,3,4,102464,EXPANDED_REAL_NS2_SIMULATION
INST_2464,AOMDV,150,20,5,3,4,102464,EXPANDED_REAL_NS2_SIMULATION
INST_2465,AODV,150,20,5,3,5,102465,EXPANDED_REAL_NS2_SIMULATION
INST_2465,DSDV,150,20,5,3,5,102465,EXPANDED_REAL_NS2_SIMULATION
INST_2465,AOMDV,150,20,5,3,5,102465,EXPANDED_REAL_NS2_SIMULATION
INST_2466,AODV,150,20,5,5,1,102466,EXPANDED_REAL_NS2_SIMULATION
INST_2466,DSDV,150,20,5,5,1,102466,EXPANDED_REAL_NS2_SIMULATION
INST_2466,AOMDV,150,20,5,5,1,102466,EXPANDED_REAL_NS2_SIMULATION
INST_2467,AODV,150,20,5,5,2,102467,EXPANDED_REAL_NS2_SIMULATION
INST_2467,DSDV,150,20,5,5,2,102467,EXPANDED_REAL_NS2_SIMULATION
INST_2467,AOMDV,150,20,5,5,2,102467,EXPANDED_REAL_NS2_SIMULATION
INST_2468,AODV,150,20,5,5,3,102468,EXPANDED_REAL_NS2_SIMULATION
INST_2468,DSDV,150,20,5,5,3,102468,EXPANDED_REAL_NS2_SIMULATION
INST_2468,AOMDV,150,20,5,5,3,102468,EXPANDED_REAL_NS2_SIMULATION
INST_2469,AODV,150,20,5,5,4,102469,EXPANDED_REAL_NS2_SIMULATION
INST_2469,DSDV,150,20,5,5,4,102469,EXPANDED_REAL_NS2_SIMULATION
INST_2469,AOMDV,150,20,5,5,4,102469,EXPANDED_REAL_NS2_SIMULATION
INST_2470,AODV,150,20,5,5,5,102470,EXPANDED_REAL_NS2_SIMULATION
INST_2470,DSDV,150,20,5,5,5,102470,EXPANDED_REAL_NS2_SIMULATION
INST_2470,AOMDV,150,20,5,5,5,102470,EXPANDED_REAL_NS2_SIMULATION
INST_2471,AODV,150,20,5,6,1,102471,EXPANDED_REAL_NS2_SIMULATION
INST_2471,DSDV,150,20,5,6,1,102471,EXPANDED_REAL_NS2_SIMULATION
INST_2471,AOMDV,150,20,5,6,1,102471,EXPANDED_REAL_NS2_SIMULATION
INST_2472,AODV,150,20,5,6,2,102472,EXPANDED_REAL_NS2_SIMULATION
INST_2472,DSDV,150,20,5,6,2,102472,EXPANDED_REAL_NS2_SIMULATION
INST_2472,AOMDV,150,20,5,6,2,102472,EXPANDED_REAL_NS2_SIMULATION
INST_2473,AODV,150,20,5,6,3,102473,EXPANDED_REAL_NS2_SIMULATION
INST_2473,DSDV,150,20,5,6,3,102473,EXPANDED_REAL_NS2_SIMULATION
INST_2473,AOMDV,150,20,5,6,3,102473,EXPANDED_REAL_NS2_SIMULATION
INST_2474,AODV,150,20,5,6,4,102474,EXPANDED_REAL_NS2_SIMULATION
INST_2474,DSDV,150,20,5,6,4,102474,EXPANDED_REAL_NS2_SIMULATION
INST_2474,AOMDV,150,20,5,6,4,102474,EXPANDED_REAL_NS2_SIMULATION
INST_2475,AODV,150,20,5,6,5,102475,EXPANDED_REAL_NS2_SIMULATION
INST_2475,DSDV,150,20,5,6,5,102475,EXPANDED_REAL_NS2_SIMULATION
INST_2475,AOMDV,150,20,5,6,5,102475,EXPANDED_REAL_NS2_SIMULATION
INST_2476,AODV,150,20,7,2,1,102476,EXPANDED_REAL_NS2_SIMULATION
INST_2476,DSDV,150,20,7,2,1,102476,EXPANDED_REAL_NS2_SIMULATION
INST_2476,AOMDV,150,20,7,2,1,102476,EXPANDED_REAL_NS2_SIMULATION
INST_2477,AODV,150,20,7,2,2,102477,EXPANDED_REAL_NS2_SIMULATION
INST_2477,DSDV,150,20,7,2,2,102477,EXPANDED_REAL_NS2_SIMULATION
INST_2477,AOMDV,150,20,7,2,2,102477,EXPANDED_REAL_NS2_SIMULATION
INST_2478,AODV,150,20,7,2,3,102478,EXPANDED_REAL_NS2_SIMULATION
INST_2478,DSDV,150,20,7,2,3,102478,EXPANDED_REAL_NS2_SIMULATION
INST_2478,AOMDV,150,20,7,2,3,102478,EXPANDED_REAL_NS2_SIMULATION
INST_2479,AODV,150,20,7,2,4,102479,EXPANDED_REAL_NS2_SIMULATION
INST_2479,DSDV,150,20,7,2,4,102479,EXPANDED_REAL_NS2_SIMULATION
INST_2479,AOMDV,150,20,7,2,4,102479,EXPANDED_REAL_NS2_SIMULATION
INST_2480,AODV,150,20,7,2,5,102480,EXPANDED_REAL_NS2_SIMULATION
INST_2480,DSDV,150,20,7,2,5,102480,EXPANDED_REAL_NS2_SIMULATION
INST_2480,AOMDV,150,20,7,2,5,102480,EXPANDED_REAL_NS2_SIMULATION
INST_2481,AODV,150,20,7,3,1,102481,EXPANDED_REAL_NS2_SIMULATION
INST_2481,DSDV,150,20,7,3,1,102481,EXPANDED_REAL_NS2_SIMULATION
INST_2481,AOMDV,150,20,7,3,1,102481,EXPANDED_REAL_NS2_SIMULATION
INST_2482,AODV,150,20,7,3,2,102482,EXPANDED_REAL_NS2_SIMULATION
INST_2482,DSDV,150,20,7,3,2,102482,EXPANDED_REAL_NS2_SIMULATION
INST_2482,AOMDV,150,20,7,3,2,102482,EXPANDED_REAL_NS2_SIMULATION
INST_2483,AODV,150,20,7,3,3,102483,EXPANDED_REAL_NS2_SIMULATION
INST_2483,DSDV,150,20,7,3,3,102483,EXPANDED_REAL_NS2_SIMULATION
INST_2483,AOMDV,150,20,7,3,3,102483,EXPANDED_REAL_NS2_SIMULATION
INST_2484,AODV,150,20,7,3,4,102484,EXPANDED_REAL_NS2_SIMULATION
INST_2484,DSDV,150,20,7,3,4,102484,EXPANDED_REAL_NS2_SIMULATION
INST_2484,AOMDV,150,20,7,3,4,102484,EXPANDED_REAL_NS2_SIMULATION
INST_2485,AODV,150,20,7,3,5,102485,EXPANDED_REAL_NS2_SIMULATION
INST_2485,DSDV,150,20,7,3,5,102485,EXPANDED_REAL_NS2_SIMULATION
INST_2485,AOMDV,150,20,7,3,5,102485,EXPANDED_REAL_NS2_SIMULATION
INST_2486,AODV,150,20,7,4,1,102486,EXPANDED_REAL_NS2_SIMULATION
INST_2486,DSDV,150,20,7,4,1,102486,EXPANDED_REAL_NS2_SIMULATION
INST_2486,AOMDV,150,20,7,4,1,102486,EXPANDED_REAL_NS2_SIMULATION
INST_2487,AODV,150,20,7,4,2,102487,EXPANDED_REAL_NS2_SIMULATION
INST_2487,DSDV,150,20,7,4,2,102487,EXPANDED_REAL_NS2_SIMULATION
INST_2487,AOMDV,150,20,7,4,2,102487,EXPANDED_REAL_NS2_SIMULATION
INST_2488,AODV,150,20,7,4,3,102488,EXPANDED_REAL_NS2_SIMULATION
INST_2488,DSDV,150,20,7,4,3,102488,EXPANDED_REAL_NS2_SIMULATION
INST_2488,AOMDV,150,20,7,4,3,102488,EXPANDED_REAL_NS2_SIMULATION
INST_2489,AODV,150,20,7,4,4,102489,EXPANDED_REAL_NS2_SIMULATION
INST_2489,DSDV,150,20,7,4,4,102489,EXPANDED_REAL_NS2_SIMULATION
INST_2489,AOMDV,150,20,7,4,4,102489,EXPANDED_REAL_NS2_SIMULATION
INST_2490,AODV,150,20,7,4,5,102490,EXPANDED_REAL_NS2_SIMULATION
INST_2490,DSDV,150,20,7,4,5,102490,EXPANDED_REAL_NS2_SIMULATION
INST_2490,AOMDV,150,20,7,4,5,102490,EXPANDED_REAL_NS2_SIMULATION
INST_2491,AODV,150,20,7,5,1,102491,EXPANDED_REAL_NS2_SIMULATION
INST_2491,DSDV,150,20,7,5,1,102491,EXPANDED_REAL_NS2_SIMULATION
INST_2491,AOMDV,150,20,7,5,1,102491,EXPANDED_REAL_NS2_SIMULATION
INST_2492,AODV,150,20,7,5,2,102492,EXPANDED_REAL_NS2_SIMULATION
INST_2492,DSDV,150,20,7,5,2,102492,EXPANDED_REAL_NS2_SIMULATION
INST_2492,AOMDV,150,20,7,5,2,102492,EXPANDED_REAL_NS2_SIMULATION
INST_2493,AODV,150,20,7,5,3,102493,EXPANDED_REAL_NS2_SIMULATION
INST_2493,DSDV,150,20,7,5,3,102493,EXPANDED_REAL_NS2_SIMULATION
INST_2493,AOMDV,150,20,7,5,3,102493,EXPANDED_REAL_NS2_SIMULATION
INST_2494,AODV,150,20,7,5,4,102494,EXPANDED_REAL_NS2_SIMULATION
INST_2494,DSDV,150,20,7,5,4,102494,EXPANDED_REAL_NS2_SIMULATION
INST_2494,AOMDV,150,20,7,5,4,102494,EXPANDED_REAL_NS2_SIMULATION
INST_2495,AODV,150,20,7,5,5,102495,EXPANDED_REAL_NS2_SIMULATION
INST_2495,DSDV,150,20,7,5,5,102495,EXPANDED_REAL_NS2_SIMULATION
INST_2495,AOMDV,150,20,7,5,5,102495,EXPANDED_REAL_NS2_SIMULATION
INST_2496,AODV,150,20,7,6,1,102496,EXPANDED_REAL_NS2_SIMULATION
INST_2496,DSDV,150,20,7,6,1,102496,EXPANDED_REAL_NS2_SIMULATION
INST_2496,AOMDV,150,20,7,6,1,102496,EXPANDED_REAL_NS2_SIMULATION
INST_2497,AODV,150,20,7,6,2,102497,EXPANDED_REAL_NS2_SIMULATION
INST_2497,DSDV,150,20,7,6,2,102497,EXPANDED_REAL_NS2_SIMULATION
INST_2497,AOMDV,150,20,7,6,2,102497,EXPANDED_REAL_NS2_SIMULATION
INST_2498,AODV,150,20,7,6,3,102498,EXPANDED_REAL_NS2_SIMULATION
INST_2498,DSDV,150,20,7,6,3,102498,EXPANDED_REAL_NS2_SIMULATION
INST_2498,AOMDV,150,20,7,6,3,102498,EXPANDED_REAL_NS2_SIMULATION
INST_2499,AODV,150,20,7,6,4,102499,EXPANDED_REAL_NS2_SIMULATION
INST_2499,DSDV,150,20,7,6,4,102499,EXPANDED_REAL_NS2_SIMULATION
INST_2499,AOMDV,150,20,7,6,4,102499,EXPANDED_REAL_NS2_SIMULATION
INST_2500,AODV,150,20,7,6,5,102500,EXPANDED_REAL_NS2_SIMULATION
INST_2500,DSDV,150,20,7,6,5,102500,EXPANDED_REAL_NS2_SIMULATION
INST_2500,AOMDV,150,20,7,6,5,102500,EXPANDED_REAL_NS2_SIMULATION
INST_2501,AODV,150,20,7,8,1,102501,EXPANDED_REAL_NS2_SIMULATION
INST_2501,DSDV,150,20,7,8,1,102501,EXPANDED_REAL_NS2_SIMULATION
INST_2501,AOMDV,150,20,7,8,1,102501,EXPANDED_REAL_NS2_SIMULATION
INST_2502,AODV,150,20,7,8,2,102502,EXPANDED_REAL_NS2_SIMULATION
INST_2502,DSDV,150,20,7,8,2,102502,EXPANDED_REAL_NS2_SIMULATION
INST_2502,AOMDV,150,20,7,8,2,102502,EXPANDED_REAL_NS2_SIMULATION
INST_2503,AODV,150,20,7,8,3,102503,EXPANDED_REAL_NS2_SIMULATION
INST_2503,DSDV,150,20,7,8,3,102503,EXPANDED_REAL_NS2_SIMULATION
INST_2503,AOMDV,150,20,7,8,3,102503,EXPANDED_REAL_NS2_SIMULATION
INST_2504,AODV,150,20,7,8,4,102504,EXPANDED_REAL_NS2_SIMULATION
INST_2504,DSDV,150,20,7,8,4,102504,EXPANDED_REAL_NS2_SIMULATION
INST_2504,AOMDV,150,20,7,8,4,102504,EXPANDED_REAL_NS2_SIMULATION
INST_2505,AODV,150,20,7,8,5,102505,EXPANDED_REAL_NS2_SIMULATION
INST_2505,DSDV,150,20,7,8,5,102505,EXPANDED_REAL_NS2_SIMULATION
INST_2505,AOMDV,150,20,7,8,5,102505,EXPANDED_REAL_NS2_SIMULATION
INST_2506,AODV,150,20,10,3,1,102506,EXPANDED_REAL_NS2_SIMULATION
INST_2506,DSDV,150,20,10,3,1,102506,EXPANDED_REAL_NS2_SIMULATION
INST_2506,AOMDV,150,20,10,3,1,102506,EXPANDED_REAL_NS2_SIMULATION
INST_2507,AODV,150,20,10,3,2,102507,EXPANDED_REAL_NS2_SIMULATION
INST_2507,DSDV,150,20,10,3,2,102507,EXPANDED_REAL_NS2_SIMULATION
INST_2507,AOMDV,150,20,10,3,2,102507,EXPANDED_REAL_NS2_SIMULATION
INST_2508,AODV,150,20,10,3,3,102508,EXPANDED_REAL_NS2_SIMULATION
INST_2508,DSDV,150,20,10,3,3,102508,EXPANDED_REAL_NS2_SIMULATION
INST_2508,AOMDV,150,20,10,3,3,102508,EXPANDED_REAL_NS2_SIMULATION
INST_2509,AODV,150,20,10,3,4,102509,EXPANDED_REAL_NS2_SIMULATION
INST_2509,DSDV,150,20,10,3,4,102509,EXPANDED_REAL_NS2_SIMULATION
INST_2509,AOMDV,150,20,10,3,4,102509,EXPANDED_REAL_NS2_SIMULATION
INST_2510,AODV,150,20,10,3,5,102510,EXPANDED_REAL_NS2_SIMULATION
INST_2510,DSDV,150,20,10,3,5,102510,EXPANDED_REAL_NS2_SIMULATION
INST_2510,AOMDV,150,20,10,3,5,102510,EXPANDED_REAL_NS2_SIMULATION
INST_2511,AODV,150,20,10,5,1,102511,EXPANDED_REAL_NS2_SIMULATION
INST_2511,DSDV,150,20,10,5,1,102511,EXPANDED_REAL_NS2_SIMULATION
INST_2511,AOMDV,150,20,10,5,1,102511,EXPANDED_REAL_NS2_SIMULATION
INST_2512,AODV,150,20,10,5,2,102512,EXPANDED_REAL_NS2_SIMULATION
INST_2512,DSDV,150,20,10,5,2,102512,EXPANDED_REAL_NS2_SIMULATION
INST_2512,AOMDV,150,20,10,5,2,102512,EXPANDED_REAL_NS2_SIMULATION
INST_2513,AODV,150,20,10,5,3,102513,EXPANDED_REAL_NS2_SIMULATION
INST_2513,DSDV,150,20,10,5,3,102513,EXPANDED_REAL_NS2_SIMULATION
INST_2513,AOMDV,150,20,10,5,3,102513,EXPANDED_REAL_NS2_SIMULATION
INST_2514,AODV,150,20,10,5,4,102514,EXPANDED_REAL_NS2_SIMULATION
INST_2514,DSDV,150,20,10,5,4,102514,EXPANDED_REAL_NS2_SIMULATION
INST_2514,AOMDV,150,20,10,5,4,102514,EXPANDED_REAL_NS2_SIMULATION
INST_2515,AODV,150,20,10,5,5,102515,EXPANDED_REAL_NS2_SIMULATION
INST_2515,DSDV,150,20,10,5,5,102515,EXPANDED_REAL_NS2_SIMULATION
INST_2515,AOMDV,150,20,10,5,5,102515,EXPANDED_REAL_NS2_SIMULATION
INST_2516,AODV,150,20,10,6,1,102516,EXPANDED_REAL_NS2_SIMULATION
INST_2516,DSDV,150,20,10,6,1,102516,EXPANDED_REAL_NS2_SIMULATION
INST_2516,AOMDV,150,20,10,6,1,102516,EXPANDED_REAL_NS2_SIMULATION
INST_2517,AODV,150,20,10,6,2,102517,EXPANDED_REAL_NS2_SIMULATION
INST_2517,DSDV,150,20,10,6,2,102517,EXPANDED_REAL_NS2_SIMULATION
INST_2517,AOMDV,150,20,10,6,2,102517,EXPANDED_REAL_NS2_SIMULATION
INST_2518,AODV,150,20,10,6,3,102518,EXPANDED_REAL_NS2_SIMULATION
INST_2518,DSDV,150,20,10,6,3,102518,EXPANDED_REAL_NS2_SIMULATION
INST_2518,AOMDV,150,20,10,6,3,102518,EXPANDED_REAL_NS2_SIMULATION
INST_2519,AODV,150,20,10,6,4,102519,EXPANDED_REAL_NS2_SIMULATION
INST_2519,DSDV,150,20,10,6,4,102519,EXPANDED_REAL_NS2_SIMULATION
INST_2519,AOMDV,150,20,10,6,4,102519,EXPANDED_REAL_NS2_SIMULATION
INST_2520,AODV,150,20,10,6,5,102520,EXPANDED_REAL_NS2_SIMULATION
INST_2520,DSDV,150,20,10,6,5,102520,EXPANDED_REAL_NS2_SIMULATION
INST_2520,AOMDV,150,20,10,6,5,102520,EXPANDED_REAL_NS2_SIMULATION
INST_2521,AODV,150,20,12,2,1,102521,EXPANDED_REAL_NS2_SIMULATION
INST_2521,DSDV,150,20,12,2,1,102521,EXPANDED_REAL_NS2_SIMULATION
INST_2521,AOMDV,150,20,12,2,1,102521,EXPANDED_REAL_NS2_SIMULATION
INST_2522,AODV,150,20,12,2,2,102522,EXPANDED_REAL_NS2_SIMULATION
INST_2522,DSDV,150,20,12,2,2,102522,EXPANDED_REAL_NS2_SIMULATION
INST_2522,AOMDV,150,20,12,2,2,102522,EXPANDED_REAL_NS2_SIMULATION
INST_2523,AODV,150,20,12,2,3,102523,EXPANDED_REAL_NS2_SIMULATION
INST_2523,DSDV,150,20,12,2,3,102523,EXPANDED_REAL_NS2_SIMULATION
INST_2523,AOMDV,150,20,12,2,3,102523,EXPANDED_REAL_NS2_SIMULATION
INST_2524,AODV,150,20,12,2,4,102524,EXPANDED_REAL_NS2_SIMULATION
INST_2524,DSDV,150,20,12,2,4,102524,EXPANDED_REAL_NS2_SIMULATION
INST_2524,AOMDV,150,20,12,2,4,102524,EXPANDED_REAL_NS2_SIMULATION
INST_2525,AODV,150,20,12,2,5,102525,EXPANDED_REAL_NS2_SIMULATION
INST_2525,DSDV,150,20,12,2,5,102525,EXPANDED_REAL_NS2_SIMULATION
INST_2525,AOMDV,150,20,12,2,5,102525,EXPANDED_REAL_NS2_SIMULATION
INST_2526,AODV,150,20,12,3,1,102526,EXPANDED_REAL_NS2_SIMULATION
INST_2526,DSDV,150,20,12,3,1,102526,EXPANDED_REAL_NS2_SIMULATION
INST_2526,AOMDV,150,20,12,3,1,102526,EXPANDED_REAL_NS2_SIMULATION
INST_2527,AODV,150,20,12,3,2,102527,EXPANDED_REAL_NS2_SIMULATION
INST_2527,DSDV,150,20,12,3,2,102527,EXPANDED_REAL_NS2_SIMULATION
INST_2527,AOMDV,150,20,12,3,2,102527,EXPANDED_REAL_NS2_SIMULATION
INST_2528,AODV,150,20,12,3,3,102528,EXPANDED_REAL_NS2_SIMULATION
INST_2528,DSDV,150,20,12,3,3,102528,EXPANDED_REAL_NS2_SIMULATION
INST_2528,AOMDV,150,20,12,3,3,102528,EXPANDED_REAL_NS2_SIMULATION
INST_2529,AODV,150,20,12,3,4,102529,EXPANDED_REAL_NS2_SIMULATION
INST_2529,DSDV,150,20,12,3,4,102529,EXPANDED_REAL_NS2_SIMULATION
INST_2529,AOMDV,150,20,12,3,4,102529,EXPANDED_REAL_NS2_SIMULATION
INST_2530,AODV,150,20,12,3,5,102530,EXPANDED_REAL_NS2_SIMULATION
INST_2530,DSDV,150,20,12,3,5,102530,EXPANDED_REAL_NS2_SIMULATION
INST_2530,AOMDV,150,20,12,3,5,102530,EXPANDED_REAL_NS2_SIMULATION
INST_2531,AODV,150,20,12,4,1,102531,EXPANDED_REAL_NS2_SIMULATION
INST_2531,DSDV,150,20,12,4,1,102531,EXPANDED_REAL_NS2_SIMULATION
INST_2531,AOMDV,150,20,12,4,1,102531,EXPANDED_REAL_NS2_SIMULATION
INST_2532,AODV,150,20,12,4,2,102532,EXPANDED_REAL_NS2_SIMULATION
INST_2532,DSDV,150,20,12,4,2,102532,EXPANDED_REAL_NS2_SIMULATION
INST_2532,AOMDV,150,20,12,4,2,102532,EXPANDED_REAL_NS2_SIMULATION
INST_2533,AODV,150,20,12,4,3,102533,EXPANDED_REAL_NS2_SIMULATION
INST_2533,DSDV,150,20,12,4,3,102533,EXPANDED_REAL_NS2_SIMULATION
INST_2533,AOMDV,150,20,12,4,3,102533,EXPANDED_REAL_NS2_SIMULATION
INST_2534,AODV,150,20,12,4,4,102534,EXPANDED_REAL_NS2_SIMULATION
INST_2534,DSDV,150,20,12,4,4,102534,EXPANDED_REAL_NS2_SIMULATION
INST_2534,AOMDV,150,20,12,4,4,102534,EXPANDED_REAL_NS2_SIMULATION
INST_2535,AODV,150,20,12,4,5,102535,EXPANDED_REAL_NS2_SIMULATION
INST_2535,DSDV,150,20,12,4,5,102535,EXPANDED_REAL_NS2_SIMULATION
INST_2535,AOMDV,150,20,12,4,5,102535,EXPANDED_REAL_NS2_SIMULATION
INST_2536,AODV,150,20,12,5,1,102536,EXPANDED_REAL_NS2_SIMULATION
INST_2536,DSDV,150,20,12,5,1,102536,EXPANDED_REAL_NS2_SIMULATION
INST_2536,AOMDV,150,20,12,5,1,102536,EXPANDED_REAL_NS2_SIMULATION
INST_2537,AODV,150,20,12,5,2,102537,EXPANDED_REAL_NS2_SIMULATION
INST_2537,DSDV,150,20,12,5,2,102537,EXPANDED_REAL_NS2_SIMULATION
INST_2537,AOMDV,150,20,12,5,2,102537,EXPANDED_REAL_NS2_SIMULATION
INST_2538,AODV,150,20,12,5,3,102538,EXPANDED_REAL_NS2_SIMULATION
INST_2538,DSDV,150,20,12,5,3,102538,EXPANDED_REAL_NS2_SIMULATION
INST_2538,AOMDV,150,20,12,5,3,102538,EXPANDED_REAL_NS2_SIMULATION
INST_2539,AODV,150,20,12,5,4,102539,EXPANDED_REAL_NS2_SIMULATION
INST_2539,DSDV,150,20,12,5,4,102539,EXPANDED_REAL_NS2_SIMULATION
INST_2539,AOMDV,150,20,12,5,4,102539,EXPANDED_REAL_NS2_SIMULATION
INST_2540,AODV,150,20,12,5,5,102540,EXPANDED_REAL_NS2_SIMULATION
INST_2540,DSDV,150,20,12,5,5,102540,EXPANDED_REAL_NS2_SIMULATION
INST_2540,AOMDV,150,20,12,5,5,102540,EXPANDED_REAL_NS2_SIMULATION
INST_2541,AODV,150,20,12,6,1,102541,EXPANDED_REAL_NS2_SIMULATION
INST_2541,DSDV,150,20,12,6,1,102541,EXPANDED_REAL_NS2_SIMULATION
INST_2541,AOMDV,150,20,12,6,1,102541,EXPANDED_REAL_NS2_SIMULATION
INST_2542,AODV,150,20,12,6,2,102542,EXPANDED_REAL_NS2_SIMULATION
INST_2542,DSDV,150,20,12,6,2,102542,EXPANDED_REAL_NS2_SIMULATION
INST_2542,AOMDV,150,20,12,6,2,102542,EXPANDED_REAL_NS2_SIMULATION
INST_2543,AODV,150,20,12,6,3,102543,EXPANDED_REAL_NS2_SIMULATION
INST_2543,DSDV,150,20,12,6,3,102543,EXPANDED_REAL_NS2_SIMULATION
INST_2543,AOMDV,150,20,12,6,3,102543,EXPANDED_REAL_NS2_SIMULATION
INST_2544,AODV,150,20,12,6,4,102544,EXPANDED_REAL_NS2_SIMULATION
INST_2544,DSDV,150,20,12,6,4,102544,EXPANDED_REAL_NS2_SIMULATION
INST_2544,AOMDV,150,20,12,6,4,102544,EXPANDED_REAL_NS2_SIMULATION
INST_2545,AODV,150,20,12,6,5,102545,EXPANDED_REAL_NS2_SIMULATION
INST_2545,DSDV,150,20,12,6,5,102545,EXPANDED_REAL_NS2_SIMULATION
INST_2545,AOMDV,150,20,12,6,5,102545,EXPANDED_REAL_NS2_SIMULATION
INST_2546,AODV,150,20,12,8,1,102546,EXPANDED_REAL_NS2_SIMULATION
INST_2546,DSDV,150,20,12,8,1,102546,EXPANDED_REAL_NS2_SIMULATION
INST_2546,AOMDV,150,20,12,8,1,102546,EXPANDED_REAL_NS2_SIMULATION
INST_2547,AODV,150,20,12,8,2,102547,EXPANDED_REAL_NS2_SIMULATION
INST_2547,DSDV,150,20,12,8,2,102547,EXPANDED_REAL_NS2_SIMULATION
INST_2547,AOMDV,150,20,12,8,2,102547,EXPANDED_REAL_NS2_SIMULATION
INST_2548,AODV,150,20,12,8,3,102548,EXPANDED_REAL_NS2_SIMULATION
INST_2548,DSDV,150,20,12,8,3,102548,EXPANDED_REAL_NS2_SIMULATION
INST_2548,AOMDV,150,20,12,8,3,102548,EXPANDED_REAL_NS2_SIMULATION
INST_2549,AODV,150,20,12,8,4,102549,EXPANDED_REAL_NS2_SIMULATION
INST_2549,DSDV,150,20,12,8,4,102549,EXPANDED_REAL_NS2_SIMULATION
INST_2549,AOMDV,150,20,12,8,4,102549,EXPANDED_REAL_NS2_SIMULATION
INST_2550,AODV,150,20,12,8,5,102550,EXPANDED_REAL_NS2_SIMULATION
INST_2550,DSDV,150,20,12,8,5,102550,EXPANDED_REAL_NS2_SIMULATION
INST_2550,AOMDV,150,20,12,8,5,102550,EXPANDED_REAL_NS2_SIMULATION
INST_2551,AODV,150,20,15,3,1,102551,EXPANDED_REAL_NS2_SIMULATION
INST_2551,DSDV,150,20,15,3,1,102551,EXPANDED_REAL_NS2_SIMULATION
INST_2551,AOMDV,150,20,15,3,1,102551,EXPANDED_REAL_NS2_SIMULATION
INST_2552,AODV,150,20,15,3,2,102552,EXPANDED_REAL_NS2_SIMULATION
INST_2552,DSDV,150,20,15,3,2,102552,EXPANDED_REAL_NS2_SIMULATION
INST_2552,AOMDV,150,20,15,3,2,102552,EXPANDED_REAL_NS2_SIMULATION
INST_2553,AODV,150,20,15,3,3,102553,EXPANDED_REAL_NS2_SIMULATION
INST_2553,DSDV,150,20,15,3,3,102553,EXPANDED_REAL_NS2_SIMULATION
INST_2553,AOMDV,150,20,15,3,3,102553,EXPANDED_REAL_NS2_SIMULATION
INST_2554,AODV,150,20,15,3,4,102554,EXPANDED_REAL_NS2_SIMULATION
INST_2554,DSDV,150,20,15,3,4,102554,EXPANDED_REAL_NS2_SIMULATION
INST_2554,AOMDV,150,20,15,3,4,102554,EXPANDED_REAL_NS2_SIMULATION
INST_2555,AODV,150,20,15,3,5,102555,EXPANDED_REAL_NS2_SIMULATION
INST_2555,DSDV,150,20,15,3,5,102555,EXPANDED_REAL_NS2_SIMULATION
INST_2555,AOMDV,150,20,15,3,5,102555,EXPANDED_REAL_NS2_SIMULATION
INST_2556,AODV,150,20,15,5,1,102556,EXPANDED_REAL_NS2_SIMULATION
INST_2556,DSDV,150,20,15,5,1,102556,EXPANDED_REAL_NS2_SIMULATION
INST_2556,AOMDV,150,20,15,5,1,102556,EXPANDED_REAL_NS2_SIMULATION
INST_2557,AODV,150,20,15,5,2,102557,EXPANDED_REAL_NS2_SIMULATION
INST_2557,DSDV,150,20,15,5,2,102557,EXPANDED_REAL_NS2_SIMULATION
INST_2557,AOMDV,150,20,15,5,2,102557,EXPANDED_REAL_NS2_SIMULATION
INST_2558,AODV,150,20,15,5,3,102558,EXPANDED_REAL_NS2_SIMULATION
INST_2558,DSDV,150,20,15,5,3,102558,EXPANDED_REAL_NS2_SIMULATION
INST_2558,AOMDV,150,20,15,5,3,102558,EXPANDED_REAL_NS2_SIMULATION
INST_2559,AODV,150,20,15,5,4,102559,EXPANDED_REAL_NS2_SIMULATION
INST_2559,DSDV,150,20,15,5,4,102559,EXPANDED_REAL_NS2_SIMULATION
INST_2559,AOMDV,150,20,15,5,4,102559,EXPANDED_REAL_NS2_SIMULATION
INST_2560,AODV,150,20,15,5,5,102560,EXPANDED_REAL_NS2_SIMULATION
INST_2560,DSDV,150,20,15,5,5,102560,EXPANDED_REAL_NS2_SIMULATION
INST_2560,AOMDV,150,20,15,5,5,102560,EXPANDED_REAL_NS2_SIMULATION
INST_2561,AODV,150,20,15,6,1,102561,EXPANDED_REAL_NS2_SIMULATION
INST_2561,DSDV,150,20,15,6,1,102561,EXPANDED_REAL_NS2_SIMULATION
INST_2561,AOMDV,150,20,15,6,1,102561,EXPANDED_REAL_NS2_SIMULATION
INST_2562,AODV,150,20,15,6,2,102562,EXPANDED_REAL_NS2_SIMULATION
INST_2562,DSDV,150,20,15,6,2,102562,EXPANDED_REAL_NS2_SIMULATION
INST_2562,AOMDV,150,20,15,6,2,102562,EXPANDED_REAL_NS2_SIMULATION
INST_2563,AODV,150,20,15,6,3,102563,EXPANDED_REAL_NS2_SIMULATION
INST_2563,DSDV,150,20,15,6,3,102563,EXPANDED_REAL_NS2_SIMULATION
INST_2563,AOMDV,150,20,15,6,3,102563,EXPANDED_REAL_NS2_SIMULATION
INST_2564,AODV,150,20,15,6,4,102564,EXPANDED_REAL_NS2_SIMULATION
INST_2564,DSDV,150,20,15,6,4,102564,EXPANDED_REAL_NS2_SIMULATION
INST_2564,AOMDV,150,20,15,6,4,102564,EXPANDED_REAL_NS2_SIMULATION
INST_2565,AODV,150,20,15,6,5,102565,EXPANDED_REAL_NS2_SIMULATION
INST_2565,DSDV,150,20,15,6,5,102565,EXPANDED_REAL_NS2_SIMULATION
INST_2565,AOMDV,150,20,15,6,5,102565,EXPANDED_REAL_NS2_SIMULATION
INST_2566,AODV,150,20,18,2,1,102566,EXPANDED_REAL_NS2_SIMULATION
INST_2566,DSDV,150,20,18,2,1,102566,EXPANDED_REAL_NS2_SIMULATION
INST_2566,AOMDV,150,20,18,2,1,102566,EXPANDED_REAL_NS2_SIMULATION
INST_2567,AODV,150,20,18,2,2,102567,EXPANDED_REAL_NS2_SIMULATION
INST_2567,DSDV,150,20,18,2,2,102567,EXPANDED_REAL_NS2_SIMULATION
INST_2567,AOMDV,150,20,18,2,2,102567,EXPANDED_REAL_NS2_SIMULATION
INST_2568,AODV,150,20,18,2,3,102568,EXPANDED_REAL_NS2_SIMULATION
INST_2568,DSDV,150,20,18,2,3,102568,EXPANDED_REAL_NS2_SIMULATION
INST_2568,AOMDV,150,20,18,2,3,102568,EXPANDED_REAL_NS2_SIMULATION
INST_2569,AODV,150,20,18,2,4,102569,EXPANDED_REAL_NS2_SIMULATION
INST_2569,DSDV,150,20,18,2,4,102569,EXPANDED_REAL_NS2_SIMULATION
INST_2569,AOMDV,150,20,18,2,4,102569,EXPANDED_REAL_NS2_SIMULATION
INST_2570,AODV,150,20,18,2,5,102570,EXPANDED_REAL_NS2_SIMULATION
INST_2570,DSDV,150,20,18,2,5,102570,EXPANDED_REAL_NS2_SIMULATION
INST_2570,AOMDV,150,20,18,2,5,102570,EXPANDED_REAL_NS2_SIMULATION
INST_2571,AODV,150,20,18,3,1,102571,EXPANDED_REAL_NS2_SIMULATION
INST_2571,DSDV,150,20,18,3,1,102571,EXPANDED_REAL_NS2_SIMULATION
INST_2571,AOMDV,150,20,18,3,1,102571,EXPANDED_REAL_NS2_SIMULATION
INST_2572,AODV,150,20,18,3,2,102572,EXPANDED_REAL_NS2_SIMULATION
INST_2572,DSDV,150,20,18,3,2,102572,EXPANDED_REAL_NS2_SIMULATION
INST_2572,AOMDV,150,20,18,3,2,102572,EXPANDED_REAL_NS2_SIMULATION
INST_2573,AODV,150,20,18,3,3,102573,EXPANDED_REAL_NS2_SIMULATION
INST_2573,DSDV,150,20,18,3,3,102573,EXPANDED_REAL_NS2_SIMULATION
INST_2573,AOMDV,150,20,18,3,3,102573,EXPANDED_REAL_NS2_SIMULATION
INST_2574,AODV,150,20,18,3,4,102574,EXPANDED_REAL_NS2_SIMULATION
INST_2574,DSDV,150,20,18,3,4,102574,EXPANDED_REAL_NS2_SIMULATION
INST_2574,AOMDV,150,20,18,3,4,102574,EXPANDED_REAL_NS2_SIMULATION
INST_2575,AODV,150,20,18,3,5,102575,EXPANDED_REAL_NS2_SIMULATION
INST_2575,DSDV,150,20,18,3,5,102575,EXPANDED_REAL_NS2_SIMULATION
INST_2575,AOMDV,150,20,18,3,5,102575,EXPANDED_REAL_NS2_SIMULATION
INST_2576,AODV,150,20,18,4,1,102576,EXPANDED_REAL_NS2_SIMULATION
INST_2576,DSDV,150,20,18,4,1,102576,EXPANDED_REAL_NS2_SIMULATION
INST_2576,AOMDV,150,20,18,4,1,102576,EXPANDED_REAL_NS2_SIMULATION
INST_2577,AODV,150,20,18,4,2,102577,EXPANDED_REAL_NS2_SIMULATION
INST_2577,DSDV,150,20,18,4,2,102577,EXPANDED_REAL_NS2_SIMULATION
INST_2577,AOMDV,150,20,18,4,2,102577,EXPANDED_REAL_NS2_SIMULATION
INST_2578,AODV,150,20,18,4,3,102578,EXPANDED_REAL_NS2_SIMULATION
INST_2578,DSDV,150,20,18,4,3,102578,EXPANDED_REAL_NS2_SIMULATION
INST_2578,AOMDV,150,20,18,4,3,102578,EXPANDED_REAL_NS2_SIMULATION
INST_2579,AODV,150,20,18,4,4,102579,EXPANDED_REAL_NS2_SIMULATION
INST_2579,DSDV,150,20,18,4,4,102579,EXPANDED_REAL_NS2_SIMULATION
INST_2579,AOMDV,150,20,18,4,4,102579,EXPANDED_REAL_NS2_SIMULATION
INST_2580,AODV,150,20,18,4,5,102580,EXPANDED_REAL_NS2_SIMULATION
INST_2580,DSDV,150,20,18,4,5,102580,EXPANDED_REAL_NS2_SIMULATION
INST_2580,AOMDV,150,20,18,4,5,102580,EXPANDED_REAL_NS2_SIMULATION
INST_2581,AODV,150,20,18,5,1,102581,EXPANDED_REAL_NS2_SIMULATION
INST_2581,DSDV,150,20,18,5,1,102581,EXPANDED_REAL_NS2_SIMULATION
INST_2581,AOMDV,150,20,18,5,1,102581,EXPANDED_REAL_NS2_SIMULATION
INST_2582,AODV,150,20,18,5,2,102582,EXPANDED_REAL_NS2_SIMULATION
INST_2582,DSDV,150,20,18,5,2,102582,EXPANDED_REAL_NS2_SIMULATION
INST_2582,AOMDV,150,20,18,5,2,102582,EXPANDED_REAL_NS2_SIMULATION
INST_2583,AODV,150,20,18,5,3,102583,EXPANDED_REAL_NS2_SIMULATION
INST_2583,DSDV,150,20,18,5,3,102583,EXPANDED_REAL_NS2_SIMULATION
INST_2583,AOMDV,150,20,18,5,3,102583,EXPANDED_REAL_NS2_SIMULATION
INST_2584,AODV,150,20,18,5,4,102584,EXPANDED_REAL_NS2_SIMULATION
INST_2584,DSDV,150,20,18,5,4,102584,EXPANDED_REAL_NS2_SIMULATION
INST_2584,AOMDV,150,20,18,5,4,102584,EXPANDED_REAL_NS2_SIMULATION
INST_2585,AODV,150,20,18,5,5,102585,EXPANDED_REAL_NS2_SIMULATION
INST_2585,DSDV,150,20,18,5,5,102585,EXPANDED_REAL_NS2_SIMULATION
INST_2585,AOMDV,150,20,18,5,5,102585,EXPANDED_REAL_NS2_SIMULATION
INST_2586,AODV,150,20,18,6,1,102586,EXPANDED_REAL_NS2_SIMULATION
INST_2586,DSDV,150,20,18,6,1,102586,EXPANDED_REAL_NS2_SIMULATION
INST_2586,AOMDV,150,20,18,6,1,102586,EXPANDED_REAL_NS2_SIMULATION
INST_2587,AODV,150,20,18,6,2,102587,EXPANDED_REAL_NS2_SIMULATION
INST_2587,DSDV,150,20,18,6,2,102587,EXPANDED_REAL_NS2_SIMULATION
INST_2587,AOMDV,150,20,18,6,2,102587,EXPANDED_REAL_NS2_SIMULATION
INST_2588,AODV,150,20,18,6,3,102588,EXPANDED_REAL_NS2_SIMULATION
INST_2588,DSDV,150,20,18,6,3,102588,EXPANDED_REAL_NS2_SIMULATION
INST_2588,AOMDV,150,20,18,6,3,102588,EXPANDED_REAL_NS2_SIMULATION
INST_2589,AODV,150,20,18,6,4,102589,EXPANDED_REAL_NS2_SIMULATION
INST_2589,DSDV,150,20,18,6,4,102589,EXPANDED_REAL_NS2_SIMULATION
INST_2589,AOMDV,150,20,18,6,4,102589,EXPANDED_REAL_NS2_SIMULATION
INST_2590,AODV,150,20,18,6,5,102590,EXPANDED_REAL_NS2_SIMULATION
INST_2590,DSDV,150,20,18,6,5,102590,EXPANDED_REAL_NS2_SIMULATION
INST_2590,AOMDV,150,20,18,6,5,102590,EXPANDED_REAL_NS2_SIMULATION
INST_2591,AODV,150,20,18,8,1,102591,EXPANDED_REAL_NS2_SIMULATION
INST_2591,DSDV,150,20,18,8,1,102591,EXPANDED_REAL_NS2_SIMULATION
INST_2591,AOMDV,150,20,18,8,1,102591,EXPANDED_REAL_NS2_SIMULATION
INST_2592,AODV,150,20,18,8,2,102592,EXPANDED_REAL_NS2_SIMULATION
INST_2592,DSDV,150,20,18,8,2,102592,EXPANDED_REAL_NS2_SIMULATION
INST_2592,AOMDV,150,20,18,8,2,102592,EXPANDED_REAL_NS2_SIMULATION
INST_2593,AODV,150,20,18,8,3,102593,EXPANDED_REAL_NS2_SIMULATION
INST_2593,DSDV,150,20,18,8,3,102593,EXPANDED_REAL_NS2_SIMULATION
INST_2593,AOMDV,150,20,18,8,3,102593,EXPANDED_REAL_NS2_SIMULATION
INST_2594,AODV,150,20,18,8,4,102594,EXPANDED_REAL_NS2_SIMULATION
INST_2594,DSDV,150,20,18,8,4,102594,EXPANDED_REAL_NS2_SIMULATION
INST_2594,AOMDV,150,20,18,8,4,102594,EXPANDED_REAL_NS2_SIMULATION
INST_2595,AODV,150,20,18,8,5,102595,EXPANDED_REAL_NS2_SIMULATION
INST_2595,DSDV,150,20,18,8,5,102595,EXPANDED_REAL_NS2_SIMULATION
INST_2595,AOMDV,150,20,18,8,5,102595,EXPANDED_REAL_NS2_SIMULATION
INST_2596,AODV,150,20,20,3,1,102596,EXPANDED_REAL_NS2_SIMULATION
INST_2596,DSDV,150,20,20,3,1,102596,EXPANDED_REAL_NS2_SIMULATION
INST_2596,AOMDV,150,20,20,3,1,102596,EXPANDED_REAL_NS2_SIMULATION
INST_2597,AODV,150,20,20,3,2,102597,EXPANDED_REAL_NS2_SIMULATION
INST_2597,DSDV,150,20,20,3,2,102597,EXPANDED_REAL_NS2_SIMULATION
INST_2597,AOMDV,150,20,20,3,2,102597,EXPANDED_REAL_NS2_SIMULATION
INST_2598,AODV,150,20,20,3,3,102598,EXPANDED_REAL_NS2_SIMULATION
INST_2598,DSDV,150,20,20,3,3,102598,EXPANDED_REAL_NS2_SIMULATION
INST_2598,AOMDV,150,20,20,3,3,102598,EXPANDED_REAL_NS2_SIMULATION
INST_2599,AODV,150,20,20,3,4,102599,EXPANDED_REAL_NS2_SIMULATION
INST_2599,DSDV,150,20,20,3,4,102599,EXPANDED_REAL_NS2_SIMULATION
INST_2599,AOMDV,150,20,20,3,4,102599,EXPANDED_REAL_NS2_SIMULATION
INST_2600,AODV,150,20,20,3,5,102600,EXPANDED_REAL_NS2_SIMULATION
INST_2600,DSDV,150,20,20,3,5,102600,EXPANDED_REAL_NS2_SIMULATION
INST_2600,AOMDV,150,20,20,3,5,102600,EXPANDED_REAL_NS2_SIMULATION
INST_2601,AODV,150,20,20,5,1,102601,EXPANDED_REAL_NS2_SIMULATION
INST_2601,DSDV,150,20,20,5,1,102601,EXPANDED_REAL_NS2_SIMULATION
INST_2601,AOMDV,150,20,20,5,1,102601,EXPANDED_REAL_NS2_SIMULATION
INST_2602,AODV,150,20,20,5,2,102602,EXPANDED_REAL_NS2_SIMULATION
INST_2602,DSDV,150,20,20,5,2,102602,EXPANDED_REAL_NS2_SIMULATION
INST_2602,AOMDV,150,20,20,5,2,102602,EXPANDED_REAL_NS2_SIMULATION
INST_2603,AODV,150,20,20,5,3,102603,EXPANDED_REAL_NS2_SIMULATION
INST_2603,DSDV,150,20,20,5,3,102603,EXPANDED_REAL_NS2_SIMULATION
INST_2603,AOMDV,150,20,20,5,3,102603,EXPANDED_REAL_NS2_SIMULATION
INST_2604,AODV,150,20,20,5,4,102604,EXPANDED_REAL_NS2_SIMULATION
INST_2604,DSDV,150,20,20,5,4,102604,EXPANDED_REAL_NS2_SIMULATION
INST_2604,AOMDV,150,20,20,5,4,102604,EXPANDED_REAL_NS2_SIMULATION
INST_2605,AODV,150,20,20,5,5,102605,EXPANDED_REAL_NS2_SIMULATION
INST_2605,DSDV,150,20,20,5,5,102605,EXPANDED_REAL_NS2_SIMULATION
INST_2605,AOMDV,150,20,20,5,5,102605,EXPANDED_REAL_NS2_SIMULATION
INST_2606,AODV,150,20,20,6,1,102606,EXPANDED_REAL_NS2_SIMULATION
INST_2606,DSDV,150,20,20,6,1,102606,EXPANDED_REAL_NS2_SIMULATION
INST_2606,AOMDV,150,20,20,6,1,102606,EXPANDED_REAL_NS2_SIMULATION
INST_2607,AODV,150,20,20,6,2,102607,EXPANDED_REAL_NS2_SIMULATION
INST_2607,DSDV,150,20,20,6,2,102607,EXPANDED_REAL_NS2_SIMULATION
INST_2607,AOMDV,150,20,20,6,2,102607,EXPANDED_REAL_NS2_SIMULATION
INST_2608,AODV,150,20,20,6,3,102608,EXPANDED_REAL_NS2_SIMULATION
INST_2608,DSDV,150,20,20,6,3,102608,EXPANDED_REAL_NS2_SIMULATION
INST_2608,AOMDV,150,20,20,6,3,102608,EXPANDED_REAL_NS2_SIMULATION
INST_2609,AODV,150,20,20,6,4,102609,EXPANDED_REAL_NS2_SIMULATION
INST_2609,DSDV,150,20,20,6,4,102609,EXPANDED_REAL_NS2_SIMULATION
INST_2609,AOMDV,150,20,20,6,4,102609,EXPANDED_REAL_NS2_SIMULATION
INST_2610,AODV,150,20,20,6,5,102610,EXPANDED_REAL_NS2_SIMULATION
INST_2610,DSDV,150,20,20,6,5,102610,EXPANDED_REAL_NS2_SIMULATION
INST_2610,AOMDV,150,20,20,6,5,102610,EXPANDED_REAL_NS2_SIMULATION
INST_2611,AODV,150,20,22,2,1,102611,EXPANDED_REAL_NS2_SIMULATION
INST_2611,DSDV,150,20,22,2,1,102611,EXPANDED_REAL_NS2_SIMULATION
INST_2611,AOMDV,150,20,22,2,1,102611,EXPANDED_REAL_NS2_SIMULATION
INST_2612,AODV,150,20,22,2,2,102612,EXPANDED_REAL_NS2_SIMULATION
INST_2612,DSDV,150,20,22,2,2,102612,EXPANDED_REAL_NS2_SIMULATION
INST_2612,AOMDV,150,20,22,2,2,102612,EXPANDED_REAL_NS2_SIMULATION
INST_2613,AODV,150,20,22,2,3,102613,EXPANDED_REAL_NS2_SIMULATION
INST_2613,DSDV,150,20,22,2,3,102613,EXPANDED_REAL_NS2_SIMULATION
INST_2613,AOMDV,150,20,22,2,3,102613,EXPANDED_REAL_NS2_SIMULATION
INST_2614,AODV,150,20,22,2,4,102614,EXPANDED_REAL_NS2_SIMULATION
INST_2614,DSDV,150,20,22,2,4,102614,EXPANDED_REAL_NS2_SIMULATION
INST_2614,AOMDV,150,20,22,2,4,102614,EXPANDED_REAL_NS2_SIMULATION
INST_2615,AODV,150,20,22,2,5,102615,EXPANDED_REAL_NS2_SIMULATION
INST_2615,DSDV,150,20,22,2,5,102615,EXPANDED_REAL_NS2_SIMULATION
INST_2615,AOMDV,150,20,22,2,5,102615,EXPANDED_REAL_NS2_SIMULATION
INST_2616,AODV,150,20,22,3,1,102616,EXPANDED_REAL_NS2_SIMULATION
INST_2616,DSDV,150,20,22,3,1,102616,EXPANDED_REAL_NS2_SIMULATION
INST_2616,AOMDV,150,20,22,3,1,102616,EXPANDED_REAL_NS2_SIMULATION
INST_2617,AODV,150,20,22,3,2,102617,EXPANDED_REAL_NS2_SIMULATION
INST_2617,DSDV,150,20,22,3,2,102617,EXPANDED_REAL_NS2_SIMULATION
INST_2617,AOMDV,150,20,22,3,2,102617,EXPANDED_REAL_NS2_SIMULATION
INST_2618,AODV,150,20,22,3,3,102618,EXPANDED_REAL_NS2_SIMULATION
INST_2618,DSDV,150,20,22,3,3,102618,EXPANDED_REAL_NS2_SIMULATION
INST_2618,AOMDV,150,20,22,3,3,102618,EXPANDED_REAL_NS2_SIMULATION
INST_2619,AODV,150,20,22,3,4,102619,EXPANDED_REAL_NS2_SIMULATION
INST_2619,DSDV,150,20,22,3,4,102619,EXPANDED_REAL_NS2_SIMULATION
INST_2619,AOMDV,150,20,22,3,4,102619,EXPANDED_REAL_NS2_SIMULATION
INST_2620,AODV,150,20,22,3,5,102620,EXPANDED_REAL_NS2_SIMULATION
INST_2620,DSDV,150,20,22,3,5,102620,EXPANDED_REAL_NS2_SIMULATION
INST_2620,AOMDV,150,20,22,3,5,102620,EXPANDED_REAL_NS2_SIMULATION
INST_2621,AODV,150,20,22,4,1,102621,EXPANDED_REAL_NS2_SIMULATION
INST_2621,DSDV,150,20,22,4,1,102621,EXPANDED_REAL_NS2_SIMULATION
INST_2621,AOMDV,150,20,22,4,1,102621,EXPANDED_REAL_NS2_SIMULATION
INST_2622,AODV,150,20,22,4,2,102622,EXPANDED_REAL_NS2_SIMULATION
INST_2622,DSDV,150,20,22,4,2,102622,EXPANDED_REAL_NS2_SIMULATION
INST_2622,AOMDV,150,20,22,4,2,102622,EXPANDED_REAL_NS2_SIMULATION
INST_2623,AODV,150,20,22,4,3,102623,EXPANDED_REAL_NS2_SIMULATION
INST_2623,DSDV,150,20,22,4,3,102623,EXPANDED_REAL_NS2_SIMULATION
INST_2623,AOMDV,150,20,22,4,3,102623,EXPANDED_REAL_NS2_SIMULATION
INST_2624,AODV,150,20,22,4,4,102624,EXPANDED_REAL_NS2_SIMULATION
INST_2624,DSDV,150,20,22,4,4,102624,EXPANDED_REAL_NS2_SIMULATION
INST_2624,AOMDV,150,20,22,4,4,102624,EXPANDED_REAL_NS2_SIMULATION
INST_2625,AODV,150,20,22,4,5,102625,EXPANDED_REAL_NS2_SIMULATION
INST_2625,DSDV,150,20,22,4,5,102625,EXPANDED_REAL_NS2_SIMULATION
INST_2625,AOMDV,150,20,22,4,5,102625,EXPANDED_REAL_NS2_SIMULATION
INST_2626,AODV,150,20,22,5,1,102626,EXPANDED_REAL_NS2_SIMULATION
INST_2626,DSDV,150,20,22,5,1,102626,EXPANDED_REAL_NS2_SIMULATION
INST_2626,AOMDV,150,20,22,5,1,102626,EXPANDED_REAL_NS2_SIMULATION
INST_2627,AODV,150,20,22,5,2,102627,EXPANDED_REAL_NS2_SIMULATION
INST_2627,DSDV,150,20,22,5,2,102627,EXPANDED_REAL_NS2_SIMULATION
INST_2627,AOMDV,150,20,22,5,2,102627,EXPANDED_REAL_NS2_SIMULATION
INST_2628,AODV,150,20,22,5,3,102628,EXPANDED_REAL_NS2_SIMULATION
INST_2628,DSDV,150,20,22,5,3,102628,EXPANDED_REAL_NS2_SIMULATION
INST_2628,AOMDV,150,20,22,5,3,102628,EXPANDED_REAL_NS2_SIMULATION
INST_2629,AODV,150,20,22,5,4,102629,EXPANDED_REAL_NS2_SIMULATION
INST_2629,DSDV,150,20,22,5,4,102629,EXPANDED_REAL_NS2_SIMULATION
INST_2629,AOMDV,150,20,22,5,4,102629,EXPANDED_REAL_NS2_SIMULATION
INST_2630,AODV,150,20,22,5,5,102630,EXPANDED_REAL_NS2_SIMULATION
INST_2630,DSDV,150,20,22,5,5,102630,EXPANDED_REAL_NS2_SIMULATION
INST_2630,AOMDV,150,20,22,5,5,102630,EXPANDED_REAL_NS2_SIMULATION
INST_2631,AODV,150,20,22,6,1,102631,EXPANDED_REAL_NS2_SIMULATION
INST_2631,DSDV,150,20,22,6,1,102631,EXPANDED_REAL_NS2_SIMULATION
INST_2631,AOMDV,150,20,22,6,1,102631,EXPANDED_REAL_NS2_SIMULATION
INST_2632,AODV,150,20,22,6,2,102632,EXPANDED_REAL_NS2_SIMULATION
INST_2632,DSDV,150,20,22,6,2,102632,EXPANDED_REAL_NS2_SIMULATION
INST_2632,AOMDV,150,20,22,6,2,102632,EXPANDED_REAL_NS2_SIMULATION
INST_2633,AODV,150,20,22,6,3,102633,EXPANDED_REAL_NS2_SIMULATION
INST_2633,DSDV,150,20,22,6,3,102633,EXPANDED_REAL_NS2_SIMULATION
INST_2633,AOMDV,150,20,22,6,3,102633,EXPANDED_REAL_NS2_SIMULATION
INST_2634,AODV,150,20,22,6,4,102634,EXPANDED_REAL_NS2_SIMULATION
INST_2634,DSDV,150,20,22,6,4,102634,EXPANDED_REAL_NS2_SIMULATION
INST_2634,AOMDV,150,20,22,6,4,102634,EXPANDED_REAL_NS2_SIMULATION
INST_2635,AODV,150,20,22,6,5,102635,EXPANDED_REAL_NS2_SIMULATION
INST_2635,DSDV,150,20,22,6,5,102635,EXPANDED_REAL_NS2_SIMULATION
INST_2635,AOMDV,150,20,22,6,5,102635,EXPANDED_REAL_NS2_SIMULATION
INST_2636,AODV,150,20,22,8,1,102636,EXPANDED_REAL_NS2_SIMULATION
INST_2636,DSDV,150,20,22,8,1,102636,EXPANDED_REAL_NS2_SIMULATION
INST_2636,AOMDV,150,20,22,8,1,102636,EXPANDED_REAL_NS2_SIMULATION
INST_2637,AODV,150,20,22,8,2,102637,EXPANDED_REAL_NS2_SIMULATION
INST_2637,DSDV,150,20,22,8,2,102637,EXPANDED_REAL_NS2_SIMULATION
INST_2637,AOMDV,150,20,22,8,2,102637,EXPANDED_REAL_NS2_SIMULATION
INST_2638,AODV,150,20,22,8,3,102638,EXPANDED_REAL_NS2_SIMULATION
INST_2638,DSDV,150,20,22,8,3,102638,EXPANDED_REAL_NS2_SIMULATION
INST_2638,AOMDV,150,20,22,8,3,102638,EXPANDED_REAL_NS2_SIMULATION
INST_2639,AODV,150,20,22,8,4,102639,EXPANDED_REAL_NS2_SIMULATION
INST_2639,DSDV,150,20,22,8,4,102639,EXPANDED_REAL_NS2_SIMULATION
INST_2639,AOMDV,150,20,22,8,4,102639,EXPANDED_REAL_NS2_SIMULATION
INST_2640,AODV,150,20,22,8,5,102640,EXPANDED_REAL_NS2_SIMULATION
INST_2640,DSDV,150,20,22,8,5,102640,EXPANDED_REAL_NS2_SIMULATION
INST_2640,AOMDV,150,20,22,8,5,102640,EXPANDED_REAL_NS2_SIMULATION
INST_2641,AODV,150,20,25,3,1,102641,EXPANDED_REAL_NS2_SIMULATION
INST_2641,DSDV,150,20,25,3,1,102641,EXPANDED_REAL_NS2_SIMULATION
INST_2641,AOMDV,150,20,25,3,1,102641,EXPANDED_REAL_NS2_SIMULATION
INST_2642,AODV,150,20,25,3,2,102642,EXPANDED_REAL_NS2_SIMULATION
INST_2642,DSDV,150,20,25,3,2,102642,EXPANDED_REAL_NS2_SIMULATION
INST_2642,AOMDV,150,20,25,3,2,102642,EXPANDED_REAL_NS2_SIMULATION
INST_2643,AODV,150,20,25,3,3,102643,EXPANDED_REAL_NS2_SIMULATION
INST_2643,DSDV,150,20,25,3,3,102643,EXPANDED_REAL_NS2_SIMULATION
INST_2643,AOMDV,150,20,25,3,3,102643,EXPANDED_REAL_NS2_SIMULATION
INST_2644,AODV,150,20,25,3,4,102644,EXPANDED_REAL_NS2_SIMULATION
INST_2644,DSDV,150,20,25,3,4,102644,EXPANDED_REAL_NS2_SIMULATION
INST_2644,AOMDV,150,20,25,3,4,102644,EXPANDED_REAL_NS2_SIMULATION
INST_2645,AODV,150,20,25,3,5,102645,EXPANDED_REAL_NS2_SIMULATION
INST_2645,DSDV,150,20,25,3,5,102645,EXPANDED_REAL_NS2_SIMULATION
INST_2645,AOMDV,150,20,25,3,5,102645,EXPANDED_REAL_NS2_SIMULATION
INST_2646,AODV,150,20,25,5,1,102646,EXPANDED_REAL_NS2_SIMULATION
INST_2646,DSDV,150,20,25,5,1,102646,EXPANDED_REAL_NS2_SIMULATION
INST_2646,AOMDV,150,20,25,5,1,102646,EXPANDED_REAL_NS2_SIMULATION
INST_2647,AODV,150,20,25,5,2,102647,EXPANDED_REAL_NS2_SIMULATION
INST_2647,DSDV,150,20,25,5,2,102647,EXPANDED_REAL_NS2_SIMULATION
INST_2647,AOMDV,150,20,25,5,2,102647,EXPANDED_REAL_NS2_SIMULATION
INST_2648,AODV,150,20,25,5,3,102648,EXPANDED_REAL_NS2_SIMULATION
INST_2648,DSDV,150,20,25,5,3,102648,EXPANDED_REAL_NS2_SIMULATION
INST_2648,AOMDV,150,20,25,5,3,102648,EXPANDED_REAL_NS2_SIMULATION
INST_2649,AODV,150,20,25,5,4,102649,EXPANDED_REAL_NS2_SIMULATION
INST_2649,DSDV,150,20,25,5,4,102649,EXPANDED_REAL_NS2_SIMULATION
INST_2649,AOMDV,150,20,25,5,4,102649,EXPANDED_REAL_NS2_SIMULATION
INST_2650,AODV,150,20,25,5,5,102650,EXPANDED_REAL_NS2_SIMULATION
INST_2650,DSDV,150,20,25,5,5,102650,EXPANDED_REAL_NS2_SIMULATION
INST_2650,AOMDV,150,20,25,5,5,102650,EXPANDED_REAL_NS2_SIMULATION
INST_2651,AODV,150,20,25,6,1,102651,EXPANDED_REAL_NS2_SIMULATION
INST_2651,DSDV,150,20,25,6,1,102651,EXPANDED_REAL_NS2_SIMULATION
INST_2651,AOMDV,150,20,25,6,1,102651,EXPANDED_REAL_NS2_SIMULATION
INST_2652,AODV,150,20,25,6,2,102652,EXPANDED_REAL_NS2_SIMULATION
INST_2652,DSDV,150,20,25,6,2,102652,EXPANDED_REAL_NS2_SIMULATION
INST_2652,AOMDV,150,20,25,6,2,102652,EXPANDED_REAL_NS2_SIMULATION
INST_2653,AODV,150,20,25,6,3,102653,EXPANDED_REAL_NS2_SIMULATION
INST_2653,DSDV,150,20,25,6,3,102653,EXPANDED_REAL_NS2_SIMULATION
INST_2653,AOMDV,150,20,25,6,3,102653,EXPANDED_REAL_NS2_SIMULATION
INST_2654,AODV,150,20,25,6,4,102654,EXPANDED_REAL_NS2_SIMULATION
INST_2654,DSDV,150,20,25,6,4,102654,EXPANDED_REAL_NS2_SIMULATION
INST_2654,AOMDV,150,20,25,6,4,102654,EXPANDED_REAL_NS2_SIMULATION
INST_2655,AODV,150,20,25,6,5,102655,EXPANDED_REAL_NS2_SIMULATION
INST_2655,DSDV,150,20,25,6,5,102655,EXPANDED_REAL_NS2_SIMULATION
INST_2655,AOMDV,150,20,25,6,5,102655,EXPANDED_REAL_NS2_SIMULATION
INST_2656,AODV,150,30,5,3,1,102656,EXPANDED_REAL_NS2_SIMULATION
INST_2656,DSDV,150,30,5,3,1,102656,EXPANDED_REAL_NS2_SIMULATION
INST_2656,AOMDV,150,30,5,3,1,102656,EXPANDED_REAL_NS2_SIMULATION
INST_2657,AODV,150,30,5,3,2,102657,EXPANDED_REAL_NS2_SIMULATION
INST_2657,DSDV,150,30,5,3,2,102657,EXPANDED_REAL_NS2_SIMULATION
INST_2657,AOMDV,150,30,5,3,2,102657,EXPANDED_REAL_NS2_SIMULATION
INST_2658,AODV,150,30,5,3,3,102658,EXPANDED_REAL_NS2_SIMULATION
INST_2658,DSDV,150,30,5,3,3,102658,EXPANDED_REAL_NS2_SIMULATION
INST_2658,AOMDV,150,30,5,3,3,102658,EXPANDED_REAL_NS2_SIMULATION
INST_2659,AODV,150,30,5,3,4,102659,EXPANDED_REAL_NS2_SIMULATION
INST_2659,DSDV,150,30,5,3,4,102659,EXPANDED_REAL_NS2_SIMULATION
INST_2659,AOMDV,150,30,5,3,4,102659,EXPANDED_REAL_NS2_SIMULATION
INST_2660,AODV,150,30,5,3,5,102660,EXPANDED_REAL_NS2_SIMULATION
INST_2660,DSDV,150,30,5,3,5,102660,EXPANDED_REAL_NS2_SIMULATION
INST_2660,AOMDV,150,30,5,3,5,102660,EXPANDED_REAL_NS2_SIMULATION
INST_2661,AODV,150,30,5,5,1,102661,EXPANDED_REAL_NS2_SIMULATION
INST_2661,DSDV,150,30,5,5,1,102661,EXPANDED_REAL_NS2_SIMULATION
INST_2661,AOMDV,150,30,5,5,1,102661,EXPANDED_REAL_NS2_SIMULATION
INST_2662,AODV,150,30,5,5,2,102662,EXPANDED_REAL_NS2_SIMULATION
INST_2662,DSDV,150,30,5,5,2,102662,EXPANDED_REAL_NS2_SIMULATION
INST_2662,AOMDV,150,30,5,5,2,102662,EXPANDED_REAL_NS2_SIMULATION
INST_2663,AODV,150,30,5,5,3,102663,EXPANDED_REAL_NS2_SIMULATION
INST_2663,DSDV,150,30,5,5,3,102663,EXPANDED_REAL_NS2_SIMULATION
INST_2663,AOMDV,150,30,5,5,3,102663,EXPANDED_REAL_NS2_SIMULATION
INST_2664,AODV,150,30,5,5,4,102664,EXPANDED_REAL_NS2_SIMULATION
INST_2664,DSDV,150,30,5,5,4,102664,EXPANDED_REAL_NS2_SIMULATION
INST_2664,AOMDV,150,30,5,5,4,102664,EXPANDED_REAL_NS2_SIMULATION
INST_2665,AODV,150,30,5,5,5,102665,EXPANDED_REAL_NS2_SIMULATION
INST_2665,DSDV,150,30,5,5,5,102665,EXPANDED_REAL_NS2_SIMULATION
INST_2665,AOMDV,150,30,5,5,5,102665,EXPANDED_REAL_NS2_SIMULATION
INST_2666,AODV,150,30,5,6,1,102666,EXPANDED_REAL_NS2_SIMULATION
INST_2666,DSDV,150,30,5,6,1,102666,EXPANDED_REAL_NS2_SIMULATION
INST_2666,AOMDV,150,30,5,6,1,102666,EXPANDED_REAL_NS2_SIMULATION
INST_2667,AODV,150,30,5,6,2,102667,EXPANDED_REAL_NS2_SIMULATION
INST_2667,DSDV,150,30,5,6,2,102667,EXPANDED_REAL_NS2_SIMULATION
INST_2667,AOMDV,150,30,5,6,2,102667,EXPANDED_REAL_NS2_SIMULATION
INST_2668,AODV,150,30,5,6,3,102668,EXPANDED_REAL_NS2_SIMULATION
INST_2668,DSDV,150,30,5,6,3,102668,EXPANDED_REAL_NS2_SIMULATION
INST_2668,AOMDV,150,30,5,6,3,102668,EXPANDED_REAL_NS2_SIMULATION
INST_2669,AODV,150,30,5,6,4,102669,EXPANDED_REAL_NS2_SIMULATION
INST_2669,DSDV,150,30,5,6,4,102669,EXPANDED_REAL_NS2_SIMULATION
INST_2669,AOMDV,150,30,5,6,4,102669,EXPANDED_REAL_NS2_SIMULATION
INST_2670,AODV,150,30,5,6,5,102670,EXPANDED_REAL_NS2_SIMULATION
INST_2670,DSDV,150,30,5,6,5,102670,EXPANDED_REAL_NS2_SIMULATION
INST_2670,AOMDV,150,30,5,6,5,102670,EXPANDED_REAL_NS2_SIMULATION
INST_2671,AODV,150,30,7,2,1,102671,EXPANDED_REAL_NS2_SIMULATION
INST_2671,DSDV,150,30,7,2,1,102671,EXPANDED_REAL_NS2_SIMULATION
INST_2671,AOMDV,150,30,7,2,1,102671,EXPANDED_REAL_NS2_SIMULATION
INST_2672,AODV,150,30,7,2,2,102672,EXPANDED_REAL_NS2_SIMULATION
INST_2672,DSDV,150,30,7,2,2,102672,EXPANDED_REAL_NS2_SIMULATION
INST_2672,AOMDV,150,30,7,2,2,102672,EXPANDED_REAL_NS2_SIMULATION
INST_2673,AODV,150,30,7,2,3,102673,EXPANDED_REAL_NS2_SIMULATION
INST_2673,DSDV,150,30,7,2,3,102673,EXPANDED_REAL_NS2_SIMULATION
INST_2673,AOMDV,150,30,7,2,3,102673,EXPANDED_REAL_NS2_SIMULATION
INST_2674,AODV,150,30,7,2,4,102674,EXPANDED_REAL_NS2_SIMULATION
INST_2674,DSDV,150,30,7,2,4,102674,EXPANDED_REAL_NS2_SIMULATION
INST_2674,AOMDV,150,30,7,2,4,102674,EXPANDED_REAL_NS2_SIMULATION
INST_2675,AODV,150,30,7,2,5,102675,EXPANDED_REAL_NS2_SIMULATION
INST_2675,DSDV,150,30,7,2,5,102675,EXPANDED_REAL_NS2_SIMULATION
INST_2675,AOMDV,150,30,7,2,5,102675,EXPANDED_REAL_NS2_SIMULATION
INST_2676,AODV,150,30,7,3,1,102676,EXPANDED_REAL_NS2_SIMULATION
INST_2676,DSDV,150,30,7,3,1,102676,EXPANDED_REAL_NS2_SIMULATION
INST_2676,AOMDV,150,30,7,3,1,102676,EXPANDED_REAL_NS2_SIMULATION
INST_2677,AODV,150,30,7,3,2,102677,EXPANDED_REAL_NS2_SIMULATION
INST_2677,DSDV,150,30,7,3,2,102677,EXPANDED_REAL_NS2_SIMULATION
INST_2677,AOMDV,150,30,7,3,2,102677,EXPANDED_REAL_NS2_SIMULATION
INST_2678,AODV,150,30,7,3,3,102678,EXPANDED_REAL_NS2_SIMULATION
INST_2678,DSDV,150,30,7,3,3,102678,EXPANDED_REAL_NS2_SIMULATION
INST_2678,AOMDV,150,30,7,3,3,102678,EXPANDED_REAL_NS2_SIMULATION
INST_2679,AODV,150,30,7,3,4,102679,EXPANDED_REAL_NS2_SIMULATION
INST_2679,DSDV,150,30,7,3,4,102679,EXPANDED_REAL_NS2_SIMULATION
INST_2679,AOMDV,150,30,7,3,4,102679,EXPANDED_REAL_NS2_SIMULATION
INST_2680,AODV,150,30,7,3,5,102680,EXPANDED_REAL_NS2_SIMULATION
INST_2680,DSDV,150,30,7,3,5,102680,EXPANDED_REAL_NS2_SIMULATION
INST_2680,AOMDV,150,30,7,3,5,102680,EXPANDED_REAL_NS2_SIMULATION
INST_2681,AODV,150,30,7,4,1,102681,EXPANDED_REAL_NS2_SIMULATION
INST_2681,DSDV,150,30,7,4,1,102681,EXPANDED_REAL_NS2_SIMULATION
INST_2681,AOMDV,150,30,7,4,1,102681,EXPANDED_REAL_NS2_SIMULATION
INST_2682,AODV,150,30,7,4,2,102682,EXPANDED_REAL_NS2_SIMULATION
INST_2682,DSDV,150,30,7,4,2,102682,EXPANDED_REAL_NS2_SIMULATION
INST_2682,AOMDV,150,30,7,4,2,102682,EXPANDED_REAL_NS2_SIMULATION
INST_2683,AODV,150,30,7,4,3,102683,EXPANDED_REAL_NS2_SIMULATION
INST_2683,DSDV,150,30,7,4,3,102683,EXPANDED_REAL_NS2_SIMULATION
INST_2683,AOMDV,150,30,7,4,3,102683,EXPANDED_REAL_NS2_SIMULATION
INST_2684,AODV,150,30,7,4,4,102684,EXPANDED_REAL_NS2_SIMULATION
INST_2684,DSDV,150,30,7,4,4,102684,EXPANDED_REAL_NS2_SIMULATION
INST_2684,AOMDV,150,30,7,4,4,102684,EXPANDED_REAL_NS2_SIMULATION
INST_2685,AODV,150,30,7,4,5,102685,EXPANDED_REAL_NS2_SIMULATION
INST_2685,DSDV,150,30,7,4,5,102685,EXPANDED_REAL_NS2_SIMULATION
INST_2685,AOMDV,150,30,7,4,5,102685,EXPANDED_REAL_NS2_SIMULATION
INST_2686,AODV,150,30,7,5,1,102686,EXPANDED_REAL_NS2_SIMULATION
INST_2686,DSDV,150,30,7,5,1,102686,EXPANDED_REAL_NS2_SIMULATION
INST_2686,AOMDV,150,30,7,5,1,102686,EXPANDED_REAL_NS2_SIMULATION
INST_2687,AODV,150,30,7,5,2,102687,EXPANDED_REAL_NS2_SIMULATION
INST_2687,DSDV,150,30,7,5,2,102687,EXPANDED_REAL_NS2_SIMULATION
INST_2687,AOMDV,150,30,7,5,2,102687,EXPANDED_REAL_NS2_SIMULATION
INST_2688,AODV,150,30,7,5,3,102688,EXPANDED_REAL_NS2_SIMULATION
INST_2688,DSDV,150,30,7,5,3,102688,EXPANDED_REAL_NS2_SIMULATION
INST_2688,AOMDV,150,30,7,5,3,102688,EXPANDED_REAL_NS2_SIMULATION
INST_2689,AODV,150,30,7,5,4,102689,EXPANDED_REAL_NS2_SIMULATION
INST_2689,DSDV,150,30,7,5,4,102689,EXPANDED_REAL_NS2_SIMULATION
INST_2689,AOMDV,150,30,7,5,4,102689,EXPANDED_REAL_NS2_SIMULATION
INST_2690,AODV,150,30,7,5,5,102690,EXPANDED_REAL_NS2_SIMULATION
INST_2690,DSDV,150,30,7,5,5,102690,EXPANDED_REAL_NS2_SIMULATION
INST_2690,AOMDV,150,30,7,5,5,102690,EXPANDED_REAL_NS2_SIMULATION
INST_2691,AODV,150,30,7,6,1,102691,EXPANDED_REAL_NS2_SIMULATION
INST_2691,DSDV,150,30,7,6,1,102691,EXPANDED_REAL_NS2_SIMULATION
INST_2691,AOMDV,150,30,7,6,1,102691,EXPANDED_REAL_NS2_SIMULATION
INST_2692,AODV,150,30,7,6,2,102692,EXPANDED_REAL_NS2_SIMULATION
INST_2692,DSDV,150,30,7,6,2,102692,EXPANDED_REAL_NS2_SIMULATION
INST_2692,AOMDV,150,30,7,6,2,102692,EXPANDED_REAL_NS2_SIMULATION
INST_2693,AODV,150,30,7,6,3,102693,EXPANDED_REAL_NS2_SIMULATION
INST_2693,DSDV,150,30,7,6,3,102693,EXPANDED_REAL_NS2_SIMULATION
INST_2693,AOMDV,150,30,7,6,3,102693,EXPANDED_REAL_NS2_SIMULATION
INST_2694,AODV,150,30,7,6,4,102694,EXPANDED_REAL_NS2_SIMULATION
INST_2694,DSDV,150,30,7,6,4,102694,EXPANDED_REAL_NS2_SIMULATION
INST_2694,AOMDV,150,30,7,6,4,102694,EXPANDED_REAL_NS2_SIMULATION
INST_2695,AODV,150,30,7,6,5,102695,EXPANDED_REAL_NS2_SIMULATION
INST_2695,DSDV,150,30,7,6,5,102695,EXPANDED_REAL_NS2_SIMULATION
INST_2695,AOMDV,150,30,7,6,5,102695,EXPANDED_REAL_NS2_SIMULATION
INST_2696,AODV,150,30,7,8,1,102696,EXPANDED_REAL_NS2_SIMULATION
INST_2696,DSDV,150,30,7,8,1,102696,EXPANDED_REAL_NS2_SIMULATION
INST_2696,AOMDV,150,30,7,8,1,102696,EXPANDED_REAL_NS2_SIMULATION
INST_2697,AODV,150,30,7,8,2,102697,EXPANDED_REAL_NS2_SIMULATION
INST_2697,DSDV,150,30,7,8,2,102697,EXPANDED_REAL_NS2_SIMULATION
INST_2697,AOMDV,150,30,7,8,2,102697,EXPANDED_REAL_NS2_SIMULATION
INST_2698,AODV,150,30,7,8,3,102698,EXPANDED_REAL_NS2_SIMULATION
INST_2698,DSDV,150,30,7,8,3,102698,EXPANDED_REAL_NS2_SIMULATION
INST_2698,AOMDV,150,30,7,8,3,102698,EXPANDED_REAL_NS2_SIMULATION
INST_2699,AODV,150,30,7,8,4,102699,EXPANDED_REAL_NS2_SIMULATION
INST_2699,DSDV,150,30,7,8,4,102699,EXPANDED_REAL_NS2_SIMULATION
INST_2699,AOMDV,150,30,7,8,4,102699,EXPANDED_REAL_NS2_SIMULATION
INST_2700,AODV,150,30,7,8,5,102700,EXPANDED_REAL_NS2_SIMULATION
INST_2700,DSDV,150,30,7,8,5,102700,EXPANDED_REAL_NS2_SIMULATION
INST_2700,AOMDV,150,30,7,8,5,102700,EXPANDED_REAL_NS2_SIMULATION
INST_2701,AODV,150,30,10,3,1,102701,EXPANDED_REAL_NS2_SIMULATION
INST_2701,DSDV,150,30,10,3,1,102701,EXPANDED_REAL_NS2_SIMULATION
INST_2701,AOMDV,150,30,10,3,1,102701,EXPANDED_REAL_NS2_SIMULATION
INST_2702,AODV,150,30,10,3,2,102702,EXPANDED_REAL_NS2_SIMULATION
INST_2702,DSDV,150,30,10,3,2,102702,EXPANDED_REAL_NS2_SIMULATION
INST_2702,AOMDV,150,30,10,3,2,102702,EXPANDED_REAL_NS2_SIMULATION
INST_2703,AODV,150,30,10,3,3,102703,EXPANDED_REAL_NS2_SIMULATION
INST_2703,DSDV,150,30,10,3,3,102703,EXPANDED_REAL_NS2_SIMULATION
INST_2703,AOMDV,150,30,10,3,3,102703,EXPANDED_REAL_NS2_SIMULATION
INST_2704,AODV,150,30,10,3,4,102704,EXPANDED_REAL_NS2_SIMULATION
INST_2704,DSDV,150,30,10,3,4,102704,EXPANDED_REAL_NS2_SIMULATION
INST_2704,AOMDV,150,30,10,3,4,102704,EXPANDED_REAL_NS2_SIMULATION
INST_2705,AODV,150,30,10,3,5,102705,EXPANDED_REAL_NS2_SIMULATION
INST_2705,DSDV,150,30,10,3,5,102705,EXPANDED_REAL_NS2_SIMULATION
INST_2705,AOMDV,150,30,10,3,5,102705,EXPANDED_REAL_NS2_SIMULATION
INST_2706,AODV,150,30,10,5,1,102706,EXPANDED_REAL_NS2_SIMULATION
INST_2706,DSDV,150,30,10,5,1,102706,EXPANDED_REAL_NS2_SIMULATION
INST_2706,AOMDV,150,30,10,5,1,102706,EXPANDED_REAL_NS2_SIMULATION
INST_2707,AODV,150,30,10,5,2,102707,EXPANDED_REAL_NS2_SIMULATION
INST_2707,DSDV,150,30,10,5,2,102707,EXPANDED_REAL_NS2_SIMULATION
INST_2707,AOMDV,150,30,10,5,2,102707,EXPANDED_REAL_NS2_SIMULATION
INST_2708,AODV,150,30,10,5,3,102708,EXPANDED_REAL_NS2_SIMULATION
INST_2708,DSDV,150,30,10,5,3,102708,EXPANDED_REAL_NS2_SIMULATION
INST_2708,AOMDV,150,30,10,5,3,102708,EXPANDED_REAL_NS2_SIMULATION
INST_2709,AODV,150,30,10,5,4,102709,EXPANDED_REAL_NS2_SIMULATION
INST_2709,DSDV,150,30,10,5,4,102709,EXPANDED_REAL_NS2_SIMULATION
INST_2709,AOMDV,150,30,10,5,4,102709,EXPANDED_REAL_NS2_SIMULATION
INST_2710,AODV,150,30,10,5,5,102710,EXPANDED_REAL_NS2_SIMULATION
INST_2710,DSDV,150,30,10,5,5,102710,EXPANDED_REAL_NS2_SIMULATION
INST_2710,AOMDV,150,30,10,5,5,102710,EXPANDED_REAL_NS2_SIMULATION
INST_2711,AODV,150,30,10,6,1,102711,EXPANDED_REAL_NS2_SIMULATION
INST_2711,DSDV,150,30,10,6,1,102711,EXPANDED_REAL_NS2_SIMULATION
INST_2711,AOMDV,150,30,10,6,1,102711,EXPANDED_REAL_NS2_SIMULATION
INST_2712,AODV,150,30,10,6,2,102712,EXPANDED_REAL_NS2_SIMULATION
INST_2712,DSDV,150,30,10,6,2,102712,EXPANDED_REAL_NS2_SIMULATION
INST_2712,AOMDV,150,30,10,6,2,102712,EXPANDED_REAL_NS2_SIMULATION
INST_2713,AODV,150,30,10,6,3,102713,EXPANDED_REAL_NS2_SIMULATION
INST_2713,DSDV,150,30,10,6,3,102713,EXPANDED_REAL_NS2_SIMULATION
INST_2713,AOMDV,150,30,10,6,3,102713,EXPANDED_REAL_NS2_SIMULATION
INST_2714,AODV,150,30,10,6,4,102714,EXPANDED_REAL_NS2_SIMULATION
INST_2714,DSDV,150,30,10,6,4,102714,EXPANDED_REAL_NS2_SIMULATION
INST_2714,AOMDV,150,30,10,6,4,102714,EXPANDED_REAL_NS2_SIMULATION
INST_2715,AODV,150,30,10,6,5,102715,EXPANDED_REAL_NS2_SIMULATION
INST_2715,DSDV,150,30,10,6,5,102715,EXPANDED_REAL_NS2_SIMULATION
INST_2715,AOMDV,150,30,10,6,5,102715,EXPANDED_REAL_NS2_SIMULATION
INST_2716,AODV,150,30,12,2,1,102716,EXPANDED_REAL_NS2_SIMULATION
INST_2716,DSDV,150,30,12,2,1,102716,EXPANDED_REAL_NS2_SIMULATION
INST_2716,AOMDV,150,30,12,2,1,102716,EXPANDED_REAL_NS2_SIMULATION
INST_2717,AODV,150,30,12,2,2,102717,EXPANDED_REAL_NS2_SIMULATION
INST_2717,DSDV,150,30,12,2,2,102717,EXPANDED_REAL_NS2_SIMULATION
INST_2717,AOMDV,150,30,12,2,2,102717,EXPANDED_REAL_NS2_SIMULATION
INST_2718,AODV,150,30,12,2,3,102718,EXPANDED_REAL_NS2_SIMULATION
INST_2718,DSDV,150,30,12,2,3,102718,EXPANDED_REAL_NS2_SIMULATION
INST_2718,AOMDV,150,30,12,2,3,102718,EXPANDED_REAL_NS2_SIMULATION
INST_2719,AODV,150,30,12,2,4,102719,EXPANDED_REAL_NS2_SIMULATION
INST_2719,DSDV,150,30,12,2,4,102719,EXPANDED_REAL_NS2_SIMULATION
INST_2719,AOMDV,150,30,12,2,4,102719,EXPANDED_REAL_NS2_SIMULATION
INST_2720,AODV,150,30,12,2,5,102720,EXPANDED_REAL_NS2_SIMULATION
INST_2720,DSDV,150,30,12,2,5,102720,EXPANDED_REAL_NS2_SIMULATION
INST_2720,AOMDV,150,30,12,2,5,102720,EXPANDED_REAL_NS2_SIMULATION
INST_2721,AODV,150,30,12,3,1,102721,EXPANDED_REAL_NS2_SIMULATION
INST_2721,DSDV,150,30,12,3,1,102721,EXPANDED_REAL_NS2_SIMULATION
INST_2721,AOMDV,150,30,12,3,1,102721,EXPANDED_REAL_NS2_SIMULATION
INST_2722,AODV,150,30,12,3,2,102722,EXPANDED_REAL_NS2_SIMULATION
INST_2722,DSDV,150,30,12,3,2,102722,EXPANDED_REAL_NS2_SIMULATION
INST_2722,AOMDV,150,30,12,3,2,102722,EXPANDED_REAL_NS2_SIMULATION
INST_2723,AODV,150,30,12,3,3,102723,EXPANDED_REAL_NS2_SIMULATION
INST_2723,DSDV,150,30,12,3,3,102723,EXPANDED_REAL_NS2_SIMULATION
INST_2723,AOMDV,150,30,12,3,3,102723,EXPANDED_REAL_NS2_SIMULATION
INST_2724,AODV,150,30,12,3,4,102724,EXPANDED_REAL_NS2_SIMULATION
INST_2724,DSDV,150,30,12,3,4,102724,EXPANDED_REAL_NS2_SIMULATION
INST_2724,AOMDV,150,30,12,3,4,102724,EXPANDED_REAL_NS2_SIMULATION
INST_2725,AODV,150,30,12,3,5,102725,EXPANDED_REAL_NS2_SIMULATION
INST_2725,DSDV,150,30,12,3,5,102725,EXPANDED_REAL_NS2_SIMULATION
INST_2725,AOMDV,150,30,12,3,5,102725,EXPANDED_REAL_NS2_SIMULATION
INST_2726,AODV,150,30,12,4,1,102726,EXPANDED_REAL_NS2_SIMULATION
INST_2726,DSDV,150,30,12,4,1,102726,EXPANDED_REAL_NS2_SIMULATION
INST_2726,AOMDV,150,30,12,4,1,102726,EXPANDED_REAL_NS2_SIMULATION
INST_2727,AODV,150,30,12,4,2,102727,EXPANDED_REAL_NS2_SIMULATION
INST_2727,DSDV,150,30,12,4,2,102727,EXPANDED_REAL_NS2_SIMULATION
INST_2727,AOMDV,150,30,12,4,2,102727,EXPANDED_REAL_NS2_SIMULATION
INST_2728,AODV,150,30,12,4,3,102728,EXPANDED_REAL_NS2_SIMULATION
INST_2728,DSDV,150,30,12,4,3,102728,EXPANDED_REAL_NS2_SIMULATION
INST_2728,AOMDV,150,30,12,4,3,102728,EXPANDED_REAL_NS2_SIMULATION
INST_2729,AODV,150,30,12,4,4,102729,EXPANDED_REAL_NS2_SIMULATION
INST_2729,DSDV,150,30,12,4,4,102729,EXPANDED_REAL_NS2_SIMULATION
INST_2729,AOMDV,150,30,12,4,4,102729,EXPANDED_REAL_NS2_SIMULATION
INST_2730,AODV,150,30,12,4,5,102730,EXPANDED_REAL_NS2_SIMULATION
INST_2730,DSDV,150,30,12,4,5,102730,EXPANDED_REAL_NS2_SIMULATION
INST_2730,AOMDV,150,30,12,4,5,102730,EXPANDED_REAL_NS2_SIMULATION
INST_2731,AODV,150,30,12,5,1,102731,EXPANDED_REAL_NS2_SIMULATION
INST_2731,DSDV,150,30,12,5,1,102731,EXPANDED_REAL_NS2_SIMULATION
INST_2731,AOMDV,150,30,12,5,1,102731,EXPANDED_REAL_NS2_SIMULATION
INST_2732,AODV,150,30,12,5,2,102732,EXPANDED_REAL_NS2_SIMULATION
INST_2732,DSDV,150,30,12,5,2,102732,EXPANDED_REAL_NS2_SIMULATION
INST_2732,AOMDV,150,30,12,5,2,102732,EXPANDED_REAL_NS2_SIMULATION
INST_2733,AODV,150,30,12,5,3,102733,EXPANDED_REAL_NS2_SIMULATION
INST_2733,DSDV,150,30,12,5,3,102733,EXPANDED_REAL_NS2_SIMULATION
INST_2733,AOMDV,150,30,12,5,3,102733,EXPANDED_REAL_NS2_SIMULATION
INST_2734,AODV,150,30,12,5,4,102734,EXPANDED_REAL_NS2_SIMULATION
INST_2734,DSDV,150,30,12,5,4,102734,EXPANDED_REAL_NS2_SIMULATION
INST_2734,AOMDV,150,30,12,5,4,102734,EXPANDED_REAL_NS2_SIMULATION
INST_2735,AODV,150,30,12,5,5,102735,EXPANDED_REAL_NS2_SIMULATION
INST_2735,DSDV,150,30,12,5,5,102735,EXPANDED_REAL_NS2_SIMULATION
INST_2735,AOMDV,150,30,12,5,5,102735,EXPANDED_REAL_NS2_SIMULATION
INST_2736,AODV,150,30,12,6,1,102736,EXPANDED_REAL_NS2_SIMULATION
INST_2736,DSDV,150,30,12,6,1,102736,EXPANDED_REAL_NS2_SIMULATION
INST_2736,AOMDV,150,30,12,6,1,102736,EXPANDED_REAL_NS2_SIMULATION
INST_2737,AODV,150,30,12,6,2,102737,EXPANDED_REAL_NS2_SIMULATION
INST_2737,DSDV,150,30,12,6,2,102737,EXPANDED_REAL_NS2_SIMULATION
INST_2737,AOMDV,150,30,12,6,2,102737,EXPANDED_REAL_NS2_SIMULATION
INST_2738,AODV,150,30,12,6,3,102738,EXPANDED_REAL_NS2_SIMULATION
INST_2738,DSDV,150,30,12,6,3,102738,EXPANDED_REAL_NS2_SIMULATION
INST_2738,AOMDV,150,30,12,6,3,102738,EXPANDED_REAL_NS2_SIMULATION
INST_2739,AODV,150,30,12,6,4,102739,EXPANDED_REAL_NS2_SIMULATION
INST_2739,DSDV,150,30,12,6,4,102739,EXPANDED_REAL_NS2_SIMULATION
INST_2739,AOMDV,150,30,12,6,4,102739,EXPANDED_REAL_NS2_SIMULATION
INST_2740,AODV,150,30,12,6,5,102740,EXPANDED_REAL_NS2_SIMULATION
INST_2740,DSDV,150,30,12,6,5,102740,EXPANDED_REAL_NS2_SIMULATION
INST_2740,AOMDV,150,30,12,6,5,102740,EXPANDED_REAL_NS2_SIMULATION
INST_2741,AODV,150,30,12,8,1,102741,EXPANDED_REAL_NS2_SIMULATION
INST_2741,DSDV,150,30,12,8,1,102741,EXPANDED_REAL_NS2_SIMULATION
INST_2741,AOMDV,150,30,12,8,1,102741,EXPANDED_REAL_NS2_SIMULATION
INST_2742,AODV,150,30,12,8,2,102742,EXPANDED_REAL_NS2_SIMULATION
INST_2742,DSDV,150,30,12,8,2,102742,EXPANDED_REAL_NS2_SIMULATION
INST_2742,AOMDV,150,30,12,8,2,102742,EXPANDED_REAL_NS2_SIMULATION
INST_2743,AODV,150,30,12,8,3,102743,EXPANDED_REAL_NS2_SIMULATION
INST_2743,DSDV,150,30,12,8,3,102743,EXPANDED_REAL_NS2_SIMULATION
INST_2743,AOMDV,150,30,12,8,3,102743,EXPANDED_REAL_NS2_SIMULATION
INST_2744,AODV,150,30,12,8,4,102744,EXPANDED_REAL_NS2_SIMULATION
INST_2744,DSDV,150,30,12,8,4,102744,EXPANDED_REAL_NS2_SIMULATION
INST_2744,AOMDV,150,30,12,8,4,102744,EXPANDED_REAL_NS2_SIMULATION
INST_2745,AODV,150,30,12,8,5,102745,EXPANDED_REAL_NS2_SIMULATION
INST_2745,DSDV,150,30,12,8,5,102745,EXPANDED_REAL_NS2_SIMULATION
INST_2745,AOMDV,150,30,12,8,5,102745,EXPANDED_REAL_NS2_SIMULATION
INST_2746,AODV,150,30,15,3,1,102746,EXPANDED_REAL_NS2_SIMULATION
INST_2746,DSDV,150,30,15,3,1,102746,EXPANDED_REAL_NS2_SIMULATION
INST_2746,AOMDV,150,30,15,3,1,102746,EXPANDED_REAL_NS2_SIMULATION
INST_2747,AODV,150,30,15,3,2,102747,EXPANDED_REAL_NS2_SIMULATION
INST_2747,DSDV,150,30,15,3,2,102747,EXPANDED_REAL_NS2_SIMULATION
INST_2747,AOMDV,150,30,15,3,2,102747,EXPANDED_REAL_NS2_SIMULATION
INST_2748,AODV,150,30,15,3,3,102748,EXPANDED_REAL_NS2_SIMULATION
INST_2748,DSDV,150,30,15,3,3,102748,EXPANDED_REAL_NS2_SIMULATION
INST_2748,AOMDV,150,30,15,3,3,102748,EXPANDED_REAL_NS2_SIMULATION
INST_2749,AODV,150,30,15,3,4,102749,EXPANDED_REAL_NS2_SIMULATION
INST_2749,DSDV,150,30,15,3,4,102749,EXPANDED_REAL_NS2_SIMULATION
INST_2749,AOMDV,150,30,15,3,4,102749,EXPANDED_REAL_NS2_SIMULATION
INST_2750,AODV,150,30,15,3,5,102750,EXPANDED_REAL_NS2_SIMULATION
INST_2750,DSDV,150,30,15,3,5,102750,EXPANDED_REAL_NS2_SIMULATION
INST_2750,AOMDV,150,30,15,3,5,102750,EXPANDED_REAL_NS2_SIMULATION
INST_2751,AODV,150,30,15,5,1,102751,EXPANDED_REAL_NS2_SIMULATION
INST_2751,DSDV,150,30,15,5,1,102751,EXPANDED_REAL_NS2_SIMULATION
INST_2751,AOMDV,150,30,15,5,1,102751,EXPANDED_REAL_NS2_SIMULATION
INST_2752,AODV,150,30,15,5,2,102752,EXPANDED_REAL_NS2_SIMULATION
INST_2752,DSDV,150,30,15,5,2,102752,EXPANDED_REAL_NS2_SIMULATION
INST_2752,AOMDV,150,30,15,5,2,102752,EXPANDED_REAL_NS2_SIMULATION
INST_2753,AODV,150,30,15,5,3,102753,EXPANDED_REAL_NS2_SIMULATION
INST_2753,DSDV,150,30,15,5,3,102753,EXPANDED_REAL_NS2_SIMULATION
INST_2753,AOMDV,150,30,15,5,3,102753,EXPANDED_REAL_NS2_SIMULATION
INST_2754,AODV,150,30,15,5,4,102754,EXPANDED_REAL_NS2_SIMULATION
INST_2754,DSDV,150,30,15,5,4,102754,EXPANDED_REAL_NS2_SIMULATION
INST_2754,AOMDV,150,30,15,5,4,102754,EXPANDED_REAL_NS2_SIMULATION
INST_2755,AODV,150,30,15,5,5,102755,EXPANDED_REAL_NS2_SIMULATION
INST_2755,DSDV,150,30,15,5,5,102755,EXPANDED_REAL_NS2_SIMULATION
INST_2755,AOMDV,150,30,15,5,5,102755,EXPANDED_REAL_NS2_SIMULATION
INST_2756,AODV,150,30,15,6,1,102756,EXPANDED_REAL_NS2_SIMULATION
INST_2756,DSDV,150,30,15,6,1,102756,EXPANDED_REAL_NS2_SIMULATION
INST_2756,AOMDV,150,30,15,6,1,102756,EXPANDED_REAL_NS2_SIMULATION
INST_2757,AODV,150,30,15,6,2,102757,EXPANDED_REAL_NS2_SIMULATION
INST_2757,DSDV,150,30,15,6,2,102757,EXPANDED_REAL_NS2_SIMULATION
INST_2757,AOMDV,150,30,15,6,2,102757,EXPANDED_REAL_NS2_SIMULATION
INST_2758,AODV,150,30,15,6,3,102758,EXPANDED_REAL_NS2_SIMULATION
INST_2758,DSDV,150,30,15,6,3,102758,EXPANDED_REAL_NS2_SIMULATION
INST_2758,AOMDV,150,30,15,6,3,102758,EXPANDED_REAL_NS2_SIMULATION
INST_2759,AODV,150,30,15,6,4,102759,EXPANDED_REAL_NS2_SIMULATION
INST_2759,DSDV,150,30,15,6,4,102759,EXPANDED_REAL_NS2_SIMULATION
INST_2759,AOMDV,150,30,15,6,4,102759,EXPANDED_REAL_NS2_SIMULATION
INST_2760,AODV,150,30,15,6,5,102760,EXPANDED_REAL_NS2_SIMULATION
INST_2760,DSDV,150,30,15,6,5,102760,EXPANDED_REAL_NS2_SIMULATION
INST_2760,AOMDV,150,30,15,6,5,102760,EXPANDED_REAL_NS2_SIMULATION
INST_2761,AODV,150,30,18,2,1,102761,EXPANDED_REAL_NS2_SIMULATION
INST_2761,DSDV,150,30,18,2,1,102761,EXPANDED_REAL_NS2_SIMULATION
INST_2761,AOMDV,150,30,18,2,1,102761,EXPANDED_REAL_NS2_SIMULATION
INST_2762,AODV,150,30,18,2,2,102762,EXPANDED_REAL_NS2_SIMULATION
INST_2762,DSDV,150,30,18,2,2,102762,EXPANDED_REAL_NS2_SIMULATION
INST_2762,AOMDV,150,30,18,2,2,102762,EXPANDED_REAL_NS2_SIMULATION
INST_2763,AODV,150,30,18,2,3,102763,EXPANDED_REAL_NS2_SIMULATION
INST_2763,DSDV,150,30,18,2,3,102763,EXPANDED_REAL_NS2_SIMULATION
INST_2763,AOMDV,150,30,18,2,3,102763,EXPANDED_REAL_NS2_SIMULATION
INST_2764,AODV,150,30,18,2,4,102764,EXPANDED_REAL_NS2_SIMULATION
INST_2764,DSDV,150,30,18,2,4,102764,EXPANDED_REAL_NS2_SIMULATION
INST_2764,AOMDV,150,30,18,2,4,102764,EXPANDED_REAL_NS2_SIMULATION
INST_2765,AODV,150,30,18,2,5,102765,EXPANDED_REAL_NS2_SIMULATION
INST_2765,DSDV,150,30,18,2,5,102765,EXPANDED_REAL_NS2_SIMULATION
INST_2765,AOMDV,150,30,18,2,5,102765,EXPANDED_REAL_NS2_SIMULATION
INST_2766,AODV,150,30,18,3,1,102766,EXPANDED_REAL_NS2_SIMULATION
INST_2766,DSDV,150,30,18,3,1,102766,EXPANDED_REAL_NS2_SIMULATION
INST_2766,AOMDV,150,30,18,3,1,102766,EXPANDED_REAL_NS2_SIMULATION
INST_2767,AODV,150,30,18,3,2,102767,EXPANDED_REAL_NS2_SIMULATION
INST_2767,DSDV,150,30,18,3,2,102767,EXPANDED_REAL_NS2_SIMULATION
INST_2767,AOMDV,150,30,18,3,2,102767,EXPANDED_REAL_NS2_SIMULATION
INST_2768,AODV,150,30,18,3,3,102768,EXPANDED_REAL_NS2_SIMULATION
INST_2768,DSDV,150,30,18,3,3,102768,EXPANDED_REAL_NS2_SIMULATION
INST_2768,AOMDV,150,30,18,3,3,102768,EXPANDED_REAL_NS2_SIMULATION
INST_2769,AODV,150,30,18,3,4,102769,EXPANDED_REAL_NS2_SIMULATION
INST_2769,DSDV,150,30,18,3,4,102769,EXPANDED_REAL_NS2_SIMULATION
INST_2769,AOMDV,150,30,18,3,4,102769,EXPANDED_REAL_NS2_SIMULATION
INST_2770,AODV,150,30,18,3,5,102770,EXPANDED_REAL_NS2_SIMULATION
INST_2770,DSDV,150,30,18,3,5,102770,EXPANDED_REAL_NS2_SIMULATION
INST_2770,AOMDV,150,30,18,3,5,102770,EXPANDED_REAL_NS2_SIMULATION
INST_2771,AODV,150,30,18,4,1,102771,EXPANDED_REAL_NS2_SIMULATION
INST_2771,DSDV,150,30,18,4,1,102771,EXPANDED_REAL_NS2_SIMULATION
INST_2771,AOMDV,150,30,18,4,1,102771,EXPANDED_REAL_NS2_SIMULATION
INST_2772,AODV,150,30,18,4,2,102772,EXPANDED_REAL_NS2_SIMULATION
INST_2772,DSDV,150,30,18,4,2,102772,EXPANDED_REAL_NS2_SIMULATION
INST_2772,AOMDV,150,30,18,4,2,102772,EXPANDED_REAL_NS2_SIMULATION
INST_2773,AODV,150,30,18,4,3,102773,EXPANDED_REAL_NS2_SIMULATION
INST_2773,DSDV,150,30,18,4,3,102773,EXPANDED_REAL_NS2_SIMULATION
INST_2773,AOMDV,150,30,18,4,3,102773,EXPANDED_REAL_NS2_SIMULATION
INST_2774,AODV,150,30,18,4,4,102774,EXPANDED_REAL_NS2_SIMULATION
INST_2774,DSDV,150,30,18,4,4,102774,EXPANDED_REAL_NS2_SIMULATION
INST_2774,AOMDV,150,30,18,4,4,102774,EXPANDED_REAL_NS2_SIMULATION
INST_2775,AODV,150,30,18,4,5,102775,EXPANDED_REAL_NS2_SIMULATION
INST_2775,DSDV,150,30,18,4,5,102775,EXPANDED_REAL_NS2_SIMULATION
INST_2775,AOMDV,150,30,18,4,5,102775,EXPANDED_REAL_NS2_SIMULATION
INST_2776,AODV,150,30,18,5,1,102776,EXPANDED_REAL_NS2_SIMULATION
INST_2776,DSDV,150,30,18,5,1,102776,EXPANDED_REAL_NS2_SIMULATION
INST_2776,AOMDV,150,30,18,5,1,102776,EXPANDED_REAL_NS2_SIMULATION
INST_2777,AODV,150,30,18,5,2,102777,EXPANDED_REAL_NS2_SIMULATION
INST_2777,DSDV,150,30,18,5,2,102777,EXPANDED_REAL_NS2_SIMULATION
INST_2777,AOMDV,150,30,18,5,2,102777,EXPANDED_REAL_NS2_SIMULATION
INST_2778,AODV,150,30,18,5,3,102778,EXPANDED_REAL_NS2_SIMULATION
INST_2778,DSDV,150,30,18,5,3,102778,EXPANDED_REAL_NS2_SIMULATION
INST_2778,AOMDV,150,30,18,5,3,102778,EXPANDED_REAL_NS2_SIMULATION
INST_2779,AODV,150,30,18,5,4,102779,EXPANDED_REAL_NS2_SIMULATION
INST_2779,DSDV,150,30,18,5,4,102779,EXPANDED_REAL_NS2_SIMULATION
INST_2779,AOMDV,150,30,18,5,4,102779,EXPANDED_REAL_NS2_SIMULATION
INST_2780,AODV,150,30,18,5,5,102780,EXPANDED_REAL_NS2_SIMULATION
INST_2780,DSDV,150,30,18,5,5,102780,EXPANDED_REAL_NS2_SIMULATION
INST_2780,AOMDV,150,30,18,5,5,102780,EXPANDED_REAL_NS2_SIMULATION
INST_2781,AODV,150,30,18,6,1,102781,EXPANDED_REAL_NS2_SIMULATION
INST_2781,DSDV,150,30,18,6,1,102781,EXPANDED_REAL_NS2_SIMULATION
INST_2781,AOMDV,150,30,18,6,1,102781,EXPANDED_REAL_NS2_SIMULATION
INST_2782,AODV,150,30,18,6,2,102782,EXPANDED_REAL_NS2_SIMULATION
INST_2782,DSDV,150,30,18,6,2,102782,EXPANDED_REAL_NS2_SIMULATION
INST_2782,AOMDV,150,30,18,6,2,102782,EXPANDED_REAL_NS2_SIMULATION
INST_2783,AODV,150,30,18,6,3,102783,EXPANDED_REAL_NS2_SIMULATION
INST_2783,DSDV,150,30,18,6,3,102783,EXPANDED_REAL_NS2_SIMULATION
INST_2783,AOMDV,150,30,18,6,3,102783,EXPANDED_REAL_NS2_SIMULATION
INST_2784,AODV,150,30,18,6,4,102784,EXPANDED_REAL_NS2_SIMULATION
INST_2784,DSDV,150,30,18,6,4,102784,EXPANDED_REAL_NS2_SIMULATION
INST_2784,AOMDV,150,30,18,6,4,102784,EXPANDED_REAL_NS2_SIMULATION
INST_2785,AODV,150,30,18,6,5,102785,EXPANDED_REAL_NS2_SIMULATION
INST_2785,DSDV,150,30,18,6,5,102785,EXPANDED_REAL_NS2_SIMULATION
INST_2785,AOMDV,150,30,18,6,5,102785,EXPANDED_REAL_NS2_SIMULATION
INST_2786,AODV,150,30,18,8,1,102786,EXPANDED_REAL_NS2_SIMULATION
INST_2786,DSDV,150,30,18,8,1,102786,EXPANDED_REAL_NS2_SIMULATION
INST_2786,AOMDV,150,30,18,8,1,102786,EXPANDED_REAL_NS2_SIMULATION
INST_2787,AODV,150,30,18,8,2,102787,EXPANDED_REAL_NS2_SIMULATION
INST_2787,DSDV,150,30,18,8,2,102787,EXPANDED_REAL_NS2_SIMULATION
INST_2787,AOMDV,150,30,18,8,2,102787,EXPANDED_REAL_NS2_SIMULATION
INST_2788,AODV,150,30,18,8,3,102788,EXPANDED_REAL_NS2_SIMULATION
INST_2788,DSDV,150,30,18,8,3,102788,EXPANDED_REAL_NS2_SIMULATION
INST_2788,AOMDV,150,30,18,8,3,102788,EXPANDED_REAL_NS2_SIMULATION
INST_2789,AODV,150,30,18,8,4,102789,EXPANDED_REAL_NS2_SIMULATION
INST_2789,DSDV,150,30,18,8,4,102789,EXPANDED_REAL_NS2_SIMULATION
INST_2789,AOMDV,150,30,18,8,4,102789,EXPANDED_REAL_NS2_SIMULATION
INST_2790,AODV,150,30,18,8,5,102790,EXPANDED_REAL_NS2_SIMULATION
INST_2790,DSDV,150,30,18,8,5,102790,EXPANDED_REAL_NS2_SIMULATION
INST_2790,AOMDV,150,30,18,8,5,102790,EXPANDED_REAL_NS2_SIMULATION
INST_2791,AODV,150,30,20,3,1,102791,EXPANDED_REAL_NS2_SIMULATION
INST_2791,DSDV,150,30,20,3,1,102791,EXPANDED_REAL_NS2_SIMULATION
INST_2791,AOMDV,150,30,20,3,1,102791,EXPANDED_REAL_NS2_SIMULATION
INST_2792,AODV,150,30,20,3,2,102792,EXPANDED_REAL_NS2_SIMULATION
INST_2792,DSDV,150,30,20,3,2,102792,EXPANDED_REAL_NS2_SIMULATION
INST_2792,AOMDV,150,30,20,3,2,102792,EXPANDED_REAL_NS2_SIMULATION
INST_2793,AODV,150,30,20,3,3,102793,EXPANDED_REAL_NS2_SIMULATION
INST_2793,DSDV,150,30,20,3,3,102793,EXPANDED_REAL_NS2_SIMULATION
INST_2793,AOMDV,150,30,20,3,3,102793,EXPANDED_REAL_NS2_SIMULATION
INST_2794,AODV,150,30,20,3,4,102794,EXPANDED_REAL_NS2_SIMULATION
INST_2794,DSDV,150,30,20,3,4,102794,EXPANDED_REAL_NS2_SIMULATION
INST_2794,AOMDV,150,30,20,3,4,102794,EXPANDED_REAL_NS2_SIMULATION
INST_2795,AODV,150,30,20,3,5,102795,EXPANDED_REAL_NS2_SIMULATION
INST_2795,DSDV,150,30,20,3,5,102795,EXPANDED_REAL_NS2_SIMULATION
INST_2795,AOMDV,150,30,20,3,5,102795,EXPANDED_REAL_NS2_SIMULATION
INST_2796,AODV,150,30,20,5,1,102796,EXPANDED_REAL_NS2_SIMULATION
INST_2796,DSDV,150,30,20,5,1,102796,EXPANDED_REAL_NS2_SIMULATION
INST_2796,AOMDV,150,30,20,5,1,102796,EXPANDED_REAL_NS2_SIMULATION
INST_2797,AODV,150,30,20,5,2,102797,EXPANDED_REAL_NS2_SIMULATION
INST_2797,DSDV,150,30,20,5,2,102797,EXPANDED_REAL_NS2_SIMULATION
INST_2797,AOMDV,150,30,20,5,2,102797,EXPANDED_REAL_NS2_SIMULATION
INST_2798,AODV,150,30,20,5,3,102798,EXPANDED_REAL_NS2_SIMULATION
INST_2798,DSDV,150,30,20,5,3,102798,EXPANDED_REAL_NS2_SIMULATION
INST_2798,AOMDV,150,30,20,5,3,102798,EXPANDED_REAL_NS2_SIMULATION
INST_2799,AODV,150,30,20,5,4,102799,EXPANDED_REAL_NS2_SIMULATION
INST_2799,DSDV,150,30,20,5,4,102799,EXPANDED_REAL_NS2_SIMULATION
INST_2799,AOMDV,150,30,20,5,4,102799,EXPANDED_REAL_NS2_SIMULATION
INST_2800,AODV,150,30,20,5,5,102800,EXPANDED_REAL_NS2_SIMULATION
INST_2800,DSDV,150,30,20,5,5,102800,EXPANDED_REAL_NS2_SIMULATION
INST_2800,AOMDV,150,30,20,5,5,102800,EXPANDED_REAL_NS2_SIMULATION
INST_2801,AODV,150,30,20,6,1,102801,EXPANDED_REAL_NS2_SIMULATION
INST_2801,DSDV,150,30,20,6,1,102801,EXPANDED_REAL_NS2_SIMULATION
INST_2801,AOMDV,150,30,20,6,1,102801,EXPANDED_REAL_NS2_SIMULATION
INST_2802,AODV,150,30,20,6,2,102802,EXPANDED_REAL_NS2_SIMULATION
INST_2802,DSDV,150,30,20,6,2,102802,EXPANDED_REAL_NS2_SIMULATION
INST_2802,AOMDV,150,30,20,6,2,102802,EXPANDED_REAL_NS2_SIMULATION
INST_2803,AODV,150,30,20,6,3,102803,EXPANDED_REAL_NS2_SIMULATION
INST_2803,DSDV,150,30,20,6,3,102803,EXPANDED_REAL_NS2_SIMULATION
INST_2803,AOMDV,150,30,20,6,3,102803,EXPANDED_REAL_NS2_SIMULATION
INST_2804,AODV,150,30,20,6,4,102804,EXPANDED_REAL_NS2_SIMULATION
INST_2804,DSDV,150,30,20,6,4,102804,EXPANDED_REAL_NS2_SIMULATION
INST_2804,AOMDV,150,30,20,6,4,102804,EXPANDED_REAL_NS2_SIMULATION
INST_2805,AODV,150,30,20,6,5,102805,EXPANDED_REAL_NS2_SIMULATION
INST_2805,DSDV,150,30,20,6,5,102805,EXPANDED_REAL_NS2_SIMULATION
INST_2805,AOMDV,150,30,20,6,5,102805,EXPANDED_REAL_NS2_SIMULATION
INST_2806,AODV,150,30,22,2,1,102806,EXPANDED_REAL_NS2_SIMULATION
INST_2806,DSDV,150,30,22,2,1,102806,EXPANDED_REAL_NS2_SIMULATION
INST_2806,AOMDV,150,30,22,2,1,102806,EXPANDED_REAL_NS2_SIMULATION
INST_2807,AODV,150,30,22,2,2,102807,EXPANDED_REAL_NS2_SIMULATION
INST_2807,DSDV,150,30,22,2,2,102807,EXPANDED_REAL_NS2_SIMULATION
INST_2807,AOMDV,150,30,22,2,2,102807,EXPANDED_REAL_NS2_SIMULATION
INST_2808,AODV,150,30,22,2,3,102808,EXPANDED_REAL_NS2_SIMULATION
INST_2808,DSDV,150,30,22,2,3,102808,EXPANDED_REAL_NS2_SIMULATION
INST_2808,AOMDV,150,30,22,2,3,102808,EXPANDED_REAL_NS2_SIMULATION
INST_2809,AODV,150,30,22,2,4,102809,EXPANDED_REAL_NS2_SIMULATION
INST_2809,DSDV,150,30,22,2,4,102809,EXPANDED_REAL_NS2_SIMULATION
INST_2809,AOMDV,150,30,22,2,4,102809,EXPANDED_REAL_NS2_SIMULATION
INST_2810,AODV,150,30,22,2,5,102810,EXPANDED_REAL_NS2_SIMULATION
INST_2810,DSDV,150,30,22,2,5,102810,EXPANDED_REAL_NS2_SIMULATION
INST_2810,AOMDV,150,30,22,2,5,102810,EXPANDED_REAL_NS2_SIMULATION
INST_2811,AODV,150,30,22,3,1,102811,EXPANDED_REAL_NS2_SIMULATION
INST_2811,DSDV,150,30,22,3,1,102811,EXPANDED_REAL_NS2_SIMULATION
INST_2811,AOMDV,150,30,22,3,1,102811,EXPANDED_REAL_NS2_SIMULATION
INST_2812,AODV,150,30,22,3,2,102812,EXPANDED_REAL_NS2_SIMULATION
INST_2812,DSDV,150,30,22,3,2,102812,EXPANDED_REAL_NS2_SIMULATION
INST_2812,AOMDV,150,30,22,3,2,102812,EXPANDED_REAL_NS2_SIMULATION
INST_2813,AODV,150,30,22,3,3,102813,EXPANDED_REAL_NS2_SIMULATION
INST_2813,DSDV,150,30,22,3,3,102813,EXPANDED_REAL_NS2_SIMULATION
INST_2813,AOMDV,150,30,22,3,3,102813,EXPANDED_REAL_NS2_SIMULATION
INST_2814,AODV,150,30,22,3,4,102814,EXPANDED_REAL_NS2_SIMULATION
INST_2814,DSDV,150,30,22,3,4,102814,EXPANDED_REAL_NS2_SIMULATION
INST_2814,AOMDV,150,30,22,3,4,102814,EXPANDED_REAL_NS2_SIMULATION
INST_2815,AODV,150,30,22,3,5,102815,EXPANDED_REAL_NS2_SIMULATION
INST_2815,DSDV,150,30,22,3,5,102815,EXPANDED_REAL_NS2_SIMULATION
INST_2815,AOMDV,150,30,22,3,5,102815,EXPANDED_REAL_NS2_SIMULATION
INST_2816,AODV,150,30,22,4,1,102816,EXPANDED_REAL_NS2_SIMULATION
INST_2816,DSDV,150,30,22,4,1,102816,EXPANDED_REAL_NS2_SIMULATION
INST_2816,AOMDV,150,30,22,4,1,102816,EXPANDED_REAL_NS2_SIMULATION
INST_2817,AODV,150,30,22,4,2,102817,EXPANDED_REAL_NS2_SIMULATION
INST_2817,DSDV,150,30,22,4,2,102817,EXPANDED_REAL_NS2_SIMULATION
INST_2817,AOMDV,150,30,22,4,2,102817,EXPANDED_REAL_NS2_SIMULATION
INST_2818,AODV,150,30,22,4,3,102818,EXPANDED_REAL_NS2_SIMULATION
INST_2818,DSDV,150,30,22,4,3,102818,EXPANDED_REAL_NS2_SIMULATION
INST_2818,AOMDV,150,30,22,4,3,102818,EXPANDED_REAL_NS2_SIMULATION
INST_2819,AODV,150,30,22,4,4,102819,EXPANDED_REAL_NS2_SIMULATION
INST_2819,DSDV,150,30,22,4,4,102819,EXPANDED_REAL_NS2_SIMULATION
INST_2819,AOMDV,150,30,22,4,4,102819,EXPANDED_REAL_NS2_SIMULATION
INST_2820,AODV,150,30,22,4,5,102820,EXPANDED_REAL_NS2_SIMULATION
INST_2820,DSDV,150,30,22,4,5,102820,EXPANDED_REAL_NS2_SIMULATION
INST_2820,AOMDV,150,30,22,4,5,102820,EXPANDED_REAL_NS2_SIMULATION
INST_2821,AODV,150,30,22,5,1,102821,EXPANDED_REAL_NS2_SIMULATION
INST_2821,DSDV,150,30,22,5,1,102821,EXPANDED_REAL_NS2_SIMULATION
INST_2821,AOMDV,150,30,22,5,1,102821,EXPANDED_REAL_NS2_SIMULATION
INST_2822,AODV,150,30,22,5,2,102822,EXPANDED_REAL_NS2_SIMULATION
INST_2822,DSDV,150,30,22,5,2,102822,EXPANDED_REAL_NS2_SIMULATION
INST_2822,AOMDV,150,30,22,5,2,102822,EXPANDED_REAL_NS2_SIMULATION
INST_2823,AODV,150,30,22,5,3,102823,EXPANDED_REAL_NS2_SIMULATION
INST_2823,DSDV,150,30,22,5,3,102823,EXPANDED_REAL_NS2_SIMULATION
INST_2823,AOMDV,150,30,22,5,3,102823,EXPANDED_REAL_NS2_SIMULATION
INST_2824,AODV,150,30,22,5,4,102824,EXPANDED_REAL_NS2_SIMULATION
INST_2824,DSDV,150,30,22,5,4,102824,EXPANDED_REAL_NS2_SIMULATION
INST_2824,AOMDV,150,30,22,5,4,102824,EXPANDED_REAL_NS2_SIMULATION
INST_2825,AODV,150,30,22,5,5,102825,EXPANDED_REAL_NS2_SIMULATION
INST_2825,DSDV,150,30,22,5,5,102825,EXPANDED_REAL_NS2_SIMULATION
INST_2825,AOMDV,150,30,22,5,5,102825,EXPANDED_REAL_NS2_SIMULATION
INST_2826,AODV,150,30,22,6,1,102826,EXPANDED_REAL_NS2_SIMULATION
INST_2826,DSDV,150,30,22,6,1,102826,EXPANDED_REAL_NS2_SIMULATION
INST_2826,AOMDV,150,30,22,6,1,102826,EXPANDED_REAL_NS2_SIMULATION
INST_2827,AODV,150,30,22,6,2,102827,EXPANDED_REAL_NS2_SIMULATION
INST_2827,DSDV,150,30,22,6,2,102827,EXPANDED_REAL_NS2_SIMULATION
INST_2827,AOMDV,150,30,22,6,2,102827,EXPANDED_REAL_NS2_SIMULATION
INST_2828,AODV,150,30,22,6,3,102828,EXPANDED_REAL_NS2_SIMULATION
INST_2828,DSDV,150,30,22,6,3,102828,EXPANDED_REAL_NS2_SIMULATION
INST_2828,AOMDV,150,30,22,6,3,102828,EXPANDED_REAL_NS2_SIMULATION
INST_2829,AODV,150,30,22,6,4,102829,EXPANDED_REAL_NS2_SIMULATION
INST_2829,DSDV,150,30,22,6,4,102829,EXPANDED_REAL_NS2_SIMULATION
INST_2829,AOMDV,150,30,22,6,4,102829,EXPANDED_REAL_NS2_SIMULATION
INST_2830,AODV,150,30,22,6,5,102830,EXPANDED_REAL_NS2_SIMULATION
INST_2830,DSDV,150,30,22,6,5,102830,EXPANDED_REAL_NS2_SIMULATION
INST_2830,AOMDV,150,30,22,6,5,102830,EXPANDED_REAL_NS2_SIMULATION
INST_2831,AODV,150,30,22,8,1,102831,EXPANDED_REAL_NS2_SIMULATION
INST_2831,DSDV,150,30,22,8,1,102831,EXPANDED_REAL_NS2_SIMULATION
INST_2831,AOMDV,150,30,22,8,1,102831,EXPANDED_REAL_NS2_SIMULATION
INST_2832,AODV,150,30,22,8,2,102832,EXPANDED_REAL_NS2_SIMULATION
INST_2832,DSDV,150,30,22,8,2,102832,EXPANDED_REAL_NS2_SIMULATION
INST_2832,AOMDV,150,30,22,8,2,102832,EXPANDED_REAL_NS2_SIMULATION
INST_2833,AODV,150,30,22,8,3,102833,EXPANDED_REAL_NS2_SIMULATION
INST_2833,DSDV,150,30,22,8,3,102833,EXPANDED_REAL_NS2_SIMULATION
INST_2833,AOMDV,150,30,22,8,3,102833,EXPANDED_REAL_NS2_SIMULATION
INST_2834,AODV,150,30,22,8,4,102834,EXPANDED_REAL_NS2_SIMULATION
INST_2834,DSDV,150,30,22,8,4,102834,EXPANDED_REAL_NS2_SIMULATION
INST_2834,AOMDV,150,30,22,8,4,102834,EXPANDED_REAL_NS2_SIMULATION
INST_2835,AODV,150,30,22,8,5,102835,EXPANDED_REAL_NS2_SIMULATION
INST_2835,DSDV,150,30,22,8,5,102835,EXPANDED_REAL_NS2_SIMULATION
INST_2835,AOMDV,150,30,22,8,5,102835,EXPANDED_REAL_NS2_SIMULATION
INST_2836,AODV,150,30,25,3,1,102836,EXPANDED_REAL_NS2_SIMULATION
INST_2836,DSDV,150,30,25,3,1,102836,EXPANDED_REAL_NS2_SIMULATION
INST_2836,AOMDV,150,30,25,3,1,102836,EXPANDED_REAL_NS2_SIMULATION
INST_2837,AODV,150,30,25,3,2,102837,EXPANDED_REAL_NS2_SIMULATION
INST_2837,DSDV,150,30,25,3,2,102837,EXPANDED_REAL_NS2_SIMULATION
INST_2837,AOMDV,150,30,25,3,2,102837,EXPANDED_REAL_NS2_SIMULATION
INST_2838,AODV,150,30,25,3,3,102838,EXPANDED_REAL_NS2_SIMULATION
INST_2838,DSDV,150,30,25,3,3,102838,EXPANDED_REAL_NS2_SIMULATION
INST_2838,AOMDV,150,30,25,3,3,102838,EXPANDED_REAL_NS2_SIMULATION
INST_2839,AODV,150,30,25,3,4,102839,EXPANDED_REAL_NS2_SIMULATION
INST_2839,DSDV,150,30,25,3,4,102839,EXPANDED_REAL_NS2_SIMULATION
INST_2839,AOMDV,150,30,25,3,4,102839,EXPANDED_REAL_NS2_SIMULATION
INST_2840,AODV,150,30,25,3,5,102840,EXPANDED_REAL_NS2_SIMULATION
INST_2840,DSDV,150,30,25,3,5,102840,EXPANDED_REAL_NS2_SIMULATION
INST_2840,AOMDV,150,30,25,3,5,102840,EXPANDED_REAL_NS2_SIMULATION
INST_2841,AODV,150,30,25,5,1,102841,EXPANDED_REAL_NS2_SIMULATION
INST_2841,DSDV,150,30,25,5,1,102841,EXPANDED_REAL_NS2_SIMULATION
INST_2841,AOMDV,150,30,25,5,1,102841,EXPANDED_REAL_NS2_SIMULATION
INST_2842,AODV,150,30,25,5,2,102842,EXPANDED_REAL_NS2_SIMULATION
INST_2842,DSDV,150,30,25,5,2,102842,EXPANDED_REAL_NS2_SIMULATION
INST_2842,AOMDV,150,30,25,5,2,102842,EXPANDED_REAL_NS2_SIMULATION
INST_2843,AODV,150,30,25,5,3,102843,EXPANDED_REAL_NS2_SIMULATION
INST_2843,DSDV,150,30,25,5,3,102843,EXPANDED_REAL_NS2_SIMULATION
INST_2843,AOMDV,150,30,25,5,3,102843,EXPANDED_REAL_NS2_SIMULATION
INST_2844,AODV,150,30,25,5,4,102844,EXPANDED_REAL_NS2_SIMULATION
INST_2844,DSDV,150,30,25,5,4,102844,EXPANDED_REAL_NS2_SIMULATION
INST_2844,AOMDV,150,30,25,5,4,102844,EXPANDED_REAL_NS2_SIMULATION
INST_2845,AODV,150,30,25,5,5,102845,EXPANDED_REAL_NS2_SIMULATION
INST_2845,DSDV,150,30,25,5,5,102845,EXPANDED_REAL_NS2_SIMULATION
INST_2845,AOMDV,150,30,25,5,5,102845,EXPANDED_REAL_NS2_SIMULATION
INST_2846,AODV,150,30,25,6,1,102846,EXPANDED_REAL_NS2_SIMULATION
INST_2846,DSDV,150,30,25,6,1,102846,EXPANDED_REAL_NS2_SIMULATION
INST_2846,AOMDV,150,30,25,6,1,102846,EXPANDED_REAL_NS2_SIMULATION
INST_2847,AODV,150,30,25,6,2,102847,EXPANDED_REAL_NS2_SIMULATION
INST_2847,DSDV,150,30,25,6,2,102847,EXPANDED_REAL_NS2_SIMULATION
INST_2847,AOMDV,150,30,25,6,2,102847,EXPANDED_REAL_NS2_SIMULATION
INST_2848,AODV,150,30,25,6,3,102848,EXPANDED_REAL_NS2_SIMULATION
INST_2848,DSDV,150,30,25,6,3,102848,EXPANDED_REAL_NS2_SIMULATION
INST_2848,AOMDV,150,30,25,6,3,102848,EXPANDED_REAL_NS2_SIMULATION
INST_2849,AODV,150,30,25,6,4,102849,EXPANDED_REAL_NS2_SIMULATION
INST_2849,DSDV,150,30,25,6,4,102849,EXPANDED_REAL_NS2_SIMULATION
INST_2849,AOMDV,150,30,25,6,4,102849,EXPANDED_REAL_NS2_SIMULATION
INST_2850,AODV,150,30,25,6,5,102850,EXPANDED_REAL_NS2_SIMULATION
INST_2850,DSDV,150,30,25,6,5,102850,EXPANDED_REAL_NS2_SIMULATION
INST_2850,AOMDV,150,30,25,6,5,102850,EXPANDED_REAL_NS2_SIMULATION
INST_2851,AODV,150,40,5,3,1,102851,EXPANDED_REAL_NS2_SIMULATION
INST_2851,DSDV,150,40,5,3,1,102851,EXPANDED_REAL_NS2_SIMULATION
INST_2851,AOMDV,150,40,5,3,1,102851,EXPANDED_REAL_NS2_SIMULATION
INST_2852,AODV,150,40,5,3,2,102852,EXPANDED_REAL_NS2_SIMULATION
INST_2852,DSDV,150,40,5,3,2,102852,EXPANDED_REAL_NS2_SIMULATION
INST_2852,AOMDV,150,40,5,3,2,102852,EXPANDED_REAL_NS2_SIMULATION
INST_2853,AODV,150,40,5,3,3,102853,EXPANDED_REAL_NS2_SIMULATION
INST_2853,DSDV,150,40,5,3,3,102853,EXPANDED_REAL_NS2_SIMULATION
INST_2853,AOMDV,150,40,5,3,3,102853,EXPANDED_REAL_NS2_SIMULATION
INST_2854,AODV,150,40,5,3,4,102854,EXPANDED_REAL_NS2_SIMULATION
INST_2854,DSDV,150,40,5,3,4,102854,EXPANDED_REAL_NS2_SIMULATION
INST_2854,AOMDV,150,40,5,3,4,102854,EXPANDED_REAL_NS2_SIMULATION
INST_2855,AODV,150,40,5,3,5,102855,EXPANDED_REAL_NS2_SIMULATION
INST_2855,DSDV,150,40,5,3,5,102855,EXPANDED_REAL_NS2_SIMULATION
INST_2855,AOMDV,150,40,5,3,5,102855,EXPANDED_REAL_NS2_SIMULATION
INST_2856,AODV,150,40,5,5,1,102856,EXPANDED_REAL_NS2_SIMULATION
INST_2856,DSDV,150,40,5,5,1,102856,EXPANDED_REAL_NS2_SIMULATION
INST_2856,AOMDV,150,40,5,5,1,102856,EXPANDED_REAL_NS2_SIMULATION
INST_2857,AODV,150,40,5,5,2,102857,EXPANDED_REAL_NS2_SIMULATION
INST_2857,DSDV,150,40,5,5,2,102857,EXPANDED_REAL_NS2_SIMULATION
INST_2857,AOMDV,150,40,5,5,2,102857,EXPANDED_REAL_NS2_SIMULATION
INST_2858,AODV,150,40,5,5,3,102858,EXPANDED_REAL_NS2_SIMULATION
INST_2858,DSDV,150,40,5,5,3,102858,EXPANDED_REAL_NS2_SIMULATION
INST_2858,AOMDV,150,40,5,5,3,102858,EXPANDED_REAL_NS2_SIMULATION
INST_2859,AODV,150,40,5,5,4,102859,EXPANDED_REAL_NS2_SIMULATION
INST_2859,DSDV,150,40,5,5,4,102859,EXPANDED_REAL_NS2_SIMULATION
INST_2859,AOMDV,150,40,5,5,4,102859,EXPANDED_REAL_NS2_SIMULATION
INST_2860,AODV,150,40,5,5,5,102860,EXPANDED_REAL_NS2_SIMULATION
INST_2860,DSDV,150,40,5,5,5,102860,EXPANDED_REAL_NS2_SIMULATION
INST_2860,AOMDV,150,40,5,5,5,102860,EXPANDED_REAL_NS2_SIMULATION
INST_2861,AODV,150,40,5,6,1,102861,EXPANDED_REAL_NS2_SIMULATION
INST_2861,DSDV,150,40,5,6,1,102861,EXPANDED_REAL_NS2_SIMULATION
INST_2861,AOMDV,150,40,5,6,1,102861,EXPANDED_REAL_NS2_SIMULATION
INST_2862,AODV,150,40,5,6,2,102862,EXPANDED_REAL_NS2_SIMULATION
INST_2862,DSDV,150,40,5,6,2,102862,EXPANDED_REAL_NS2_SIMULATION
INST_2862,AOMDV,150,40,5,6,2,102862,EXPANDED_REAL_NS2_SIMULATION
INST_2863,AODV,150,40,5,6,3,102863,EXPANDED_REAL_NS2_SIMULATION
INST_2863,DSDV,150,40,5,6,3,102863,EXPANDED_REAL_NS2_SIMULATION
INST_2863,AOMDV,150,40,5,6,3,102863,EXPANDED_REAL_NS2_SIMULATION
INST_2864,AODV,150,40,5,6,4,102864,EXPANDED_REAL_NS2_SIMULATION
INST_2864,DSDV,150,40,5,6,4,102864,EXPANDED_REAL_NS2_SIMULATION
INST_2864,AOMDV,150,40,5,6,4,102864,EXPANDED_REAL_NS2_SIMULATION
INST_2865,AODV,150,40,5,6,5,102865,EXPANDED_REAL_NS2_SIMULATION
INST_2865,DSDV,150,40,5,6,5,102865,EXPANDED_REAL_NS2_SIMULATION
INST_2865,AOMDV,150,40,5,6,5,102865,EXPANDED_REAL_NS2_SIMULATION
INST_2866,AODV,150,40,7,2,1,102866,EXPANDED_REAL_NS2_SIMULATION
INST_2866,DSDV,150,40,7,2,1,102866,EXPANDED_REAL_NS2_SIMULATION
INST_2866,AOMDV,150,40,7,2,1,102866,EXPANDED_REAL_NS2_SIMULATION
INST_2867,AODV,150,40,7,2,2,102867,EXPANDED_REAL_NS2_SIMULATION
INST_2867,DSDV,150,40,7,2,2,102867,EXPANDED_REAL_NS2_SIMULATION
INST_2867,AOMDV,150,40,7,2,2,102867,EXPANDED_REAL_NS2_SIMULATION
INST_2868,AODV,150,40,7,2,3,102868,EXPANDED_REAL_NS2_SIMULATION
INST_2868,DSDV,150,40,7,2,3,102868,EXPANDED_REAL_NS2_SIMULATION
INST_2868,AOMDV,150,40,7,2,3,102868,EXPANDED_REAL_NS2_SIMULATION
INST_2869,AODV,150,40,7,2,4,102869,EXPANDED_REAL_NS2_SIMULATION
INST_2869,DSDV,150,40,7,2,4,102869,EXPANDED_REAL_NS2_SIMULATION
INST_2869,AOMDV,150,40,7,2,4,102869,EXPANDED_REAL_NS2_SIMULATION
INST_2870,AODV,150,40,7,2,5,102870,EXPANDED_REAL_NS2_SIMULATION
INST_2870,DSDV,150,40,7,2,5,102870,EXPANDED_REAL_NS2_SIMULATION
INST_2870,AOMDV,150,40,7,2,5,102870,EXPANDED_REAL_NS2_SIMULATION
INST_2871,AODV,150,40,7,3,1,102871,EXPANDED_REAL_NS2_SIMULATION
INST_2871,DSDV,150,40,7,3,1,102871,EXPANDED_REAL_NS2_SIMULATION
INST_2871,AOMDV,150,40,7,3,1,102871,EXPANDED_REAL_NS2_SIMULATION
INST_2872,AODV,150,40,7,3,2,102872,EXPANDED_REAL_NS2_SIMULATION
INST_2872,DSDV,150,40,7,3,2,102872,EXPANDED_REAL_NS2_SIMULATION
INST_2872,AOMDV,150,40,7,3,2,102872,EXPANDED_REAL_NS2_SIMULATION
INST_2873,AODV,150,40,7,3,3,102873,EXPANDED_REAL_NS2_SIMULATION
INST_2873,DSDV,150,40,7,3,3,102873,EXPANDED_REAL_NS2_SIMULATION
INST_2873,AOMDV,150,40,7,3,3,102873,EXPANDED_REAL_NS2_SIMULATION
INST_2874,AODV,150,40,7,3,4,102874,EXPANDED_REAL_NS2_SIMULATION
INST_2874,DSDV,150,40,7,3,4,102874,EXPANDED_REAL_NS2_SIMULATION
INST_2874,AOMDV,150,40,7,3,4,102874,EXPANDED_REAL_NS2_SIMULATION
INST_2875,AODV,150,40,7,3,5,102875,EXPANDED_REAL_NS2_SIMULATION
INST_2875,DSDV,150,40,7,3,5,102875,EXPANDED_REAL_NS2_SIMULATION
INST_2875,AOMDV,150,40,7,3,5,102875,EXPANDED_REAL_NS2_SIMULATION
INST_2876,AODV,150,40,7,4,1,102876,EXPANDED_REAL_NS2_SIMULATION
INST_2876,DSDV,150,40,7,4,1,102876,EXPANDED_REAL_NS2_SIMULATION
INST_2876,AOMDV,150,40,7,4,1,102876,EXPANDED_REAL_NS2_SIMULATION
INST_2877,AODV,150,40,7,4,2,102877,EXPANDED_REAL_NS2_SIMULATION
INST_2877,DSDV,150,40,7,4,2,102877,EXPANDED_REAL_NS2_SIMULATION
INST_2877,AOMDV,150,40,7,4,2,102877,EXPANDED_REAL_NS2_SIMULATION
INST_2878,AODV,150,40,7,4,3,102878,EXPANDED_REAL_NS2_SIMULATION
INST_2878,DSDV,150,40,7,4,3,102878,EXPANDED_REAL_NS2_SIMULATION
INST_2878,AOMDV,150,40,7,4,3,102878,EXPANDED_REAL_NS2_SIMULATION
INST_2879,AODV,150,40,7,4,4,102879,EXPANDED_REAL_NS2_SIMULATION
INST_2879,DSDV,150,40,7,4,4,102879,EXPANDED_REAL_NS2_SIMULATION
INST_2879,AOMDV,150,40,7,4,4,102879,EXPANDED_REAL_NS2_SIMULATION
INST_2880,AODV,150,40,7,4,5,102880,EXPANDED_REAL_NS2_SIMULATION
INST_2880,DSDV,150,40,7,4,5,102880,EXPANDED_REAL_NS2_SIMULATION
INST_2880,AOMDV,150,40,7,4,5,102880,EXPANDED_REAL_NS2_SIMULATION
INST_2881,AODV,150,40,7,5,1,102881,EXPANDED_REAL_NS2_SIMULATION
INST_2881,DSDV,150,40,7,5,1,102881,EXPANDED_REAL_NS2_SIMULATION
INST_2881,AOMDV,150,40,7,5,1,102881,EXPANDED_REAL_NS2_SIMULATION
INST_2882,AODV,150,40,7,5,2,102882,EXPANDED_REAL_NS2_SIMULATION
INST_2882,DSDV,150,40,7,5,2,102882,EXPANDED_REAL_NS2_SIMULATION
INST_2882,AOMDV,150,40,7,5,2,102882,EXPANDED_REAL_NS2_SIMULATION
INST_2883,AODV,150,40,7,5,3,102883,EXPANDED_REAL_NS2_SIMULATION
INST_2883,DSDV,150,40,7,5,3,102883,EXPANDED_REAL_NS2_SIMULATION
INST_2883,AOMDV,150,40,7,5,3,102883,EXPANDED_REAL_NS2_SIMULATION
INST_2884,AODV,150,40,7,5,4,102884,EXPANDED_REAL_NS2_SIMULATION
INST_2884,DSDV,150,40,7,5,4,102884,EXPANDED_REAL_NS2_SIMULATION
INST_2884,AOMDV,150,40,7,5,4,102884,EXPANDED_REAL_NS2_SIMULATION
INST_2885,AODV,150,40,7,5,5,102885,EXPANDED_REAL_NS2_SIMULATION
INST_2885,DSDV,150,40,7,5,5,102885,EXPANDED_REAL_NS2_SIMULATION
INST_2885,AOMDV,150,40,7,5,5,102885,EXPANDED_REAL_NS2_SIMULATION
INST_2886,AODV,150,40,7,6,1,102886,EXPANDED_REAL_NS2_SIMULATION
INST_2886,DSDV,150,40,7,6,1,102886,EXPANDED_REAL_NS2_SIMULATION
INST_2886,AOMDV,150,40,7,6,1,102886,EXPANDED_REAL_NS2_SIMULATION
INST_2887,AODV,150,40,7,6,2,102887,EXPANDED_REAL_NS2_SIMULATION
INST_2887,DSDV,150,40,7,6,2,102887,EXPANDED_REAL_NS2_SIMULATION
INST_2887,AOMDV,150,40,7,6,2,102887,EXPANDED_REAL_NS2_SIMULATION
INST_2888,AODV,150,40,7,6,3,102888,EXPANDED_REAL_NS2_SIMULATION
INST_2888,DSDV,150,40,7,6,3,102888,EXPANDED_REAL_NS2_SIMULATION
INST_2888,AOMDV,150,40,7,6,3,102888,EXPANDED_REAL_NS2_SIMULATION
INST_2889,AODV,150,40,7,6,4,102889,EXPANDED_REAL_NS2_SIMULATION
INST_2889,DSDV,150,40,7,6,4,102889,EXPANDED_REAL_NS2_SIMULATION
INST_2889,AOMDV,150,40,7,6,4,102889,EXPANDED_REAL_NS2_SIMULATION
INST_2890,AODV,150,40,7,6,5,102890,EXPANDED_REAL_NS2_SIMULATION
INST_2890,DSDV,150,40,7,6,5,102890,EXPANDED_REAL_NS2_SIMULATION
INST_2890,AOMDV,150,40,7,6,5,102890,EXPANDED_REAL_NS2_SIMULATION
INST_2891,AODV,150,40,7,8,1,102891,EXPANDED_REAL_NS2_SIMULATION
INST_2891,DSDV,150,40,7,8,1,102891,EXPANDED_REAL_NS2_SIMULATION
INST_2891,AOMDV,150,40,7,8,1,102891,EXPANDED_REAL_NS2_SIMULATION
INST_2892,AODV,150,40,7,8,2,102892,EXPANDED_REAL_NS2_SIMULATION
INST_2892,DSDV,150,40,7,8,2,102892,EXPANDED_REAL_NS2_SIMULATION
INST_2892,AOMDV,150,40,7,8,2,102892,EXPANDED_REAL_NS2_SIMULATION
INST_2893,AODV,150,40,7,8,3,102893,EXPANDED_REAL_NS2_SIMULATION
INST_2893,DSDV,150,40,7,8,3,102893,EXPANDED_REAL_NS2_SIMULATION
INST_2893,AOMDV,150,40,7,8,3,102893,EXPANDED_REAL_NS2_SIMULATION
INST_2894,AODV,150,40,7,8,4,102894,EXPANDED_REAL_NS2_SIMULATION
INST_2894,DSDV,150,40,7,8,4,102894,EXPANDED_REAL_NS2_SIMULATION
INST_2894,AOMDV,150,40,7,8,4,102894,EXPANDED_REAL_NS2_SIMULATION
INST_2895,AODV,150,40,7,8,5,102895,EXPANDED_REAL_NS2_SIMULATION
INST_2895,DSDV,150,40,7,8,5,102895,EXPANDED_REAL_NS2_SIMULATION
INST_2895,AOMDV,150,40,7,8,5,102895,EXPANDED_REAL_NS2_SIMULATION
INST_2896,AODV,150,40,10,3,1,102896,EXPANDED_REAL_NS2_SIMULATION
INST_2896,DSDV,150,40,10,3,1,102896,EXPANDED_REAL_NS2_SIMULATION
INST_2896,AOMDV,150,40,10,3,1,102896,EXPANDED_REAL_NS2_SIMULATION
INST_2897,AODV,150,40,10,3,2,102897,EXPANDED_REAL_NS2_SIMULATION
INST_2897,DSDV,150,40,10,3,2,102897,EXPANDED_REAL_NS2_SIMULATION
INST_2897,AOMDV,150,40,10,3,2,102897,EXPANDED_REAL_NS2_SIMULATION
INST_2898,AODV,150,40,10,3,3,102898,EXPANDED_REAL_NS2_SIMULATION
INST_2898,DSDV,150,40,10,3,3,102898,EXPANDED_REAL_NS2_SIMULATION
INST_2898,AOMDV,150,40,10,3,3,102898,EXPANDED_REAL_NS2_SIMULATION
INST_2899,AODV,150,40,10,3,4,102899,EXPANDED_REAL_NS2_SIMULATION
INST_2899,DSDV,150,40,10,3,4,102899,EXPANDED_REAL_NS2_SIMULATION
INST_2899,AOMDV,150,40,10,3,4,102899,EXPANDED_REAL_NS2_SIMULATION
INST_2900,AODV,150,40,10,3,5,102900,EXPANDED_REAL_NS2_SIMULATION
INST_2900,DSDV,150,40,10,3,5,102900,EXPANDED_REAL_NS2_SIMULATION
INST_2900,AOMDV,150,40,10,3,5,102900,EXPANDED_REAL_NS2_SIMULATION
INST_2901,AODV,150,40,10,5,1,102901,EXPANDED_REAL_NS2_SIMULATION
INST_2901,DSDV,150,40,10,5,1,102901,EXPANDED_REAL_NS2_SIMULATION
INST_2901,AOMDV,150,40,10,5,1,102901,EXPANDED_REAL_NS2_SIMULATION
INST_2902,AODV,150,40,10,5,2,102902,EXPANDED_REAL_NS2_SIMULATION
INST_2902,DSDV,150,40,10,5,2,102902,EXPANDED_REAL_NS2_SIMULATION
INST_2902,AOMDV,150,40,10,5,2,102902,EXPANDED_REAL_NS2_SIMULATION
INST_2903,AODV,150,40,10,5,3,102903,EXPANDED_REAL_NS2_SIMULATION
INST_2903,DSDV,150,40,10,5,3,102903,EXPANDED_REAL_NS2_SIMULATION
INST_2903,AOMDV,150,40,10,5,3,102903,EXPANDED_REAL_NS2_SIMULATION
INST_2904,AODV,150,40,10,5,4,102904,EXPANDED_REAL_NS2_SIMULATION
INST_2904,DSDV,150,40,10,5,4,102904,EXPANDED_REAL_NS2_SIMULATION
INST_2904,AOMDV,150,40,10,5,4,102904,EXPANDED_REAL_NS2_SIMULATION
INST_2905,AODV,150,40,10,5,5,102905,EXPANDED_REAL_NS2_SIMULATION
INST_2905,DSDV,150,40,10,5,5,102905,EXPANDED_REAL_NS2_SIMULATION
INST_2905,AOMDV,150,40,10,5,5,102905,EXPANDED_REAL_NS2_SIMULATION
INST_2906,AODV,150,40,10,6,1,102906,EXPANDED_REAL_NS2_SIMULATION
INST_2906,DSDV,150,40,10,6,1,102906,EXPANDED_REAL_NS2_SIMULATION
INST_2906,AOMDV,150,40,10,6,1,102906,EXPANDED_REAL_NS2_SIMULATION
INST_2907,AODV,150,40,10,6,2,102907,EXPANDED_REAL_NS2_SIMULATION
INST_2907,DSDV,150,40,10,6,2,102907,EXPANDED_REAL_NS2_SIMULATION
INST_2907,AOMDV,150,40,10,6,2,102907,EXPANDED_REAL_NS2_SIMULATION
INST_2908,AODV,150,40,10,6,3,102908,EXPANDED_REAL_NS2_SIMULATION
INST_2908,DSDV,150,40,10,6,3,102908,EXPANDED_REAL_NS2_SIMULATION
INST_2908,AOMDV,150,40,10,6,3,102908,EXPANDED_REAL_NS2_SIMULATION
INST_2909,AODV,150,40,10,6,4,102909,EXPANDED_REAL_NS2_SIMULATION
INST_2909,DSDV,150,40,10,6,4,102909,EXPANDED_REAL_NS2_SIMULATION
INST_2909,AOMDV,150,40,10,6,4,102909,EXPANDED_REAL_NS2_SIMULATION
INST_2910,AODV,150,40,10,6,5,102910,EXPANDED_REAL_NS2_SIMULATION
INST_2910,DSDV,150,40,10,6,5,102910,EXPANDED_REAL_NS2_SIMULATION
INST_2910,AOMDV,150,40,10,6,5,102910,EXPANDED_REAL_NS2_SIMULATION
INST_2911,AODV,150,40,12,2,1,102911,EXPANDED_REAL_NS2_SIMULATION
INST_2911,DSDV,150,40,12,2,1,102911,EXPANDED_REAL_NS2_SIMULATION
INST_2911,AOMDV,150,40,12,2,1,102911,EXPANDED_REAL_NS2_SIMULATION
INST_2912,AODV,150,40,12,2,2,102912,EXPANDED_REAL_NS2_SIMULATION
INST_2912,DSDV,150,40,12,2,2,102912,EXPANDED_REAL_NS2_SIMULATION
INST_2912,AOMDV,150,40,12,2,2,102912,EXPANDED_REAL_NS2_SIMULATION
INST_2913,AODV,150,40,12,2,3,102913,EXPANDED_REAL_NS2_SIMULATION
INST_2913,DSDV,150,40,12,2,3,102913,EXPANDED_REAL_NS2_SIMULATION
INST_2913,AOMDV,150,40,12,2,3,102913,EXPANDED_REAL_NS2_SIMULATION
INST_2914,AODV,150,40,12,2,4,102914,EXPANDED_REAL_NS2_SIMULATION
INST_2914,DSDV,150,40,12,2,4,102914,EXPANDED_REAL_NS2_SIMULATION
INST_2914,AOMDV,150,40,12,2,4,102914,EXPANDED_REAL_NS2_SIMULATION
INST_2915,AODV,150,40,12,2,5,102915,EXPANDED_REAL_NS2_SIMULATION
INST_2915,DSDV,150,40,12,2,5,102915,EXPANDED_REAL_NS2_SIMULATION
INST_2915,AOMDV,150,40,12,2,5,102915,EXPANDED_REAL_NS2_SIMULATION
INST_2916,AODV,150,40,12,3,1,102916,EXPANDED_REAL_NS2_SIMULATION
INST_2916,DSDV,150,40,12,3,1,102916,EXPANDED_REAL_NS2_SIMULATION
INST_2916,AOMDV,150,40,12,3,1,102916,EXPANDED_REAL_NS2_SIMULATION
INST_2917,AODV,150,40,12,3,2,102917,EXPANDED_REAL_NS2_SIMULATION
INST_2917,DSDV,150,40,12,3,2,102917,EXPANDED_REAL_NS2_SIMULATION
INST_2917,AOMDV,150,40,12,3,2,102917,EXPANDED_REAL_NS2_SIMULATION
INST_2918,AODV,150,40,12,3,3,102918,EXPANDED_REAL_NS2_SIMULATION
INST_2918,DSDV,150,40,12,3,3,102918,EXPANDED_REAL_NS2_SIMULATION
INST_2918,AOMDV,150,40,12,3,3,102918,EXPANDED_REAL_NS2_SIMULATION
INST_2919,AODV,150,40,12,3,4,102919,EXPANDED_REAL_NS2_SIMULATION
INST_2919,DSDV,150,40,12,3,4,102919,EXPANDED_REAL_NS2_SIMULATION
INST_2919,AOMDV,150,40,12,3,4,102919,EXPANDED_REAL_NS2_SIMULATION
INST_2920,AODV,150,40,12,3,5,102920,EXPANDED_REAL_NS2_SIMULATION
INST_2920,DSDV,150,40,12,3,5,102920,EXPANDED_REAL_NS2_SIMULATION
INST_2920,AOMDV,150,40,12,3,5,102920,EXPANDED_REAL_NS2_SIMULATION
INST_2921,AODV,150,40,12,4,1,102921,EXPANDED_REAL_NS2_SIMULATION
INST_2921,DSDV,150,40,12,4,1,102921,EXPANDED_REAL_NS2_SIMULATION
INST_2921,AOMDV,150,40,12,4,1,102921,EXPANDED_REAL_NS2_SIMULATION
INST_2922,AODV,150,40,12,4,2,102922,EXPANDED_REAL_NS2_SIMULATION
INST_2922,DSDV,150,40,12,4,2,102922,EXPANDED_REAL_NS2_SIMULATION
INST_2922,AOMDV,150,40,12,4,2,102922,EXPANDED_REAL_NS2_SIMULATION
INST_2923,AODV,150,40,12,4,3,102923,EXPANDED_REAL_NS2_SIMULATION
INST_2923,DSDV,150,40,12,4,3,102923,EXPANDED_REAL_NS2_SIMULATION
INST_2923,AOMDV,150,40,12,4,3,102923,EXPANDED_REAL_NS2_SIMULATION
INST_2924,AODV,150,40,12,4,4,102924,EXPANDED_REAL_NS2_SIMULATION
INST_2924,DSDV,150,40,12,4,4,102924,EXPANDED_REAL_NS2_SIMULATION
INST_2924,AOMDV,150,40,12,4,4,102924,EXPANDED_REAL_NS2_SIMULATION
INST_2925,AODV,150,40,12,4,5,102925,EXPANDED_REAL_NS2_SIMULATION
INST_2925,DSDV,150,40,12,4,5,102925,EXPANDED_REAL_NS2_SIMULATION
INST_2925,AOMDV,150,40,12,4,5,102925,EXPANDED_REAL_NS2_SIMULATION
INST_2926,AODV,150,40,12,5,1,102926,EXPANDED_REAL_NS2_SIMULATION
INST_2926,DSDV,150,40,12,5,1,102926,EXPANDED_REAL_NS2_SIMULATION
INST_2926,AOMDV,150,40,12,5,1,102926,EXPANDED_REAL_NS2_SIMULATION
INST_2927,AODV,150,40,12,5,2,102927,EXPANDED_REAL_NS2_SIMULATION
INST_2927,DSDV,150,40,12,5,2,102927,EXPANDED_REAL_NS2_SIMULATION
INST_2927,AOMDV,150,40,12,5,2,102927,EXPANDED_REAL_NS2_SIMULATION
INST_2928,AODV,150,40,12,5,3,102928,EXPANDED_REAL_NS2_SIMULATION
INST_2928,DSDV,150,40,12,5,3,102928,EXPANDED_REAL_NS2_SIMULATION
INST_2928,AOMDV,150,40,12,5,3,102928,EXPANDED_REAL_NS2_SIMULATION
INST_2929,AODV,150,40,12,5,4,102929,EXPANDED_REAL_NS2_SIMULATION
INST_2929,DSDV,150,40,12,5,4,102929,EXPANDED_REAL_NS2_SIMULATION
INST_2929,AOMDV,150,40,12,5,4,102929,EXPANDED_REAL_NS2_SIMULATION
INST_2930,AODV,150,40,12,5,5,102930,EXPANDED_REAL_NS2_SIMULATION
INST_2930,DSDV,150,40,12,5,5,102930,EXPANDED_REAL_NS2_SIMULATION
INST_2930,AOMDV,150,40,12,5,5,102930,EXPANDED_REAL_NS2_SIMULATION
INST_2931,AODV,150,40,12,6,1,102931,EXPANDED_REAL_NS2_SIMULATION
INST_2931,DSDV,150,40,12,6,1,102931,EXPANDED_REAL_NS2_SIMULATION
INST_2931,AOMDV,150,40,12,6,1,102931,EXPANDED_REAL_NS2_SIMULATION
INST_2932,AODV,150,40,12,6,2,102932,EXPANDED_REAL_NS2_SIMULATION
INST_2932,DSDV,150,40,12,6,2,102932,EXPANDED_REAL_NS2_SIMULATION
INST_2932,AOMDV,150,40,12,6,2,102932,EXPANDED_REAL_NS2_SIMULATION
INST_2933,AODV,150,40,12,6,3,102933,EXPANDED_REAL_NS2_SIMULATION
INST_2933,DSDV,150,40,12,6,3,102933,EXPANDED_REAL_NS2_SIMULATION
INST_2933,AOMDV,150,40,12,6,3,102933,EXPANDED_REAL_NS2_SIMULATION
INST_2934,AODV,150,40,12,6,4,102934,EXPANDED_REAL_NS2_SIMULATION
INST_2934,DSDV,150,40,12,6,4,102934,EXPANDED_REAL_NS2_SIMULATION
INST_2934,AOMDV,150,40,12,6,4,102934,EXPANDED_REAL_NS2_SIMULATION
INST_2935,AODV,150,40,12,6,5,102935,EXPANDED_REAL_NS2_SIMULATION
INST_2935,DSDV,150,40,12,6,5,102935,EXPANDED_REAL_NS2_SIMULATION
INST_2935,AOMDV,150,40,12,6,5,102935,EXPANDED_REAL_NS2_SIMULATION
INST_2936,AODV,150,40,12,8,1,102936,EXPANDED_REAL_NS2_SIMULATION
INST_2936,DSDV,150,40,12,8,1,102936,EXPANDED_REAL_NS2_SIMULATION
INST_2936,AOMDV,150,40,12,8,1,102936,EXPANDED_REAL_NS2_SIMULATION
INST_2937,AODV,150,40,12,8,2,102937,EXPANDED_REAL_NS2_SIMULATION
INST_2937,DSDV,150,40,12,8,2,102937,EXPANDED_REAL_NS2_SIMULATION
INST_2937,AOMDV,150,40,12,8,2,102937,EXPANDED_REAL_NS2_SIMULATION
INST_2938,AODV,150,40,12,8,3,102938,EXPANDED_REAL_NS2_SIMULATION
INST_2938,DSDV,150,40,12,8,3,102938,EXPANDED_REAL_NS2_SIMULATION
INST_2938,AOMDV,150,40,12,8,3,102938,EXPANDED_REAL_NS2_SIMULATION
INST_2939,AODV,150,40,12,8,4,102939,EXPANDED_REAL_NS2_SIMULATION
INST_2939,DSDV,150,40,12,8,4,102939,EXPANDED_REAL_NS2_SIMULATION
INST_2939,AOMDV,150,40,12,8,4,102939,EXPANDED_REAL_NS2_SIMULATION
INST_2940,AODV,150,40,12,8,5,102940,EXPANDED_REAL_NS2_SIMULATION
INST_2940,DSDV,150,40,12,8,5,102940,EXPANDED_REAL_NS2_SIMULATION
INST_2940,AOMDV,150,40,12,8,5,102940,EXPANDED_REAL_NS2_SIMULATION
INST_2941,AODV,150,40,15,3,1,102941,EXPANDED_REAL_NS2_SIMULATION
INST_2941,DSDV,150,40,15,3,1,102941,EXPANDED_REAL_NS2_SIMULATION
INST_2941,AOMDV,150,40,15,3,1,102941,EXPANDED_REAL_NS2_SIMULATION
INST_2942,AODV,150,40,15,3,2,102942,EXPANDED_REAL_NS2_SIMULATION
INST_2942,DSDV,150,40,15,3,2,102942,EXPANDED_REAL_NS2_SIMULATION
INST_2942,AOMDV,150,40,15,3,2,102942,EXPANDED_REAL_NS2_SIMULATION
INST_2943,AODV,150,40,15,3,3,102943,EXPANDED_REAL_NS2_SIMULATION
INST_2943,DSDV,150,40,15,3,3,102943,EXPANDED_REAL_NS2_SIMULATION
INST_2943,AOMDV,150,40,15,3,3,102943,EXPANDED_REAL_NS2_SIMULATION
INST_2944,AODV,150,40,15,3,4,102944,EXPANDED_REAL_NS2_SIMULATION
INST_2944,DSDV,150,40,15,3,4,102944,EXPANDED_REAL_NS2_SIMULATION
INST_2944,AOMDV,150,40,15,3,4,102944,EXPANDED_REAL_NS2_SIMULATION
INST_2945,AODV,150,40,15,3,5,102945,EXPANDED_REAL_NS2_SIMULATION
INST_2945,DSDV,150,40,15,3,5,102945,EXPANDED_REAL_NS2_SIMULATION
INST_2945,AOMDV,150,40,15,3,5,102945,EXPANDED_REAL_NS2_SIMULATION
INST_2946,AODV,150,40,15,5,1,102946,EXPANDED_REAL_NS2_SIMULATION
INST_2946,DSDV,150,40,15,5,1,102946,EXPANDED_REAL_NS2_SIMULATION
INST_2946,AOMDV,150,40,15,5,1,102946,EXPANDED_REAL_NS2_SIMULATION
INST_2947,AODV,150,40,15,5,2,102947,EXPANDED_REAL_NS2_SIMULATION
INST_2947,DSDV,150,40,15,5,2,102947,EXPANDED_REAL_NS2_SIMULATION
INST_2947,AOMDV,150,40,15,5,2,102947,EXPANDED_REAL_NS2_SIMULATION
INST_2948,AODV,150,40,15,5,3,102948,EXPANDED_REAL_NS2_SIMULATION
INST_2948,DSDV,150,40,15,5,3,102948,EXPANDED_REAL_NS2_SIMULATION
INST_2948,AOMDV,150,40,15,5,3,102948,EXPANDED_REAL_NS2_SIMULATION
INST_2949,AODV,150,40,15,5,4,102949,EXPANDED_REAL_NS2_SIMULATION
INST_2949,DSDV,150,40,15,5,4,102949,EXPANDED_REAL_NS2_SIMULATION
INST_2949,AOMDV,150,40,15,5,4,102949,EXPANDED_REAL_NS2_SIMULATION
INST_2950,AODV,150,40,15,5,5,102950,EXPANDED_REAL_NS2_SIMULATION
INST_2950,DSDV,150,40,15,5,5,102950,EXPANDED_REAL_NS2_SIMULATION
INST_2950,AOMDV,150,40,15,5,5,102950,EXPANDED_REAL_NS2_SIMULATION
INST_2951,AODV,150,40,15,6,1,102951,EXPANDED_REAL_NS2_SIMULATION
INST_2951,DSDV,150,40,15,6,1,102951,EXPANDED_REAL_NS2_SIMULATION
INST_2951,AOMDV,150,40,15,6,1,102951,EXPANDED_REAL_NS2_SIMULATION
INST_2952,AODV,150,40,15,6,2,102952,EXPANDED_REAL_NS2_SIMULATION
INST_2952,DSDV,150,40,15,6,2,102952,EXPANDED_REAL_NS2_SIMULATION
INST_2952,AOMDV,150,40,15,6,2,102952,EXPANDED_REAL_NS2_SIMULATION
INST_2953,AODV,150,40,15,6,3,102953,EXPANDED_REAL_NS2_SIMULATION
INST_2953,DSDV,150,40,15,6,3,102953,EXPANDED_REAL_NS2_SIMULATION
INST_2953,AOMDV,150,40,15,6,3,102953,EXPANDED_REAL_NS2_SIMULATION
INST_2954,AODV,150,40,15,6,4,102954,EXPANDED_REAL_NS2_SIMULATION
INST_2954,DSDV,150,40,15,6,4,102954,EXPANDED_REAL_NS2_SIMULATION
INST_2954,AOMDV,150,40,15,6,4,102954,EXPANDED_REAL_NS2_SIMULATION
INST_2955,AODV,150,40,15,6,5,102955,EXPANDED_REAL_NS2_SIMULATION
INST_2955,DSDV,150,40,15,6,5,102955,EXPANDED_REAL_NS2_SIMULATION
INST_2955,AOMDV,150,40,15,6,5,102955,EXPANDED_REAL_NS2_SIMULATION
INST_2956,AODV,150,40,18,2,1,102956,EXPANDED_REAL_NS2_SIMULATION
INST_2956,DSDV,150,40,18,2,1,102956,EXPANDED_REAL_NS2_SIMULATION
INST_2956,AOMDV,150,40,18,2,1,102956,EXPANDED_REAL_NS2_SIMULATION
INST_2957,AODV,150,40,18,2,2,102957,EXPANDED_REAL_NS2_SIMULATION
INST_2957,DSDV,150,40,18,2,2,102957,EXPANDED_REAL_NS2_SIMULATION
INST_2957,AOMDV,150,40,18,2,2,102957,EXPANDED_REAL_NS2_SIMULATION
INST_2958,AODV,150,40,18,2,3,102958,EXPANDED_REAL_NS2_SIMULATION
INST_2958,DSDV,150,40,18,2,3,102958,EXPANDED_REAL_NS2_SIMULATION
INST_2958,AOMDV,150,40,18,2,3,102958,EXPANDED_REAL_NS2_SIMULATION
INST_2959,AODV,150,40,18,2,4,102959,EXPANDED_REAL_NS2_SIMULATION
INST_2959,DSDV,150,40,18,2,4,102959,EXPANDED_REAL_NS2_SIMULATION
INST_2959,AOMDV,150,40,18,2,4,102959,EXPANDED_REAL_NS2_SIMULATION
INST_2960,AODV,150,40,18,2,5,102960,EXPANDED_REAL_NS2_SIMULATION
INST_2960,DSDV,150,40,18,2,5,102960,EXPANDED_REAL_NS2_SIMULATION
INST_2960,AOMDV,150,40,18,2,5,102960,EXPANDED_REAL_NS2_SIMULATION
INST_2961,AODV,150,40,18,3,1,102961,EXPANDED_REAL_NS2_SIMULATION
INST_2961,DSDV,150,40,18,3,1,102961,EXPANDED_REAL_NS2_SIMULATION
INST_2961,AOMDV,150,40,18,3,1,102961,EXPANDED_REAL_NS2_SIMULATION
INST_2962,AODV,150,40,18,3,2,102962,EXPANDED_REAL_NS2_SIMULATION
INST_2962,DSDV,150,40,18,3,2,102962,EXPANDED_REAL_NS2_SIMULATION
INST_2962,AOMDV,150,40,18,3,2,102962,EXPANDED_REAL_NS2_SIMULATION
INST_2963,AODV,150,40,18,3,3,102963,EXPANDED_REAL_NS2_SIMULATION
INST_2963,DSDV,150,40,18,3,3,102963,EXPANDED_REAL_NS2_SIMULATION
INST_2963,AOMDV,150,40,18,3,3,102963,EXPANDED_REAL_NS2_SIMULATION
INST_2964,AODV,150,40,18,3,4,102964,EXPANDED_REAL_NS2_SIMULATION
INST_2964,DSDV,150,40,18,3,4,102964,EXPANDED_REAL_NS2_SIMULATION
INST_2964,AOMDV,150,40,18,3,4,102964,EXPANDED_REAL_NS2_SIMULATION
INST_2965,AODV,150,40,18,3,5,102965,EXPANDED_REAL_NS2_SIMULATION
INST_2965,DSDV,150,40,18,3,5,102965,EXPANDED_REAL_NS2_SIMULATION
INST_2965,AOMDV,150,40,18,3,5,102965,EXPANDED_REAL_NS2_SIMULATION
INST_2966,AODV,150,40,18,4,1,102966,EXPANDED_REAL_NS2_SIMULATION
INST_2966,DSDV,150,40,18,4,1,102966,EXPANDED_REAL_NS2_SIMULATION
INST_2966,AOMDV,150,40,18,4,1,102966,EXPANDED_REAL_NS2_SIMULATION
INST_2967,AODV,150,40,18,4,2,102967,EXPANDED_REAL_NS2_SIMULATION
INST_2967,DSDV,150,40,18,4,2,102967,EXPANDED_REAL_NS2_SIMULATION
INST_2967,AOMDV,150,40,18,4,2,102967,EXPANDED_REAL_NS2_SIMULATION
INST_2968,AODV,150,40,18,4,3,102968,EXPANDED_REAL_NS2_SIMULATION
INST_2968,DSDV,150,40,18,4,3,102968,EXPANDED_REAL_NS2_SIMULATION
INST_2968,AOMDV,150,40,18,4,3,102968,EXPANDED_REAL_NS2_SIMULATION
INST_2969,AODV,150,40,18,4,4,102969,EXPANDED_REAL_NS2_SIMULATION
INST_2969,DSDV,150,40,18,4,4,102969,EXPANDED_REAL_NS2_SIMULATION
INST_2969,AOMDV,150,40,18,4,4,102969,EXPANDED_REAL_NS2_SIMULATION
INST_2970,AODV,150,40,18,4,5,102970,EXPANDED_REAL_NS2_SIMULATION
INST_2970,DSDV,150,40,18,4,5,102970,EXPANDED_REAL_NS2_SIMULATION
INST_2970,AOMDV,150,40,18,4,5,102970,EXPANDED_REAL_NS2_SIMULATION
INST_2971,AODV,150,40,18,5,1,102971,EXPANDED_REAL_NS2_SIMULATION
INST_2971,DSDV,150,40,18,5,1,102971,EXPANDED_REAL_NS2_SIMULATION
INST_2971,AOMDV,150,40,18,5,1,102971,EXPANDED_REAL_NS2_SIMULATION
INST_2972,AODV,150,40,18,5,2,102972,EXPANDED_REAL_NS2_SIMULATION
INST_2972,DSDV,150,40,18,5,2,102972,EXPANDED_REAL_NS2_SIMULATION
INST_2972,AOMDV,150,40,18,5,2,102972,EXPANDED_REAL_NS2_SIMULATION
INST_2973,AODV,150,40,18,5,3,102973,EXPANDED_REAL_NS2_SIMULATION
INST_2973,DSDV,150,40,18,5,3,102973,EXPANDED_REAL_NS2_SIMULATION
INST_2973,AOMDV,150,40,18,5,3,102973,EXPANDED_REAL_NS2_SIMULATION
INST_2974,AODV,150,40,18,5,4,102974,EXPANDED_REAL_NS2_SIMULATION
INST_2974,DSDV,150,40,18,5,4,102974,EXPANDED_REAL_NS2_SIMULATION
INST_2974,AOMDV,150,40,18,5,4,102974,EXPANDED_REAL_NS2_SIMULATION
INST_2975,AODV,150,40,18,5,5,102975,EXPANDED_REAL_NS2_SIMULATION
INST_2975,DSDV,150,40,18,5,5,102975,EXPANDED_REAL_NS2_SIMULATION
INST_2975,AOMDV,150,40,18,5,5,102975,EXPANDED_REAL_NS2_SIMULATION
INST_2976,AODV,150,40,18,6,1,102976,EXPANDED_REAL_NS2_SIMULATION
INST_2976,DSDV,150,40,18,6,1,102976,EXPANDED_REAL_NS2_SIMULATION
INST_2976,AOMDV,150,40,18,6,1,102976,EXPANDED_REAL_NS2_SIMULATION
INST_2977,AODV,150,40,18,6,2,102977,EXPANDED_REAL_NS2_SIMULATION
INST_2977,DSDV,150,40,18,6,2,102977,EXPANDED_REAL_NS2_SIMULATION
INST_2977,AOMDV,150,40,18,6,2,102977,EXPANDED_REAL_NS2_SIMULATION
INST_2978,AODV,150,40,18,6,3,102978,EXPANDED_REAL_NS2_SIMULATION
INST_2978,DSDV,150,40,18,6,3,102978,EXPANDED_REAL_NS2_SIMULATION
INST_2978,AOMDV,150,40,18,6,3,102978,EXPANDED_REAL_NS2_SIMULATION
INST_2979,AODV,150,40,18,6,4,102979,EXPANDED_REAL_NS2_SIMULATION
INST_2979,DSDV,150,40,18,6,4,102979,EXPANDED_REAL_NS2_SIMULATION
INST_2979,AOMDV,150,40,18,6,4,102979,EXPANDED_REAL_NS2_SIMULATION
INST_2980,AODV,150,40,18,6,5,102980,EXPANDED_REAL_NS2_SIMULATION
INST_2980,DSDV,150,40,18,6,5,102980,EXPANDED_REAL_NS2_SIMULATION
INST_2980,AOMDV,150,40,18,6,5,102980,EXPANDED_REAL_NS2_SIMULATION
INST_2981,AODV,150,40,18,8,1,102981,EXPANDED_REAL_NS2_SIMULATION
INST_2981,DSDV,150,40,18,8,1,102981,EXPANDED_REAL_NS2_SIMULATION
INST_2981,AOMDV,150,40,18,8,1,102981,EXPANDED_REAL_NS2_SIMULATION
INST_2982,AODV,150,40,18,8,2,102982,EXPANDED_REAL_NS2_SIMULATION
INST_2982,DSDV,150,40,18,8,2,102982,EXPANDED_REAL_NS2_SIMULATION
INST_2982,AOMDV,150,40,18,8,2,102982,EXPANDED_REAL_NS2_SIMULATION
INST_2983,AODV,150,40,18,8,3,102983,EXPANDED_REAL_NS2_SIMULATION
INST_2983,DSDV,150,40,18,8,3,102983,EXPANDED_REAL_NS2_SIMULATION
INST_2983,AOMDV,150,40,18,8,3,102983,EXPANDED_REAL_NS2_SIMULATION
INST_2984,AODV,150,40,18,8,4,102984,EXPANDED_REAL_NS2_SIMULATION
INST_2984,DSDV,150,40,18,8,4,102984,EXPANDED_REAL_NS2_SIMULATION
INST_2984,AOMDV,150,40,18,8,4,102984,EXPANDED_REAL_NS2_SIMULATION
INST_2985,AODV,150,40,18,8,5,102985,EXPANDED_REAL_NS2_SIMULATION
INST_2985,DSDV,150,40,18,8,5,102985,EXPANDED_REAL_NS2_SIMULATION
INST_2985,AOMDV,150,40,18,8,5,102985,EXPANDED_REAL_NS2_SIMULATION
INST_2986,AODV,150,40,20,3,1,102986,EXPANDED_REAL_NS2_SIMULATION
INST_2986,DSDV,150,40,20,3,1,102986,EXPANDED_REAL_NS2_SIMULATION
INST_2986,AOMDV,150,40,20,3,1,102986,EXPANDED_REAL_NS2_SIMULATION
INST_2987,AODV,150,40,20,3,2,102987,EXPANDED_REAL_NS2_SIMULATION
INST_2987,DSDV,150,40,20,3,2,102987,EXPANDED_REAL_NS2_SIMULATION
INST_2987,AOMDV,150,40,20,3,2,102987,EXPANDED_REAL_NS2_SIMULATION
INST_2988,AODV,150,40,20,3,3,102988,EXPANDED_REAL_NS2_SIMULATION
INST_2988,DSDV,150,40,20,3,3,102988,EXPANDED_REAL_NS2_SIMULATION
INST_2988,AOMDV,150,40,20,3,3,102988,EXPANDED_REAL_NS2_SIMULATION
INST_2989,AODV,150,40,20,3,4,102989,EXPANDED_REAL_NS2_SIMULATION
INST_2989,DSDV,150,40,20,3,4,102989,EXPANDED_REAL_NS2_SIMULATION
INST_2989,AOMDV,150,40,20,3,4,102989,EXPANDED_REAL_NS2_SIMULATION
INST_2990,AODV,150,40,20,3,5,102990,EXPANDED_REAL_NS2_SIMULATION
INST_2990,DSDV,150,40,20,3,5,102990,EXPANDED_REAL_NS2_SIMULATION
INST_2990,AOMDV,150,40,20,3,5,102990,EXPANDED_REAL_NS2_SIMULATION
INST_2991,AODV,150,40,20,5,1,102991,EXPANDED_REAL_NS2_SIMULATION
INST_2991,DSDV,150,40,20,5,1,102991,EXPANDED_REAL_NS2_SIMULATION
INST_2991,AOMDV,150,40,20,5,1,102991,EXPANDED_REAL_NS2_SIMULATION
INST_2992,AODV,150,40,20,5,2,102992,EXPANDED_REAL_NS2_SIMULATION
INST_2992,DSDV,150,40,20,5,2,102992,EXPANDED_REAL_NS2_SIMULATION
INST_2992,AOMDV,150,40,20,5,2,102992,EXPANDED_REAL_NS2_SIMULATION
INST_2993,AODV,150,40,20,5,3,102993,EXPANDED_REAL_NS2_SIMULATION
INST_2993,DSDV,150,40,20,5,3,102993,EXPANDED_REAL_NS2_SIMULATION
INST_2993,AOMDV,150,40,20,5,3,102993,EXPANDED_REAL_NS2_SIMULATION
INST_2994,AODV,150,40,20,5,4,102994,EXPANDED_REAL_NS2_SIMULATION
INST_2994,DSDV,150,40,20,5,4,102994,EXPANDED_REAL_NS2_SIMULATION
INST_2994,AOMDV,150,40,20,5,4,102994,EXPANDED_REAL_NS2_SIMULATION
INST_2995,AODV,150,40,20,5,5,102995,EXPANDED_REAL_NS2_SIMULATION
INST_2995,DSDV,150,40,20,5,5,102995,EXPANDED_REAL_NS2_SIMULATION
INST_2995,AOMDV,150,40,20,5,5,102995,EXPANDED_REAL_NS2_SIMULATION
INST_2996,AODV,150,40,20,6,1,102996,EXPANDED_REAL_NS2_SIMULATION
INST_2996,DSDV,150,40,20,6,1,102996,EXPANDED_REAL_NS2_SIMULATION
INST_2996,AOMDV,150,40,20,6,1,102996,EXPANDED_REAL_NS2_SIMULATION
INST_2997,AODV,150,40,20,6,2,102997,EXPANDED_REAL_NS2_SIMULATION
INST_2997,DSDV,150,40,20,6,2,102997,EXPANDED_REAL_NS2_SIMULATION
INST_2997,AOMDV,150,40,20,6,2,102997,EXPANDED_REAL_NS2_SIMULATION
INST_2998,AODV,150,40,20,6,3,102998,EXPANDED_REAL_NS2_SIMULATION
INST_2998,DSDV,150,40,20,6,3,102998,EXPANDED_REAL_NS2_SIMULATION
INST_2998,AOMDV,150,40,20,6,3,102998,EXPANDED_REAL_NS2_SIMULATION
INST_2999,AODV,150,40,20,6,4,102999,EXPANDED_REAL_NS2_SIMULATION
INST_2999,DSDV,150,40,20,6,4,102999,EXPANDED_REAL_NS2_SIMULATION
INST_2999,AOMDV,150,40,20,6,4,102999,EXPANDED_REAL_NS2_SIMULATION
INST_3000,AODV,150,40,20,6,5,103000,EXPANDED_REAL_NS2_SIMULATION
INST_3000,DSDV,150,40,20,6,5,103000,EXPANDED_REAL_NS2_SIMULATION
INST_3000,AOMDV,150,40,20,6,5,103000,EXPANDED_REAL_NS2_SIMULATION
INST_3001,AODV,150,40,22,2,1,103001,EXPANDED_REAL_NS2_SIMULATION
INST_3001,DSDV,150,40,22,2,1,103001,EXPANDED_REAL_NS2_SIMULATION
INST_3001,AOMDV,150,40,22,2,1,103001,EXPANDED_REAL_NS2_SIMULATION
INST_3002,AODV,150,40,22,2,2,103002,EXPANDED_REAL_NS2_SIMULATION
INST_3002,DSDV,150,40,22,2,2,103002,EXPANDED_REAL_NS2_SIMULATION
INST_3002,AOMDV,150,40,22,2,2,103002,EXPANDED_REAL_NS2_SIMULATION
INST_3003,AODV,150,40,22,2,3,103003,EXPANDED_REAL_NS2_SIMULATION
INST_3003,DSDV,150,40,22,2,3,103003,EXPANDED_REAL_NS2_SIMULATION
INST_3003,AOMDV,150,40,22,2,3,103003,EXPANDED_REAL_NS2_SIMULATION
INST_3004,AODV,150,40,22,2,4,103004,EXPANDED_REAL_NS2_SIMULATION
INST_3004,DSDV,150,40,22,2,4,103004,EXPANDED_REAL_NS2_SIMULATION
INST_3004,AOMDV,150,40,22,2,4,103004,EXPANDED_REAL_NS2_SIMULATION
INST_3005,AODV,150,40,22,2,5,103005,EXPANDED_REAL_NS2_SIMULATION
INST_3005,DSDV,150,40,22,2,5,103005,EXPANDED_REAL_NS2_SIMULATION
INST_3005,AOMDV,150,40,22,2,5,103005,EXPANDED_REAL_NS2_SIMULATION
INST_3006,AODV,150,40,22,3,1,103006,EXPANDED_REAL_NS2_SIMULATION
INST_3006,DSDV,150,40,22,3,1,103006,EXPANDED_REAL_NS2_SIMULATION
INST_3006,AOMDV,150,40,22,3,1,103006,EXPANDED_REAL_NS2_SIMULATION
INST_3007,AODV,150,40,22,3,2,103007,EXPANDED_REAL_NS2_SIMULATION
INST_3007,DSDV,150,40,22,3,2,103007,EXPANDED_REAL_NS2_SIMULATION
INST_3007,AOMDV,150,40,22,3,2,103007,EXPANDED_REAL_NS2_SIMULATION
INST_3008,AODV,150,40,22,3,3,103008,EXPANDED_REAL_NS2_SIMULATION
INST_3008,DSDV,150,40,22,3,3,103008,EXPANDED_REAL_NS2_SIMULATION
INST_3008,AOMDV,150,40,22,3,3,103008,EXPANDED_REAL_NS2_SIMULATION
INST_3009,AODV,150,40,22,3,4,103009,EXPANDED_REAL_NS2_SIMULATION
INST_3009,DSDV,150,40,22,3,4,103009,EXPANDED_REAL_NS2_SIMULATION
INST_3009,AOMDV,150,40,22,3,4,103009,EXPANDED_REAL_NS2_SIMULATION
INST_3010,AODV,150,40,22,3,5,103010,EXPANDED_REAL_NS2_SIMULATION
INST_3010,DSDV,150,40,22,3,5,103010,EXPANDED_REAL_NS2_SIMULATION
INST_3010,AOMDV,150,40,22,3,5,103010,EXPANDED_REAL_NS2_SIMULATION
INST_3011,AODV,150,40,22,4,1,103011,EXPANDED_REAL_NS2_SIMULATION
INST_3011,DSDV,150,40,22,4,1,103011,EXPANDED_REAL_NS2_SIMULATION
INST_3011,AOMDV,150,40,22,4,1,103011,EXPANDED_REAL_NS2_SIMULATION
INST_3012,AODV,150,40,22,4,2,103012,EXPANDED_REAL_NS2_SIMULATION
INST_3012,DSDV,150,40,22,4,2,103012,EXPANDED_REAL_NS2_SIMULATION
INST_3012,AOMDV,150,40,22,4,2,103012,EXPANDED_REAL_NS2_SIMULATION
INST_3013,AODV,150,40,22,4,3,103013,EXPANDED_REAL_NS2_SIMULATION
INST_3013,DSDV,150,40,22,4,3,103013,EXPANDED_REAL_NS2_SIMULATION
INST_3013,AOMDV,150,40,22,4,3,103013,EXPANDED_REAL_NS2_SIMULATION
INST_3014,AODV,150,40,22,4,4,103014,EXPANDED_REAL_NS2_SIMULATION
INST_3014,DSDV,150,40,22,4,4,103014,EXPANDED_REAL_NS2_SIMULATION
INST_3014,AOMDV,150,40,22,4,4,103014,EXPANDED_REAL_NS2_SIMULATION
INST_3015,AODV,150,40,22,4,5,103015,EXPANDED_REAL_NS2_SIMULATION
INST_3015,DSDV,150,40,22,4,5,103015,EXPANDED_REAL_NS2_SIMULATION
INST_3015,AOMDV,150,40,22,4,5,103015,EXPANDED_REAL_NS2_SIMULATION
INST_3016,AODV,150,40,22,5,1,103016,EXPANDED_REAL_NS2_SIMULATION
INST_3016,DSDV,150,40,22,5,1,103016,EXPANDED_REAL_NS2_SIMULATION
INST_3016,AOMDV,150,40,22,5,1,103016,EXPANDED_REAL_NS2_SIMULATION
INST_3017,AODV,150,40,22,5,2,103017,EXPANDED_REAL_NS2_SIMULATION
INST_3017,DSDV,150,40,22,5,2,103017,EXPANDED_REAL_NS2_SIMULATION
INST_3017,AOMDV,150,40,22,5,2,103017,EXPANDED_REAL_NS2_SIMULATION
INST_3018,AODV,150,40,22,5,3,103018,EXPANDED_REAL_NS2_SIMULATION
INST_3018,DSDV,150,40,22,5,3,103018,EXPANDED_REAL_NS2_SIMULATION
INST_3018,AOMDV,150,40,22,5,3,103018,EXPANDED_REAL_NS2_SIMULATION
INST_3019,AODV,150,40,22,5,4,103019,EXPANDED_REAL_NS2_SIMULATION
INST_3019,DSDV,150,40,22,5,4,103019,EXPANDED_REAL_NS2_SIMULATION
INST_3019,AOMDV,150,40,22,5,4,103019,EXPANDED_REAL_NS2_SIMULATION
INST_3020,AODV,150,40,22,5,5,103020,EXPANDED_REAL_NS2_SIMULATION
INST_3020,DSDV,150,40,22,5,5,103020,EXPANDED_REAL_NS2_SIMULATION
INST_3020,AOMDV,150,40,22,5,5,103020,EXPANDED_REAL_NS2_SIMULATION
INST_3021,AODV,150,40,22,6,1,103021,EXPANDED_REAL_NS2_SIMULATION
INST_3021,DSDV,150,40,22,6,1,103021,EXPANDED_REAL_NS2_SIMULATION
INST_3021,AOMDV,150,40,22,6,1,103021,EXPANDED_REAL_NS2_SIMULATION
INST_3022,AODV,150,40,22,6,2,103022,EXPANDED_REAL_NS2_SIMULATION
INST_3022,DSDV,150,40,22,6,2,103022,EXPANDED_REAL_NS2_SIMULATION
INST_3022,AOMDV,150,40,22,6,2,103022,EXPANDED_REAL_NS2_SIMULATION
INST_3023,AODV,150,40,22,6,3,103023,EXPANDED_REAL_NS2_SIMULATION
INST_3023,DSDV,150,40,22,6,3,103023,EXPANDED_REAL_NS2_SIMULATION
INST_3023,AOMDV,150,40,22,6,3,103023,EXPANDED_REAL_NS2_SIMULATION
INST_3024,AODV,150,40,22,6,4,103024,EXPANDED_REAL_NS2_SIMULATION
INST_3024,DSDV,150,40,22,6,4,103024,EXPANDED_REAL_NS2_SIMULATION
INST_3024,AOMDV,150,40,22,6,4,103024,EXPANDED_REAL_NS2_SIMULATION
INST_3025,AODV,150,40,22,6,5,103025,EXPANDED_REAL_NS2_SIMULATION
INST_3025,DSDV,150,40,22,6,5,103025,EXPANDED_REAL_NS2_SIMULATION
INST_3025,AOMDV,150,40,22,6,5,103025,EXPANDED_REAL_NS2_SIMULATION
INST_3026,AODV,150,40,22,8,1,103026,EXPANDED_REAL_NS2_SIMULATION
INST_3026,DSDV,150,40,22,8,1,103026,EXPANDED_REAL_NS2_SIMULATION
INST_3026,AOMDV,150,40,22,8,1,103026,EXPANDED_REAL_NS2_SIMULATION
INST_3027,AODV,150,40,22,8,2,103027,EXPANDED_REAL_NS2_SIMULATION
INST_3027,DSDV,150,40,22,8,2,103027,EXPANDED_REAL_NS2_SIMULATION
INST_3027,AOMDV,150,40,22,8,2,103027,EXPANDED_REAL_NS2_SIMULATION
INST_3028,AODV,150,40,22,8,3,103028,EXPANDED_REAL_NS2_SIMULATION
INST_3028,DSDV,150,40,22,8,3,103028,EXPANDED_REAL_NS2_SIMULATION
INST_3028,AOMDV,150,40,22,8,3,103028,EXPANDED_REAL_NS2_SIMULATION
INST_3029,AODV,150,40,22,8,4,103029,EXPANDED_REAL_NS2_SIMULATION
INST_3029,DSDV,150,40,22,8,4,103029,EXPANDED_REAL_NS2_SIMULATION
INST_3029,AOMDV,150,40,22,8,4,103029,EXPANDED_REAL_NS2_SIMULATION
INST_3030,AODV,150,40,22,8,5,103030,EXPANDED_REAL_NS2_SIMULATION
INST_3030,DSDV,150,40,22,8,5,103030,EXPANDED_REAL_NS2_SIMULATION
INST_3030,AOMDV,150,40,22,8,5,103030,EXPANDED_REAL_NS2_SIMULATION
INST_3031,AODV,150,40,25,3,1,103031,EXPANDED_REAL_NS2_SIMULATION
INST_3031,DSDV,150,40,25,3,1,103031,EXPANDED_REAL_NS2_SIMULATION
INST_3031,AOMDV,150,40,25,3,1,103031,EXPANDED_REAL_NS2_SIMULATION
INST_3032,AODV,150,40,25,3,2,103032,EXPANDED_REAL_NS2_SIMULATION
INST_3032,DSDV,150,40,25,3,2,103032,EXPANDED_REAL_NS2_SIMULATION
INST_3032,AOMDV,150,40,25,3,2,103032,EXPANDED_REAL_NS2_SIMULATION
INST_3033,AODV,150,40,25,3,3,103033,EXPANDED_REAL_NS2_SIMULATION
INST_3033,DSDV,150,40,25,3,3,103033,EXPANDED_REAL_NS2_SIMULATION
INST_3033,AOMDV,150,40,25,3,3,103033,EXPANDED_REAL_NS2_SIMULATION
INST_3034,AODV,150,40,25,3,4,103034,EXPANDED_REAL_NS2_SIMULATION
INST_3034,DSDV,150,40,25,3,4,103034,EXPANDED_REAL_NS2_SIMULATION
INST_3034,AOMDV,150,40,25,3,4,103034,EXPANDED_REAL_NS2_SIMULATION
INST_3035,AODV,150,40,25,3,5,103035,EXPANDED_REAL_NS2_SIMULATION
INST_3035,DSDV,150,40,25,3,5,103035,EXPANDED_REAL_NS2_SIMULATION
INST_3035,AOMDV,150,40,25,3,5,103035,EXPANDED_REAL_NS2_SIMULATION
INST_3036,AODV,150,40,25,5,1,103036,EXPANDED_REAL_NS2_SIMULATION
INST_3036,DSDV,150,40,25,5,1,103036,EXPANDED_REAL_NS2_SIMULATION
INST_3036,AOMDV,150,40,25,5,1,103036,EXPANDED_REAL_NS2_SIMULATION
INST_3037,AODV,150,40,25,5,2,103037,EXPANDED_REAL_NS2_SIMULATION
INST_3037,DSDV,150,40,25,5,2,103037,EXPANDED_REAL_NS2_SIMULATION
INST_3037,AOMDV,150,40,25,5,2,103037,EXPANDED_REAL_NS2_SIMULATION
INST_3038,AODV,150,40,25,5,3,103038,EXPANDED_REAL_NS2_SIMULATION
INST_3038,DSDV,150,40,25,5,3,103038,EXPANDED_REAL_NS2_SIMULATION
INST_3038,AOMDV,150,40,25,5,3,103038,EXPANDED_REAL_NS2_SIMULATION
INST_3039,AODV,150,40,25,5,4,103039,EXPANDED_REAL_NS2_SIMULATION
INST_3039,DSDV,150,40,25,5,4,103039,EXPANDED_REAL_NS2_SIMULATION
INST_3039,AOMDV,150,40,25,5,4,103039,EXPANDED_REAL_NS2_SIMULATION
INST_3040,AODV,150,40,25,5,5,103040,EXPANDED_REAL_NS2_SIMULATION
INST_3040,DSDV,150,40,25,5,5,103040,EXPANDED_REAL_NS2_SIMULATION
INST_3040,AOMDV,150,40,25,5,5,103040,EXPANDED_REAL_NS2_SIMULATION
INST_3041,AODV,150,40,25,6,1,103041,EXPANDED_REAL_NS2_SIMULATION
INST_3041,DSDV,150,40,25,6,1,103041,EXPANDED_REAL_NS2_SIMULATION
INST_3041,AOMDV,150,40,25,6,1,103041,EXPANDED_REAL_NS2_SIMULATION
INST_3042,AODV,150,40,25,6,2,103042,EXPANDED_REAL_NS2_SIMULATION
INST_3042,DSDV,150,40,25,6,2,103042,EXPANDED_REAL_NS2_SIMULATION
INST_3042,AOMDV,150,40,25,6,2,103042,EXPANDED_REAL_NS2_SIMULATION
INST_3043,AODV,150,40,25,6,3,103043,EXPANDED_REAL_NS2_SIMULATION
INST_3043,DSDV,150,40,25,6,3,103043,EXPANDED_REAL_NS2_SIMULATION
INST_3043,AOMDV,150,40,25,6,3,103043,EXPANDED_REAL_NS2_SIMULATION
INST_3044,AODV,150,40,25,6,4,103044,EXPANDED_REAL_NS2_SIMULATION
INST_3044,DSDV,150,40,25,6,4,103044,EXPANDED_REAL_NS2_SIMULATION
INST_3044,AOMDV,150,40,25,6,4,103044,EXPANDED_REAL_NS2_SIMULATION
INST_3045,AODV,150,40,25,6,5,103045,EXPANDED_REAL_NS2_SIMULATION
INST_3045,DSDV,150,40,25,6,5,103045,EXPANDED_REAL_NS2_SIMULATION
INST_3045,AOMDV,150,40,25,6,5,103045,EXPANDED_REAL_NS2_SIMULATION
INST_3046,AODV,150,50,5,3,1,103046,EXPANDED_REAL_NS2_SIMULATION
INST_3046,DSDV,150,50,5,3,1,103046,EXPANDED_REAL_NS2_SIMULATION
INST_3046,AOMDV,150,50,5,3,1,103046,EXPANDED_REAL_NS2_SIMULATION
INST_3047,AODV,150,50,5,3,2,103047,EXPANDED_REAL_NS2_SIMULATION
INST_3047,DSDV,150,50,5,3,2,103047,EXPANDED_REAL_NS2_SIMULATION
INST_3047,AOMDV,150,50,5,3,2,103047,EXPANDED_REAL_NS2_SIMULATION
INST_3048,AODV,150,50,5,3,3,103048,EXPANDED_REAL_NS2_SIMULATION
INST_3048,DSDV,150,50,5,3,3,103048,EXPANDED_REAL_NS2_SIMULATION
INST_3048,AOMDV,150,50,5,3,3,103048,EXPANDED_REAL_NS2_SIMULATION
INST_3049,AODV,150,50,5,3,4,103049,EXPANDED_REAL_NS2_SIMULATION
INST_3049,DSDV,150,50,5,3,4,103049,EXPANDED_REAL_NS2_SIMULATION
INST_3049,AOMDV,150,50,5,3,4,103049,EXPANDED_REAL_NS2_SIMULATION
INST_3050,AODV,150,50,5,3,5,103050,EXPANDED_REAL_NS2_SIMULATION
INST_3050,DSDV,150,50,5,3,5,103050,EXPANDED_REAL_NS2_SIMULATION
INST_3050,AOMDV,150,50,5,3,5,103050,EXPANDED_REAL_NS2_SIMULATION
INST_3051,AODV,150,50,5,5,1,103051,EXPANDED_REAL_NS2_SIMULATION
INST_3051,DSDV,150,50,5,5,1,103051,EXPANDED_REAL_NS2_SIMULATION
INST_3051,AOMDV,150,50,5,5,1,103051,EXPANDED_REAL_NS2_SIMULATION
INST_3052,AODV,150,50,5,5,2,103052,EXPANDED_REAL_NS2_SIMULATION
INST_3052,DSDV,150,50,5,5,2,103052,EXPANDED_REAL_NS2_SIMULATION
INST_3052,AOMDV,150,50,5,5,2,103052,EXPANDED_REAL_NS2_SIMULATION
INST_3053,AODV,150,50,5,5,3,103053,EXPANDED_REAL_NS2_SIMULATION
INST_3053,DSDV,150,50,5,5,3,103053,EXPANDED_REAL_NS2_SIMULATION
INST_3053,AOMDV,150,50,5,5,3,103053,EXPANDED_REAL_NS2_SIMULATION
INST_3054,AODV,150,50,5,5,4,103054,EXPANDED_REAL_NS2_SIMULATION
INST_3054,DSDV,150,50,5,5,4,103054,EXPANDED_REAL_NS2_SIMULATION
INST_3054,AOMDV,150,50,5,5,4,103054,EXPANDED_REAL_NS2_SIMULATION
INST_3055,AODV,150,50,5,5,5,103055,EXPANDED_REAL_NS2_SIMULATION
INST_3055,DSDV,150,50,5,5,5,103055,EXPANDED_REAL_NS2_SIMULATION
INST_3055,AOMDV,150,50,5,5,5,103055,EXPANDED_REAL_NS2_SIMULATION
INST_3056,AODV,150,50,5,6,1,103056,EXPANDED_REAL_NS2_SIMULATION
INST_3056,DSDV,150,50,5,6,1,103056,EXPANDED_REAL_NS2_SIMULATION
INST_3056,AOMDV,150,50,5,6,1,103056,EXPANDED_REAL_NS2_SIMULATION
INST_3057,AODV,150,50,5,6,2,103057,EXPANDED_REAL_NS2_SIMULATION
INST_3057,DSDV,150,50,5,6,2,103057,EXPANDED_REAL_NS2_SIMULATION
INST_3057,AOMDV,150,50,5,6,2,103057,EXPANDED_REAL_NS2_SIMULATION
INST_3058,AODV,150,50,5,6,3,103058,EXPANDED_REAL_NS2_SIMULATION
INST_3058,DSDV,150,50,5,6,3,103058,EXPANDED_REAL_NS2_SIMULATION
INST_3058,AOMDV,150,50,5,6,3,103058,EXPANDED_REAL_NS2_SIMULATION
INST_3059,AODV,150,50,5,6,4,103059,EXPANDED_REAL_NS2_SIMULATION
INST_3059,DSDV,150,50,5,6,4,103059,EXPANDED_REAL_NS2_SIMULATION
INST_3059,AOMDV,150,50,5,6,4,103059,EXPANDED_REAL_NS2_SIMULATION
INST_3060,AODV,150,50,5,6,5,103060,EXPANDED_REAL_NS2_SIMULATION
INST_3060,DSDV,150,50,5,6,5,103060,EXPANDED_REAL_NS2_SIMULATION
INST_3060,AOMDV,150,50,5,6,5,103060,EXPANDED_REAL_NS2_SIMULATION
INST_3061,AODV,150,50,7,2,1,103061,EXPANDED_REAL_NS2_SIMULATION
INST_3061,DSDV,150,50,7,2,1,103061,EXPANDED_REAL_NS2_SIMULATION
INST_3061,AOMDV,150,50,7,2,1,103061,EXPANDED_REAL_NS2_SIMULATION
INST_3062,AODV,150,50,7,2,2,103062,EXPANDED_REAL_NS2_SIMULATION
INST_3062,DSDV,150,50,7,2,2,103062,EXPANDED_REAL_NS2_SIMULATION
INST_3062,AOMDV,150,50,7,2,2,103062,EXPANDED_REAL_NS2_SIMULATION
INST_3063,AODV,150,50,7,2,3,103063,EXPANDED_REAL_NS2_SIMULATION
INST_3063,DSDV,150,50,7,2,3,103063,EXPANDED_REAL_NS2_SIMULATION
INST_3063,AOMDV,150,50,7,2,3,103063,EXPANDED_REAL_NS2_SIMULATION
INST_3064,AODV,150,50,7,2,4,103064,EXPANDED_REAL_NS2_SIMULATION
INST_3064,DSDV,150,50,7,2,4,103064,EXPANDED_REAL_NS2_SIMULATION
INST_3064,AOMDV,150,50,7,2,4,103064,EXPANDED_REAL_NS2_SIMULATION
INST_3065,AODV,150,50,7,2,5,103065,EXPANDED_REAL_NS2_SIMULATION
INST_3065,DSDV,150,50,7,2,5,103065,EXPANDED_REAL_NS2_SIMULATION
INST_3065,AOMDV,150,50,7,2,5,103065,EXPANDED_REAL_NS2_SIMULATION
INST_3066,AODV,150,50,7,3,1,103066,EXPANDED_REAL_NS2_SIMULATION
INST_3066,DSDV,150,50,7,3,1,103066,EXPANDED_REAL_NS2_SIMULATION
INST_3066,AOMDV,150,50,7,3,1,103066,EXPANDED_REAL_NS2_SIMULATION
INST_3067,AODV,150,50,7,3,2,103067,EXPANDED_REAL_NS2_SIMULATION
INST_3067,DSDV,150,50,7,3,2,103067,EXPANDED_REAL_NS2_SIMULATION
INST_3067,AOMDV,150,50,7,3,2,103067,EXPANDED_REAL_NS2_SIMULATION
INST_3068,AODV,150,50,7,3,3,103068,EXPANDED_REAL_NS2_SIMULATION
INST_3068,DSDV,150,50,7,3,3,103068,EXPANDED_REAL_NS2_SIMULATION
INST_3068,AOMDV,150,50,7,3,3,103068,EXPANDED_REAL_NS2_SIMULATION
INST_3069,AODV,150,50,7,3,4,103069,EXPANDED_REAL_NS2_SIMULATION
INST_3069,DSDV,150,50,7,3,4,103069,EXPANDED_REAL_NS2_SIMULATION
INST_3069,AOMDV,150,50,7,3,4,103069,EXPANDED_REAL_NS2_SIMULATION
INST_3070,AODV,150,50,7,3,5,103070,EXPANDED_REAL_NS2_SIMULATION
INST_3070,DSDV,150,50,7,3,5,103070,EXPANDED_REAL_NS2_SIMULATION
INST_3070,AOMDV,150,50,7,3,5,103070,EXPANDED_REAL_NS2_SIMULATION
INST_3071,AODV,150,50,7,4,1,103071,EXPANDED_REAL_NS2_SIMULATION
INST_3071,DSDV,150,50,7,4,1,103071,EXPANDED_REAL_NS2_SIMULATION
INST_3071,AOMDV,150,50,7,4,1,103071,EXPANDED_REAL_NS2_SIMULATION
INST_3072,AODV,150,50,7,4,2,103072,EXPANDED_REAL_NS2_SIMULATION
INST_3072,DSDV,150,50,7,4,2,103072,EXPANDED_REAL_NS2_SIMULATION
INST_3072,AOMDV,150,50,7,4,2,103072,EXPANDED_REAL_NS2_SIMULATION
INST_3073,AODV,150,50,7,4,3,103073,EXPANDED_REAL_NS2_SIMULATION
INST_3073,DSDV,150,50,7,4,3,103073,EXPANDED_REAL_NS2_SIMULATION
INST_3073,AOMDV,150,50,7,4,3,103073,EXPANDED_REAL_NS2_SIMULATION
INST_3074,AODV,150,50,7,4,4,103074,EXPANDED_REAL_NS2_SIMULATION
INST_3074,DSDV,150,50,7,4,4,103074,EXPANDED_REAL_NS2_SIMULATION
INST_3074,AOMDV,150,50,7,4,4,103074,EXPANDED_REAL_NS2_SIMULATION
INST_3075,AODV,150,50,7,4,5,103075,EXPANDED_REAL_NS2_SIMULATION
INST_3075,DSDV,150,50,7,4,5,103075,EXPANDED_REAL_NS2_SIMULATION
INST_3075,AOMDV,150,50,7,4,5,103075,EXPANDED_REAL_NS2_SIMULATION
INST_3076,AODV,150,50,7,5,1,103076,EXPANDED_REAL_NS2_SIMULATION
INST_3076,DSDV,150,50,7,5,1,103076,EXPANDED_REAL_NS2_SIMULATION
INST_3076,AOMDV,150,50,7,5,1,103076,EXPANDED_REAL_NS2_SIMULATION
INST_3077,AODV,150,50,7,5,2,103077,EXPANDED_REAL_NS2_SIMULATION
INST_3077,DSDV,150,50,7,5,2,103077,EXPANDED_REAL_NS2_SIMULATION
INST_3077,AOMDV,150,50,7,5,2,103077,EXPANDED_REAL_NS2_SIMULATION
INST_3078,AODV,150,50,7,5,3,103078,EXPANDED_REAL_NS2_SIMULATION
INST_3078,DSDV,150,50,7,5,3,103078,EXPANDED_REAL_NS2_SIMULATION
INST_3078,AOMDV,150,50,7,5,3,103078,EXPANDED_REAL_NS2_SIMULATION
INST_3079,AODV,150,50,7,5,4,103079,EXPANDED_REAL_NS2_SIMULATION
INST_3079,DSDV,150,50,7,5,4,103079,EXPANDED_REAL_NS2_SIMULATION
INST_3079,AOMDV,150,50,7,5,4,103079,EXPANDED_REAL_NS2_SIMULATION
INST_3080,AODV,150,50,7,5,5,103080,EXPANDED_REAL_NS2_SIMULATION
INST_3080,DSDV,150,50,7,5,5,103080,EXPANDED_REAL_NS2_SIMULATION
INST_3080,AOMDV,150,50,7,5,5,103080,EXPANDED_REAL_NS2_SIMULATION
INST_3081,AODV,150,50,7,6,1,103081,EXPANDED_REAL_NS2_SIMULATION
INST_3081,DSDV,150,50,7,6,1,103081,EXPANDED_REAL_NS2_SIMULATION
INST_3081,AOMDV,150,50,7,6,1,103081,EXPANDED_REAL_NS2_SIMULATION
INST_3082,AODV,150,50,7,6,2,103082,EXPANDED_REAL_NS2_SIMULATION
INST_3082,DSDV,150,50,7,6,2,103082,EXPANDED_REAL_NS2_SIMULATION
INST_3082,AOMDV,150,50,7,6,2,103082,EXPANDED_REAL_NS2_SIMULATION
INST_3083,AODV,150,50,7,6,3,103083,EXPANDED_REAL_NS2_SIMULATION
INST_3083,DSDV,150,50,7,6,3,103083,EXPANDED_REAL_NS2_SIMULATION
INST_3083,AOMDV,150,50,7,6,3,103083,EXPANDED_REAL_NS2_SIMULATION
INST_3084,AODV,150,50,7,6,4,103084,EXPANDED_REAL_NS2_SIMULATION
INST_3084,DSDV,150,50,7,6,4,103084,EXPANDED_REAL_NS2_SIMULATION
INST_3084,AOMDV,150,50,7,6,4,103084,EXPANDED_REAL_NS2_SIMULATION
INST_3085,AODV,150,50,7,6,5,103085,EXPANDED_REAL_NS2_SIMULATION
INST_3085,DSDV,150,50,7,6,5,103085,EXPANDED_REAL_NS2_SIMULATION
INST_3085,AOMDV,150,50,7,6,5,103085,EXPANDED_REAL_NS2_SIMULATION
INST_3086,AODV,150,50,7,8,1,103086,EXPANDED_REAL_NS2_SIMULATION
INST_3086,DSDV,150,50,7,8,1,103086,EXPANDED_REAL_NS2_SIMULATION
INST_3086,AOMDV,150,50,7,8,1,103086,EXPANDED_REAL_NS2_SIMULATION
INST_3087,AODV,150,50,7,8,2,103087,EXPANDED_REAL_NS2_SIMULATION
INST_3087,DSDV,150,50,7,8,2,103087,EXPANDED_REAL_NS2_SIMULATION
INST_3087,AOMDV,150,50,7,8,2,103087,EXPANDED_REAL_NS2_SIMULATION
INST_3088,AODV,150,50,7,8,3,103088,EXPANDED_REAL_NS2_SIMULATION
INST_3088,DSDV,150,50,7,8,3,103088,EXPANDED_REAL_NS2_SIMULATION
INST_3088,AOMDV,150,50,7,8,3,103088,EXPANDED_REAL_NS2_SIMULATION
INST_3089,AODV,150,50,7,8,4,103089,EXPANDED_REAL_NS2_SIMULATION
INST_3089,DSDV,150,50,7,8,4,103089,EXPANDED_REAL_NS2_SIMULATION
INST_3089,AOMDV,150,50,7,8,4,103089,EXPANDED_REAL_NS2_SIMULATION
INST_3090,AODV,150,50,7,8,5,103090,EXPANDED_REAL_NS2_SIMULATION
INST_3090,DSDV,150,50,7,8,5,103090,EXPANDED_REAL_NS2_SIMULATION
INST_3090,AOMDV,150,50,7,8,5,103090,EXPANDED_REAL_NS2_SIMULATION
INST_3091,AODV,150,50,10,3,1,103091,EXPANDED_REAL_NS2_SIMULATION
INST_3091,DSDV,150,50,10,3,1,103091,EXPANDED_REAL_NS2_SIMULATION
INST_3091,AOMDV,150,50,10,3,1,103091,EXPANDED_REAL_NS2_SIMULATION
INST_3092,AODV,150,50,10,3,2,103092,EXPANDED_REAL_NS2_SIMULATION
INST_3092,DSDV,150,50,10,3,2,103092,EXPANDED_REAL_NS2_SIMULATION
INST_3092,AOMDV,150,50,10,3,2,103092,EXPANDED_REAL_NS2_SIMULATION
INST_3093,AODV,150,50,10,3,3,103093,EXPANDED_REAL_NS2_SIMULATION
INST_3093,DSDV,150,50,10,3,3,103093,EXPANDED_REAL_NS2_SIMULATION
INST_3093,AOMDV,150,50,10,3,3,103093,EXPANDED_REAL_NS2_SIMULATION
INST_3094,AODV,150,50,10,3,4,103094,EXPANDED_REAL_NS2_SIMULATION
INST_3094,DSDV,150,50,10,3,4,103094,EXPANDED_REAL_NS2_SIMULATION
INST_3094,AOMDV,150,50,10,3,4,103094,EXPANDED_REAL_NS2_SIMULATION
INST_3095,AODV,150,50,10,3,5,103095,EXPANDED_REAL_NS2_SIMULATION
INST_3095,DSDV,150,50,10,3,5,103095,EXPANDED_REAL_NS2_SIMULATION
INST_3095,AOMDV,150,50,10,3,5,103095,EXPANDED_REAL_NS2_SIMULATION
INST_3096,AODV,150,50,10,5,1,103096,EXPANDED_REAL_NS2_SIMULATION
INST_3096,DSDV,150,50,10,5,1,103096,EXPANDED_REAL_NS2_SIMULATION
INST_3096,AOMDV,150,50,10,5,1,103096,EXPANDED_REAL_NS2_SIMULATION
INST_3097,AODV,150,50,10,5,2,103097,EXPANDED_REAL_NS2_SIMULATION
INST_3097,DSDV,150,50,10,5,2,103097,EXPANDED_REAL_NS2_SIMULATION
INST_3097,AOMDV,150,50,10,5,2,103097,EXPANDED_REAL_NS2_SIMULATION
INST_3098,AODV,150,50,10,5,3,103098,EXPANDED_REAL_NS2_SIMULATION
INST_3098,DSDV,150,50,10,5,3,103098,EXPANDED_REAL_NS2_SIMULATION
INST_3098,AOMDV,150,50,10,5,3,103098,EXPANDED_REAL_NS2_SIMULATION
INST_3099,AODV,150,50,10,5,4,103099,EXPANDED_REAL_NS2_SIMULATION
INST_3099,DSDV,150,50,10,5,4,103099,EXPANDED_REAL_NS2_SIMULATION
INST_3099,AOMDV,150,50,10,5,4,103099,EXPANDED_REAL_NS2_SIMULATION
INST_3100,AODV,150,50,10,5,5,103100,EXPANDED_REAL_NS2_SIMULATION
INST_3100,DSDV,150,50,10,5,5,103100,EXPANDED_REAL_NS2_SIMULATION
INST_3100,AOMDV,150,50,10,5,5,103100,EXPANDED_REAL_NS2_SIMULATION
INST_3101,AODV,150,50,10,6,1,103101,EXPANDED_REAL_NS2_SIMULATION
INST_3101,DSDV,150,50,10,6,1,103101,EXPANDED_REAL_NS2_SIMULATION
INST_3101,AOMDV,150,50,10,6,1,103101,EXPANDED_REAL_NS2_SIMULATION
INST_3102,AODV,150,50,10,6,2,103102,EXPANDED_REAL_NS2_SIMULATION
INST_3102,DSDV,150,50,10,6,2,103102,EXPANDED_REAL_NS2_SIMULATION
INST_3102,AOMDV,150,50,10,6,2,103102,EXPANDED_REAL_NS2_SIMULATION
INST_3103,AODV,150,50,10,6,3,103103,EXPANDED_REAL_NS2_SIMULATION
INST_3103,DSDV,150,50,10,6,3,103103,EXPANDED_REAL_NS2_SIMULATION
INST_3103,AOMDV,150,50,10,6,3,103103,EXPANDED_REAL_NS2_SIMULATION
INST_3104,AODV,150,50,10,6,4,103104,EXPANDED_REAL_NS2_SIMULATION
INST_3104,DSDV,150,50,10,6,4,103104,EXPANDED_REAL_NS2_SIMULATION
INST_3104,AOMDV,150,50,10,6,4,103104,EXPANDED_REAL_NS2_SIMULATION
INST_3105,AODV,150,50,10,6,5,103105,EXPANDED_REAL_NS2_SIMULATION
INST_3105,DSDV,150,50,10,6,5,103105,EXPANDED_REAL_NS2_SIMULATION
INST_3105,AOMDV,150,50,10,6,5,103105,EXPANDED_REAL_NS2_SIMULATION
INST_3106,AODV,150,50,12,2,1,103106,EXPANDED_REAL_NS2_SIMULATION
INST_3106,DSDV,150,50,12,2,1,103106,EXPANDED_REAL_NS2_SIMULATION
INST_3106,AOMDV,150,50,12,2,1,103106,EXPANDED_REAL_NS2_SIMULATION
INST_3107,AODV,150,50,12,2,2,103107,EXPANDED_REAL_NS2_SIMULATION
INST_3107,DSDV,150,50,12,2,2,103107,EXPANDED_REAL_NS2_SIMULATION
INST_3107,AOMDV,150,50,12,2,2,103107,EXPANDED_REAL_NS2_SIMULATION
INST_3108,AODV,150,50,12,2,3,103108,EXPANDED_REAL_NS2_SIMULATION
INST_3108,DSDV,150,50,12,2,3,103108,EXPANDED_REAL_NS2_SIMULATION
INST_3108,AOMDV,150,50,12,2,3,103108,EXPANDED_REAL_NS2_SIMULATION
INST_3109,AODV,150,50,12,2,4,103109,EXPANDED_REAL_NS2_SIMULATION
INST_3109,DSDV,150,50,12,2,4,103109,EXPANDED_REAL_NS2_SIMULATION
INST_3109,AOMDV,150,50,12,2,4,103109,EXPANDED_REAL_NS2_SIMULATION
INST_3110,AODV,150,50,12,2,5,103110,EXPANDED_REAL_NS2_SIMULATION
INST_3110,DSDV,150,50,12,2,5,103110,EXPANDED_REAL_NS2_SIMULATION
INST_3110,AOMDV,150,50,12,2,5,103110,EXPANDED_REAL_NS2_SIMULATION
INST_3111,AODV,150,50,12,3,1,103111,EXPANDED_REAL_NS2_SIMULATION
INST_3111,DSDV,150,50,12,3,1,103111,EXPANDED_REAL_NS2_SIMULATION
INST_3111,AOMDV,150,50,12,3,1,103111,EXPANDED_REAL_NS2_SIMULATION
INST_3112,AODV,150,50,12,3,2,103112,EXPANDED_REAL_NS2_SIMULATION
INST_3112,DSDV,150,50,12,3,2,103112,EXPANDED_REAL_NS2_SIMULATION
INST_3112,AOMDV,150,50,12,3,2,103112,EXPANDED_REAL_NS2_SIMULATION
INST_3113,AODV,150,50,12,3,3,103113,EXPANDED_REAL_NS2_SIMULATION
INST_3113,DSDV,150,50,12,3,3,103113,EXPANDED_REAL_NS2_SIMULATION
INST_3113,AOMDV,150,50,12,3,3,103113,EXPANDED_REAL_NS2_SIMULATION
INST_3114,AODV,150,50,12,3,4,103114,EXPANDED_REAL_NS2_SIMULATION
INST_3114,DSDV,150,50,12,3,4,103114,EXPANDED_REAL_NS2_SIMULATION
INST_3114,AOMDV,150,50,12,3,4,103114,EXPANDED_REAL_NS2_SIMULATION
INST_3115,AODV,150,50,12,3,5,103115,EXPANDED_REAL_NS2_SIMULATION
INST_3115,DSDV,150,50,12,3,5,103115,EXPANDED_REAL_NS2_SIMULATION
INST_3115,AOMDV,150,50,12,3,5,103115,EXPANDED_REAL_NS2_SIMULATION
INST_3116,AODV,150,50,12,4,1,103116,EXPANDED_REAL_NS2_SIMULATION
INST_3116,DSDV,150,50,12,4,1,103116,EXPANDED_REAL_NS2_SIMULATION
INST_3116,AOMDV,150,50,12,4,1,103116,EXPANDED_REAL_NS2_SIMULATION
INST_3117,AODV,150,50,12,4,2,103117,EXPANDED_REAL_NS2_SIMULATION
INST_3117,DSDV,150,50,12,4,2,103117,EXPANDED_REAL_NS2_SIMULATION
INST_3117,AOMDV,150,50,12,4,2,103117,EXPANDED_REAL_NS2_SIMULATION
INST_3118,AODV,150,50,12,4,3,103118,EXPANDED_REAL_NS2_SIMULATION
INST_3118,DSDV,150,50,12,4,3,103118,EXPANDED_REAL_NS2_SIMULATION
INST_3118,AOMDV,150,50,12,4,3,103118,EXPANDED_REAL_NS2_SIMULATION
INST_3119,AODV,150,50,12,4,4,103119,EXPANDED_REAL_NS2_SIMULATION
INST_3119,DSDV,150,50,12,4,4,103119,EXPANDED_REAL_NS2_SIMULATION
INST_3119,AOMDV,150,50,12,4,4,103119,EXPANDED_REAL_NS2_SIMULATION
INST_3120,AODV,150,50,12,4,5,103120,EXPANDED_REAL_NS2_SIMULATION
INST_3120,DSDV,150,50,12,4,5,103120,EXPANDED_REAL_NS2_SIMULATION
INST_3120,AOMDV,150,50,12,4,5,103120,EXPANDED_REAL_NS2_SIMULATION
INST_3121,AODV,150,50,12,5,1,103121,EXPANDED_REAL_NS2_SIMULATION
INST_3121,DSDV,150,50,12,5,1,103121,EXPANDED_REAL_NS2_SIMULATION
INST_3121,AOMDV,150,50,12,5,1,103121,EXPANDED_REAL_NS2_SIMULATION
INST_3122,AODV,150,50,12,5,2,103122,EXPANDED_REAL_NS2_SIMULATION
INST_3122,DSDV,150,50,12,5,2,103122,EXPANDED_REAL_NS2_SIMULATION
INST_3122,AOMDV,150,50,12,5,2,103122,EXPANDED_REAL_NS2_SIMULATION
INST_3123,AODV,150,50,12,5,3,103123,EXPANDED_REAL_NS2_SIMULATION
INST_3123,DSDV,150,50,12,5,3,103123,EXPANDED_REAL_NS2_SIMULATION
INST_3123,AOMDV,150,50,12,5,3,103123,EXPANDED_REAL_NS2_SIMULATION
INST_3124,AODV,150,50,12,5,4,103124,EXPANDED_REAL_NS2_SIMULATION
INST_3124,DSDV,150,50,12,5,4,103124,EXPANDED_REAL_NS2_SIMULATION
INST_3124,AOMDV,150,50,12,5,4,103124,EXPANDED_REAL_NS2_SIMULATION
INST_3125,AODV,150,50,12,5,5,103125,EXPANDED_REAL_NS2_SIMULATION
INST_3125,DSDV,150,50,12,5,5,103125,EXPANDED_REAL_NS2_SIMULATION
INST_3125,AOMDV,150,50,12,5,5,103125,EXPANDED_REAL_NS2_SIMULATION
INST_3126,AODV,150,50,12,6,1,103126,EXPANDED_REAL_NS2_SIMULATION
INST_3126,DSDV,150,50,12,6,1,103126,EXPANDED_REAL_NS2_SIMULATION
INST_3126,AOMDV,150,50,12,6,1,103126,EXPANDED_REAL_NS2_SIMULATION
INST_3127,AODV,150,50,12,6,2,103127,EXPANDED_REAL_NS2_SIMULATION
INST_3127,DSDV,150,50,12,6,2,103127,EXPANDED_REAL_NS2_SIMULATION
INST_3127,AOMDV,150,50,12,6,2,103127,EXPANDED_REAL_NS2_SIMULATION
INST_3128,AODV,150,50,12,6,3,103128,EXPANDED_REAL_NS2_SIMULATION
INST_3128,DSDV,150,50,12,6,3,103128,EXPANDED_REAL_NS2_SIMULATION
INST_3128,AOMDV,150,50,12,6,3,103128,EXPANDED_REAL_NS2_SIMULATION
INST_3129,AODV,150,50,12,6,4,103129,EXPANDED_REAL_NS2_SIMULATION
INST_3129,DSDV,150,50,12,6,4,103129,EXPANDED_REAL_NS2_SIMULATION
INST_3129,AOMDV,150,50,12,6,4,103129,EXPANDED_REAL_NS2_SIMULATION
INST_3130,AODV,150,50,12,6,5,103130,EXPANDED_REAL_NS2_SIMULATION
INST_3130,DSDV,150,50,12,6,5,103130,EXPANDED_REAL_NS2_SIMULATION
INST_3130,AOMDV,150,50,12,6,5,103130,EXPANDED_REAL_NS2_SIMULATION
INST_3131,AODV,150,50,12,8,1,103131,EXPANDED_REAL_NS2_SIMULATION
INST_3131,DSDV,150,50,12,8,1,103131,EXPANDED_REAL_NS2_SIMULATION
INST_3131,AOMDV,150,50,12,8,1,103131,EXPANDED_REAL_NS2_SIMULATION
INST_3132,AODV,150,50,12,8,2,103132,EXPANDED_REAL_NS2_SIMULATION
INST_3132,DSDV,150,50,12,8,2,103132,EXPANDED_REAL_NS2_SIMULATION
INST_3132,AOMDV,150,50,12,8,2,103132,EXPANDED_REAL_NS2_SIMULATION
INST_3133,AODV,150,50,12,8,3,103133,EXPANDED_REAL_NS2_SIMULATION
INST_3133,DSDV,150,50,12,8,3,103133,EXPANDED_REAL_NS2_SIMULATION
INST_3133,AOMDV,150,50,12,8,3,103133,EXPANDED_REAL_NS2_SIMULATION
INST_3134,AODV,150,50,12,8,4,103134,EXPANDED_REAL_NS2_SIMULATION
INST_3134,DSDV,150,50,12,8,4,103134,EXPANDED_REAL_NS2_SIMULATION
INST_3134,AOMDV,150,50,12,8,4,103134,EXPANDED_REAL_NS2_SIMULATION
INST_3135,AODV,150,50,12,8,5,103135,EXPANDED_REAL_NS2_SIMULATION
INST_3135,DSDV,150,50,12,8,5,103135,EXPANDED_REAL_NS2_SIMULATION
INST_3135,AOMDV,150,50,12,8,5,103135,EXPANDED_REAL_NS2_SIMULATION
INST_3136,AODV,150,50,15,3,1,103136,EXPANDED_REAL_NS2_SIMULATION
INST_3136,DSDV,150,50,15,3,1,103136,EXPANDED_REAL_NS2_SIMULATION
INST_3136,AOMDV,150,50,15,3,1,103136,EXPANDED_REAL_NS2_SIMULATION
INST_3137,AODV,150,50,15,3,2,103137,EXPANDED_REAL_NS2_SIMULATION
INST_3137,DSDV,150,50,15,3,2,103137,EXPANDED_REAL_NS2_SIMULATION
INST_3137,AOMDV,150,50,15,3,2,103137,EXPANDED_REAL_NS2_SIMULATION
INST_3138,AODV,150,50,15,3,3,103138,EXPANDED_REAL_NS2_SIMULATION
INST_3138,DSDV,150,50,15,3,3,103138,EXPANDED_REAL_NS2_SIMULATION
INST_3138,AOMDV,150,50,15,3,3,103138,EXPANDED_REAL_NS2_SIMULATION
INST_3139,AODV,150,50,15,3,4,103139,EXPANDED_REAL_NS2_SIMULATION
INST_3139,DSDV,150,50,15,3,4,103139,EXPANDED_REAL_NS2_SIMULATION
INST_3139,AOMDV,150,50,15,3,4,103139,EXPANDED_REAL_NS2_SIMULATION
INST_3140,AODV,150,50,15,3,5,103140,EXPANDED_REAL_NS2_SIMULATION
INST_3140,DSDV,150,50,15,3,5,103140,EXPANDED_REAL_NS2_SIMULATION
INST_3140,AOMDV,150,50,15,3,5,103140,EXPANDED_REAL_NS2_SIMULATION
INST_3141,AODV,150,50,15,5,1,103141,EXPANDED_REAL_NS2_SIMULATION
INST_3141,DSDV,150,50,15,5,1,103141,EXPANDED_REAL_NS2_SIMULATION
INST_3141,AOMDV,150,50,15,5,1,103141,EXPANDED_REAL_NS2_SIMULATION
INST_3142,AODV,150,50,15,5,2,103142,EXPANDED_REAL_NS2_SIMULATION
INST_3142,DSDV,150,50,15,5,2,103142,EXPANDED_REAL_NS2_SIMULATION
INST_3142,AOMDV,150,50,15,5,2,103142,EXPANDED_REAL_NS2_SIMULATION
INST_3143,AODV,150,50,15,5,3,103143,EXPANDED_REAL_NS2_SIMULATION
INST_3143,DSDV,150,50,15,5,3,103143,EXPANDED_REAL_NS2_SIMULATION
INST_3143,AOMDV,150,50,15,5,3,103143,EXPANDED_REAL_NS2_SIMULATION
INST_3144,AODV,150,50,15,5,4,103144,EXPANDED_REAL_NS2_SIMULATION
INST_3144,DSDV,150,50,15,5,4,103144,EXPANDED_REAL_NS2_SIMULATION
INST_3144,AOMDV,150,50,15,5,4,103144,EXPANDED_REAL_NS2_SIMULATION
INST_3145,AODV,150,50,15,5,5,103145,EXPANDED_REAL_NS2_SIMULATION
INST_3145,DSDV,150,50,15,5,5,103145,EXPANDED_REAL_NS2_SIMULATION
INST_3145,AOMDV,150,50,15,5,5,103145,EXPANDED_REAL_NS2_SIMULATION
INST_3146,AODV,150,50,15,6,1,103146,EXPANDED_REAL_NS2_SIMULATION
INST_3146,DSDV,150,50,15,6,1,103146,EXPANDED_REAL_NS2_SIMULATION
INST_3146,AOMDV,150,50,15,6,1,103146,EXPANDED_REAL_NS2_SIMULATION
INST_3147,AODV,150,50,15,6,2,103147,EXPANDED_REAL_NS2_SIMULATION
INST_3147,DSDV,150,50,15,6,2,103147,EXPANDED_REAL_NS2_SIMULATION
INST_3147,AOMDV,150,50,15,6,2,103147,EXPANDED_REAL_NS2_SIMULATION
INST_3148,AODV,150,50,15,6,3,103148,EXPANDED_REAL_NS2_SIMULATION
INST_3148,DSDV,150,50,15,6,3,103148,EXPANDED_REAL_NS2_SIMULATION
INST_3148,AOMDV,150,50,15,6,3,103148,EXPANDED_REAL_NS2_SIMULATION
INST_3149,AODV,150,50,15,6,4,103149,EXPANDED_REAL_NS2_SIMULATION
INST_3149,DSDV,150,50,15,6,4,103149,EXPANDED_REAL_NS2_SIMULATION
INST_3149,AOMDV,150,50,15,6,4,103149,EXPANDED_REAL_NS2_SIMULATION
INST_3150,AODV,150,50,15,6,5,103150,EXPANDED_REAL_NS2_SIMULATION
INST_3150,DSDV,150,50,15,6,5,103150,EXPANDED_REAL_NS2_SIMULATION
INST_3150,AOMDV,150,50,15,6,5,103150,EXPANDED_REAL_NS2_SIMULATION
INST_3151,AODV,150,50,18,2,1,103151,EXPANDED_REAL_NS2_SIMULATION
INST_3151,DSDV,150,50,18,2,1,103151,EXPANDED_REAL_NS2_SIMULATION
INST_3151,AOMDV,150,50,18,2,1,103151,EXPANDED_REAL_NS2_SIMULATION
INST_3152,AODV,150,50,18,2,2,103152,EXPANDED_REAL_NS2_SIMULATION
INST_3152,DSDV,150,50,18,2,2,103152,EXPANDED_REAL_NS2_SIMULATION
INST_3152,AOMDV,150,50,18,2,2,103152,EXPANDED_REAL_NS2_SIMULATION
INST_3153,AODV,150,50,18,2,3,103153,EXPANDED_REAL_NS2_SIMULATION
INST_3153,DSDV,150,50,18,2,3,103153,EXPANDED_REAL_NS2_SIMULATION
INST_3153,AOMDV,150,50,18,2,3,103153,EXPANDED_REAL_NS2_SIMULATION
INST_3154,AODV,150,50,18,2,4,103154,EXPANDED_REAL_NS2_SIMULATION
INST_3154,DSDV,150,50,18,2,4,103154,EXPANDED_REAL_NS2_SIMULATION
INST_3154,AOMDV,150,50,18,2,4,103154,EXPANDED_REAL_NS2_SIMULATION
INST_3155,AODV,150,50,18,2,5,103155,EXPANDED_REAL_NS2_SIMULATION
INST_3155,DSDV,150,50,18,2,5,103155,EXPANDED_REAL_NS2_SIMULATION
INST_3155,AOMDV,150,50,18,2,5,103155,EXPANDED_REAL_NS2_SIMULATION
INST_3156,AODV,150,50,18,3,1,103156,EXPANDED_REAL_NS2_SIMULATION
INST_3156,DSDV,150,50,18,3,1,103156,EXPANDED_REAL_NS2_SIMULATION
INST_3156,AOMDV,150,50,18,3,1,103156,EXPANDED_REAL_NS2_SIMULATION
INST_3157,AODV,150,50,18,3,2,103157,EXPANDED_REAL_NS2_SIMULATION
INST_3157,DSDV,150,50,18,3,2,103157,EXPANDED_REAL_NS2_SIMULATION
INST_3157,AOMDV,150,50,18,3,2,103157,EXPANDED_REAL_NS2_SIMULATION
INST_3158,AODV,150,50,18,3,3,103158,EXPANDED_REAL_NS2_SIMULATION
INST_3158,DSDV,150,50,18,3,3,103158,EXPANDED_REAL_NS2_SIMULATION
INST_3158,AOMDV,150,50,18,3,3,103158,EXPANDED_REAL_NS2_SIMULATION
INST_3159,AODV,150,50,18,3,4,103159,EXPANDED_REAL_NS2_SIMULATION
INST_3159,DSDV,150,50,18,3,4,103159,EXPANDED_REAL_NS2_SIMULATION
INST_3159,AOMDV,150,50,18,3,4,103159,EXPANDED_REAL_NS2_SIMULATION
INST_3160,AODV,150,50,18,3,5,103160,EXPANDED_REAL_NS2_SIMULATION
INST_3160,DSDV,150,50,18,3,5,103160,EXPANDED_REAL_NS2_SIMULATION
INST_3160,AOMDV,150,50,18,3,5,103160,EXPANDED_REAL_NS2_SIMULATION
INST_3161,AODV,150,50,18,4,1,103161,EXPANDED_REAL_NS2_SIMULATION
INST_3161,DSDV,150,50,18,4,1,103161,EXPANDED_REAL_NS2_SIMULATION
INST_3161,AOMDV,150,50,18,4,1,103161,EXPANDED_REAL_NS2_SIMULATION
INST_3162,AODV,150,50,18,4,2,103162,EXPANDED_REAL_NS2_SIMULATION
INST_3162,DSDV,150,50,18,4,2,103162,EXPANDED_REAL_NS2_SIMULATION
INST_3162,AOMDV,150,50,18,4,2,103162,EXPANDED_REAL_NS2_SIMULATION
INST_3163,AODV,150,50,18,4,3,103163,EXPANDED_REAL_NS2_SIMULATION
INST_3163,DSDV,150,50,18,4,3,103163,EXPANDED_REAL_NS2_SIMULATION
INST_3163,AOMDV,150,50,18,4,3,103163,EXPANDED_REAL_NS2_SIMULATION
INST_3164,AODV,150,50,18,4,4,103164,EXPANDED_REAL_NS2_SIMULATION
INST_3164,DSDV,150,50,18,4,4,103164,EXPANDED_REAL_NS2_SIMULATION
INST_3164,AOMDV,150,50,18,4,4,103164,EXPANDED_REAL_NS2_SIMULATION
INST_3165,AODV,150,50,18,4,5,103165,EXPANDED_REAL_NS2_SIMULATION
INST_3165,DSDV,150,50,18,4,5,103165,EXPANDED_REAL_NS2_SIMULATION
INST_3165,AOMDV,150,50,18,4,5,103165,EXPANDED_REAL_NS2_SIMULATION
INST_3166,AODV,150,50,18,5,1,103166,EXPANDED_REAL_NS2_SIMULATION
INST_3166,DSDV,150,50,18,5,1,103166,EXPANDED_REAL_NS2_SIMULATION
INST_3166,AOMDV,150,50,18,5,1,103166,EXPANDED_REAL_NS2_SIMULATION
INST_3167,AODV,150,50,18,5,2,103167,EXPANDED_REAL_NS2_SIMULATION
INST_3167,DSDV,150,50,18,5,2,103167,EXPANDED_REAL_NS2_SIMULATION
INST_3167,AOMDV,150,50,18,5,2,103167,EXPANDED_REAL_NS2_SIMULATION
INST_3168,AODV,150,50,18,5,3,103168,EXPANDED_REAL_NS2_SIMULATION
INST_3168,DSDV,150,50,18,5,3,103168,EXPANDED_REAL_NS2_SIMULATION
INST_3168,AOMDV,150,50,18,5,3,103168,EXPANDED_REAL_NS2_SIMULATION
INST_3169,AODV,150,50,18,5,4,103169,EXPANDED_REAL_NS2_SIMULATION
INST_3169,DSDV,150,50,18,5,4,103169,EXPANDED_REAL_NS2_SIMULATION
INST_3169,AOMDV,150,50,18,5,4,103169,EXPANDED_REAL_NS2_SIMULATION
INST_3170,AODV,150,50,18,5,5,103170,EXPANDED_REAL_NS2_SIMULATION
INST_3170,DSDV,150,50,18,5,5,103170,EXPANDED_REAL_NS2_SIMULATION
INST_3170,AOMDV,150,50,18,5,5,103170,EXPANDED_REAL_NS2_SIMULATION
INST_3171,AODV,150,50,18,6,1,103171,EXPANDED_REAL_NS2_SIMULATION
INST_3171,DSDV,150,50,18,6,1,103171,EXPANDED_REAL_NS2_SIMULATION
INST_3171,AOMDV,150,50,18,6,1,103171,EXPANDED_REAL_NS2_SIMULATION
INST_3172,AODV,150,50,18,6,2,103172,EXPANDED_REAL_NS2_SIMULATION
INST_3172,DSDV,150,50,18,6,2,103172,EXPANDED_REAL_NS2_SIMULATION
INST_3172,AOMDV,150,50,18,6,2,103172,EXPANDED_REAL_NS2_SIMULATION
INST_3173,AODV,150,50,18,6,3,103173,EXPANDED_REAL_NS2_SIMULATION
INST_3173,DSDV,150,50,18,6,3,103173,EXPANDED_REAL_NS2_SIMULATION
INST_3173,AOMDV,150,50,18,6,3,103173,EXPANDED_REAL_NS2_SIMULATION
INST_3174,AODV,150,50,18,6,4,103174,EXPANDED_REAL_NS2_SIMULATION
INST_3174,DSDV,150,50,18,6,4,103174,EXPANDED_REAL_NS2_SIMULATION
INST_3174,AOMDV,150,50,18,6,4,103174,EXPANDED_REAL_NS2_SIMULATION
INST_3175,AODV,150,50,18,6,5,103175,EXPANDED_REAL_NS2_SIMULATION
INST_3175,DSDV,150,50,18,6,5,103175,EXPANDED_REAL_NS2_SIMULATION
INST_3175,AOMDV,150,50,18,6,5,103175,EXPANDED_REAL_NS2_SIMULATION
INST_3176,AODV,150,50,18,8,1,103176,EXPANDED_REAL_NS2_SIMULATION
INST_3176,DSDV,150,50,18,8,1,103176,EXPANDED_REAL_NS2_SIMULATION
INST_3176,AOMDV,150,50,18,8,1,103176,EXPANDED_REAL_NS2_SIMULATION
INST_3177,AODV,150,50,18,8,2,103177,EXPANDED_REAL_NS2_SIMULATION
INST_3177,DSDV,150,50,18,8,2,103177,EXPANDED_REAL_NS2_SIMULATION
INST_3177,AOMDV,150,50,18,8,2,103177,EXPANDED_REAL_NS2_SIMULATION
INST_3178,AODV,150,50,18,8,3,103178,EXPANDED_REAL_NS2_SIMULATION
INST_3178,DSDV,150,50,18,8,3,103178,EXPANDED_REAL_NS2_SIMULATION
INST_3178,AOMDV,150,50,18,8,3,103178,EXPANDED_REAL_NS2_SIMULATION
INST_3179,AODV,150,50,18,8,4,103179,EXPANDED_REAL_NS2_SIMULATION
INST_3179,DSDV,150,50,18,8,4,103179,EXPANDED_REAL_NS2_SIMULATION
INST_3179,AOMDV,150,50,18,8,4,103179,EXPANDED_REAL_NS2_SIMULATION
INST_3180,AODV,150,50,18,8,5,103180,EXPANDED_REAL_NS2_SIMULATION
INST_3180,DSDV,150,50,18,8,5,103180,EXPANDED_REAL_NS2_SIMULATION
INST_3180,AOMDV,150,50,18,8,5,103180,EXPANDED_REAL_NS2_SIMULATION
INST_3181,AODV,150,50,20,3,1,103181,EXPANDED_REAL_NS2_SIMULATION
INST_3181,DSDV,150,50,20,3,1,103181,EXPANDED_REAL_NS2_SIMULATION
INST_3181,AOMDV,150,50,20,3,1,103181,EXPANDED_REAL_NS2_SIMULATION
INST_3182,AODV,150,50,20,3,2,103182,EXPANDED_REAL_NS2_SIMULATION
INST_3182,DSDV,150,50,20,3,2,103182,EXPANDED_REAL_NS2_SIMULATION
INST_3182,AOMDV,150,50,20,3,2,103182,EXPANDED_REAL_NS2_SIMULATION
INST_3183,AODV,150,50,20,3,3,103183,EXPANDED_REAL_NS2_SIMULATION
INST_3183,DSDV,150,50,20,3,3,103183,EXPANDED_REAL_NS2_SIMULATION
INST_3183,AOMDV,150,50,20,3,3,103183,EXPANDED_REAL_NS2_SIMULATION
INST_3184,AODV,150,50,20,3,4,103184,EXPANDED_REAL_NS2_SIMULATION
INST_3184,DSDV,150,50,20,3,4,103184,EXPANDED_REAL_NS2_SIMULATION
INST_3184,AOMDV,150,50,20,3,4,103184,EXPANDED_REAL_NS2_SIMULATION
INST_3185,AODV,150,50,20,3,5,103185,EXPANDED_REAL_NS2_SIMULATION
INST_3185,DSDV,150,50,20,3,5,103185,EXPANDED_REAL_NS2_SIMULATION
INST_3185,AOMDV,150,50,20,3,5,103185,EXPANDED_REAL_NS2_SIMULATION
INST_3186,AODV,150,50,20,5,1,103186,EXPANDED_REAL_NS2_SIMULATION
INST_3186,DSDV,150,50,20,5,1,103186,EXPANDED_REAL_NS2_SIMULATION
INST_3186,AOMDV,150,50,20,5,1,103186,EXPANDED_REAL_NS2_SIMULATION
INST_3187,AODV,150,50,20,5,2,103187,EXPANDED_REAL_NS2_SIMULATION
INST_3187,DSDV,150,50,20,5,2,103187,EXPANDED_REAL_NS2_SIMULATION
INST_3187,AOMDV,150,50,20,5,2,103187,EXPANDED_REAL_NS2_SIMULATION
INST_3188,AODV,150,50,20,5,3,103188,EXPANDED_REAL_NS2_SIMULATION
INST_3188,DSDV,150,50,20,5,3,103188,EXPANDED_REAL_NS2_SIMULATION
INST_3188,AOMDV,150,50,20,5,3,103188,EXPANDED_REAL_NS2_SIMULATION
INST_3189,AODV,150,50,20,5,4,103189,EXPANDED_REAL_NS2_SIMULATION
INST_3189,DSDV,150,50,20,5,4,103189,EXPANDED_REAL_NS2_SIMULATION
INST_3189,AOMDV,150,50,20,5,4,103189,EXPANDED_REAL_NS2_SIMULATION
INST_3190,AODV,150,50,20,5,5,103190,EXPANDED_REAL_NS2_SIMULATION
INST_3190,DSDV,150,50,20,5,5,103190,EXPANDED_REAL_NS2_SIMULATION
INST_3190,AOMDV,150,50,20,5,5,103190,EXPANDED_REAL_NS2_SIMULATION
INST_3191,AODV,150,50,20,6,1,103191,EXPANDED_REAL_NS2_SIMULATION
INST_3191,DSDV,150,50,20,6,1,103191,EXPANDED_REAL_NS2_SIMULATION
INST_3191,AOMDV,150,50,20,6,1,103191,EXPANDED_REAL_NS2_SIMULATION
INST_3192,AODV,150,50,20,6,2,103192,EXPANDED_REAL_NS2_SIMULATION
INST_3192,DSDV,150,50,20,6,2,103192,EXPANDED_REAL_NS2_SIMULATION
INST_3192,AOMDV,150,50,20,6,2,103192,EXPANDED_REAL_NS2_SIMULATION
INST_3193,AODV,150,50,20,6,3,103193,EXPANDED_REAL_NS2_SIMULATION
INST_3193,DSDV,150,50,20,6,3,103193,EXPANDED_REAL_NS2_SIMULATION
INST_3193,AOMDV,150,50,20,6,3,103193,EXPANDED_REAL_NS2_SIMULATION
INST_3194,AODV,150,50,20,6,4,103194,EXPANDED_REAL_NS2_SIMULATION
INST_3194,DSDV,150,50,20,6,4,103194,EXPANDED_REAL_NS2_SIMULATION
INST_3194,AOMDV,150,50,20,6,4,103194,EXPANDED_REAL_NS2_SIMULATION
INST_3195,AODV,150,50,20,6,5,103195,EXPANDED_REAL_NS2_SIMULATION
INST_3195,DSDV,150,50,20,6,5,103195,EXPANDED_REAL_NS2_SIMULATION
INST_3195,AOMDV,150,50,20,6,5,103195,EXPANDED_REAL_NS2_SIMULATION
INST_3196,AODV,150,50,22,2,1,103196,EXPANDED_REAL_NS2_SIMULATION
INST_3196,DSDV,150,50,22,2,1,103196,EXPANDED_REAL_NS2_SIMULATION
INST_3196,AOMDV,150,50,22,2,1,103196,EXPANDED_REAL_NS2_SIMULATION
INST_3197,AODV,150,50,22,2,2,103197,EXPANDED_REAL_NS2_SIMULATION
INST_3197,DSDV,150,50,22,2,2,103197,EXPANDED_REAL_NS2_SIMULATION
INST_3197,AOMDV,150,50,22,2,2,103197,EXPANDED_REAL_NS2_SIMULATION
INST_3198,AODV,150,50,22,2,3,103198,EXPANDED_REAL_NS2_SIMULATION
INST_3198,DSDV,150,50,22,2,3,103198,EXPANDED_REAL_NS2_SIMULATION
INST_3198,AOMDV,150,50,22,2,3,103198,EXPANDED_REAL_NS2_SIMULATION
INST_3199,AODV,150,50,22,2,4,103199,EXPANDED_REAL_NS2_SIMULATION
INST_3199,DSDV,150,50,22,2,4,103199,EXPANDED_REAL_NS2_SIMULATION
INST_3199,AOMDV,150,50,22,2,4,103199,EXPANDED_REAL_NS2_SIMULATION
INST_3200,AODV,150,50,22,2,5,103200,EXPANDED_REAL_NS2_SIMULATION
INST_3200,DSDV,150,50,22,2,5,103200,EXPANDED_REAL_NS2_SIMULATION
INST_3200,AOMDV,150,50,22,2,5,103200,EXPANDED_REAL_NS2_SIMULATION
INST_3201,AODV,150,50,22,3,1,103201,EXPANDED_REAL_NS2_SIMULATION
INST_3201,DSDV,150,50,22,3,1,103201,EXPANDED_REAL_NS2_SIMULATION
INST_3201,AOMDV,150,50,22,3,1,103201,EXPANDED_REAL_NS2_SIMULATION
INST_3202,AODV,150,50,22,3,2,103202,EXPANDED_REAL_NS2_SIMULATION
INST_3202,DSDV,150,50,22,3,2,103202,EXPANDED_REAL_NS2_SIMULATION
INST_3202,AOMDV,150,50,22,3,2,103202,EXPANDED_REAL_NS2_SIMULATION
INST_3203,AODV,150,50,22,3,3,103203,EXPANDED_REAL_NS2_SIMULATION
INST_3203,DSDV,150,50,22,3,3,103203,EXPANDED_REAL_NS2_SIMULATION
INST_3203,AOMDV,150,50,22,3,3,103203,EXPANDED_REAL_NS2_SIMULATION
INST_3204,AODV,150,50,22,3,4,103204,EXPANDED_REAL_NS2_SIMULATION
INST_3204,DSDV,150,50,22,3,4,103204,EXPANDED_REAL_NS2_SIMULATION
INST_3204,AOMDV,150,50,22,3,4,103204,EXPANDED_REAL_NS2_SIMULATION
INST_3205,AODV,150,50,22,3,5,103205,EXPANDED_REAL_NS2_SIMULATION
INST_3205,DSDV,150,50,22,3,5,103205,EXPANDED_REAL_NS2_SIMULATION
INST_3205,AOMDV,150,50,22,3,5,103205,EXPANDED_REAL_NS2_SIMULATION
INST_3206,AODV,150,50,22,4,1,103206,EXPANDED_REAL_NS2_SIMULATION
INST_3206,DSDV,150,50,22,4,1,103206,EXPANDED_REAL_NS2_SIMULATION
INST_3206,AOMDV,150,50,22,4,1,103206,EXPANDED_REAL_NS2_SIMULATION
INST_3207,AODV,150,50,22,4,2,103207,EXPANDED_REAL_NS2_SIMULATION
INST_3207,DSDV,150,50,22,4,2,103207,EXPANDED_REAL_NS2_SIMULATION
INST_3207,AOMDV,150,50,22,4,2,103207,EXPANDED_REAL_NS2_SIMULATION
INST_3208,AODV,150,50,22,4,3,103208,EXPANDED_REAL_NS2_SIMULATION
INST_3208,DSDV,150,50,22,4,3,103208,EXPANDED_REAL_NS2_SIMULATION
INST_3208,AOMDV,150,50,22,4,3,103208,EXPANDED_REAL_NS2_SIMULATION
INST_3209,AODV,150,50,22,4,4,103209,EXPANDED_REAL_NS2_SIMULATION
INST_3209,DSDV,150,50,22,4,4,103209,EXPANDED_REAL_NS2_SIMULATION
INST_3209,AOMDV,150,50,22,4,4,103209,EXPANDED_REAL_NS2_SIMULATION
INST_3210,AODV,150,50,22,4,5,103210,EXPANDED_REAL_NS2_SIMULATION
INST_3210,DSDV,150,50,22,4,5,103210,EXPANDED_REAL_NS2_SIMULATION
INST_3210,AOMDV,150,50,22,4,5,103210,EXPANDED_REAL_NS2_SIMULATION
INST_3211,AODV,150,50,22,5,1,103211,EXPANDED_REAL_NS2_SIMULATION
INST_3211,DSDV,150,50,22,5,1,103211,EXPANDED_REAL_NS2_SIMULATION
INST_3211,AOMDV,150,50,22,5,1,103211,EXPANDED_REAL_NS2_SIMULATION
INST_3212,AODV,150,50,22,5,2,103212,EXPANDED_REAL_NS2_SIMULATION
INST_3212,DSDV,150,50,22,5,2,103212,EXPANDED_REAL_NS2_SIMULATION
INST_3212,AOMDV,150,50,22,5,2,103212,EXPANDED_REAL_NS2_SIMULATION
INST_3213,AODV,150,50,22,5,3,103213,EXPANDED_REAL_NS2_SIMULATION
INST_3213,DSDV,150,50,22,5,3,103213,EXPANDED_REAL_NS2_SIMULATION
INST_3213,AOMDV,150,50,22,5,3,103213,EXPANDED_REAL_NS2_SIMULATION
INST_3214,AODV,150,50,22,5,4,103214,EXPANDED_REAL_NS2_SIMULATION
INST_3214,DSDV,150,50,22,5,4,103214,EXPANDED_REAL_NS2_SIMULATION
INST_3214,AOMDV,150,50,22,5,4,103214,EXPANDED_REAL_NS2_SIMULATION
INST_3215,AODV,150,50,22,5,5,103215,EXPANDED_REAL_NS2_SIMULATION
INST_3215,DSDV,150,50,22,5,5,103215,EXPANDED_REAL_NS2_SIMULATION
INST_3215,AOMDV,150,50,22,5,5,103215,EXPANDED_REAL_NS2_SIMULATION
INST_3216,AODV,150,50,22,6,1,103216,EXPANDED_REAL_NS2_SIMULATION
INST_3216,DSDV,150,50,22,6,1,103216,EXPANDED_REAL_NS2_SIMULATION
INST_3216,AOMDV,150,50,22,6,1,103216,EXPANDED_REAL_NS2_SIMULATION
INST_3217,AODV,150,50,22,6,2,103217,EXPANDED_REAL_NS2_SIMULATION
INST_3217,DSDV,150,50,22,6,2,103217,EXPANDED_REAL_NS2_SIMULATION
INST_3217,AOMDV,150,50,22,6,2,103217,EXPANDED_REAL_NS2_SIMULATION
INST_3218,AODV,150,50,22,6,3,103218,EXPANDED_REAL_NS2_SIMULATION
INST_3218,DSDV,150,50,22,6,3,103218,EXPANDED_REAL_NS2_SIMULATION
INST_3218,AOMDV,150,50,22,6,3,103218,EXPANDED_REAL_NS2_SIMULATION
INST_3219,AODV,150,50,22,6,4,103219,EXPANDED_REAL_NS2_SIMULATION
INST_3219,DSDV,150,50,22,6,4,103219,EXPANDED_REAL_NS2_SIMULATION
INST_3219,AOMDV,150,50,22,6,4,103219,EXPANDED_REAL_NS2_SIMULATION
INST_3220,AODV,150,50,22,6,5,103220,EXPANDED_REAL_NS2_SIMULATION
INST_3220,DSDV,150,50,22,6,5,103220,EXPANDED_REAL_NS2_SIMULATION
INST_3220,AOMDV,150,50,22,6,5,103220,EXPANDED_REAL_NS2_SIMULATION
INST_3221,AODV,150,50,22,8,1,103221,EXPANDED_REAL_NS2_SIMULATION
INST_3221,DSDV,150,50,22,8,1,103221,EXPANDED_REAL_NS2_SIMULATION
INST_3221,AOMDV,150,50,22,8,1,103221,EXPANDED_REAL_NS2_SIMULATION
INST_3222,AODV,150,50,22,8,2,103222,EXPANDED_REAL_NS2_SIMULATION
INST_3222,DSDV,150,50,22,8,2,103222,EXPANDED_REAL_NS2_SIMULATION
INST_3222,AOMDV,150,50,22,8,2,103222,EXPANDED_REAL_NS2_SIMULATION
INST_3223,AODV,150,50,22,8,3,103223,EXPANDED_REAL_NS2_SIMULATION
INST_3223,DSDV,150,50,22,8,3,103223,EXPANDED_REAL_NS2_SIMULATION
INST_3223,AOMDV,150,50,22,8,3,103223,EXPANDED_REAL_NS2_SIMULATION
INST_3224,AODV,150,50,22,8,4,103224,EXPANDED_REAL_NS2_SIMULATION
INST_3224,DSDV,150,50,22,8,4,103224,EXPANDED_REAL_NS2_SIMULATION
INST_3224,AOMDV,150,50,22,8,4,103224,EXPANDED_REAL_NS2_SIMULATION
INST_3225,AODV,150,50,22,8,5,103225,EXPANDED_REAL_NS2_SIMULATION
INST_3225,DSDV,150,50,22,8,5,103225,EXPANDED_REAL_NS2_SIMULATION
INST_3225,AOMDV,150,50,22,8,5,103225,EXPANDED_REAL_NS2_SIMULATION
INST_3226,AODV,150,50,25,3,1,103226,EXPANDED_REAL_NS2_SIMULATION
INST_3226,DSDV,150,50,25,3,1,103226,EXPANDED_REAL_NS2_SIMULATION
INST_3226,AOMDV,150,50,25,3,1,103226,EXPANDED_REAL_NS2_SIMULATION
INST_3227,AODV,150,50,25,3,2,103227,EXPANDED_REAL_NS2_SIMULATION
INST_3227,DSDV,150,50,25,3,2,103227,EXPANDED_REAL_NS2_SIMULATION
INST_3227,AOMDV,150,50,25,3,2,103227,EXPANDED_REAL_NS2_SIMULATION
INST_3228,AODV,150,50,25,3,3,103228,EXPANDED_REAL_NS2_SIMULATION
INST_3228,DSDV,150,50,25,3,3,103228,EXPANDED_REAL_NS2_SIMULATION
INST_3228,AOMDV,150,50,25,3,3,103228,EXPANDED_REAL_NS2_SIMULATION
INST_3229,AODV,150,50,25,3,4,103229,EXPANDED_REAL_NS2_SIMULATION
INST_3229,DSDV,150,50,25,3,4,103229,EXPANDED_REAL_NS2_SIMULATION
INST_3229,AOMDV,150,50,25,3,4,103229,EXPANDED_REAL_NS2_SIMULATION
INST_3230,AODV,150,50,25,3,5,103230,EXPANDED_REAL_NS2_SIMULATION
INST_3230,DSDV,150,50,25,3,5,103230,EXPANDED_REAL_NS2_SIMULATION
INST_3230,AOMDV,150,50,25,3,5,103230,EXPANDED_REAL_NS2_SIMULATION
INST_3231,AODV,150,50,25,5,1,103231,EXPANDED_REAL_NS2_SIMULATION
INST_3231,DSDV,150,50,25,5,1,103231,EXPANDED_REAL_NS2_SIMULATION
INST_3231,AOMDV,150,50,25,5,1,103231,EXPANDED_REAL_NS2_SIMULATION
INST_3232,AODV,150,50,25,5,2,103232,EXPANDED_REAL_NS2_SIMULATION
INST_3232,DSDV,150,50,25,5,2,103232,EXPANDED_REAL_NS2_SIMULATION
INST_3232,AOMDV,150,50,25,5,2,103232,EXPANDED_REAL_NS2_SIMULATION
INST_3233,AODV,150,50,25,5,3,103233,EXPANDED_REAL_NS2_SIMULATION
INST_3233,DSDV,150,50,25,5,3,103233,EXPANDED_REAL_NS2_SIMULATION
INST_3233,AOMDV,150,50,25,5,3,103233,EXPANDED_REAL_NS2_SIMULATION
INST_3234,AODV,150,50,25,5,4,103234,EXPANDED_REAL_NS2_SIMULATION
INST_3234,DSDV,150,50,25,5,4,103234,EXPANDED_REAL_NS2_SIMULATION
INST_3234,AOMDV,150,50,25,5,4,103234,EXPANDED_REAL_NS2_SIMULATION
INST_3235,AODV,150,50,25,5,5,103235,EXPANDED_REAL_NS2_SIMULATION
INST_3235,DSDV,150,50,25,5,5,103235,EXPANDED_REAL_NS2_SIMULATION
INST_3235,AOMDV,150,50,25,5,5,103235,EXPANDED_REAL_NS2_SIMULATION
INST_3236,AODV,150,50,25,6,1,103236,EXPANDED_REAL_NS2_SIMULATION
INST_3236,DSDV,150,50,25,6,1,103236,EXPANDED_REAL_NS2_SIMULATION
INST_3236,AOMDV,150,50,25,6,1,103236,EXPANDED_REAL_NS2_SIMULATION
INST_3237,AODV,150,50,25,6,2,103237,EXPANDED_REAL_NS2_SIMULATION
INST_3237,DSDV,150,50,25,6,2,103237,EXPANDED_REAL_NS2_SIMULATION
INST_3237,AOMDV,150,50,25,6,2,103237,EXPANDED_REAL_NS2_SIMULATION
INST_3238,AODV,150,50,25,6,3,103238,EXPANDED_REAL_NS2_SIMULATION
INST_3238,DSDV,150,50,25,6,3,103238,EXPANDED_REAL_NS2_SIMULATION
INST_3238,AOMDV,150,50,25,6,3,103238,EXPANDED_REAL_NS2_SIMULATION
INST_3239,AODV,150,50,25,6,4,103239,EXPANDED_REAL_NS2_SIMULATION
INST_3239,DSDV,150,50,25,6,4,103239,EXPANDED_REAL_NS2_SIMULATION
INST_3239,AOMDV,150,50,25,6,4,103239,EXPANDED_REAL_NS2_SIMULATION
INST_3240,AODV,150,50,25,6,5,103240,EXPANDED_REAL_NS2_SIMULATION
INST_3240,DSDV,150,50,25,6,5,103240,EXPANDED_REAL_NS2_SIMULATION
INST_3240,AOMDV,150,50,25,6,5,103240,EXPANDED_REAL_NS2_SIMULATION
