Instance_ID,Protocol,Nodes,Speed_kmh,Flows,Packet_Rate_pps,Mobility_Seed,Packet_Size_Bytes,Simulation_Duration_s,Traffic_Base_Start_s,Flow_Stagger_s,Traffic_Duration_Per_Flow_s,Packets_Per_Flow,NS_RNG_Policy,Max_Triplet_Attempts_Per_Round,Simulation_Seed
INST_0001,AODV,50,20,5,2,1,512,300,20.0,0.037,270,540,Fixed_Per_Instance,1,100001
INST_0001,DSDV,50,20,5,2,1,512,300,20.0,0.037,270,540,Fixed_Per_Instance,1,100001
INST_0001,AOMDV,50,20,5,2,1,512,300,20.0,0.037,270,540,Fixed_Per_Instance,1,100001
INST_0002,AODV,50,20,5,2,2,512,300,20.0,0.037,270,540,Fixed_Per_Instance,1,100002
INST_0002,DSDV,50,20,5,2,2,512,300,20.0,0.037,270,540,Fixed_Per_Instance,1,100002
INST_0002,AOMDV,50,20,5,2,2,512,300,20.0,0.037,270,540,Fixed_Per_Instance,1,100002
INST_0003,AODV,50,20,5,2,3,512,300,20.0,0.037,270,540,Fixed_Per_Instance,1,100003
INST_0003,DSDV,50,20,5,2,3,512,300,20.0,0.037,270,540,Fixed_Per_Instance,1,100003
INST_0003,AOMDV,50,20,5,2,3,512,300,20.0,0.037,270,540,Fixed_Per_Instance,1,100003
INST_0004,AODV,50,20,5,2,4,512,300,20.0,0.037,270,540,Fixed_Per_Instance,1,100004
INST_0004,DSDV,50,20,5,2,4,512,300,20.0,0.037,270,540,Fixed_Per_Instance,1,100004
INST_0004,AOMDV,50,20,5,2,4,512,300,20.0,0.037,270,540,Fixed_Per_Instance,1,100004
INST_0005,AODV,50,20,5,2,5,512,300,20.0,0.037,270,540,Fixed_Per_Instance,1,100005
INST_0005,DSDV,50,20,5,2,5,512,300,20.0,0.037,270,540,Fixed_Per_Instance,1,100005
INST_0005,AOMDV,50,20,5,2,5,512,300,20.0,0.037,270,540,Fixed_Per_Instance,1,100005
INST_0006,AODV,50,20,5,4,1,512,300,20.0,0.037,270,1080,Fixed_Per_Instance,1,100006
INST_0006,DSDV,50,20,5,4,1,512,300,20.0,0.037,270,1080,Fixed_Per_Instance,1,100006
INST_0006,AOMDV,50,20,5,4,1,512,300,20.0,0.037,270,1080,Fixed_Per_Instance,1,100006
INST_0007,AODV,50,20,5,4,2,512,300,20.0,0.037,270,1080,Fixed_Per_Instance,1,100007
INST_0007,DSDV,50,20,5,4,2,512,300,20.0,0.037,270,1080,Fixed_Per_Instance,1,100007
INST_0007,AOMDV,50,20,5,4,2,512,300,20.0,0.037,270,1080,Fixed_Per_Instance,1,100007
INST_0008,AODV,50,20,5,4,3,512,300,20.0,0.037,270,1080,Fixed_Per_Instance,1,100008
INST_0008,DSDV,50,20,5,4,3,512,300,20.0,0.037,270,1080,Fixed_Per_Instance,1,100008
INST_0008,AOMDV,50,20,5,4,3,512,300,20.0,0.037,270,1080,Fixed_Per_Instance,1,100008
INST_0009,AODV,50,20,5,4,4,512,300,20.0,0.037,270,1080,Fixed_Per_Instance,1,100009
INST_0009,DSDV,50,20,5,4,4,512,300,20.0,0.037,270,1080,Fixed_Per_Instance,1,100009
INST_0009,AOMDV,50,20,5,4,4,512,300,20.0,0.037,270,1080,Fixed_Per_Instance,1,100009
INST_0010,AODV,50,20,5,4,5,512,300,20.0,0.037,270,1080,Fixed_Per_Instance,1,100010
INST_0010,DSDV,50,20,5,4,5,512,300,20.0,0.037,270,1080,Fixed_Per_Instance,1,100010
INST_0010,AOMDV,50,20,5,4,5,512,300,20.0,0.037,270,1080,Fixed_Per_Instance,1,100010
INST_0011,AODV,50,20,5,8,1,512,300,20.0,0.037,270,2160,Fixed_Per_Instance,1,100011
INST_0011,DSDV,50,20,5,8,1,512,300,20.0,0.037,270,2160,Fixed_Per_Instance,1,100011
INST_0011,AOMDV,50,20,5,8,1,512,300,20.0,0.037,270,2160,Fixed_Per_Instance,1,100011
INST_0012,AODV,50,20,5,8,2,512,300,20.0,0.037,270,2160,Fixed_Per_Instance,1,100012
INST_0012,DSDV,50,20,5,8,2,512,300,20.0,0.037,270,2160,Fixed_Per_Instance,1,100012
INST_0012,AOMDV,50,20,5,8,2,512,300,20.0,0.037,270,2160,Fixed_Per_Instance,1,100012
INST_0013,AODV,50,20,5,8,3,512,300,20.0,0.037,270,2160,Fixed_Per_Instance,1,100013
INST_0013,DSDV,50,20,5,8,3,512,300,20.0,0.037,270,2160,Fixed_Per_Instance,1,100013
INST_0013,AOMDV,50,20,5,8,3,512,300,20.0,0.037,270,2160,Fixed_Per_Instance,1,100013
INST_0014,AODV,50,20,5,8,4,512,300,20.0,0.037,270,2160,Fixed_Per_Instance,1,100014
INST_0014,DSDV,50,20,5,8,4,512,300,20.0,0.037,270,2160,Fixed_Per_Instance,1,100014
INST_0014,AOMDV,50,20,5,8,4,512,300,20.0,0.037,270,2160,Fixed_Per_Instance,1,100014
INST_0015,AODV,50,20,5,8,5,512,300,20.0,0.037,270,2160,Fixed_Per_Instance,1,100015
INST_0015,DSDV,50,20,5,8,5,512,300,20.0,0.037,270,2160,Fixed_Per_Instance,1,100015
INST_0015,AOMDV,50,20,5,8,5,512,300,20.0,0.037,270,2160,Fixed_Per_Instance,1,100015
INST_0016,AODV,50,20,10,2,1,512,300,20.0,0.037,270,540,Fixed_Per_Instance,1,100016
INST_0016,DSDV,50,20,10,2,1,512,300,20.0,0.037,270,540,Fixed_Per_Instance,1,100016
INST_0016,AOMDV,50,20,10,2,1,512,300,20.0,0.037,270,540,Fixed_Per_Instance,1,100016
INST_0017,AODV,50,20,10,2,2,512,300,20.0,0.037,270,540,Fixed_Per_Instance,1,100017
INST_0017,DSDV,50,20,10,2,2,512,300,20.0,0.037,270,540,Fixed_Per_Instance,1,100017
INST_0017,AOMDV,50,20,10,2,2,512,300,20.0,0.037,270,540,Fixed_Per_Instance,1,100017
INST_0018,AODV,50,20,10,2,3,512,300,20.0,0.037,270,540,Fixed_Per_Instance,1,100018
INST_0018,DSDV,50,20,10,2,3,512,300,20.0,0.037,270,540,Fixed_Per_Instance,1,100018
INST_0018,AOMDV,50,20,10,2,3,512,300,20.0,0.037,270,540,Fixed_Per_Instance,1,100018
INST_0019,AODV,50,20,10,2,4,512,300,20.0,0.037,270,540,Fixed_Per_Instance,1,100019
INST_0019,DSDV,50,20,10,2,4,512,300,20.0,0.037,270,540,Fixed_Per_Instance,1,100019
INST_0019,AOMDV,50,20,10,2,4,512,300,20.0,0.037,270,540,Fixed_Per_Instance,1,100019
INST_0020,AODV,50,20,10,2,5,512,300,20.0,0.037,270,540,Fixed_Per_Instance,1,100020
INST_0020,DSDV,50,20,10,2,5,512,300,20.0,0.037,270,540,Fixed_Per_Instance,1,100020
INST_0020,AOMDV,50,20,10,2,5,512,300,20.0,0.037,270,540,Fixed_Per_Instance,1,100020
INST_0021,AODV,50,20,10,4,1,512,300,20.0,0.037,270,1080,Fixed_Per_Instance,1,100021
INST_0021,DSDV,50,20,10,4,1,512,300,20.0,0.037,270,1080,Fixed_Per_Instance,1,100021
INST_0021,AOMDV,50,20,10,4,1,512,300,20.0,0.037,270,1080,Fixed_Per_Instance,1,100021
INST_0022,AODV,50,20,10,4,2,512,300,20.0,0.037,270,1080,Fixed_Per_Instance,1,100022
INST_0022,DSDV,50,20,10,4,2,512,300,20.0,0.037,270,1080,Fixed_Per_Instance,1,100022
INST_0022,AOMDV,50,20,10,4,2,512,300,20.0,0.037,270,1080,Fixed_Per_Instance,1,100022
INST_0023,AODV,50,20,10,4,3,512,300,20.0,0.037,270,1080,Fixed_Per_Instance,1,100023
INST_0023,DSDV,50,20,10,4,3,512,300,20.0,0.037,270,1080,Fixed_Per_Instance,1,100023
INST_0023,AOMDV,50,20,10,4,3,512,300,20.0,0.037,270,1080,Fixed_Per_Instance,1,100023
INST_0024,AODV,50,20,10,4,4,512,300,20.0,0.037,270,1080,Fixed_Per_Instance,1,100024
INST_0024,DSDV,50,20,10,4,4,512,300,20.0,0.037,270,1080,Fixed_Per_Instance,1,100024
INST_0024,AOMDV,50,20,10,4,4,512,300,20.0,0.037,270,1080,Fixed_Per_Instance,1,100024
INST_0025,AODV,50,20,10,4,5,512,300,20.0,0.037,270,1080,Fixed_Per_Instance,1,100025
INST_0025,DSDV,50,20,10,4,5,512,300,20.0,0.037,270,1080,Fixed_Per_Instance,1,100025
INST_0025,AOMDV,50,20,10,4,5,512,300,20.0,0.037,270,1080,Fixed_Per_Instance,1,100025
INST_0026,AODV,50,20,10,8,1,512,300,20.0,0.037,270,2160,Fixed_Per_Instance,1,100026
INST_0026,DSDV,50,20,10,8,1,512,300,20.0,0.037,270,2160,Fixed_Per_Instance,1,100026
INST_0026,AOMDV,50,20,10,8,1,512,300,20.0,0.037,270,2160,Fixed_Per_Instance,1,100026
INST_0027,AODV,50,20,10,8,2,512,300,20.0,0.037,270,2160,Fixed_Per_Instance,1,100027
INST_0027,DSDV,50,20,10,8,2,512,300,20.0,0.037,270,2160,Fixed_Per_Instance,1,100027
INST_0027,AOMDV,50,20,10,8,2,512,300,20.0,0.037,270,2160,Fixed_Per_Instance,1,100027
INST_0028,AODV,50,20,10,8,3,512,300,20.0,0.037,270,2160,Fixed_Per_Instance,1,100028
INST_0028,DSDV,50,20,10,8,3,512,300,20.0,0.037,270,2160,Fixed_Per_Instance,1,100028
INST_0028,AOMDV,50,20,10,8,3,512,300,20.0,0.037,270,2160,Fixed_Per_Instance,1,100028
INST_0029,AODV,50,20,10,8,4,512,300,20.0,0.037,270,2160,Fixed_Per_Instance,1,100029
INST_0029,DSDV,50,20,10,8,4,512,300,20.0,0.037,270,2160,Fixed_Per_Instance,1,100029
INST_0029,AOMDV,50,20,10,8,4,512,300,20.0,0.037,270,2160,Fixed_Per_Instance,1,100029
INST_0030,AODV,50,20,10,8,5,512,300,20.0,0.037,270,2160,Fixed_Per_Instance,1,100030
INST_0030,DSDV,50,20,10,8,5,512,300,20.0,0.037,270,2160,Fixed_Per_Instance,1,100030
INST_0030,AOMDV,50,20,10,8,5,512,300,20.0,0.037,270,2160,Fixed_Per_Instance,1,100030
INST_0031,AODV,50,20,15,2,1,512,300,20.0,0.037,270,540,Fixed_Per_Instance,1,100031
INST_0031,DSDV,50,20,15,2,1,512,300,20.0,0.037,270,540,Fixed_Per_Instance,1,100031
INST_0031,AOMDV,50,20,15,2,1,512,300,20.0,0.037,270,540,Fixed_Per_Instance,1,100031
INST_0032,AODV,50,20,15,2,2,512,300,20.0,0.037,270,540,Fixed_Per_Instance,1,100032
INST_0032,DSDV,50,20,15,2,2,512,300,20.0,0.037,270,540,Fixed_Per_Instance,1,100032
INST_0032,AOMDV,50,20,15,2,2,512,300,20.0,0.037,270,540,Fixed_Per_Instance,1,100032
INST_0033,AODV,50,20,15,2,3,512,300,20.0,0.037,270,540,Fixed_Per_Instance,1,100033
INST_0033,DSDV,50,20,15,2,3,512,300,20.0,0.037,270,540,Fixed_Per_Instance,1,100033
INST_0033,AOMDV,50,20,15,2,3,512,300,20.0,0.037,270,540,Fixed_Per_Instance,1,100033
INST_0034,AODV,50,20,15,2,4,512,300,20.0,0.037,270,540,Fixed_Per_Instance,1,100034
INST_0034,DSDV,50,20,15,2,4,512,300,20.0,0.037,270,540,Fixed_Per_Instance,1,100034
INST_0034,AOMDV,50,20,15,2,4,512,300,20.0,0.037,270,540,Fixed_Per_Instance,1,100034
INST_0035,AODV,50,20,15,2,5,512,300,20.0,0.037,270,540,Fixed_Per_Instance,1,100035
INST_0035,DSDV,50,20,15,2,5,512,300,20.0,0.037,270,540,Fixed_Per_Instance,1,100035
INST_0035,AOMDV,50,20,15,2,5,512,300,20.0,0.037,270,540,Fixed_Per_Instance,1,100035
INST_0036,AODV,50,20,15,4,1,512,300,20.0,0.037,270,1080,Fixed_Per_Instance,1,100036
INST_0036,DSDV,50,20,15,4,1,512,300,20.0,0.037,270,1080,Fixed_Per_Instance,1,100036
INST_0036,AOMDV,50,20,15,4,1,512,300,20.0,0.037,270,1080,Fixed_Per_Instance,1,100036
INST_0037,AODV,50,20,15,4,2,512,300,20.0,0.037,270,1080,Fixed_Per_Instance,1,100037
INST_0037,DSDV,50,20,15,4,2,512,300,20.0,0.037,270,1080,Fixed_Per_Instance,1,100037
INST_0037,AOMDV,50,20,15,4,2,512,300,20.0,0.037,270,1080,Fixed_Per_Instance,1,100037
INST_0038,AODV,50,20,15,4,3,512,300,20.0,0.037,270,1080,Fixed_Per_Instance,1,100038
INST_0038,DSDV,50,20,15,4,3,512,300,20.0,0.037,270,1080,Fixed_Per_Instance,1,100038
INST_0038,AOMDV,50,20,15,4,3,512,300,20.0,0.037,270,1080,Fixed_Per_Instance,1,100038
INST_0039,AODV,50,20,15,4,4,512,300,20.0,0.037,270,1080,Fixed_Per_Instance,1,100039
INST_0039,DSDV,50,20,15,4,4,512,300,20.0,0.037,270,1080,Fixed_Per_Instance,1,100039
INST_0039,AOMDV,50,20,15,4,4,512,300,20.0,0.037,270,1080,Fixed_Per_Instance,1,100039
INST_0040,AODV,50,20,15,4,5,512,300,20.0,0.037,270,1080,Fixed_Per_Instance,1,100040
INST_0040,DSDV,50,20,15,4,5,512,300,20.0,0.037,270,1080,Fixed_Per_Instance,1,100040
INST_0040,AOMDV,50,20,15,4,5,512,300,20.0,0.037,270,1080,Fixed_Per_Instance,1,100040
INST_0041,AODV,50,20,15,8,1,512,300,20.0,0.037,270,2160,Fixed_Per_Instance,1,100041
INST_0041,DSDV,50,20,15,8,1,512,300,20.0,0.037,270,2160,Fixed_Per_Instance,1,100041
INST_0041,AOMDV,50,20,15,8,1,512,300,20.0,0.037,270,2160,Fixed_Per_Instance,1,100041
INST_0042,AODV,50,20,15,8,2,512,300,20.0,0.037,270,2160,Fixed_Per_Instance,1,100042
INST_0042,DSDV,50,20,15,8,2,512,300,20.0,0.037,270,2160,Fixed_Per_Instance,1,100042
INST_0042,AOMDV,50,20,15,8,2,512,300,20.0,0.037,270,2160,Fixed_Per_Instance,1,100042
INST_0043,AODV,50,20,15,8,3,512,300,20.0,0.037,270,2160,Fixed_Per_Instance,1,100043
INST_0043,DSDV,50,20,15,8,3,512,300,20.0,0.037,270,2160,Fixed_Per_Instance,1,100043
INST_0043,AOMDV,50,20,15,8,3,512,300,20.0,0.037,270,2160,Fixed_Per_Instance,1,100043
INST_0044,AODV,50,20,15,8,4,512,300,20.0,0.037,270,2160,Fixed_Per_Instance,1,100044
INST_0044,DSDV,50,20,15,8,4,512,300,20.0,0.037,270,2160,Fixed_Per_Instance,1,100044
INST_0044,AOMDV,50,20,15,8,4,512,300,20.0,0.037,270,2160,Fixed_Per_Instance,1,100044
INST_0045,AODV,50,20,15,8,5,512,300,20.0,0.037,270,2160,Fixed_Per_Instance,1,100045
INST_0045,DSDV,50,20,15,8,5,512,300,20.0,0.037,270,2160,Fixed_Per_Instance,1,100045
INST_0045,AOMDV,50,20,15,8,5,512,300,20.0,0.037,270,2160,Fixed_Per_Instance,1,100045
INST_0046,AODV,50,20,20,2,1,512,300,20.0,0.037,270,540,Fixed_Per_Instance,1,100046
INST_0046,DSDV,50,20,20,2,1,512,300,20.0,0.037,270,540,Fixed_Per_Instance,1,100046
INST_0046,AOMDV,50,20,20,2,1,512,300,20.0,0.037,270,540,Fixed_Per_Instance,1,100046
INST_0047,AODV,50,20,20,2,2,512,300,20.0,0.037,270,540,Fixed_Per_Instance,1,100047
INST_0047,DSDV,50,20,20,2,2,512,300,20.0,0.037,270,540,Fixed_Per_Instance,1,100047
INST_0047,AOMDV,50,20,20,2,2,512,300,20.0,0.037,270,540,Fixed_Per_Instance,1,100047
INST_0048,AODV,50,20,20,2,3,512,300,20.0,0.037,270,540,Fixed_Per_Instance,1,100048
INST_0048,DSDV,50,20,20,2,3,512,300,20.0,0.037,270,540,Fixed_Per_Instance,1,100048
INST_0048,AOMDV,50,20,20,2,3,512,300,20.0,0.037,270,540,Fixed_Per_Instance,1,100048
INST_0049,AODV,50,20,20,2,4,512,300,20.0,0.037,270,540,Fixed_Per_Instance,1,100049
INST_0049,DSDV,50,20,20,2,4,512,300,20.0,0.037,270,540,Fixed_Per_Instance,1,100049
INST_0049,AOMDV,50,20,20,2,4,512,300,20.0,0.037,270,540,Fixed_Per_Instance,1,100049
INST_0050,AODV,50,20,20,2,5,512,300,20.0,0.037,270,540,Fixed_Per_Instance,1,100050
INST_0050,DSDV,50,20,20,2,5,512,300,20.0,0.037,270,540,Fixed_Per_Instance,1,100050
INST_0050,AOMDV,50,20,20,2,5,512,300,20.0,0.037,270,540,Fixed_Per_Instance,1,100050
INST_0051,AODV,50,20,20,4,1,512,300,20.0,0.037,270,1080,Fixed_Per_Instance,1,100051
INST_0051,DSDV,50,20,20,4,1,512,300,20.0,0.037,270,1080,Fixed_Per_Instance,1,100051
INST_0051,AOMDV,50,20,20,4,1,512,300,20.0,0.037,270,1080,Fixed_Per_Instance,1,100051
INST_0052,AODV,50,20,20,4,2,512,300,20.0,0.037,270,1080,Fixed_Per_Instance,1,100052
INST_0052,DSDV,50,20,20,4,2,512,300,20.0,0.037,270,1080,Fixed_Per_Instance,1,100052
INST_0052,AOMDV,50,20,20,4,2,512,300,20.0,0.037,270,1080,Fixed_Per_Instance,1,100052
INST_0053,AODV,50,20,20,4,3,512,300,20.0,0.037,270,1080,Fixed_Per_Instance,1,100053
INST_0053,DSDV,50,20,20,4,3,512,300,20.0,0.037,270,1080,Fixed_Per_Instance,1,100053
INST_0053,AOMDV,50,20,20,4,3,512,300,20.0,0.037,270,1080,Fixed_Per_Instance,1,100053
INST_0054,AODV,50,20,20,4,4,512,300,20.0,0.037,270,1080,Fixed_Per_Instance,1,100054
INST_0054,DSDV,50,20,20,4,4,512,300,20.0,0.037,270,1080,Fixed_Per_Instance,1,100054
INST_0054,AOMDV,50,20,20,4,4,512,300,20.0,0.037,270,1080,Fixed_Per_Instance,1,100054
INST_0055,AODV,50,20,20,4,5,512,300,20.0,0.037,270,1080,Fixed_Per_Instance,1,100055
INST_0055,DSDV,50,20,20,4,5,512,300,20.0,0.037,270,1080,Fixed_Per_Instance,1,100055
INST_0055,AOMDV,50,20,20,4,5,512,300,20.0,0.037,270,1080,Fixed_Per_Instance,1,100055
INST_0056,AODV,50,20,20,8,1,512,300,20.0,0.037,270,2160,Fixed_Per_Instance,1,100056
INST_0056,DSDV,50,20,20,8,1,512,300,20.0,0.037,270,2160,Fixed_Per_Instance,1,100056
INST_0056,AOMDV,50,20,20,8,1,512,300,20.0,0.037,270,2160,Fixed_Per_Instance,1,100056
INST_0057,AODV,50,20,20,8,2,512,300,20.0,0.037,270,2160,Fixed_Per_Instance,1,100057
INST_0057,DSDV,50,20,20,8,2,512,300,20.0,0.037,270,2160,Fixed_Per_Instance,1,100057
INST_0057,AOMDV,50,20,20,8,2,512,300,20.0,0.037,270,2160,Fixed_Per_Instance,1,100057
INST_0058,AODV,50,20,20,8,3,512,300,20.0,0.037,270,2160,Fixed_Per_Instance,1,100058
INST_0058,DSDV,50,20,20,8,3,512,300,20.0,0.037,270,2160,Fixed_Per_Instance,1,100058
INST_0058,AOMDV,50,20,20,8,3,512,300,20.0,0.037,270,2160,Fixed_Per_Instance,1,100058
INST_0059,AODV,50,20,20,8,4,512,300,20.0,0.037,270,2160,Fixed_Per_Instance,1,100059
INST_0059,DSDV,50,20,20,8,4,512,300,20.0,0.037,270,2160,Fixed_Per_Instance,1,100059
INST_0059,AOMDV,50,20,20,8,4,512,300,20.0,0.037,270,2160,Fixed_Per_Instance,1,100059
INST_0060,AODV,50,20,20,8,5,512,300,20.0,0.037,270,2160,Fixed_Per_Instance,1,100060
INST_0060,DSDV,50,20,20,8,5,512,300,20.0,0.037,270,2160,Fixed_Per_Instance,1,100060
INST_0060,AOMDV,50,20,20,8,5,512,300,20.0,0.037,270,2160,Fixed_Per_Instance,1,100060
INST_0061,AODV,50,20,25,2,1,512,300,20.0,0.037,270,540,Fixed_Per_Instance,1,100061
INST_0061,DSDV,50,20,25,2,1,512,300,20.0,0.037,270,540,Fixed_Per_Instance,1,100061
INST_0061,AOMDV,50,20,25,2,1,512,300,20.0,0.037,270,540,Fixed_Per_Instance,1,100061
INST_0062,AODV,50,20,25,2,2,512,300,20.0,0.037,270,540,Fixed_Per_Instance,1,100062
INST_0062,DSDV,50,20,25,2,2,512,300,20.0,0.037,270,540,Fixed_Per_Instance,1,100062
INST_0062,AOMDV,50,20,25,2,2,512,300,20.0,0.037,270,540,Fixed_Per_Instance,1,100062
INST_0063,AODV,50,20,25,2,3,512,300,20.0,0.037,270,540,Fixed_Per_Instance,1,100063
INST_0063,DSDV,50,20,25,2,3,512,300,20.0,0.037,270,540,Fixed_Per_Instance,1,100063
INST_0063,AOMDV,50,20,25,2,3,512,300,20.0,0.037,270,540,Fixed_Per_Instance,1,100063
INST_0064,AODV,50,20,25,2,4,512,300,20.0,0.037,270,540,Fixed_Per_Instance,1,100064
INST_0064,DSDV,50,20,25,2,4,512,300,20.0,0.037,270,540,Fixed_Per_Instance,1,100064
INST_0064,AOMDV,50,20,25,2,4,512,300,20.0,0.037,270,540,Fixed_Per_Instance,1,100064
INST_0065,AODV,50,20,25,2,5,512,300,20.0,0.037,270,540,Fixed_Per_Instance,1,100065
INST_0065,DSDV,50,20,25,2,5,512,300,20.0,0.037,270,540,Fixed_Per_Instance,1,100065
INST_0065,AOMDV,50,20,25,2,5,512,300,20.0,0.037,270,540,Fixed_Per_Instance,1,100065
INST_0066,AODV,50,20,25,4,1,512,300,20.0,0.037,270,1080,Fixed_Per_Instance,1,100066
INST_0066,DSDV,50,20,25,4,1,512,300,20.0,0.037,270,1080,Fixed_Per_Instance,1,100066
INST_0066,AOMDV,50,20,25,4,1,512,300,20.0,0.037,270,1080,Fixed_Per_Instance,1,100066
INST_0067,AODV,50,20,25,4,2,512,300,20.0,0.037,270,1080,Fixed_Per_Instance,1,100067
INST_0067,DSDV,50,20,25,4,2,512,300,20.0,0.037,270,1080,Fixed_Per_Instance,1,100067
INST_0067,AOMDV,50,20,25,4,2,512,300,20.0,0.037,270,1080,Fixed_Per_Instance,1,100067
INST_0068,AODV,50,20,25,4,3,512,300,20.0,0.037,270,1080,Fixed_Per_Instance,1,100068
INST_0068,DSDV,50,20,25,4,3,512,300,20.0,0.037,270,1080,Fixed_Per_Instance,1,100068
INST_0068,AOMDV,50,20,25,4,3,512,300,20.0,0.037,270,1080,Fixed_Per_Instance,1,100068
INST_0069,AODV,50,20,25,4,4,512,300,20.0,0.037,270,1080,Fixed_Per_Instance,1,100069
INST_0069,DSDV,50,20,25,4,4,512,300,20.0,0.037,270,1080,Fixed_Per_Instance,1,100069
INST_0069,AOMDV,50,20,25,4,4,512,300,20.0,0.037,270,1080,Fixed_Per_Instance,1,100069
INST_0070,AODV,50,20,25,4,5,512,300,20.0,0.037,270,1080,Fixed_Per_Instance,1,100070
INST_0070,DSDV,50,20,25,4,5,512,300,20.0,0.037,270,1080,Fixed_Per_Instance,1,100070
INST_0070,AOMDV,50,20,25,4,5,512,300,20.0,0.037,270,1080,Fixed_Per_Instance,1,100070
INST_0071,AODV,50,20,25,8,1,512,300,20.0,0.037,270,2160,Fixed_Per_Instance,1,100071
INST_0071,DSDV,50,20,25,8,1,512,300,20.0,0.037,270,2160,Fixed_Per_Instance,1,100071
INST_0071,AOMDV,50,20,25,8,1,512,300,20.0,0.037,270,2160,Fixed_Per_Instance,1,100071
INST_0072,AODV,50,20,25,8,2,512,300,20.0,0.037,270,2160,Fixed_Per_Instance,1,100072
INST_0072,DSDV,50,20,25,8,2,512,300,20.0,0.037,270,2160,Fixed_Per_Instance,1,100072
INST_0072,AOMDV,50,20,25,8,2,512,300,20.0,0.037,270,2160,Fixed_Per_Instance,1,100072
INST_0073,AODV,50,20,25,8,3,512,300,20.0,0.037,270,2160,Fixed_Per_Instance,1,100073
INST_0073,DSDV,50,20,25,8,3,512,300,20.0,0.037,270,2160,Fixed_Per_Instance,1,100073
INST_0073,AOMDV,50,20,25,8,3,512,300,20.0,0.037,270,2160,Fixed_Per_Instance,1,100073
INST_0074,AODV,50,20,25,8,4,512,300,20.0,0.037,270,2160,Fixed_Per_Instance,1,100074
INST_0074,DSDV,50,20,25,8,4,512,300,20.0,0.037,270,2160,Fixed_Per_Instance,1,100074
INST_0074,AOMDV,50,20,25,8,4,512,300,20.0,0.037,270,2160,Fixed_Per_Instance,1,100074
INST_0075,AODV,50,20,25,8,5,512,300,20.0,0.037,270,2160,Fixed_Per_Instance,1,100075
INST_0075,DSDV,50,20,25,8,5,512,300,20.0,0.037,270,2160,Fixed_Per_Instance,1,100075
INST_0075,AOMDV,50,20,25,8,5,512,300,20.0,0.037,270,2160,Fixed_Per_Instance,1,100075
INST_0076,AODV,50,30,5,2,1,512,300,20.0,0.037,270,540,Fixed_Per_Instance,1,100076
INST_0076,DSDV,50,30,5,2,1,512,300,20.0,0.037,270,540,Fixed_Per_Instance,1,100076
INST_0076,AOMDV,50,30,5,2,1,512,300,20.0,0.037,270,540,Fixed_Per_Instance,1,100076
INST_0077,AODV,50,30,5,2,2,512,300,20.0,0.037,270,540,Fixed_Per_Instance,1,100077
INST_0077,DSDV,50,30,5,2,2,512,300,20.0,0.037,270,540,Fixed_Per_Instance,1,100077
INST_0077,AOMDV,50,30,5,2,2,512,300,20.0,0.037,270,540,Fixed_Per_Instance,1,100077
INST_0078,AODV,50,30,5,2,3,512,300,20.0,0.037,270,540,Fixed_Per_Instance,1,100078
INST_0078,DSDV,50,30,5,2,3,512,300,20.0,0.037,270,540,Fixed_Per_Instance,1,100078
INST_0078,AOMDV,50,30,5,2,3,512,300,20.0,0.037,270,540,Fixed_Per_Instance,1,100078
INST_0079,AODV,50,30,5,2,4,512,300,20.0,0.037,270,540,Fixed_Per_Instance,1,100079
INST_0079,DSDV,50,30,5,2,4,512,300,20.0,0.037,270,540,Fixed_Per_Instance,1,100079
INST_0079,AOMDV,50,30,5,2,4,512,300,20.0,0.037,270,540,Fixed_Per_Instance,1,100079
INST_0080,AODV,50,30,5,2,5,512,300,20.0,0.037,270,540,Fixed_Per_Instance,1,100080
INST_0080,DSDV,50,30,5,2,5,512,300,20.0,0.037,270,540,Fixed_Per_Instance,1,100080
INST_0080,AOMDV,50,30,5,2,5,512,300,20.0,0.037,270,540,Fixed_Per_Instance,1,100080
INST_0081,AODV,50,30,5,4,1,512,300,20.0,0.037,270,1080,Fixed_Per_Instance,1,100081
INST_0081,DSDV,50,30,5,4,1,512,300,20.0,0.037,270,1080,Fixed_Per_Instance,1,100081
INST_0081,AOMDV,50,30,5,4,1,512,300,20.0,0.037,270,1080,Fixed_Per_Instance,1,100081
INST_0082,AODV,50,30,5,4,2,512,300,20.0,0.037,270,1080,Fixed_Per_Instance,1,100082
INST_0082,DSDV,50,30,5,4,2,512,300,20.0,0.037,270,1080,Fixed_Per_Instance,1,100082
INST_0082,AOMDV,50,30,5,4,2,512,300,20.0,0.037,270,1080,Fixed_Per_Instance,1,100082
INST_0083,AODV,50,30,5,4,3,512,300,20.0,0.037,270,1080,Fixed_Per_Instance,1,100083
INST_0083,DSDV,50,30,5,4,3,512,300,20.0,0.037,270,1080,Fixed_Per_Instance,1,100083
INST_0083,AOMDV,50,30,5,4,3,512,300,20.0,0.037,270,1080,Fixed_Per_Instance,1,100083
INST_0084,AODV,50,30,5,4,4,512,300,20.0,0.037,270,1080,Fixed_Per_Instance,1,100084
INST_0084,DSDV,50,30,5,4,4,512,300,20.0,0.037,270,1080,Fixed_Per_Instance,1,100084
INST_0084,AOMDV,50,30,5,4,4,512,300,20.0,0.037,270,1080,Fixed_Per_Instance,1,100084
INST_0085,AODV,50,30,5,4,5,512,300,20.0,0.037,270,1080,Fixed_Per_Instance,1,100085
INST_0085,DSDV,50,30,5,4,5,512,300,20.0,0.037,270,1080,Fixed_Per_Instance,1,100085
INST_0085,AOMDV,50,30,5,4,5,512,300,20.0,0.037,270,1080,Fixed_Per_Instance,1,100085
INST_0086,AODV,50,30,5,8,1,512,300,20.0,0.037,270,2160,Fixed_Per_Instance,1,100086
INST_0086,DSDV,50,30,5,8,1,512,300,20.0,0.037,270,2160,Fixed_Per_Instance,1,100086
INST_0086,AOMDV,50,30,5,8,1,512,300,20.0,0.037,270,2160,Fixed_Per_Instance,1,100086
INST_0087,AODV,50,30,5,8,2,512,300,20.0,0.037,270,2160,Fixed_Per_Instance,1,100087
INST_0087,DSDV,50,30,5,8,2,512,300,20.0,0.037,270,2160,Fixed_Per_Instance,1,100087
INST_0087,AOMDV,50,30,5,8,2,512,300,20.0,0.037,270,2160,Fixed_Per_Instance,1,100087
INST_0088,AODV,50,30,5,8,3,512,300,20.0,0.037,270,2160,Fixed_Per_Instance,1,100088
INST_0088,DSDV,50,30,5,8,3,512,300,20.0,0.037,270,2160,Fixed_Per_Instance,1,100088
INST_0088,AOMDV,50,30,5,8,3,512,300,20.0,0.037,270,2160,Fixed_Per_Instance,1,100088
INST_0089,AODV,50,30,5,8,4,512,300,20.0,0.037,270,2160,Fixed_Per_Instance,1,100089
INST_0089,DSDV,50,30,5,8,4,512,300,20.0,0.037,270,2160,Fixed_Per_Instance,1,100089
INST_0089,AOMDV,50,30,5,8,4,512,300,20.0,0.037,270,2160,Fixed_Per_Instance,1,100089
INST_0090,AODV,50,30,5,8,5,512,300,20.0,0.037,270,2160,Fixed_Per_Instance,1,100090
INST_0090,DSDV,50,30,5,8,5,512,300,20.0,0.037,270,2160,Fixed_Per_Instance,1,100090
INST_0090,AOMDV,50,30,5,8,5,512,300,20.0,0.037,270,2160,Fixed_Per_Instance,1,100090
INST_0091,AODV,50,30,10,2,1,512,300,20.0,0.037,270,540,Fixed_Per_Instance,1,100091
INST_0091,DSDV,50,30,10,2,1,512,300,20.0,0.037,270,540,Fixed_Per_Instance,1,100091
INST_0091,AOMDV,50,30,10,2,1,512,300,20.0,0.037,270,540,Fixed_Per_Instance,1,100091
INST_0092,AODV,50,30,10,2,2,512,300,20.0,0.037,270,540,Fixed_Per_Instance,1,100092
INST_0092,DSDV,50,30,10,2,2,512,300,20.0,0.037,270,540,Fixed_Per_Instance,1,100092
INST_0092,AOMDV,50,30,10,2,2,512,300,20.0,0.037,270,540,Fixed_Per_Instance,1,100092
INST_0093,AODV,50,30,10,2,3,512,300,20.0,0.037,270,540,Fixed_Per_Instance,1,100093
INST_0093,DSDV,50,30,10,2,3,512,300,20.0,0.037,270,540,Fixed_Per_Instance,1,100093
INST_0093,AOMDV,50,30,10,2,3,512,300,20.0,0.037,270,540,Fixed_Per_Instance,1,100093
INST_0094,AODV,50,30,10,2,4,512,300,20.0,0.037,270,540,Fixed_Per_Instance,1,100094
INST_0094,DSDV,50,30,10,2,4,512,300,20.0,0.037,270,540,Fixed_Per_Instance,1,100094
INST_0094,AOMDV,50,30,10,2,4,512,300,20.0,0.037,270,540,Fixed_Per_Instance,1,100094
INST_0095,AODV,50,30,10,2,5,512,300,20.0,0.037,270,540,Fixed_Per_Instance,1,100095
INST_0095,DSDV,50,30,10,2,5,512,300,20.0,0.037,270,540,Fixed_Per_Instance,1,100095
INST_0095,AOMDV,50,30,10,2,5,512,300,20.0,0.037,270,540,Fixed_Per_Instance,1,100095
INST_0096,AODV,50,30,10,4,1,512,300,20.0,0.037,270,1080,Fixed_Per_Instance,1,100096
INST_0096,DSDV,50,30,10,4,1,512,300,20.0,0.037,270,1080,Fixed_Per_Instance,1,100096
INST_0096,AOMDV,50,30,10,4,1,512,300,20.0,0.037,270,1080,Fixed_Per_Instance,1,100096
INST_0097,AODV,50,30,10,4,2,512,300,20.0,0.037,270,1080,Fixed_Per_Instance,1,100097
INST_0097,DSDV,50,30,10,4,2,512,300,20.0,0.037,270,1080,Fixed_Per_Instance,1,100097
INST_0097,AOMDV,50,30,10,4,2,512,300,20.0,0.037,270,1080,Fixed_Per_Instance,1,100097
INST_0098,AODV,50,30,10,4,3,512,300,20.0,0.037,270,1080,Fixed_Per_Instance,1,100098
INST_0098,DSDV,50,30,10,4,3,512,300,20.0,0.037,270,1080,Fixed_Per_Instance,1,100098
INST_0098,AOMDV,50,30,10,4,3,512,300,20.0,0.037,270,1080,Fixed_Per_Instance,1,100098
INST_0099,AODV,50,30,10,4,4,512,300,20.0,0.037,270,1080,Fixed_Per_Instance,1,100099
INST_0099,DSDV,50,30,10,4,4,512,300,20.0,0.037,270,1080,Fixed_Per_Instance,1,100099
INST_0099,AOMDV,50,30,10,4,4,512,300,20.0,0.037,270,1080,Fixed_Per_Instance,1,100099
INST_0100,AODV,50,30,10,4,5,512,300,20.0,0.037,270,1080,Fixed_Per_Instance,1,100100
INST_0100,DSDV,50,30,10,4,5,512,300,20.0,0.037,270,1080,Fixed_Per_Instance,1,100100
INST_0100,AOMDV,50,30,10,4,5,512,300,20.0,0.037,270,1080,Fixed_Per_Instance,1,100100
INST_0101,AODV,50,30,10,8,1,512,300,20.0,0.037,270,2160,Fixed_Per_Instance,1,100101
INST_0101,DSDV,50,30,10,8,1,512,300,20.0,0.037,270,2160,Fixed_Per_Instance,1,100101
INST_0101,AOMDV,50,30,10,8,1,512,300,20.0,0.037,270,2160,Fixed_Per_Instance,1,100101
INST_0102,AODV,50,30,10,8,2,512,300,20.0,0.037,270,2160,Fixed_Per_Instance,1,100102
INST_0102,DSDV,50,30,10,8,2,512,300,20.0,0.037,270,2160,Fixed_Per_Instance,1,100102
INST_0102,AOMDV,50,30,10,8,2,512,300,20.0,0.037,270,2160,Fixed_Per_Instance,1,100102
INST_0103,AODV,50,30,10,8,3,512,300,20.0,0.037,270,2160,Fixed_Per_Instance,1,100103
INST_0103,DSDV,50,30,10,8,3,512,300,20.0,0.037,270,2160,Fixed_Per_Instance,1,100103
INST_0103,AOMDV,50,30,10,8,3,512,300,20.0,0.037,270,2160,Fixed_Per_Instance,1,100103
INST_0104,AODV,50,30,10,8,4,512,300,20.0,0.037,270,2160,Fixed_Per_Instance,1,100104
INST_0104,DSDV,50,30,10,8,4,512,300,20.0,0.037,270,2160,Fixed_Per_Instance,1,100104
INST_0104,AOMDV,50,30,10,8,4,512,300,20.0,0.037,270,2160,Fixed_Per_Instance,1,100104
INST_0105,AODV,50,30,10,8,5,512,300,20.0,0.037,270,2160,Fixed_Per_Instance,1,100105
INST_0105,DSDV,50,30,10,8,5,512,300,20.0,0.037,270,2160,Fixed_Per_Instance,1,100105
INST_0105,AOMDV,50,30,10,8,5,512,300,20.0,0.037,270,2160,Fixed_Per_Instance,1,100105
INST_0106,AODV,50,30,15,2,1,512,300,20.0,0.037,270,540,Fixed_Per_Instance,1,100106
INST_0106,DSDV,50,30,15,2,1,512,300,20.0,0.037,270,540,Fixed_Per_Instance,1,100106
INST_0106,AOMDV,50,30,15,2,1,512,300,20.0,0.037,270,540,Fixed_Per_Instance,1,100106
INST_0107,AODV,50,30,15,2,2,512,300,20.0,0.037,270,540,Fixed_Per_Instance,1,100107
INST_0107,DSDV,50,30,15,2,2,512,300,20.0,0.037,270,540,Fixed_Per_Instance,1,100107
INST_0107,AOMDV,50,30,15,2,2,512,300,20.0,0.037,270,540,Fixed_Per_Instance,1,100107
INST_0108,AODV,50,30,15,2,3,512,300,20.0,0.037,270,540,Fixed_Per_Instance,1,100108
INST_0108,DSDV,50,30,15,2,3,512,300,20.0,0.037,270,540,Fixed_Per_Instance,1,100108
INST_0108,AOMDV,50,30,15,2,3,512,300,20.0,0.037,270,540,Fixed_Per_Instance,1,100108
INST_0109,AODV,50,30,15,2,4,512,300,20.0,0.037,270,540,Fixed_Per_Instance,1,100109
INST_0109,DSDV,50,30,15,2,4,512,300,20.0,0.037,270,540,Fixed_Per_Instance,1,100109
INST_0109,AOMDV,50,30,15,2,4,512,300,20.0,0.037,270,540,Fixed_Per_Instance,1,100109
INST_0110,AODV,50,30,15,2,5,512,300,20.0,0.037,270,540,Fixed_Per_Instance,1,100110
INST_0110,DSDV,50,30,15,2,5,512,300,20.0,0.037,270,540,Fixed_Per_Instance,1,100110
INST_0110,AOMDV,50,30,15,2,5,512,300,20.0,0.037,270,540,Fixed_Per_Instance,1,100110
INST_0111,AODV,50,30,15,4,1,512,300,20.0,0.037,270,1080,Fixed_Per_Instance,1,100111
INST_0111,DSDV,50,30,15,4,1,512,300,20.0,0.037,270,1080,Fixed_Per_Instance,1,100111
INST_0111,AOMDV,50,30,15,4,1,512,300,20.0,0.037,270,1080,Fixed_Per_Instance,1,100111
INST_0112,AODV,50,30,15,4,2,512,300,20.0,0.037,270,1080,Fixed_Per_Instance,1,100112
INST_0112,DSDV,50,30,15,4,2,512,300,20.0,0.037,270,1080,Fixed_Per_Instance,1,100112
INST_0112,AOMDV,50,30,15,4,2,512,300,20.0,0.037,270,1080,Fixed_Per_Instance,1,100112
INST_0113,AODV,50,30,15,4,3,512,300,20.0,0.037,270,1080,Fixed_Per_Instance,1,100113
INST_0113,DSDV,50,30,15,4,3,512,300,20.0,0.037,270,1080,Fixed_Per_Instance,1,100113
INST_0113,AOMDV,50,30,15,4,3,512,300,20.0,0.037,270,1080,Fixed_Per_Instance,1,100113
INST_0114,AODV,50,30,15,4,4,512,300,20.0,0.037,270,1080,Fixed_Per_Instance,1,100114
INST_0114,DSDV,50,30,15,4,4,512,300,20.0,0.037,270,1080,Fixed_Per_Instance,1,100114
INST_0114,AOMDV,50,30,15,4,4,512,300,20.0,0.037,270,1080,Fixed_Per_Instance,1,100114
INST_0115,AODV,50,30,15,4,5,512,300,20.0,0.037,270,1080,Fixed_Per_Instance,1,100115
INST_0115,DSDV,50,30,15,4,5,512,300,20.0,0.037,270,1080,Fixed_Per_Instance,1,100115
INST_0115,AOMDV,50,30,15,4,5,512,300,20.0,0.037,270,1080,Fixed_Per_Instance,1,100115
INST_0116,AODV,50,30,15,8,1,512,300,20.0,0.037,270,2160,Fixed_Per_Instance,1,100116
INST_0116,DSDV,50,30,15,8,1,512,300,20.0,0.037,270,2160,Fixed_Per_Instance,1,100116
INST_0116,AOMDV,50,30,15,8,1,512,300,20.0,0.037,270,2160,Fixed_Per_Instance,1,100116
INST_0117,AODV,50,30,15,8,2,512,300,20.0,0.037,270,2160,Fixed_Per_Instance,1,100117
INST_0117,DSDV,50,30,15,8,2,512,300,20.0,0.037,270,2160,Fixed_Per_Instance,1,100117
INST_0117,AOMDV,50,30,15,8,2,512,300,20.0,0.037,270,2160,Fixed_Per_Instance,1,100117
INST_0118,AODV,50,30,15,8,3,512,300,20.0,0.037,270,2160,Fixed_Per_Instance,1,100118
INST_0118,DSDV,50,30,15,8,3,512,300,20.0,0.037,270,2160,Fixed_Per_Instance,1,100118
INST_0118,AOMDV,50,30,15,8,3,512,300,20.0,0.037,270,2160,Fixed_Per_Instance,1,100118
INST_0119,AODV,50,30,15,8,4,512,300,20.0,0.037,270,2160,Fixed_Per_Instance,1,100119
INST_0119,DSDV,50,30,15,8,4,512,300,20.0,0.037,270,2160,Fixed_Per_Instance,1,100119
INST_0119,AOMDV,50,30,15,8,4,512,300,20.0,0.037,270,2160,Fixed_Per_Instance,1,100119
INST_0120,AODV,50,30,15,8,5,512,300,20.0,0.037,270,2160,Fixed_Per_Instance,1,100120
INST_0120,DSDV,50,30,15,8,5,512,300,20.0,0.037,270,2160,Fixed_Per_Instance,1,100120
INST_0120,AOMDV,50,30,15,8,5,512,300,20.0,0.037,270,2160,Fixed_Per_Instance,1,100120
INST_0121,AODV,50,30,20,2,1,512,300,20.0,0.037,270,540,Fixed_Per_Instance,1,100121
INST_0121,DSDV,50,30,20,2,1,512,300,20.0,0.037,270,540,Fixed_Per_Instance,1,100121
INST_0121,AOMDV,50,30,20,2,1,512,300,20.0,0.037,270,540,Fixed_Per_Instance,1,100121
INST_0122,AODV,50,30,20,2,2,512,300,20.0,0.037,270,540,Fixed_Per_Instance,1,100122
INST_0122,DSDV,50,30,20,2,2,512,300,20.0,0.037,270,540,Fixed_Per_Instance,1,100122
INST_0122,AOMDV,50,30,20,2,2,512,300,20.0,0.037,270,540,Fixed_Per_Instance,1,100122
INST_0123,AODV,50,30,20,2,3,512,300,20.0,0.037,270,540,Fixed_Per_Instance,1,100123
INST_0123,DSDV,50,30,20,2,3,512,300,20.0,0.037,270,540,Fixed_Per_Instance,1,100123
INST_0123,AOMDV,50,30,20,2,3,512,300,20.0,0.037,270,540,Fixed_Per_Instance,1,100123
INST_0124,AODV,50,30,20,2,4,512,300,20.0,0.037,270,540,Fixed_Per_Instance,1,100124
INST_0124,DSDV,50,30,20,2,4,512,300,20.0,0.037,270,540,Fixed_Per_Instance,1,100124
INST_0124,AOMDV,50,30,20,2,4,512,300,20.0,0.037,270,540,Fixed_Per_Instance,1,100124
INST_0125,AODV,50,30,20,2,5,512,300,20.0,0.037,270,540,Fixed_Per_Instance,1,100125
INST_0125,DSDV,50,30,20,2,5,512,300,20.0,0.037,270,540,Fixed_Per_Instance,1,100125
INST_0125,AOMDV,50,30,20,2,5,512,300,20.0,0.037,270,540,Fixed_Per_Instance,1,100125
INST_0126,AODV,50,30,20,4,1,512,300,20.0,0.037,270,1080,Fixed_Per_Instance,1,100126
INST_0126,DSDV,50,30,20,4,1,512,300,20.0,0.037,270,1080,Fixed_Per_Instance,1,100126
INST_0126,AOMDV,50,30,20,4,1,512,300,20.0,0.037,270,1080,Fixed_Per_Instance,1,100126
INST_0127,AODV,50,30,20,4,2,512,300,20.0,0.037,270,1080,Fixed_Per_Instance,1,100127
INST_0127,DSDV,50,30,20,4,2,512,300,20.0,0.037,270,1080,Fixed_Per_Instance,1,100127
INST_0127,AOMDV,50,30,20,4,2,512,300,20.0,0.037,270,1080,Fixed_Per_Instance,1,100127
INST_0128,AODV,50,30,20,4,3,512,300,20.0,0.037,270,1080,Fixed_Per_Instance,1,100128
INST_0128,DSDV,50,30,20,4,3,512,300,20.0,0.037,270,1080,Fixed_Per_Instance,1,100128
INST_0128,AOMDV,50,30,20,4,3,512,300,20.0,0.037,270,1080,Fixed_Per_Instance,1,100128
INST_0129,AODV,50,30,20,4,4,512,300,20.0,0.037,270,1080,Fixed_Per_Instance,1,100129
INST_0129,DSDV,50,30,20,4,4,512,300,20.0,0.037,270,1080,Fixed_Per_Instance,1,100129
INST_0129,AOMDV,50,30,20,4,4,512,300,20.0,0.037,270,1080,Fixed_Per_Instance,1,100129
INST_0130,AODV,50,30,20,4,5,512,300,20.0,0.037,270,1080,Fixed_Per_Instance,1,100130
INST_0130,DSDV,50,30,20,4,5,512,300,20.0,0.037,270,1080,Fixed_Per_Instance,1,100130
INST_0130,AOMDV,50,30,20,4,5,512,300,20.0,0.037,270,1080,Fixed_Per_Instance,1,100130
INST_0131,AODV,50,30,20,8,1,512,300,20.0,0.037,270,2160,Fixed_Per_Instance,1,100131
INST_0131,DSDV,50,30,20,8,1,512,300,20.0,0.037,270,2160,Fixed_Per_Instance,1,100131
INST_0131,AOMDV,50,30,20,8,1,512,300,20.0,0.037,270,2160,Fixed_Per_Instance,1,100131
INST_0132,AODV,50,30,20,8,2,512,300,20.0,0.037,270,2160,Fixed_Per_Instance,1,100132
INST_0132,DSDV,50,30,20,8,2,512,300,20.0,0.037,270,2160,Fixed_Per_Instance,1,100132
INST_0132,AOMDV,50,30,20,8,2,512,300,20.0,0.037,270,2160,Fixed_Per_Instance,1,100132
INST_0133,AODV,50,30,20,8,3,512,300,20.0,0.037,270,2160,Fixed_Per_Instance,1,100133
INST_0133,DSDV,50,30,20,8,3,512,300,20.0,0.037,270,2160,Fixed_Per_Instance,1,100133
INST_0133,AOMDV,50,30,20,8,3,512,300,20.0,0.037,270,2160,Fixed_Per_Instance,1,100133
INST_0134,AODV,50,30,20,8,4,512,300,20.0,0.037,270,2160,Fixed_Per_Instance,1,100134
INST_0134,DSDV,50,30,20,8,4,512,300,20.0,0.037,270,2160,Fixed_Per_Instance,1,100134
INST_0134,AOMDV,50,30,20,8,4,512,300,20.0,0.037,270,2160,Fixed_Per_Instance,1,100134
INST_0135,AODV,50,30,20,8,5,512,300,20.0,0.037,270,2160,Fixed_Per_Instance,1,100135
INST_0135,DSDV,50,30,20,8,5,512,300,20.0,0.037,270,2160,Fixed_Per_Instance,1,100135
INST_0135,AOMDV,50,30,20,8,5,512,300,20.0,0.037,270,2160,Fixed_Per_Instance,1,100135
INST_0136,AODV,50,30,25,2,1,512,300,20.0,0.037,270,540,Fixed_Per_Instance,1,100136
INST_0136,DSDV,50,30,25,2,1,512,300,20.0,0.037,270,540,Fixed_Per_Instance,1,100136
INST_0136,AOMDV,50,30,25,2,1,512,300,20.0,0.037,270,540,Fixed_Per_Instance,1,100136
INST_0137,AODV,50,30,25,2,2,512,300,20.0,0.037,270,540,Fixed_Per_Instance,1,100137
INST_0137,DSDV,50,30,25,2,2,512,300,20.0,0.037,270,540,Fixed_Per_Instance,1,100137
INST_0137,AOMDV,50,30,25,2,2,512,300,20.0,0.037,270,540,Fixed_Per_Instance,1,100137
INST_0138,AODV,50,30,25,2,3,512,300,20.0,0.037,270,540,Fixed_Per_Instance,1,100138
INST_0138,DSDV,50,30,25,2,3,512,300,20.0,0.037,270,540,Fixed_Per_Instance,1,100138
INST_0138,AOMDV,50,30,25,2,3,512,300,20.0,0.037,270,540,Fixed_Per_Instance,1,100138
INST_0139,AODV,50,30,25,2,4,512,300,20.0,0.037,270,540,Fixed_Per_Instance,1,100139
INST_0139,DSDV,50,30,25,2,4,512,300,20.0,0.037,270,540,Fixed_Per_Instance,1,100139
INST_0139,AOMDV,50,30,25,2,4,512,300,20.0,0.037,270,540,Fixed_Per_Instance,1,100139
INST_0140,AODV,50,30,25,2,5,512,300,20.0,0.037,270,540,Fixed_Per_Instance,1,100140
INST_0140,DSDV,50,30,25,2,5,512,300,20.0,0.037,270,540,Fixed_Per_Instance,1,100140
INST_0140,AOMDV,50,30,25,2,5,512,300,20.0,0.037,270,540,Fixed_Per_Instance,1,100140
INST_0141,AODV,50,30,25,4,1,512,300,20.0,0.037,270,1080,Fixed_Per_Instance,1,100141
INST_0141,DSDV,50,30,25,4,1,512,300,20.0,0.037,270,1080,Fixed_Per_Instance,1,100141
INST_0141,AOMDV,50,30,25,4,1,512,300,20.0,0.037,270,1080,Fixed_Per_Instance,1,100141
INST_0142,AODV,50,30,25,4,2,512,300,20.0,0.037,270,1080,Fixed_Per_Instance,1,100142
INST_0142,DSDV,50,30,25,4,2,512,300,20.0,0.037,270,1080,Fixed_Per_Instance,1,100142
INST_0142,AOMDV,50,30,25,4,2,512,300,20.0,0.037,270,1080,Fixed_Per_Instance,1,100142
INST_0143,AODV,50,30,25,4,3,512,300,20.0,0.037,270,1080,Fixed_Per_Instance,1,100143
INST_0143,DSDV,50,30,25,4,3,512,300,20.0,0.037,270,1080,Fixed_Per_Instance,1,100143
INST_0143,AOMDV,50,30,25,4,3,512,300,20.0,0.037,270,1080,Fixed_Per_Instance,1,100143
INST_0144,AODV,50,30,25,4,4,512,300,20.0,0.037,270,1080,Fixed_Per_Instance,1,100144
INST_0144,DSDV,50,30,25,4,4,512,300,20.0,0.037,270,1080,Fixed_Per_Instance,1,100144
INST_0144,AOMDV,50,30,25,4,4,512,300,20.0,0.037,270,1080,Fixed_Per_Instance,1,100144
INST_0145,AODV,50,30,25,4,5,512,300,20.0,0.037,270,1080,Fixed_Per_Instance,1,100145
INST_0145,DSDV,50,30,25,4,5,512,300,20.0,0.037,270,1080,Fixed_Per_Instance,1,100145
INST_0145,AOMDV,50,30,25,4,5,512,300,20.0,0.037,270,1080,Fixed_Per_Instance,1,100145
INST_0146,AODV,50,30,25,8,1,512,300,20.0,0.037,270,2160,Fixed_Per_Instance,1,100146
INST_0146,DSDV,50,30,25,8,1,512,300,20.0,0.037,270,2160,Fixed_Per_Instance,1,100146
INST_0146,AOMDV,50,30,25,8,1,512,300,20.0,0.037,270,2160,Fixed_Per_Instance,1,100146
INST_0147,AODV,50,30,25,8,2,512,300,20.0,0.037,270,2160,Fixed_Per_Instance,1,100147
INST_0147,DSDV,50,30,25,8,2,512,300,20.0,0.037,270,2160,Fixed_Per_Instance,1,100147
INST_0147,AOMDV,50,30,25,8,2,512,300,20.0,0.037,270,2160,Fixed_Per_Instance,1,100147
INST_0148,AODV,50,30,25,8,3,512,300,20.0,0.037,270,2160,Fixed_Per_Instance,1,100148
INST_0148,DSDV,50,30,25,8,3,512,300,20.0,0.037,270,2160,Fixed_Per_Instance,1,100148
INST_0148,AOMDV,50,30,25,8,3,512,300,20.0,0.037,270,2160,Fixed_Per_Instance,1,100148
INST_0149,AODV,50,30,25,8,4,512,300,20.0,0.037,270,2160,Fixed_Per_Instance,1,100149
INST_0149,DSDV,50,30,25,8,4,512,300,20.0,0.037,270,2160,Fixed_Per_Instance,1,100149
INST_0149,AOMDV,50,30,25,8,4,512,300,20.0,0.037,270,2160,Fixed_Per_Instance,1,100149
INST_0150,AODV,50,30,25,8,5,512,300,20.0,0.037,270,2160,Fixed_Per_Instance,1,100150
INST_0150,DSDV,50,30,25,8,5,512,300,20.0,0.037,270,2160,Fixed_Per_Instance,1,100150
INST_0150,AOMDV,50,30,25,8,5,512,300,20.0,0.037,270,2160,Fixed_Per_Instance,1,100150
INST_0151,AODV,50,40,5,2,1,512,300,20.0,0.037,270,540,Fixed_Per_Instance,1,100151
INST_0151,DSDV,50,40,5,2,1,512,300,20.0,0.037,270,540,Fixed_Per_Instance,1,100151
INST_0151,AOMDV,50,40,5,2,1,512,300,20.0,0.037,270,540,Fixed_Per_Instance,1,100151
INST_0152,AODV,50,40,5,2,2,512,300,20.0,0.037,270,540,Fixed_Per_Instance,1,100152
INST_0152,DSDV,50,40,5,2,2,512,300,20.0,0.037,270,540,Fixed_Per_Instance,1,100152
INST_0152,AOMDV,50,40,5,2,2,512,300,20.0,0.037,270,540,Fixed_Per_Instance,1,100152
INST_0153,AODV,50,40,5,2,3,512,300,20.0,0.037,270,540,Fixed_Per_Instance,1,100153
INST_0153,DSDV,50,40,5,2,3,512,300,20.0,0.037,270,540,Fixed_Per_Instance,1,100153
INST_0153,AOMDV,50,40,5,2,3,512,300,20.0,0.037,270,540,Fixed_Per_Instance,1,100153
INST_0154,AODV,50,40,5,2,4,512,300,20.0,0.037,270,540,Fixed_Per_Instance,1,100154
INST_0154,DSDV,50,40,5,2,4,512,300,20.0,0.037,270,540,Fixed_Per_Instance,1,100154
INST_0154,AOMDV,50,40,5,2,4,512,300,20.0,0.037,270,540,Fixed_Per_Instance,1,100154
INST_0155,AODV,50,40,5,2,5,512,300,20.0,0.037,270,540,Fixed_Per_Instance,1,100155
INST_0155,DSDV,50,40,5,2,5,512,300,20.0,0.037,270,540,Fixed_Per_Instance,1,100155
INST_0155,AOMDV,50,40,5,2,5,512,300,20.0,0.037,270,540,Fixed_Per_Instance,1,100155
INST_0156,AODV,50,40,5,4,1,512,300,20.0,0.037,270,1080,Fixed_Per_Instance,1,100156
INST_0156,DSDV,50,40,5,4,1,512,300,20.0,0.037,270,1080,Fixed_Per_Instance,1,100156
INST_0156,AOMDV,50,40,5,4,1,512,300,20.0,0.037,270,1080,Fixed_Per_Instance,1,100156
INST_0157,AODV,50,40,5,4,2,512,300,20.0,0.037,270,1080,Fixed_Per_Instance,1,100157
INST_0157,DSDV,50,40,5,4,2,512,300,20.0,0.037,270,1080,Fixed_Per_Instance,1,100157
INST_0157,AOMDV,50,40,5,4,2,512,300,20.0,0.037,270,1080,Fixed_Per_Instance,1,100157
INST_0158,AODV,50,40,5,4,3,512,300,20.0,0.037,270,1080,Fixed_Per_Instance,1,100158
INST_0158,DSDV,50,40,5,4,3,512,300,20.0,0.037,270,1080,Fixed_Per_Instance,1,100158
INST_0158,AOMDV,50,40,5,4,3,512,300,20.0,0.037,270,1080,Fixed_Per_Instance,1,100158
INST_0159,AODV,50,40,5,4,4,512,300,20.0,0.037,270,1080,Fixed_Per_Instance,1,100159
INST_0159,DSDV,50,40,5,4,4,512,300,20.0,0.037,270,1080,Fixed_Per_Instance,1,100159
INST_0159,AOMDV,50,40,5,4,4,512,300,20.0,0.037,270,1080,Fixed_Per_Instance,1,100159
INST_0160,AODV,50,40,5,4,5,512,300,20.0,0.037,270,1080,Fixed_Per_Instance,1,100160
INST_0160,DSDV,50,40,5,4,5,512,300,20.0,0.037,270,1080,Fixed_Per_Instance,1,100160
INST_0160,AOMDV,50,40,5,4,5,512,300,20.0,0.037,270,1080,Fixed_Per_Instance,1,100160
INST_0161,AODV,50,40,5,8,1,512,300,20.0,0.037,270,2160,Fixed_Per_Instance,1,100161
INST_0161,DSDV,50,40,5,8,1,512,300,20.0,0.037,270,2160,Fixed_Per_Instance,1,100161
INST_0161,AOMDV,50,40,5,8,1,512,300,20.0,0.037,270,2160,Fixed_Per_Instance,1,100161
INST_0162,AODV,50,40,5,8,2,512,300,20.0,0.037,270,2160,Fixed_Per_Instance,1,100162
INST_0162,DSDV,50,40,5,8,2,512,300,20.0,0.037,270,2160,Fixed_Per_Instance,1,100162
INST_0162,AOMDV,50,40,5,8,2,512,300,20.0,0.037,270,2160,Fixed_Per_Instance,1,100162
INST_0163,AODV,50,40,5,8,3,512,300,20.0,0.037,270,2160,Fixed_Per_Instance,1,100163
INST_0163,DSDV,50,40,5,8,3,512,300,20.0,0.037,270,2160,Fixed_Per_Instance,1,100163
INST_0163,AOMDV,50,40,5,8,3,512,300,20.0,0.037,270,2160,Fixed_Per_Instance,1,100163
INST_0164,AODV,50,40,5,8,4,512,300,20.0,0.037,270,2160,Fixed_Per_Instance,1,100164
INST_0164,DSDV,50,40,5,8,4,512,300,20.0,0.037,270,2160,Fixed_Per_Instance,1,100164
INST_0164,AOMDV,50,40,5,8,4,512,300,20.0,0.037,270,2160,Fixed_Per_Instance,1,100164
INST_0165,AODV,50,40,5,8,5,512,300,20.0,0.037,270,2160,Fixed_Per_Instance,1,100165
INST_0165,DSDV,50,40,5,8,5,512,300,20.0,0.037,270,2160,Fixed_Per_Instance,1,100165
INST_0165,AOMDV,50,40,5,8,5,512,300,20.0,0.037,270,2160,Fixed_Per_Instance,1,100165
INST_0166,AODV,50,40,10,2,1,512,300,20.0,0.037,270,540,Fixed_Per_Instance,1,100166
INST_0166,DSDV,50,40,10,2,1,512,300,20.0,0.037,270,540,Fixed_Per_Instance,1,100166
INST_0166,AOMDV,50,40,10,2,1,512,300,20.0,0.037,270,540,Fixed_Per_Instance,1,100166
INST_0167,AODV,50,40,10,2,2,512,300,20.0,0.037,270,540,Fixed_Per_Instance,1,100167
INST_0167,DSDV,50,40,10,2,2,512,300,20.0,0.037,270,540,Fixed_Per_Instance,1,100167
INST_0167,AOMDV,50,40,10,2,2,512,300,20.0,0.037,270,540,Fixed_Per_Instance,1,100167
INST_0168,AODV,50,40,10,2,3,512,300,20.0,0.037,270,540,Fixed_Per_Instance,1,100168
INST_0168,DSDV,50,40,10,2,3,512,300,20.0,0.037,270,540,Fixed_Per_Instance,1,100168
INST_0168,AOMDV,50,40,10,2,3,512,300,20.0,0.037,270,540,Fixed_Per_Instance,1,100168
INST_0169,AODV,50,40,10,2,4,512,300,20.0,0.037,270,540,Fixed_Per_Instance,1,100169
INST_0169,DSDV,50,40,10,2,4,512,300,20.0,0.037,270,540,Fixed_Per_Instance,1,100169
INST_0169,AOMDV,50,40,10,2,4,512,300,20.0,0.037,270,540,Fixed_Per_Instance,1,100169
INST_0170,AODV,50,40,10,2,5,512,300,20.0,0.037,270,540,Fixed_Per_Instance,1,100170
INST_0170,DSDV,50,40,10,2,5,512,300,20.0,0.037,270,540,Fixed_Per_Instance,1,100170
INST_0170,AOMDV,50,40,10,2,5,512,300,20.0,0.037,270,540,Fixed_Per_Instance,1,100170
INST_0171,AODV,50,40,10,4,1,512,300,20.0,0.037,270,1080,Fixed_Per_Instance,1,100171
INST_0171,DSDV,50,40,10,4,1,512,300,20.0,0.037,270,1080,Fixed_Per_Instance,1,100171
INST_0171,AOMDV,50,40,10,4,1,512,300,20.0,0.037,270,1080,Fixed_Per_Instance,1,100171
INST_0172,AODV,50,40,10,4,2,512,300,20.0,0.037,270,1080,Fixed_Per_Instance,1,100172
INST_0172,DSDV,50,40,10,4,2,512,300,20.0,0.037,270,1080,Fixed_Per_Instance,1,100172
INST_0172,AOMDV,50,40,10,4,2,512,300,20.0,0.037,270,1080,Fixed_Per_Instance,1,100172
INST_0173,AODV,50,40,10,4,3,512,300,20.0,0.037,270,1080,Fixed_Per_Instance,1,100173
INST_0173,DSDV,50,40,10,4,3,512,300,20.0,0.037,270,1080,Fixed_Per_Instance,1,100173
INST_0173,AOMDV,50,40,10,4,3,512,300,20.0,0.037,270,1080,Fixed_Per_Instance,1,100173
INST_0174,AODV,50,40,10,4,4,512,300,20.0,0.037,270,1080,Fixed_Per_Instance,1,100174
INST_0174,DSDV,50,40,10,4,4,512,300,20.0,0.037,270,1080,Fixed_Per_Instance,1,100174
INST_0174,AOMDV,50,40,10,4,4,512,300,20.0,0.037,270,1080,Fixed_Per_Instance,1,100174
INST_0175,AODV,50,40,10,4,5,512,300,20.0,0.037,270,1080,Fixed_Per_Instance,1,100175
INST_0175,DSDV,50,40,10,4,5,512,300,20.0,0.037,270,1080,Fixed_Per_Instance,1,100175
INST_0175,AOMDV,50,40,10,4,5,512,300,20.0,0.037,270,1080,Fixed_Per_Instance,1,100175
INST_0176,AODV,50,40,10,8,1,512,300,20.0,0.037,270,2160,Fixed_Per_Instance,1,100176
INST_0176,DSDV,50,40,10,8,1,512,300,20.0,0.037,270,2160,Fixed_Per_Instance,1,100176
INST_0176,AOMDV,50,40,10,8,1,512,300,20.0,0.037,270,2160,Fixed_Per_Instance,1,100176
INST_0177,AODV,50,40,10,8,2,512,300,20.0,0.037,270,2160,Fixed_Per_Instance,1,100177
INST_0177,DSDV,50,40,10,8,2,512,300,20.0,0.037,270,2160,Fixed_Per_Instance,1,100177
INST_0177,AOMDV,50,40,10,8,2,512,300,20.0,0.037,270,2160,Fixed_Per_Instance,1,100177
INST_0178,AODV,50,40,10,8,3,512,300,20.0,0.037,270,2160,Fixed_Per_Instance,1,100178
INST_0178,DSDV,50,40,10,8,3,512,300,20.0,0.037,270,2160,Fixed_Per_Instance,1,100178
INST_0178,AOMDV,50,40,10,8,3,512,300,20.0,0.037,270,2160,Fixed_Per_Instance,1,100178
INST_0179,AODV,50,40,10,8,4,512,300,20.0,0.037,270,2160,Fixed_Per_Instance,1,100179
INST_0179,DSDV,50,40,10,8,4,512,300,20.0,0.037,270,2160,Fixed_Per_Instance,1,100179
INST_0179,AOMDV,50,40,10,8,4,512,300,20.0,0.037,270,2160,Fixed_Per_Instance,1,100179
INST_0180,AODV,50,40,10,8,5,512,300,20.0,0.037,270,2160,Fixed_Per_Instance,1,100180
INST_0180,DSDV,50,40,10,8,5,512,300,20.0,0.037,270,2160,Fixed_Per_Instance,1,100180
INST_0180,AOMDV,50,40,10,8,5,512,300,20.0,0.037,270,2160,Fixed_Per_Instance,1,100180
INST_0181,AODV,50,40,15,2,1,512,300,20.0,0.037,270,540,Fixed_Per_Instance,1,100181
INST_0181,DSDV,50,40,15,2,1,512,300,20.0,0.037,270,540,Fixed_Per_Instance,1,100181
INST_0181,AOMDV,50,40,15,2,1,512,300,20.0,0.037,270,540,Fixed_Per_Instance,1,100181
INST_0182,AODV,50,40,15,2,2,512,300,20.0,0.037,270,540,Fixed_Per_Instance,1,100182
INST_0182,DSDV,50,40,15,2,2,512,300,20.0,0.037,270,540,Fixed_Per_Instance,1,100182
INST_0182,AOMDV,50,40,15,2,2,512,300,20.0,0.037,270,540,Fixed_Per_Instance,1,100182
INST_0183,AODV,50,40,15,2,3,512,300,20.0,0.037,270,540,Fixed_Per_Instance,1,100183
INST_0183,DSDV,50,40,15,2,3,512,300,20.0,0.037,270,540,Fixed_Per_Instance,1,100183
INST_0183,AOMDV,50,40,15,2,3,512,300,20.0,0.037,270,540,Fixed_Per_Instance,1,100183
INST_0184,AODV,50,40,15,2,4,512,300,20.0,0.037,270,540,Fixed_Per_Instance,1,100184
INST_0184,DSDV,50,40,15,2,4,512,300,20.0,0.037,270,540,Fixed_Per_Instance,1,100184
INST_0184,AOMDV,50,40,15,2,4,512,300,20.0,0.037,270,540,Fixed_Per_Instance,1,100184
INST_0185,AODV,50,40,15,2,5,512,300,20.0,0.037,270,540,Fixed_Per_Instance,1,100185
INST_0185,DSDV,50,40,15,2,5,512,300,20.0,0.037,270,540,Fixed_Per_Instance,1,100185
INST_0185,AOMDV,50,40,15,2,5,512,300,20.0,0.037,270,540,Fixed_Per_Instance,1,100185
INST_0186,AODV,50,40,15,4,1,512,300,20.0,0.037,270,1080,Fixed_Per_Instance,1,100186
INST_0186,DSDV,50,40,15,4,1,512,300,20.0,0.037,270,1080,Fixed_Per_Instance,1,100186
INST_0186,AOMDV,50,40,15,4,1,512,300,20.0,0.037,270,1080,Fixed_Per_Instance,1,100186
INST_0187,AODV,50,40,15,4,2,512,300,20.0,0.037,270,1080,Fixed_Per_Instance,1,100187
INST_0187,DSDV,50,40,15,4,2,512,300,20.0,0.037,270,1080,Fixed_Per_Instance,1,100187
INST_0187,AOMDV,50,40,15,4,2,512,300,20.0,0.037,270,1080,Fixed_Per_Instance,1,100187
INST_0188,AODV,50,40,15,4,3,512,300,20.0,0.037,270,1080,Fixed_Per_Instance,1,100188
INST_0188,DSDV,50,40,15,4,3,512,300,20.0,0.037,270,1080,Fixed_Per_Instance,1,100188
INST_0188,AOMDV,50,40,15,4,3,512,300,20.0,0.037,270,1080,Fixed_Per_Instance,1,100188
INST_0189,AODV,50,40,15,4,4,512,300,20.0,0.037,270,1080,Fixed_Per_Instance,1,100189
INST_0189,DSDV,50,40,15,4,4,512,300,20.0,0.037,270,1080,Fixed_Per_Instance,1,100189
INST_0189,AOMDV,50,40,15,4,4,512,300,20.0,0.037,270,1080,Fixed_Per_Instance,1,100189
INST_0190,AODV,50,40,15,4,5,512,300,20.0,0.037,270,1080,Fixed_Per_Instance,1,100190
INST_0190,DSDV,50,40,15,4,5,512,300,20.0,0.037,270,1080,Fixed_Per_Instance,1,100190
INST_0190,AOMDV,50,40,15,4,5,512,300,20.0,0.037,270,1080,Fixed_Per_Instance,1,100190
INST_0191,AODV,50,40,15,8,1,512,300,20.0,0.037,270,2160,Fixed_Per_Instance,1,100191
INST_0191,DSDV,50,40,15,8,1,512,300,20.0,0.037,270,2160,Fixed_Per_Instance,1,100191
INST_0191,AOMDV,50,40,15,8,1,512,300,20.0,0.037,270,2160,Fixed_Per_Instance,1,100191
INST_0192,AODV,50,40,15,8,2,512,300,20.0,0.037,270,2160,Fixed_Per_Instance,1,100192
INST_0192,DSDV,50,40,15,8,2,512,300,20.0,0.037,270,2160,Fixed_Per_Instance,1,100192
INST_0192,AOMDV,50,40,15,8,2,512,300,20.0,0.037,270,2160,Fixed_Per_Instance,1,100192
INST_0193,AODV,50,40,15,8,3,512,300,20.0,0.037,270,2160,Fixed_Per_Instance,1,100193
INST_0193,DSDV,50,40,15,8,3,512,300,20.0,0.037,270,2160,Fixed_Per_Instance,1,100193
INST_0193,AOMDV,50,40,15,8,3,512,300,20.0,0.037,270,2160,Fixed_Per_Instance,1,100193
INST_0194,AODV,50,40,15,8,4,512,300,20.0,0.037,270,2160,Fixed_Per_Instance,1,100194
INST_0194,DSDV,50,40,15,8,4,512,300,20.0,0.037,270,2160,Fixed_Per_Instance,1,100194
INST_0194,AOMDV,50,40,15,8,4,512,300,20.0,0.037,270,2160,Fixed_Per_Instance,1,100194
INST_0195,AODV,50,40,15,8,5,512,300,20.0,0.037,270,2160,Fixed_Per_Instance,1,100195
INST_0195,DSDV,50,40,15,8,5,512,300,20.0,0.037,270,2160,Fixed_Per_Instance,1,100195
INST_0195,AOMDV,50,40,15,8,5,512,300,20.0,0.037,270,2160,Fixed_Per_Instance,1,100195
INST_0196,AODV,50,40,20,2,1,512,300,20.0,0.037,270,540,Fixed_Per_Instance,1,100196
INST_0196,DSDV,50,40,20,2,1,512,300,20.0,0.037,270,540,Fixed_Per_Instance,1,100196
INST_0196,AOMDV,50,40,20,2,1,512,300,20.0,0.037,270,540,Fixed_Per_Instance,1,100196
INST_0197,AODV,50,40,20,2,2,512,300,20.0,0.037,270,540,Fixed_Per_Instance,1,100197
INST_0197,DSDV,50,40,20,2,2,512,300,20.0,0.037,270,540,Fixed_Per_Instance,1,100197
INST_0197,AOMDV,50,40,20,2,2,512,300,20.0,0.037,270,540,Fixed_Per_Instance,1,100197
INST_0198,AODV,50,40,20,2,3,512,300,20.0,0.037,270,540,Fixed_Per_Instance,1,100198
INST_0198,DSDV,50,40,20,2,3,512,300,20.0,0.037,270,540,Fixed_Per_Instance,1,100198
INST_0198,AOMDV,50,40,20,2,3,512,300,20.0,0.037,270,540,Fixed_Per_Instance,1,100198
INST_0199,AODV,50,40,20,2,4,512,300,20.0,0.037,270,540,Fixed_Per_Instance,1,100199
INST_0199,DSDV,50,40,20,2,4,512,300,20.0,0.037,270,540,Fixed_Per_Instance,1,100199
INST_0199,AOMDV,50,40,20,2,4,512,300,20.0,0.037,270,540,Fixed_Per_Instance,1,100199
INST_0200,AODV,50,40,20,2,5,512,300,20.0,0.037,270,540,Fixed_Per_Instance,1,100200
INST_0200,DSDV,50,40,20,2,5,512,300,20.0,0.037,270,540,Fixed_Per_Instance,1,100200
INST_0200,AOMDV,50,40,20,2,5,512,300,20.0,0.037,270,540,Fixed_Per_Instance,1,100200
INST_0201,AODV,50,40,20,4,1,512,300,20.0,0.037,270,1080,Fixed_Per_Instance,1,100201
INST_0201,DSDV,50,40,20,4,1,512,300,20.0,0.037,270,1080,Fixed_Per_Instance,1,100201
INST_0201,AOMDV,50,40,20,4,1,512,300,20.0,0.037,270,1080,Fixed_Per_Instance,1,100201
INST_0202,AODV,50,40,20,4,2,512,300,20.0,0.037,270,1080,Fixed_Per_Instance,1,100202
INST_0202,DSDV,50,40,20,4,2,512,300,20.0,0.037,270,1080,Fixed_Per_Instance,1,100202
INST_0202,AOMDV,50,40,20,4,2,512,300,20.0,0.037,270,1080,Fixed_Per_Instance,1,100202
INST_0203,AODV,50,40,20,4,3,512,300,20.0,0.037,270,1080,Fixed_Per_Instance,1,100203
INST_0203,DSDV,50,40,20,4,3,512,300,20.0,0.037,270,1080,Fixed_Per_Instance,1,100203
INST_0203,AOMDV,50,40,20,4,3,512,300,20.0,0.037,270,1080,Fixed_Per_Instance,1,100203
INST_0204,AODV,50,40,20,4,4,512,300,20.0,0.037,270,1080,Fixed_Per_Instance,1,100204
INST_0204,DSDV,50,40,20,4,4,512,300,20.0,0.037,270,1080,Fixed_Per_Instance,1,100204
INST_0204,AOMDV,50,40,20,4,4,512,300,20.0,0.037,270,1080,Fixed_Per_Instance,1,100204
INST_0205,AODV,50,40,20,4,5,512,300,20.0,0.037,270,1080,Fixed_Per_Instance,1,100205
INST_0205,DSDV,50,40,20,4,5,512,300,20.0,0.037,270,1080,Fixed_Per_Instance,1,100205
INST_0205,AOMDV,50,40,20,4,5,512,300,20.0,0.037,270,1080,Fixed_Per_Instance,1,100205
INST_0206,AODV,50,40,20,8,1,512,300,20.0,0.037,270,2160,Fixed_Per_Instance,1,100206
INST_0206,DSDV,50,40,20,8,1,512,300,20.0,0.037,270,2160,Fixed_Per_Instance,1,100206
INST_0206,AOMDV,50,40,20,8,1,512,300,20.0,0.037,270,2160,Fixed_Per_Instance,1,100206
INST_0207,AODV,50,40,20,8,2,512,300,20.0,0.037,270,2160,Fixed_Per_Instance,1,100207
INST_0207,DSDV,50,40,20,8,2,512,300,20.0,0.037,270,2160,Fixed_Per_Instance,1,100207
INST_0207,AOMDV,50,40,20,8,2,512,300,20.0,0.037,270,2160,Fixed_Per_Instance,1,100207
INST_0208,AODV,50,40,20,8,3,512,300,20.0,0.037,270,2160,Fixed_Per_Instance,1,100208
INST_0208,DSDV,50,40,20,8,3,512,300,20.0,0.037,270,2160,Fixed_Per_Instance,1,100208
INST_0208,AOMDV,50,40,20,8,3,512,300,20.0,0.037,270,2160,Fixed_Per_Instance,1,100208
INST_0209,AODV,50,40,20,8,4,512,300,20.0,0.037,270,2160,Fixed_Per_Instance,1,100209
INST_0209,DSDV,50,40,20,8,4,512,300,20.0,0.037,270,2160,Fixed_Per_Instance,1,100209
INST_0209,AOMDV,50,40,20,8,4,512,300,20.0,0.037,270,2160,Fixed_Per_Instance,1,100209
INST_0210,AODV,50,40,20,8,5,512,300,20.0,0.037,270,2160,Fixed_Per_Instance,1,100210
INST_0210,DSDV,50,40,20,8,5,512,300,20.0,0.037,270,2160,Fixed_Per_Instance,1,100210
INST_0210,AOMDV,50,40,20,8,5,512,300,20.0,0.037,270,2160,Fixed_Per_Instance,1,100210
INST_0211,AODV,50,40,25,2,1,512,300,20.0,0.037,270,540,Fixed_Per_Instance,1,100211
INST_0211,DSDV,50,40,25,2,1,512,300,20.0,0.037,270,540,Fixed_Per_Instance,1,100211
INST_0211,AOMDV,50,40,25,2,1,512,300,20.0,0.037,270,540,Fixed_Per_Instance,1,100211
INST_0212,AODV,50,40,25,2,2,512,300,20.0,0.037,270,540,Fixed_Per_Instance,1,100212
INST_0212,DSDV,50,40,25,2,2,512,300,20.0,0.037,270,540,Fixed_Per_Instance,1,100212
INST_0212,AOMDV,50,40,25,2,2,512,300,20.0,0.037,270,540,Fixed_Per_Instance,1,100212
INST_0213,AODV,50,40,25,2,3,512,300,20.0,0.037,270,540,Fixed_Per_Instance,1,100213
INST_0213,DSDV,50,40,25,2,3,512,300,20.0,0.037,270,540,Fixed_Per_Instance,1,100213
INST_0213,AOMDV,50,40,25,2,3,512,300,20.0,0.037,270,540,Fixed_Per_Instance,1,100213
INST_0214,AODV,50,40,25,2,4,512,300,20.0,0.037,270,540,Fixed_Per_Instance,1,100214
INST_0214,DSDV,50,40,25,2,4,512,300,20.0,0.037,270,540,Fixed_Per_Instance,1,100214
INST_0214,AOMDV,50,40,25,2,4,512,300,20.0,0.037,270,540,Fixed_Per_Instance,1,100214
INST_0215,AODV,50,40,25,2,5,512,300,20.0,0.037,270,540,Fixed_Per_Instance,1,100215
INST_0215,DSDV,50,40,25,2,5,512,300,20.0,0.037,270,540,Fixed_Per_Instance,1,100215
INST_0215,AOMDV,50,40,25,2,5,512,300,20.0,0.037,270,540,Fixed_Per_Instance,1,100215
INST_0216,AODV,50,40,25,4,1,512,300,20.0,0.037,270,1080,Fixed_Per_Instance,1,100216
INST_0216,DSDV,50,40,25,4,1,512,300,20.0,0.037,270,1080,Fixed_Per_Instance,1,100216
INST_0216,AOMDV,50,40,25,4,1,512,300,20.0,0.037,270,1080,Fixed_Per_Instance,1,100216
INST_0217,AODV,50,40,25,4,2,512,300,20.0,0.037,270,1080,Fixed_Per_Instance,1,100217
INST_0217,DSDV,50,40,25,4,2,512,300,20.0,0.037,270,1080,Fixed_Per_Instance,1,100217
INST_0217,AOMDV,50,40,25,4,2,512,300,20.0,0.037,270,1080,Fixed_Per_Instance,1,100217
INST_0218,AODV,50,40,25,4,3,512,300,20.0,0.037,270,1080,Fixed_Per_Instance,1,100218
INST_0218,DSDV,50,40,25,4,3,512,300,20.0,0.037,270,1080,Fixed_Per_Instance,1,100218
INST_0218,AOMDV,50,40,25,4,3,512,300,20.0,0.037,270,1080,Fixed_Per_Instance,1,100218
INST_0219,AODV,50,40,25,4,4,512,300,20.0,0.037,270,1080,Fixed_Per_Instance,1,100219
INST_0219,DSDV,50,40,25,4,4,512,300,20.0,0.037,270,1080,Fixed_Per_Instance,1,100219
INST_0219,AOMDV,50,40,25,4,4,512,300,20.0,0.037,270,1080,Fixed_Per_Instance,1,100219
INST_0220,AODV,50,40,25,4,5,512,300,20.0,0.037,270,1080,Fixed_Per_Instance,1,100220
INST_0220,DSDV,50,40,25,4,5,512,300,20.0,0.037,270,1080,Fixed_Per_Instance,1,100220
INST_0220,AOMDV,50,40,25,4,5,512,300,20.0,0.037,270,1080,Fixed_Per_Instance,1,100220
INST_0221,AODV,50,40,25,8,1,512,300,20.0,0.037,270,2160,Fixed_Per_Instance,1,100221
INST_0221,DSDV,50,40,25,8,1,512,300,20.0,0.037,270,2160,Fixed_Per_Instance,1,100221
INST_0221,AOMDV,50,40,25,8,1,512,300,20.0,0.037,270,2160,Fixed_Per_Instance,1,100221
INST_0222,AODV,50,40,25,8,2,512,300,20.0,0.037,270,2160,Fixed_Per_Instance,1,100222
INST_0222,DSDV,50,40,25,8,2,512,300,20.0,0.037,270,2160,Fixed_Per_Instance,1,100222
INST_0222,AOMDV,50,40,25,8,2,512,300,20.0,0.037,270,2160,Fixed_Per_Instance,1,100222
INST_0223,AODV,50,40,25,8,3,512,300,20.0,0.037,270,2160,Fixed_Per_Instance,1,100223
INST_0223,DSDV,50,40,25,8,3,512,300,20.0,0.037,270,2160,Fixed_Per_Instance,1,100223
INST_0223,AOMDV,50,40,25,8,3,512,300,20.0,0.037,270,2160,Fixed_Per_Instance,1,100223
INST_0224,AODV,50,40,25,8,4,512,300,20.0,0.037,270,2160,Fixed_Per_Instance,1,100224
INST_0224,DSDV,50,40,25,8,4,512,300,20.0,0.037,270,2160,Fixed_Per_Instance,1,100224
INST_0224,AOMDV,50,40,25,8,4,512,300,20.0,0.037,270,2160,Fixed_Per_Instance,1,100224
INST_0225,AODV,50,40,25,8,5,512,300,20.0,0.037,270,2160,Fixed_Per_Instance,1,100225
INST_0225,DSDV,50,40,25,8,5,512,300,20.0,0.037,270,2160,Fixed_Per_Instance,1,100225
INST_0225,AOMDV,50,40,25,8,5,512,300,20.0,0.037,270,2160,Fixed_Per_Instance,1,100225
INST_0226,AODV,50,50,5,2,1,512,300,20.0,0.037,270,540,Fixed_Per_Instance,1,100226
INST_0226,DSDV,50,50,5,2,1,512,300,20.0,0.037,270,540,Fixed_Per_Instance,1,100226
INST_0226,AOMDV,50,50,5,2,1,512,300,20.0,0.037,270,540,Fixed_Per_Instance,1,100226
INST_0227,AODV,50,50,5,2,2,512,300,20.0,0.037,270,540,Fixed_Per_Instance,1,100227
INST_0227,DSDV,50,50,5,2,2,512,300,20.0,0.037,270,540,Fixed_Per_Instance,1,100227
INST_0227,AOMDV,50,50,5,2,2,512,300,20.0,0.037,270,540,Fixed_Per_Instance,1,100227
INST_0228,AODV,50,50,5,2,3,512,300,20.0,0.037,270,540,Fixed_Per_Instance,1,100228
INST_0228,DSDV,50,50,5,2,3,512,300,20.0,0.037,270,540,Fixed_Per_Instance,1,100228
INST_0228,AOMDV,50,50,5,2,3,512,300,20.0,0.037,270,540,Fixed_Per_Instance,1,100228
INST_0229,AODV,50,50,5,2,4,512,300,20.0,0.037,270,540,Fixed_Per_Instance,1,100229
INST_0229,DSDV,50,50,5,2,4,512,300,20.0,0.037,270,540,Fixed_Per_Instance,1,100229
INST_0229,AOMDV,50,50,5,2,4,512,300,20.0,0.037,270,540,Fixed_Per_Instance,1,100229
INST_0230,AODV,50,50,5,2,5,512,300,20.0,0.037,270,540,Fixed_Per_Instance,1,100230
INST_0230,DSDV,50,50,5,2,5,512,300,20.0,0.037,270,540,Fixed_Per_Instance,1,100230
INST_0230,AOMDV,50,50,5,2,5,512,300,20.0,0.037,270,540,Fixed_Per_Instance,1,100230
INST_0231,AODV,50,50,5,4,1,512,300,20.0,0.037,270,1080,Fixed_Per_Instance,1,100231
INST_0231,DSDV,50,50,5,4,1,512,300,20.0,0.037,270,1080,Fixed_Per_Instance,1,100231
INST_0231,AOMDV,50,50,5,4,1,512,300,20.0,0.037,270,1080,Fixed_Per_Instance,1,100231
INST_0232,AODV,50,50,5,4,2,512,300,20.0,0.037,270,1080,Fixed_Per_Instance,1,100232
INST_0232,DSDV,50,50,5,4,2,512,300,20.0,0.037,270,1080,Fixed_Per_Instance,1,100232
INST_0232,AOMDV,50,50,5,4,2,512,300,20.0,0.037,270,1080,Fixed_Per_Instance,1,100232
INST_0233,AODV,50,50,5,4,3,512,300,20.0,0.037,270,1080,Fixed_Per_Instance,1,100233
INST_0233,DSDV,50,50,5,4,3,512,300,20.0,0.037,270,1080,Fixed_Per_Instance,1,100233
INST_0233,AOMDV,50,50,5,4,3,512,300,20.0,0.037,270,1080,Fixed_Per_Instance,1,100233
INST_0234,AODV,50,50,5,4,4,512,300,20.0,0.037,270,1080,Fixed_Per_Instance,1,100234
INST_0234,DSDV,50,50,5,4,4,512,300,20.0,0.037,270,1080,Fixed_Per_Instance,1,100234
INST_0234,AOMDV,50,50,5,4,4,512,300,20.0,0.037,270,1080,Fixed_Per_Instance,1,100234
INST_0235,AODV,50,50,5,4,5,512,300,20.0,0.037,270,1080,Fixed_Per_Instance,1,100235
INST_0235,DSDV,50,50,5,4,5,512,300,20.0,0.037,270,1080,Fixed_Per_Instance,1,100235
INST_0235,AOMDV,50,50,5,4,5,512,300,20.0,0.037,270,1080,Fixed_Per_Instance,1,100235
INST_0236,AODV,50,50,5,8,1,512,300,20.0,0.037,270,2160,Fixed_Per_Instance,1,100236
INST_0236,DSDV,50,50,5,8,1,512,300,20.0,0.037,270,2160,Fixed_Per_Instance,1,100236
INST_0236,AOMDV,50,50,5,8,1,512,300,20.0,0.037,270,2160,Fixed_Per_Instance,1,100236
INST_0237,AODV,50,50,5,8,2,512,300,20.0,0.037,270,2160,Fixed_Per_Instance,1,100237
INST_0237,DSDV,50,50,5,8,2,512,300,20.0,0.037,270,2160,Fixed_Per_Instance,1,100237
INST_0237,AOMDV,50,50,5,8,2,512,300,20.0,0.037,270,2160,Fixed_Per_Instance,1,100237
INST_0238,AODV,50,50,5,8,3,512,300,20.0,0.037,270,2160,Fixed_Per_Instance,1,100238
INST_0238,DSDV,50,50,5,8,3,512,300,20.0,0.037,270,2160,Fixed_Per_Instance,1,100238
INST_0238,AOMDV,50,50,5,8,3,512,300,20.0,0.037,270,2160,Fixed_Per_Instance,1,100238
INST_0239,AODV,50,50,5,8,4,512,300,20.0,0.037,270,2160,Fixed_Per_Instance,1,100239
INST_0239,DSDV,50,50,5,8,4,512,300,20.0,0.037,270,2160,Fixed_Per_Instance,1,100239
INST_0239,AOMDV,50,50,5,8,4,512,300,20.0,0.037,270,2160,Fixed_Per_Instance,1,100239
INST_0240,AODV,50,50,5,8,5,512,300,20.0,0.037,270,2160,Fixed_Per_Instance,1,100240
INST_0240,DSDV,50,50,5,8,5,512,300,20.0,0.037,270,2160,Fixed_Per_Instance,1,100240
INST_0240,AOMDV,50,50,5,8,5,512,300,20.0,0.037,270,2160,Fixed_Per_Instance,1,100240
INST_0241,AODV,50,50,10,2,1,512,300,20.0,0.037,270,540,Fixed_Per_Instance,1,100241
INST_0241,DSDV,50,50,10,2,1,512,300,20.0,0.037,270,540,Fixed_Per_Instance,1,100241
INST_0241,AOMDV,50,50,10,2,1,512,300,20.0,0.037,270,540,Fixed_Per_Instance,1,100241
INST_0242,AODV,50,50,10,2,2,512,300,20.0,0.037,270,540,Fixed_Per_Instance,1,100242
INST_0242,DSDV,50,50,10,2,2,512,300,20.0,0.037,270,540,Fixed_Per_Instance,1,100242
INST_0242,AOMDV,50,50,10,2,2,512,300,20.0,0.037,270,540,Fixed_Per_Instance,1,100242
INST_0243,AODV,50,50,10,2,3,512,300,20.0,0.037,270,540,Fixed_Per_Instance,1,100243
INST_0243,DSDV,50,50,10,2,3,512,300,20.0,0.037,270,540,Fixed_Per_Instance,1,100243
INST_0243,AOMDV,50,50,10,2,3,512,300,20.0,0.037,270,540,Fixed_Per_Instance,1,100243
INST_0244,AODV,50,50,10,2,4,512,300,20.0,0.037,270,540,Fixed_Per_Instance,1,100244
INST_0244,DSDV,50,50,10,2,4,512,300,20.0,0.037,270,540,Fixed_Per_Instance,1,100244
INST_0244,AOMDV,50,50,10,2,4,512,300,20.0,0.037,270,540,Fixed_Per_Instance,1,100244
INST_0245,AODV,50,50,10,2,5,512,300,20.0,0.037,270,540,Fixed_Per_Instance,1,100245
INST_0245,DSDV,50,50,10,2,5,512,300,20.0,0.037,270,540,Fixed_Per_Instance,1,100245
INST_0245,AOMDV,50,50,10,2,5,512,300,20.0,0.037,270,540,Fixed_Per_Instance,1,100245
INST_0246,AODV,50,50,10,4,1,512,300,20.0,0.037,270,1080,Fixed_Per_Instance,1,100246
INST_0246,DSDV,50,50,10,4,1,512,300,20.0,0.037,270,1080,Fixed_Per_Instance,1,100246
INST_0246,AOMDV,50,50,10,4,1,512,300,20.0,0.037,270,1080,Fixed_Per_Instance,1,100246
INST_0247,AODV,50,50,10,4,2,512,300,20.0,0.037,270,1080,Fixed_Per_Instance,1,100247
INST_0247,DSDV,50,50,10,4,2,512,300,20.0,0.037,270,1080,Fixed_Per_Instance,1,100247
INST_0247,AOMDV,50,50,10,4,2,512,300,20.0,0.037,270,1080,Fixed_Per_Instance,1,100247
INST_0248,AODV,50,50,10,4,3,512,300,20.0,0.037,270,1080,Fixed_Per_Instance,1,100248
INST_0248,DSDV,50,50,10,4,3,512,300,20.0,0.037,270,1080,Fixed_Per_Instance,1,100248
INST_0248,AOMDV,50,50,10,4,3,512,300,20.0,0.037,270,1080,Fixed_Per_Instance,1,100248
INST_0249,AODV,50,50,10,4,4,512,300,20.0,0.037,270,1080,Fixed_Per_Instance,1,100249
INST_0249,DSDV,50,50,10,4,4,512,300,20.0,0.037,270,1080,Fixed_Per_Instance,1,100249
INST_0249,AOMDV,50,50,10,4,4,512,300,20.0,0.037,270,1080,Fixed_Per_Instance,1,100249
INST_0250,AODV,50,50,10,4,5,512,300,20.0,0.037,270,1080,Fixed_Per_Instance,1,100250
INST_0250,DSDV,50,50,10,4,5,512,300,20.0,0.037,270,1080,Fixed_Per_Instance,1,100250
INST_0250,AOMDV,50,50,10,4,5,512,300,20.0,0.037,270,1080,Fixed_Per_Instance,1,100250
INST_0251,AODV,50,50,10,8,1,512,300,20.0,0.037,270,2160,Fixed_Per_Instance,1,100251
INST_0251,DSDV,50,50,10,8,1,512,300,20.0,0.037,270,2160,Fixed_Per_Instance,1,100251
INST_0251,AOMDV,50,50,10,8,1,512,300,20.0,0.037,270,2160,Fixed_Per_Instance,1,100251
INST_0252,AODV,50,50,10,8,2,512,300,20.0,0.037,270,2160,Fixed_Per_Instance,1,100252
INST_0252,DSDV,50,50,10,8,2,512,300,20.0,0.037,270,2160,Fixed_Per_Instance,1,100252
INST_0252,AOMDV,50,50,10,8,2,512,300,20.0,0.037,270,2160,Fixed_Per_Instance,1,100252
INST_0253,AODV,50,50,10,8,3,512,300,20.0,0.037,270,2160,Fixed_Per_Instance,1,100253
INST_0253,DSDV,50,50,10,8,3,512,300,20.0,0.037,270,2160,Fixed_Per_Instance,1,100253
INST_0253,AOMDV,50,50,10,8,3,512,300,20.0,0.037,270,2160,Fixed_Per_Instance,1,100253
INST_0254,AODV,50,50,10,8,4,512,300,20.0,0.037,270,2160,Fixed_Per_Instance,1,100254
INST_0254,DSDV,50,50,10,8,4,512,300,20.0,0.037,270,2160,Fixed_Per_Instance,1,100254
INST_0254,AOMDV,50,50,10,8,4,512,300,20.0,0.037,270,2160,Fixed_Per_Instance,1,100254
INST_0255,AODV,50,50,10,8,5,512,300,20.0,0.037,270,2160,Fixed_Per_Instance,1,100255
INST_0255,DSDV,50,50,10,8,5,512,300,20.0,0.037,270,2160,Fixed_Per_Instance,1,100255
INST_0255,AOMDV,50,50,10,8,5,512,300,20.0,0.037,270,2160,Fixed_Per_Instance,1,100255
INST_0256,AODV,50,50,15,2,1,512,300,20.0,0.037,270,540,Fixed_Per_Instance,1,100256
INST_0256,DSDV,50,50,15,2,1,512,300,20.0,0.037,270,540,Fixed_Per_Instance,1,100256
INST_0256,AOMDV,50,50,15,2,1,512,300,20.0,0.037,270,540,Fixed_Per_Instance,1,100256
INST_0257,AODV,50,50,15,2,2,512,300,20.0,0.037,270,540,Fixed_Per_Instance,1,100257
INST_0257,DSDV,50,50,15,2,2,512,300,20.0,0.037,270,540,Fixed_Per_Instance,1,100257
INST_0257,AOMDV,50,50,15,2,2,512,300,20.0,0.037,270,540,Fixed_Per_Instance,1,100257
INST_0258,AODV,50,50,15,2,3,512,300,20.0,0.037,270,540,Fixed_Per_Instance,1,100258
INST_0258,DSDV,50,50,15,2,3,512,300,20.0,0.037,270,540,Fixed_Per_Instance,1,100258
INST_0258,AOMDV,50,50,15,2,3,512,300,20.0,0.037,270,540,Fixed_Per_Instance,1,100258
INST_0259,AODV,50,50,15,2,4,512,300,20.0,0.037,270,540,Fixed_Per_Instance,1,100259
INST_0259,DSDV,50,50,15,2,4,512,300,20.0,0.037,270,540,Fixed_Per_Instance,1,100259
INST_0259,AOMDV,50,50,15,2,4,512,300,20.0,0.037,270,540,Fixed_Per_Instance,1,100259
INST_0260,AODV,50,50,15,2,5,512,300,20.0,0.037,270,540,Fixed_Per_Instance,1,100260
INST_0260,DSDV,50,50,15,2,5,512,300,20.0,0.037,270,540,Fixed_Per_Instance,1,100260
INST_0260,AOMDV,50,50,15,2,5,512,300,20.0,0.037,270,540,Fixed_Per_Instance,1,100260
INST_0261,AODV,50,50,15,4,1,512,300,20.0,0.037,270,1080,Fixed_Per_Instance,1,100261
INST_0261,DSDV,50,50,15,4,1,512,300,20.0,0.037,270,1080,Fixed_Per_Instance,1,100261
INST_0261,AOMDV,50,50,15,4,1,512,300,20.0,0.037,270,1080,Fixed_Per_Instance,1,100261
INST_0262,AODV,50,50,15,4,2,512,300,20.0,0.037,270,1080,Fixed_Per_Instance,1,100262
INST_0262,DSDV,50,50,15,4,2,512,300,20.0,0.037,270,1080,Fixed_Per_Instance,1,100262
INST_0262,AOMDV,50,50,15,4,2,512,300,20.0,0.037,270,1080,Fixed_Per_Instance,1,100262
INST_0263,AODV,50,50,15,4,3,512,300,20.0,0.037,270,1080,Fixed_Per_Instance,1,100263
INST_0263,DSDV,50,50,15,4,3,512,300,20.0,0.037,270,1080,Fixed_Per_Instance,1,100263
INST_0263,AOMDV,50,50,15,4,3,512,300,20.0,0.037,270,1080,Fixed_Per_Instance,1,100263
INST_0264,AODV,50,50,15,4,4,512,300,20.0,0.037,270,1080,Fixed_Per_Instance,1,100264
INST_0264,DSDV,50,50,15,4,4,512,300,20.0,0.037,270,1080,Fixed_Per_Instance,1,100264
INST_0264,AOMDV,50,50,15,4,4,512,300,20.0,0.037,270,1080,Fixed_Per_Instance,1,100264
INST_0265,AODV,50,50,15,4,5,512,300,20.0,0.037,270,1080,Fixed_Per_Instance,1,100265
INST_0265,DSDV,50,50,15,4,5,512,300,20.0,0.037,270,1080,Fixed_Per_Instance,1,100265
INST_0265,AOMDV,50,50,15,4,5,512,300,20.0,0.037,270,1080,Fixed_Per_Instance,1,100265
INST_0266,AODV,50,50,15,8,1,512,300,20.0,0.037,270,2160,Fixed_Per_Instance,1,100266
INST_0266,DSDV,50,50,15,8,1,512,300,20.0,0.037,270,2160,Fixed_Per_Instance,1,100266
INST_0266,AOMDV,50,50,15,8,1,512,300,20.0,0.037,270,2160,Fixed_Per_Instance,1,100266
INST_0267,AODV,50,50,15,8,2,512,300,20.0,0.037,270,2160,Fixed_Per_Instance,1,100267
INST_0267,DSDV,50,50,15,8,2,512,300,20.0,0.037,270,2160,Fixed_Per_Instance,1,100267
INST_0267,AOMDV,50,50,15,8,2,512,300,20.0,0.037,270,2160,Fixed_Per_Instance,1,100267
INST_0268,AODV,50,50,15,8,3,512,300,20.0,0.037,270,2160,Fixed_Per_Instance,1,100268
INST_0268,DSDV,50,50,15,8,3,512,300,20.0,0.037,270,2160,Fixed_Per_Instance,1,100268
INST_0268,AOMDV,50,50,15,8,3,512,300,20.0,0.037,270,2160,Fixed_Per_Instance,1,100268
INST_0269,AODV,50,50,15,8,4,512,300,20.0,0.037,270,2160,Fixed_Per_Instance,1,100269
INST_0269,DSDV,50,50,15,8,4,512,300,20.0,0.037,270,2160,Fixed_Per_Instance,1,100269
INST_0269,AOMDV,50,50,15,8,4,512,300,20.0,0.037,270,2160,Fixed_Per_Instance,1,100269
INST_0270,AODV,50,50,15,8,5,512,300,20.0,0.037,270,2160,Fixed_Per_Instance,1,100270
INST_0270,DSDV,50,50,15,8,5,512,300,20.0,0.037,270,2160,Fixed_Per_Instance,1,100270
INST_0270,AOMDV,50,50,15,8,5,512,300,20.0,0.037,270,2160,Fixed_Per_Instance,1,100270
INST_0271,AODV,50,50,20,2,1,512,300,20.0,0.037,270,540,Fixed_Per_Instance,1,100271
INST_0271,DSDV,50,50,20,2,1,512,300,20.0,0.037,270,540,Fixed_Per_Instance,1,100271
INST_0271,AOMDV,50,50,20,2,1,512,300,20.0,0.037,270,540,Fixed_Per_Instance,1,100271
INST_0272,AODV,50,50,20,2,2,512,300,20.0,0.037,270,540,Fixed_Per_Instance,1,100272
INST_0272,DSDV,50,50,20,2,2,512,300,20.0,0.037,270,540,Fixed_Per_Instance,1,100272
INST_0272,AOMDV,50,50,20,2,2,512,300,20.0,0.037,270,540,Fixed_Per_Instance,1,100272
INST_0273,AODV,50,50,20,2,3,512,300,20.0,0.037,270,540,Fixed_Per_Instance,1,100273
INST_0273,DSDV,50,50,20,2,3,512,300,20.0,0.037,270,540,Fixed_Per_Instance,1,100273
INST_0273,AOMDV,50,50,20,2,3,512,300,20.0,0.037,270,540,Fixed_Per_Instance,1,100273
INST_0274,AODV,50,50,20,2,4,512,300,20.0,0.037,270,540,Fixed_Per_Instance,1,100274
INST_0274,DSDV,50,50,20,2,4,512,300,20.0,0.037,270,540,Fixed_Per_Instance,1,100274
INST_0274,AOMDV,50,50,20,2,4,512,300,20.0,0.037,270,540,Fixed_Per_Instance,1,100274
INST_0275,AODV,50,50,20,2,5,512,300,20.0,0.037,270,540,Fixed_Per_Instance,1,100275
INST_0275,DSDV,50,50,20,2,5,512,300,20.0,0.037,270,540,Fixed_Per_Instance,1,100275
INST_0275,AOMDV,50,50,20,2,5,512,300,20.0,0.037,270,540,Fixed_Per_Instance,1,100275
INST_0276,AODV,50,50,20,4,1,512,300,20.0,0.037,270,1080,Fixed_Per_Instance,1,100276
INST_0276,DSDV,50,50,20,4,1,512,300,20.0,0.037,270,1080,Fixed_Per_Instance,1,100276
INST_0276,AOMDV,50,50,20,4,1,512,300,20.0,0.037,270,1080,Fixed_Per_Instance,1,100276
INST_0277,AODV,50,50,20,4,2,512,300,20.0,0.037,270,1080,Fixed_Per_Instance,1,100277
INST_0277,DSDV,50,50,20,4,2,512,300,20.0,0.037,270,1080,Fixed_Per_Instance,1,100277
INST_0277,AOMDV,50,50,20,4,2,512,300,20.0,0.037,270,1080,Fixed_Per_Instance,1,100277
INST_0278,AODV,50,50,20,4,3,512,300,20.0,0.037,270,1080,Fixed_Per_Instance,1,100278
INST_0278,DSDV,50,50,20,4,3,512,300,20.0,0.037,270,1080,Fixed_Per_Instance,1,100278
INST_0278,AOMDV,50,50,20,4,3,512,300,20.0,0.037,270,1080,Fixed_Per_Instance,1,100278
INST_0279,AODV,50,50,20,4,4,512,300,20.0,0.037,270,1080,Fixed_Per_Instance,1,100279
INST_0279,DSDV,50,50,20,4,4,512,300,20.0,0.037,270,1080,Fixed_Per_Instance,1,100279
INST_0279,AOMDV,50,50,20,4,4,512,300,20.0,0.037,270,1080,Fixed_Per_Instance,1,100279
INST_0280,AODV,50,50,20,4,5,512,300,20.0,0.037,270,1080,Fixed_Per_Instance,1,100280
INST_0280,DSDV,50,50,20,4,5,512,300,20.0,0.037,270,1080,Fixed_Per_Instance,1,100280
INST_0280,AOMDV,50,50,20,4,5,512,300,20.0,0.037,270,1080,Fixed_Per_Instance,1,100280
INST_0281,AODV,50,50,20,8,1,512,300,20.0,0.037,270,2160,Fixed_Per_Instance,1,100281
INST_0281,DSDV,50,50,20,8,1,512,300,20.0,0.037,270,2160,Fixed_Per_Instance,1,100281
INST_0281,AOMDV,50,50,20,8,1,512,300,20.0,0.037,270,2160,Fixed_Per_Instance,1,100281
INST_0282,AODV,50,50,20,8,2,512,300,20.0,0.037,270,2160,Fixed_Per_Instance,1,100282
INST_0282,DSDV,50,50,20,8,2,512,300,20.0,0.037,270,2160,Fixed_Per_Instance,1,100282
INST_0282,AOMDV,50,50,20,8,2,512,300,20.0,0.037,270,2160,Fixed_Per_Instance,1,100282
INST_0283,AODV,50,50,20,8,3,512,300,20.0,0.037,270,2160,Fixed_Per_Instance,1,100283
INST_0283,DSDV,50,50,20,8,3,512,300,20.0,0.037,270,2160,Fixed_Per_Instance,1,100283
INST_0283,AOMDV,50,50,20,8,3,512,300,20.0,0.037,270,2160,Fixed_Per_Instance,1,100283
INST_0284,AODV,50,50,20,8,4,512,300,20.0,0.037,270,2160,Fixed_Per_Instance,1,100284
INST_0284,DSDV,50,50,20,8,4,512,300,20.0,0.037,270,2160,Fixed_Per_Instance,1,100284
INST_0284,AOMDV,50,50,20,8,4,512,300,20.0,0.037,270,2160,Fixed_Per_Instance,1,100284
INST_0285,AODV,50,50,20,8,5,512,300,20.0,0.037,270,2160,Fixed_Per_Instance,1,100285
INST_0285,DSDV,50,50,20,8,5,512,300,20.0,0.037,270,2160,Fixed_Per_Instance,1,100285
INST_0285,AOMDV,50,50,20,8,5,512,300,20.0,0.037,270,2160,Fixed_Per_Instance,1,100285
INST_0286,AODV,50,50,25,2,1,512,300,20.0,0.037,270,540,Fixed_Per_Instance,1,100286
INST_0286,DSDV,50,50,25,2,1,512,300,20.0,0.037,270,540,Fixed_Per_Instance,1,100286
INST_0286,AOMDV,50,50,25,2,1,512,300,20.0,0.037,270,540,Fixed_Per_Instance,1,100286
INST_0287,AODV,50,50,25,2,2,512,300,20.0,0.037,270,540,Fixed_Per_Instance,1,100287
INST_0287,DSDV,50,50,25,2,2,512,300,20.0,0.037,270,540,Fixed_Per_Instance,1,100287
INST_0287,AOMDV,50,50,25,2,2,512,300,20.0,0.037,270,540,Fixed_Per_Instance,1,100287
INST_0288,AODV,50,50,25,2,3,512,300,20.0,0.037,270,540,Fixed_Per_Instance,1,100288
INST_0288,DSDV,50,50,25,2,3,512,300,20.0,0.037,270,540,Fixed_Per_Instance,1,100288
INST_0288,AOMDV,50,50,25,2,3,512,300,20.0,0.037,270,540,Fixed_Per_Instance,1,100288
INST_0289,AODV,50,50,25,2,4,512,300,20.0,0.037,270,540,Fixed_Per_Instance,1,100289
INST_0289,DSDV,50,50,25,2,4,512,300,20.0,0.037,270,540,Fixed_Per_Instance,1,100289
INST_0289,AOMDV,50,50,25,2,4,512,300,20.0,0.037,270,540,Fixed_Per_Instance,1,100289
INST_0290,AODV,50,50,25,2,5,512,300,20.0,0.037,270,540,Fixed_Per_Instance,1,100290
INST_0290,DSDV,50,50,25,2,5,512,300,20.0,0.037,270,540,Fixed_Per_Instance,1,100290
INST_0290,AOMDV,50,50,25,2,5,512,300,20.0,0.037,270,540,Fixed_Per_Instance,1,100290
INST_0291,AODV,50,50,25,4,1,512,300,20.0,0.037,270,1080,Fixed_Per_Instance,1,100291
INST_0291,DSDV,50,50,25,4,1,512,300,20.0,0.037,270,1080,Fixed_Per_Instance,1,100291
INST_0291,AOMDV,50,50,25,4,1,512,300,20.0,0.037,270,1080,Fixed_Per_Instance,1,100291
INST_0292,AODV,50,50,25,4,2,512,300,20.0,0.037,270,1080,Fixed_Per_Instance,1,100292
INST_0292,DSDV,50,50,25,4,2,512,300,20.0,0.037,270,1080,Fixed_Per_Instance,1,100292
INST_0292,AOMDV,50,50,25,4,2,512,300,20.0,0.037,270,1080,Fixed_Per_Instance,1,100292
INST_0293,AODV,50,50,25,4,3,512,300,20.0,0.037,270,1080,Fixed_Per_Instance,1,100293
INST_0293,DSDV,50,50,25,4,3,512,300,20.0,0.037,270,1080,Fixed_Per_Instance,1,100293
INST_0293,AOMDV,50,50,25,4,3,512,300,20.0,0.037,270,1080,Fixed_Per_Instance,1,100293
INST_0294,AODV,50,50,25,4,4,512,300,20.0,0.037,270,1080,Fixed_Per_Instance,1,100294
INST_0294,DSDV,50,50,25,4,4,512,300,20.0,0.037,270,1080,Fixed_Per_Instance,1,100294
INST_0294,AOMDV,50,50,25,4,4,512,300,20.0,0.037,270,1080,Fixed_Per_Instance,1,100294
INST_0295,AODV,50,50,25,4,5,512,300,20.0,0.037,270,1080,Fixed_Per_Instance,1,100295
INST_0295,DSDV,50,50,25,4,5,512,300,20.0,0.037,270,1080,Fixed_Per_Instance,1,100295
INST_0295,AOMDV,50,50,25,4,5,512,300,20.0,0.037,270,1080,Fixed_Per_Instance,1,100295
INST_0296,AODV,50,50,25,8,1,512,300,20.0,0.037,270,2160,Fixed_Per_Instance,1,100296
INST_0296,DSDV,50,50,25,8,1,512,300,20.0,0.037,270,2160,Fixed_Per_Instance,1,100296
INST_0296,AOMDV,50,50,25,8,1,512,300,20.0,0.037,270,2160,Fixed_Per_Instance,1,100296
INST_0297,AODV,50,50,25,8,2,512,300,20.0,0.037,270,2160,Fixed_Per_Instance,1,100297
INST_0297,DSDV,50,50,25,8,2,512,300,20.0,0.037,270,2160,Fixed_Per_Instance,1,100297
INST_0297,AOMDV,50,50,25,8,2,512,300,20.0,0.037,270,2160,Fixed_Per_Instance,1,100297
INST_0298,AODV,50,50,25,8,3,512,300,20.0,0.037,270,2160,Fixed_Per_Instance,1,100298
INST_0298,DSDV,50,50,25,8,3,512,300,20.0,0.037,270,2160,Fixed_Per_Instance,1,100298
INST_0298,AOMDV,50,50,25,8,3,512,300,20.0,0.037,270,2160,Fixed_Per_Instance,1,100298
INST_0299,AODV,50,50,25,8,4,512,300,20.0,0.037,270,2160,Fixed_Per_Instance,1,100299
INST_0299,DSDV,50,50,25,8,4,512,300,20.0,0.037,270,2160,Fixed_Per_Instance,1,100299
INST_0299,AOMDV,50,50,25,8,4,512,300,20.0,0.037,270,2160,Fixed_Per_Instance,1,100299
INST_0300,AODV,50,50,25,8,5,512,300,20.0,0.037,270,2160,Fixed_Per_Instance,1,100300
INST_0300,DSDV,50,50,25,8,5,512,300,20.0,0.037,270,2160,Fixed_Per_Instance,1,100300
INST_0300,AOMDV,50,50,25,8,5,512,300,20.0,0.037,270,2160,Fixed_Per_Instance,1,100300
INST_0301,AODV,100,20,5,2,1,512,300,20.0,0.037,270,540,Fixed_Per_Instance,1,100301
INST_0301,DSDV,100,20,5,2,1,512,300,20.0,0.037,270,540,Fixed_Per_Instance,1,100301
INST_0301,AOMDV,100,20,5,2,1,512,300,20.0,0.037,270,540,Fixed_Per_Instance,1,100301
INST_0302,AODV,100,20,5,2,2,512,300,20.0,0.037,270,540,Fixed_Per_Instance,1,100302
INST_0302,DSDV,100,20,5,2,2,512,300,20.0,0.037,270,540,Fixed_Per_Instance,1,100302
INST_0302,AOMDV,100,20,5,2,2,512,300,20.0,0.037,270,540,Fixed_Per_Instance,1,100302
INST_0303,AODV,100,20,5,2,3,512,300,20.0,0.037,270,540,Fixed_Per_Instance,1,100303
INST_0303,DSDV,100,20,5,2,3,512,300,20.0,0.037,270,540,Fixed_Per_Instance,1,100303
INST_0303,AOMDV,100,20,5,2,3,512,300,20.0,0.037,270,540,Fixed_Per_Instance,1,100303
INST_0304,AODV,100,20,5,2,4,512,300,20.0,0.037,270,540,Fixed_Per_Instance,1,100304
INST_0304,DSDV,100,20,5,2,4,512,300,20.0,0.037,270,540,Fixed_Per_Instance,1,100304
INST_0304,AOMDV,100,20,5,2,4,512,300,20.0,0.037,270,540,Fixed_Per_Instance,1,100304
INST_0305,AODV,100,20,5,2,5,512,300,20.0,0.037,270,540,Fixed_Per_Instance,1,100305
INST_0305,DSDV,100,20,5,2,5,512,300,20.0,0.037,270,540,Fixed_Per_Instance,1,100305
INST_0305,AOMDV,100,20,5,2,5,512,300,20.0,0.037,270,540,Fixed_Per_Instance,1,100305
INST_0306,AODV,100,20,5,4,1,512,300,20.0,0.037,270,1080,Fixed_Per_Instance,1,100306
INST_0306,DSDV,100,20,5,4,1,512,300,20.0,0.037,270,1080,Fixed_Per_Instance,1,100306
INST_0306,AOMDV,100,20,5,4,1,512,300,20.0,0.037,270,1080,Fixed_Per_Instance,1,100306
INST_0307,AODV,100,20,5,4,2,512,300,20.0,0.037,270,1080,Fixed_Per_Instance,1,100307
INST_0307,DSDV,100,20,5,4,2,512,300,20.0,0.037,270,1080,Fixed_Per_Instance,1,100307
INST_0307,AOMDV,100,20,5,4,2,512,300,20.0,0.037,270,1080,Fixed_Per_Instance,1,100307
INST_0308,AODV,100,20,5,4,3,512,300,20.0,0.037,270,1080,Fixed_Per_Instance,1,100308
INST_0308,DSDV,100,20,5,4,3,512,300,20.0,0.037,270,1080,Fixed_Per_Instance,1,100308
INST_0308,AOMDV,100,20,5,4,3,512,300,20.0,0.037,270,1080,Fixed_Per_Instance,1,100308
INST_0309,AODV,100,20,5,4,4,512,300,20.0,0.037,270,1080,Fixed_Per_Instance,1,100309
INST_0309,DSDV,100,20,5,4,4,512,300,20.0,0.037,270,1080,Fixed_Per_Instance,1,100309
INST_0309,AOMDV,100,20,5,4,4,512,300,20.0,0.037,270,1080,Fixed_Per_Instance,1,100309
INST_0310,AODV,100,20,5,4,5,512,300,20.0,0.037,270,1080,Fixed_Per_Instance,1,100310
INST_0310,DSDV,100,20,5,4,5,512,300,20.0,0.037,270,1080,Fixed_Per_Instance,1,100310
INST_0310,AOMDV,100,20,5,4,5,512,300,20.0,0.037,270,1080,Fixed_Per_Instance,1,100310
INST_0311,AODV,100,20,5,8,1,512,300,20.0,0.037,270,2160,Fixed_Per_Instance,1,100311
INST_0311,DSDV,100,20,5,8,1,512,300,20.0,0.037,270,2160,Fixed_Per_Instance,1,100311
INST_0311,AOMDV,100,20,5,8,1,512,300,20.0,0.037,270,2160,Fixed_Per_Instance,1,100311
INST_0312,AODV,100,20,5,8,2,512,300,20.0,0.037,270,2160,Fixed_Per_Instance,1,100312
INST_0312,DSDV,100,20,5,8,2,512,300,20.0,0.037,270,2160,Fixed_Per_Instance,1,100312
INST_0312,AOMDV,100,20,5,8,2,512,300,20.0,0.037,270,2160,Fixed_Per_Instance,1,100312
INST_0313,AODV,100,20,5,8,3,512,300,20.0,0.037,270,2160,Fixed_Per_Instance,1,100313
INST_0313,DSDV,100,20,5,8,3,512,300,20.0,0.037,270,2160,Fixed_Per_Instance,1,100313
INST_0313,AOMDV,100,20,5,8,3,512,300,20.0,0.037,270,2160,Fixed_Per_Instance,1,100313
INST_0314,AODV,100,20,5,8,4,512,300,20.0,0.037,270,2160,Fixed_Per_Instance,1,100314
INST_0314,DSDV,100,20,5,8,4,512,300,20.0,0.037,270,2160,Fixed_Per_Instance,1,100314
INST_0314,AOMDV,100,20,5,8,4,512,300,20.0,0.037,270,2160,Fixed_Per_Instance,1,100314
INST_0315,AODV,100,20,5,8,5,512,300,20.0,0.037,270,2160,Fixed_Per_Instance,1,100315
INST_0315,DSDV,100,20,5,8,5,512,300,20.0,0.037,270,2160,Fixed_Per_Instance,1,100315
INST_0315,AOMDV,100,20,5,8,5,512,300,20.0,0.037,270,2160,Fixed_Per_Instance,1,100315
INST_0316,AODV,100,20,10,2,1,512,300,20.0,0.037,270,540,Fixed_Per_Instance,1,100316
INST_0316,DSDV,100,20,10,2,1,512,300,20.0,0.037,270,540,Fixed_Per_Instance,1,100316
INST_0316,AOMDV,100,20,10,2,1,512,300,20.0,0.037,270,540,Fixed_Per_Instance,1,100316
INST_0317,AODV,100,20,10,2,2,512,300,20.0,0.037,270,540,Fixed_Per_Instance,1,100317
INST_0317,DSDV,100,20,10,2,2,512,300,20.0,0.037,270,540,Fixed_Per_Instance,1,100317
INST_0317,AOMDV,100,20,10,2,2,512,300,20.0,0.037,270,540,Fixed_Per_Instance,1,100317
INST_0318,AODV,100,20,10,2,3,512,300,20.0,0.037,270,540,Fixed_Per_Instance,1,100318
INST_0318,DSDV,100,20,10,2,3,512,300,20.0,0.037,270,540,Fixed_Per_Instance,1,100318
INST_0318,AOMDV,100,20,10,2,3,512,300,20.0,0.037,270,540,Fixed_Per_Instance,1,100318
INST_0319,AODV,100,20,10,2,4,512,300,20.0,0.037,270,540,Fixed_Per_Instance,1,100319
INST_0319,DSDV,100,20,10,2,4,512,300,20.0,0.037,270,540,Fixed_Per_Instance,1,100319
INST_0319,AOMDV,100,20,10,2,4,512,300,20.0,0.037,270,540,Fixed_Per_Instance,1,100319
INST_0320,AODV,100,20,10,2,5,512,300,20.0,0.037,270,540,Fixed_Per_Instance,1,100320
INST_0320,DSDV,100,20,10,2,5,512,300,20.0,0.037,270,540,Fixed_Per_Instance,1,100320
INST_0320,AOMDV,100,20,10,2,5,512,300,20.0,0.037,270,540,Fixed_Per_Instance,1,100320
INST_0321,AODV,100,20,10,4,1,512,300,20.0,0.037,270,1080,Fixed_Per_Instance,1,100321
INST_0321,DSDV,100,20,10,4,1,512,300,20.0,0.037,270,1080,Fixed_Per_Instance,1,100321
INST_0321,AOMDV,100,20,10,4,1,512,300,20.0,0.037,270,1080,Fixed_Per_Instance,1,100321
INST_0322,AODV,100,20,10,4,2,512,300,20.0,0.037,270,1080,Fixed_Per_Instance,1,100322
INST_0322,DSDV,100,20,10,4,2,512,300,20.0,0.037,270,1080,Fixed_Per_Instance,1,100322
INST_0322,AOMDV,100,20,10,4,2,512,300,20.0,0.037,270,1080,Fixed_Per_Instance,1,100322
INST_0323,AODV,100,20,10,4,3,512,300,20.0,0.037,270,1080,Fixed_Per_Instance,1,100323
INST_0323,DSDV,100,20,10,4,3,512,300,20.0,0.037,270,1080,Fixed_Per_Instance,1,100323
INST_0323,AOMDV,100,20,10,4,3,512,300,20.0,0.037,270,1080,Fixed_Per_Instance,1,100323
INST_0324,AODV,100,20,10,4,4,512,300,20.0,0.037,270,1080,Fixed_Per_Instance,1,100324
INST_0324,DSDV,100,20,10,4,4,512,300,20.0,0.037,270,1080,Fixed_Per_Instance,1,100324
INST_0324,AOMDV,100,20,10,4,4,512,300,20.0,0.037,270,1080,Fixed_Per_Instance,1,100324
INST_0325,AODV,100,20,10,4,5,512,300,20.0,0.037,270,1080,Fixed_Per_Instance,1,100325
INST_0325,DSDV,100,20,10,4,5,512,300,20.0,0.037,270,1080,Fixed_Per_Instance,1,100325
INST_0325,AOMDV,100,20,10,4,5,512,300,20.0,0.037,270,1080,Fixed_Per_Instance,1,100325
INST_0326,AODV,100,20,10,8,1,512,300,20.0,0.037,270,2160,Fixed_Per_Instance,1,100326
INST_0326,DSDV,100,20,10,8,1,512,300,20.0,0.037,270,2160,Fixed_Per_Instance,1,100326
INST_0326,AOMDV,100,20,10,8,1,512,300,20.0,0.037,270,2160,Fixed_Per_Instance,1,100326
INST_0327,AODV,100,20,10,8,2,512,300,20.0,0.037,270,2160,Fixed_Per_Instance,1,100327
INST_0327,DSDV,100,20,10,8,2,512,300,20.0,0.037,270,2160,Fixed_Per_Instance,1,100327
INST_0327,AOMDV,100,20,10,8,2,512,300,20.0,0.037,270,2160,Fixed_Per_Instance,1,100327
INST_0328,AODV,100,20,10,8,3,512,300,20.0,0.037,270,2160,Fixed_Per_Instance,1,100328
INST_0328,DSDV,100,20,10,8,3,512,300,20.0,0.037,270,2160,Fixed_Per_Instance,1,100328
INST_0328,AOMDV,100,20,10,8,3,512,300,20.0,0.037,270,2160,Fixed_Per_Instance,1,100328
INST_0329,AODV,100,20,10,8,4,512,300,20.0,0.037,270,2160,Fixed_Per_Instance,1,100329
INST_0329,DSDV,100,20,10,8,4,512,300,20.0,0.037,270,2160,Fixed_Per_Instance,1,100329
INST_0329,AOMDV,100,20,10,8,4,512,300,20.0,0.037,270,2160,Fixed_Per_Instance,1,100329
INST_0330,AODV,100,20,10,8,5,512,300,20.0,0.037,270,2160,Fixed_Per_Instance,1,100330
INST_0330,DSDV,100,20,10,8,5,512,300,20.0,0.037,270,2160,Fixed_Per_Instance,1,100330
INST_0330,AOMDV,100,20,10,8,5,512,300,20.0,0.037,270,2160,Fixed_Per_Instance,1,100330
INST_0331,AODV,100,20,15,2,1,512,300,20.0,0.037,270,540,Fixed_Per_Instance,1,100331
INST_0331,DSDV,100,20,15,2,1,512,300,20.0,0.037,270,540,Fixed_Per_Instance,1,100331
INST_0331,AOMDV,100,20,15,2,1,512,300,20.0,0.037,270,540,Fixed_Per_Instance,1,100331
INST_0332,AODV,100,20,15,2,2,512,300,20.0,0.037,270,540,Fixed_Per_Instance,1,100332
INST_0332,DSDV,100,20,15,2,2,512,300,20.0,0.037,270,540,Fixed_Per_Instance,1,100332
INST_0332,AOMDV,100,20,15,2,2,512,300,20.0,0.037,270,540,Fixed_Per_Instance,1,100332
INST_0333,AODV,100,20,15,2,3,512,300,20.0,0.037,270,540,Fixed_Per_Instance,1,100333
INST_0333,DSDV,100,20,15,2,3,512,300,20.0,0.037,270,540,Fixed_Per_Instance,1,100333
INST_0333,AOMDV,100,20,15,2,3,512,300,20.0,0.037,270,540,Fixed_Per_Instance,1,100333
INST_0334,AODV,100,20,15,2,4,512,300,20.0,0.037,270,540,Fixed_Per_Instance,1,100334
INST_0334,DSDV,100,20,15,2,4,512,300,20.0,0.037,270,540,Fixed_Per_Instance,1,100334
INST_0334,AOMDV,100,20,15,2,4,512,300,20.0,0.037,270,540,Fixed_Per_Instance,1,100334
INST_0335,AODV,100,20,15,2,5,512,300,20.0,0.037,270,540,Fixed_Per_Instance,1,100335
INST_0335,DSDV,100,20,15,2,5,512,300,20.0,0.037,270,540,Fixed_Per_Instance,1,100335
INST_0335,AOMDV,100,20,15,2,5,512,300,20.0,0.037,270,540,Fixed_Per_Instance,1,100335
INST_0336,AODV,100,20,15,4,1,512,300,20.0,0.037,270,1080,Fixed_Per_Instance,1,100336
INST_0336,DSDV,100,20,15,4,1,512,300,20.0,0.037,270,1080,Fixed_Per_Instance,1,100336
INST_0336,AOMDV,100,20,15,4,1,512,300,20.0,0.037,270,1080,Fixed_Per_Instance,1,100336
INST_0337,AODV,100,20,15,4,2,512,300,20.0,0.037,270,1080,Fixed_Per_Instance,1,100337
INST_0337,DSDV,100,20,15,4,2,512,300,20.0,0.037,270,1080,Fixed_Per_Instance,1,100337
INST_0337,AOMDV,100,20,15,4,2,512,300,20.0,0.037,270,1080,Fixed_Per_Instance,1,100337
INST_0338,AODV,100,20,15,4,3,512,300,20.0,0.037,270,1080,Fixed_Per_Instance,1,100338
INST_0338,DSDV,100,20,15,4,3,512,300,20.0,0.037,270,1080,Fixed_Per_Instance,1,100338
INST_0338,AOMDV,100,20,15,4,3,512,300,20.0,0.037,270,1080,Fixed_Per_Instance,1,100338
INST_0339,AODV,100,20,15,4,4,512,300,20.0,0.037,270,1080,Fixed_Per_Instance,1,100339
INST_0339,DSDV,100,20,15,4,4,512,300,20.0,0.037,270,1080,Fixed_Per_Instance,1,100339
INST_0339,AOMDV,100,20,15,4,4,512,300,20.0,0.037,270,1080,Fixed_Per_Instance,1,100339
INST_0340,AODV,100,20,15,4,5,512,300,20.0,0.037,270,1080,Fixed_Per_Instance,1,100340
INST_0340,DSDV,100,20,15,4,5,512,300,20.0,0.037,270,1080,Fixed_Per_Instance,1,100340
INST_0340,AOMDV,100,20,15,4,5,512,300,20.0,0.037,270,1080,Fixed_Per_Instance,1,100340
INST_0341,AODV,100,20,15,8,1,512,300,20.0,0.037,270,2160,Fixed_Per_Instance,1,100341
INST_0341,DSDV,100,20,15,8,1,512,300,20.0,0.037,270,2160,Fixed_Per_Instance,1,100341
INST_0341,AOMDV,100,20,15,8,1,512,300,20.0,0.037,270,2160,Fixed_Per_Instance,1,100341
INST_0342,AODV,100,20,15,8,2,512,300,20.0,0.037,270,2160,Fixed_Per_Instance,1,100342
INST_0342,DSDV,100,20,15,8,2,512,300,20.0,0.037,270,2160,Fixed_Per_Instance,1,100342
INST_0342,AOMDV,100,20,15,8,2,512,300,20.0,0.037,270,2160,Fixed_Per_Instance,1,100342
INST_0343,AODV,100,20,15,8,3,512,300,20.0,0.037,270,2160,Fixed_Per_Instance,1,100343
INST_0343,DSDV,100,20,15,8,3,512,300,20.0,0.037,270,2160,Fixed_Per_Instance,1,100343
INST_0343,AOMDV,100,20,15,8,3,512,300,20.0,0.037,270,2160,Fixed_Per_Instance,1,100343
INST_0344,AODV,100,20,15,8,4,512,300,20.0,0.037,270,2160,Fixed_Per_Instance,1,100344
INST_0344,DSDV,100,20,15,8,4,512,300,20.0,0.037,270,2160,Fixed_Per_Instance,1,100344
INST_0344,AOMDV,100,20,15,8,4,512,300,20.0,0.037,270,2160,Fixed_Per_Instance,1,100344
INST_0345,AODV,100,20,15,8,5,512,300,20.0,0.037,270,2160,Fixed_Per_Instance,1,100345
INST_0345,DSDV,100,20,15,8,5,512,300,20.0,0.037,270,2160,Fixed_Per_Instance,1,100345
INST_0345,AOMDV,100,20,15,8,5,512,300,20.0,0.037,270,2160,Fixed_Per_Instance,1,100345
INST_0346,AODV,100,20,20,2,1,512,300,20.0,0.037,270,540,Fixed_Per_Instance,1,100346
INST_0346,DSDV,100,20,20,2,1,512,300,20.0,0.037,270,540,Fixed_Per_Instance,1,100346
INST_0346,AOMDV,100,20,20,2,1,512,300,20.0,0.037,270,540,Fixed_Per_Instance,1,100346
INST_0347,AODV,100,20,20,2,2,512,300,20.0,0.037,270,540,Fixed_Per_Instance,1,100347
INST_0347,DSDV,100,20,20,2,2,512,300,20.0,0.037,270,540,Fixed_Per_Instance,1,100347
INST_0347,AOMDV,100,20,20,2,2,512,300,20.0,0.037,270,540,Fixed_Per_Instance,1,100347
INST_0348,AODV,100,20,20,2,3,512,300,20.0,0.037,270,540,Fixed_Per_Instance,1,100348
INST_0348,DSDV,100,20,20,2,3,512,300,20.0,0.037,270,540,Fixed_Per_Instance,1,100348
INST_0348,AOMDV,100,20,20,2,3,512,300,20.0,0.037,270,540,Fixed_Per_Instance,1,100348
INST_0349,AODV,100,20,20,2,4,512,300,20.0,0.037,270,540,Fixed_Per_Instance,1,100349
INST_0349,DSDV,100,20,20,2,4,512,300,20.0,0.037,270,540,Fixed_Per_Instance,1,100349
INST_0349,AOMDV,100,20,20,2,4,512,300,20.0,0.037,270,540,Fixed_Per_Instance,1,100349
INST_0350,AODV,100,20,20,2,5,512,300,20.0,0.037,270,540,Fixed_Per_Instance,1,100350
INST_0350,DSDV,100,20,20,2,5,512,300,20.0,0.037,270,540,Fixed_Per_Instance,1,100350
INST_0350,AOMDV,100,20,20,2,5,512,300,20.0,0.037,270,540,Fixed_Per_Instance,1,100350
INST_0351,AODV,100,20,20,4,1,512,300,20.0,0.037,270,1080,Fixed_Per_Instance,1,100351
INST_0351,DSDV,100,20,20,4,1,512,300,20.0,0.037,270,1080,Fixed_Per_Instance,1,100351
INST_0351,AOMDV,100,20,20,4,1,512,300,20.0,0.037,270,1080,Fixed_Per_Instance,1,100351
INST_0352,AODV,100,20,20,4,2,512,300,20.0,0.037,270,1080,Fixed_Per_Instance,1,100352
INST_0352,DSDV,100,20,20,4,2,512,300,20.0,0.037,270,1080,Fixed_Per_Instance,1,100352
INST_0352,AOMDV,100,20,20,4,2,512,300,20.0,0.037,270,1080,Fixed_Per_Instance,1,100352
INST_0353,AODV,100,20,20,4,3,512,300,20.0,0.037,270,1080,Fixed_Per_Instance,1,100353
INST_0353,DSDV,100,20,20,4,3,512,300,20.0,0.037,270,1080,Fixed_Per_Instance,1,100353
INST_0353,AOMDV,100,20,20,4,3,512,300,20.0,0.037,270,1080,Fixed_Per_Instance,1,100353
INST_0354,AODV,100,20,20,4,4,512,300,20.0,0.037,270,1080,Fixed_Per_Instance,1,100354
INST_0354,DSDV,100,20,20,4,4,512,300,20.0,0.037,270,1080,Fixed_Per_Instance,1,100354
INST_0354,AOMDV,100,20,20,4,4,512,300,20.0,0.037,270,1080,Fixed_Per_Instance,1,100354
INST_0355,AODV,100,20,20,4,5,512,300,20.0,0.037,270,1080,Fixed_Per_Instance,1,100355
INST_0355,DSDV,100,20,20,4,5,512,300,20.0,0.037,270,1080,Fixed_Per_Instance,1,100355
INST_0355,AOMDV,100,20,20,4,5,512,300,20.0,0.037,270,1080,Fixed_Per_Instance,1,100355
INST_0356,AODV,100,20,20,8,1,512,300,20.0,0.037,270,2160,Fixed_Per_Instance,1,100356
INST_0356,DSDV,100,20,20,8,1,512,300,20.0,0.037,270,2160,Fixed_Per_Instance,1,100356
INST_0356,AOMDV,100,20,20,8,1,512,300,20.0,0.037,270,2160,Fixed_Per_Instance,1,100356
INST_0357,AODV,100,20,20,8,2,512,300,20.0,0.037,270,2160,Fixed_Per_Instance,1,100357
INST_0357,DSDV,100,20,20,8,2,512,300,20.0,0.037,270,2160,Fixed_Per_Instance,1,100357
INST_0357,AOMDV,100,20,20,8,2,512,300,20.0,0.037,270,2160,Fixed_Per_Instance,1,100357
INST_0358,AODV,100,20,20,8,3,512,300,20.0,0.037,270,2160,Fixed_Per_Instance,1,100358
INST_0358,DSDV,100,20,20,8,3,512,300,20.0,0.037,270,2160,Fixed_Per_Instance,1,100358
INST_0358,AOMDV,100,20,20,8,3,512,300,20.0,0.037,270,2160,Fixed_Per_Instance,1,100358
INST_0359,AODV,100,20,20,8,4,512,300,20.0,0.037,270,2160,Fixed_Per_Instance,1,100359
INST_0359,DSDV,100,20,20,8,4,512,300,20.0,0.037,270,2160,Fixed_Per_Instance,1,100359
INST_0359,AOMDV,100,20,20,8,4,512,300,20.0,0.037,270,2160,Fixed_Per_Instance,1,100359
INST_0360,AODV,100,20,20,8,5,512,300,20.0,0.037,270,2160,Fixed_Per_Instance,1,100360
INST_0360,DSDV,100,20,20,8,5,512,300,20.0,0.037,270,2160,Fixed_Per_Instance,1,100360
INST_0360,AOMDV,100,20,20,8,5,512,300,20.0,0.037,270,2160,Fixed_Per_Instance,1,100360
INST_0361,AODV,100,20,25,2,1,512,300,20.0,0.037,270,540,Fixed_Per_Instance,1,100361
INST_0361,DSDV,100,20,25,2,1,512,300,20.0,0.037,270,540,Fixed_Per_Instance,1,100361
INST_0361,AOMDV,100,20,25,2,1,512,300,20.0,0.037,270,540,Fixed_Per_Instance,1,100361
INST_0362,AODV,100,20,25,2,2,512,300,20.0,0.037,270,540,Fixed_Per_Instance,1,100362
INST_0362,DSDV,100,20,25,2,2,512,300,20.0,0.037,270,540,Fixed_Per_Instance,1,100362
INST_0362,AOMDV,100,20,25,2,2,512,300,20.0,0.037,270,540,Fixed_Per_Instance,1,100362
INST_0363,AODV,100,20,25,2,3,512,300,20.0,0.037,270,540,Fixed_Per_Instance,1,100363
INST_0363,DSDV,100,20,25,2,3,512,300,20.0,0.037,270,540,Fixed_Per_Instance,1,100363
INST_0363,AOMDV,100,20,25,2,3,512,300,20.0,0.037,270,540,Fixed_Per_Instance,1,100363
INST_0364,AODV,100,20,25,2,4,512,300,20.0,0.037,270,540,Fixed_Per_Instance,1,100364
INST_0364,DSDV,100,20,25,2,4,512,300,20.0,0.037,270,540,Fixed_Per_Instance,1,100364
INST_0364,AOMDV,100,20,25,2,4,512,300,20.0,0.037,270,540,Fixed_Per_Instance,1,100364
INST_0365,AODV,100,20,25,2,5,512,300,20.0,0.037,270,540,Fixed_Per_Instance,1,100365
INST_0365,DSDV,100,20,25,2,5,512,300,20.0,0.037,270,540,Fixed_Per_Instance,1,100365
INST_0365,AOMDV,100,20,25,2,5,512,300,20.0,0.037,270,540,Fixed_Per_Instance,1,100365
INST_0366,AODV,100,20,25,4,1,512,300,20.0,0.037,270,1080,Fixed_Per_Instance,1,100366
INST_0366,DSDV,100,20,25,4,1,512,300,20.0,0.037,270,1080,Fixed_Per_Instance,1,100366
INST_0366,AOMDV,100,20,25,4,1,512,300,20.0,0.037,270,1080,Fixed_Per_Instance,1,100366
INST_0367,AODV,100,20,25,4,2,512,300,20.0,0.037,270,1080,Fixed_Per_Instance,1,100367
INST_0367,DSDV,100,20,25,4,2,512,300,20.0,0.037,270,1080,Fixed_Per_Instance,1,100367
INST_0367,AOMDV,100,20,25,4,2,512,300,20.0,0.037,270,1080,Fixed_Per_Instance,1,100367
INST_0368,AODV,100,20,25,4,3,512,300,20.0,0.037,270,1080,Fixed_Per_Instance,1,100368
INST_0368,DSDV,100,20,25,4,3,512,300,20.0,0.037,270,1080,Fixed_Per_Instance,1,100368
INST_0368,AOMDV,100,20,25,4,3,512,300,20.0,0.037,270,1080,Fixed_Per_Instance,1,100368
INST_0369,AODV,100,20,25,4,4,512,300,20.0,0.037,270,1080,Fixed_Per_Instance,1,100369
INST_0369,DSDV,100,20,25,4,4,512,300,20.0,0.037,270,1080,Fixed_Per_Instance,1,100369
INST_0369,AOMDV,100,20,25,4,4,512,300,20.0,0.037,270,1080,Fixed_Per_Instance,1,100369
INST_0370,AODV,100,20,25,4,5,512,300,20.0,0.037,270,1080,Fixed_Per_Instance,1,100370
INST_0370,DSDV,100,20,25,4,5,512,300,20.0,0.037,270,1080,Fixed_Per_Instance,1,100370
INST_0370,AOMDV,100,20,25,4,5,512,300,20.0,0.037,270,1080,Fixed_Per_Instance,1,100370
INST_0371,AODV,100,20,25,8,1,512,300,20.0,0.037,270,2160,Fixed_Per_Instance,1,100371
INST_0371,DSDV,100,20,25,8,1,512,300,20.0,0.037,270,2160,Fixed_Per_Instance,1,100371
INST_0371,AOMDV,100,20,25,8,1,512,300,20.0,0.037,270,2160,Fixed_Per_Instance,1,100371
INST_0372,AODV,100,20,25,8,2,512,300,20.0,0.037,270,2160,Fixed_Per_Instance,1,100372
INST_0372,DSDV,100,20,25,8,2,512,300,20.0,0.037,270,2160,Fixed_Per_Instance,1,100372
INST_0372,AOMDV,100,20,25,8,2,512,300,20.0,0.037,270,2160,Fixed_Per_Instance,1,100372
INST_0373,AODV,100,20,25,8,3,512,300,20.0,0.037,270,2160,Fixed_Per_Instance,1,100373
INST_0373,DSDV,100,20,25,8,3,512,300,20.0,0.037,270,2160,Fixed_Per_Instance,1,100373
INST_0373,AOMDV,100,20,25,8,3,512,300,20.0,0.037,270,2160,Fixed_Per_Instance,1,100373
INST_0374,AODV,100,20,25,8,4,512,300,20.0,0.037,270,2160,Fixed_Per_Instance,1,100374
INST_0374,DSDV,100,20,25,8,4,512,300,20.0,0.037,270,2160,Fixed_Per_Instance,1,100374
INST_0374,AOMDV,100,20,25,8,4,512,300,20.0,0.037,270,2160,Fixed_Per_Instance,1,100374
INST_0375,AODV,100,20,25,8,5,512,300,20.0,0.037,270,2160,Fixed_Per_Instance,1,100375
INST_0375,DSDV,100,20,25,8,5,512,300,20.0,0.037,270,2160,Fixed_Per_Instance,1,100375
INST_0375,AOMDV,100,20,25,8,5,512,300,20.0,0.037,270,2160,Fixed_Per_Instance,1,100375
INST_0376,AODV,100,30,5,2,1,512,300,20.0,0.037,270,540,Fixed_Per_Instance,1,100376
INST_0376,DSDV,100,30,5,2,1,512,300,20.0,0.037,270,540,Fixed_Per_Instance,1,100376
INST_0376,AOMDV,100,30,5,2,1,512,300,20.0,0.037,270,540,Fixed_Per_Instance,1,100376
INST_0377,AODV,100,30,5,2,2,512,300,20.0,0.037,270,540,Fixed_Per_Instance,1,100377
INST_0377,DSDV,100,30,5,2,2,512,300,20.0,0.037,270,540,Fixed_Per_Instance,1,100377
INST_0377,AOMDV,100,30,5,2,2,512,300,20.0,0.037,270,540,Fixed_Per_Instance,1,100377
INST_0378,AODV,100,30,5,2,3,512,300,20.0,0.037,270,540,Fixed_Per_Instance,1,100378
INST_0378,DSDV,100,30,5,2,3,512,300,20.0,0.037,270,540,Fixed_Per_Instance,1,100378
INST_0378,AOMDV,100,30,5,2,3,512,300,20.0,0.037,270,540,Fixed_Per_Instance,1,100378
INST_0379,AODV,100,30,5,2,4,512,300,20.0,0.037,270,540,Fixed_Per_Instance,1,100379
INST_0379,DSDV,100,30,5,2,4,512,300,20.0,0.037,270,540,Fixed_Per_Instance,1,100379
INST_0379,AOMDV,100,30,5,2,4,512,300,20.0,0.037,270,540,Fixed_Per_Instance,1,100379
INST_0380,AODV,100,30,5,2,5,512,300,20.0,0.037,270,540,Fixed_Per_Instance,1,100380
INST_0380,DSDV,100,30,5,2,5,512,300,20.0,0.037,270,540,Fixed_Per_Instance,1,100380
INST_0380,AOMDV,100,30,5,2,5,512,300,20.0,0.037,270,540,Fixed_Per_Instance,1,100380
INST_0381,AODV,100,30,5,4,1,512,300,20.0,0.037,270,1080,Fixed_Per_Instance,1,100381
INST_0381,DSDV,100,30,5,4,1,512,300,20.0,0.037,270,1080,Fixed_Per_Instance,1,100381
INST_0381,AOMDV,100,30,5,4,1,512,300,20.0,0.037,270,1080,Fixed_Per_Instance,1,100381
INST_0382,AODV,100,30,5,4,2,512,300,20.0,0.037,270,1080,Fixed_Per_Instance,1,100382
INST_0382,DSDV,100,30,5,4,2,512,300,20.0,0.037,270,1080,Fixed_Per_Instance,1,100382
INST_0382,AOMDV,100,30,5,4,2,512,300,20.0,0.037,270,1080,Fixed_Per_Instance,1,100382
INST_0383,AODV,100,30,5,4,3,512,300,20.0,0.037,270,1080,Fixed_Per_Instance,1,100383
INST_0383,DSDV,100,30,5,4,3,512,300,20.0,0.037,270,1080,Fixed_Per_Instance,1,100383
INST_0383,AOMDV,100,30,5,4,3,512,300,20.0,0.037,270,1080,Fixed_Per_Instance,1,100383
INST_0384,AODV,100,30,5,4,4,512,300,20.0,0.037,270,1080,Fixed_Per_Instance,1,100384
INST_0384,DSDV,100,30,5,4,4,512,300,20.0,0.037,270,1080,Fixed_Per_Instance,1,100384
INST_0384,AOMDV,100,30,5,4,4,512,300,20.0,0.037,270,1080,Fixed_Per_Instance,1,100384
INST_0385,AODV,100,30,5,4,5,512,300,20.0,0.037,270,1080,Fixed_Per_Instance,1,100385
INST_0385,DSDV,100,30,5,4,5,512,300,20.0,0.037,270,1080,Fixed_Per_Instance,1,100385
INST_0385,AOMDV,100,30,5,4,5,512,300,20.0,0.037,270,1080,Fixed_Per_Instance,1,100385
INST_0386,AODV,100,30,5,8,1,512,300,20.0,0.037,270,2160,Fixed_Per_Instance,1,100386
INST_0386,DSDV,100,30,5,8,1,512,300,20.0,0.037,270,2160,Fixed_Per_Instance,1,100386
INST_0386,AOMDV,100,30,5,8,1,512,300,20.0,0.037,270,2160,Fixed_Per_Instance,1,100386
INST_0387,AODV,100,30,5,8,2,512,300,20.0,0.037,270,2160,Fixed_Per_Instance,1,100387
INST_0387,DSDV,100,30,5,8,2,512,300,20.0,0.037,270,2160,Fixed_Per_Instance,1,100387
INST_0387,AOMDV,100,30,5,8,2,512,300,20.0,0.037,270,2160,Fixed_Per_Instance,1,100387
INST_0388,AODV,100,30,5,8,3,512,300,20.0,0.037,270,2160,Fixed_Per_Instance,1,100388
INST_0388,DSDV,100,30,5,8,3,512,300,20.0,0.037,270,2160,Fixed_Per_Instance,1,100388
INST_0388,AOMDV,100,30,5,8,3,512,300,20.0,0.037,270,2160,Fixed_Per_Instance,1,100388
INST_0389,AODV,100,30,5,8,4,512,300,20.0,0.037,270,2160,Fixed_Per_Instance,1,100389
INST_0389,DSDV,100,30,5,8,4,512,300,20.0,0.037,270,2160,Fixed_Per_Instance,1,100389
INST_0389,AOMDV,100,30,5,8,4,512,300,20.0,0.037,270,2160,Fixed_Per_Instance,1,100389
INST_0390,AODV,100,30,5,8,5,512,300,20.0,0.037,270,2160,Fixed_Per_Instance,1,100390
INST_0390,DSDV,100,30,5,8,5,512,300,20.0,0.037,270,2160,Fixed_Per_Instance,1,100390
INST_0390,AOMDV,100,30,5,8,5,512,300,20.0,0.037,270,2160,Fixed_Per_Instance,1,100390
INST_0391,AODV,100,30,10,2,1,512,300,20.0,0.037,270,540,Fixed_Per_Instance,1,100391
INST_0391,DSDV,100,30,10,2,1,512,300,20.0,0.037,270,540,Fixed_Per_Instance,1,100391
INST_0391,AOMDV,100,30,10,2,1,512,300,20.0,0.037,270,540,Fixed_Per_Instance,1,100391
INST_0392,AODV,100,30,10,2,2,512,300,20.0,0.037,270,540,Fixed_Per_Instance,1,100392
INST_0392,DSDV,100,30,10,2,2,512,300,20.0,0.037,270,540,Fixed_Per_Instance,1,100392
INST_0392,AOMDV,100,30,10,2,2,512,300,20.0,0.037,270,540,Fixed_Per_Instance,1,100392
INST_0393,AODV,100,30,10,2,3,512,300,20.0,0.037,270,540,Fixed_Per_Instance,1,100393
INST_0393,DSDV,100,30,10,2,3,512,300,20.0,0.037,270,540,Fixed_Per_Instance,1,100393
INST_0393,AOMDV,100,30,10,2,3,512,300,20.0,0.037,270,540,Fixed_Per_Instance,1,100393
INST_0394,AODV,100,30,10,2,4,512,300,20.0,0.037,270,540,Fixed_Per_Instance,1,100394
INST_0394,DSDV,100,30,10,2,4,512,300,20.0,0.037,270,540,Fixed_Per_Instance,1,100394
INST_0394,AOMDV,100,30,10,2,4,512,300,20.0,0.037,270,540,Fixed_Per_Instance,1,100394
INST_0395,AODV,100,30,10,2,5,512,300,20.0,0.037,270,540,Fixed_Per_Instance,1,100395
INST_0395,DSDV,100,30,10,2,5,512,300,20.0,0.037,270,540,Fixed_Per_Instance,1,100395
INST_0395,AOMDV,100,30,10,2,5,512,300,20.0,0.037,270,540,Fixed_Per_Instance,1,100395
INST_0396,AODV,100,30,10,4,1,512,300,20.0,0.037,270,1080,Fixed_Per_Instance,1,100396
INST_0396,DSDV,100,30,10,4,1,512,300,20.0,0.037,270,1080,Fixed_Per_Instance,1,100396
INST_0396,AOMDV,100,30,10,4,1,512,300,20.0,0.037,270,1080,Fixed_Per_Instance,1,100396
INST_0397,AODV,100,30,10,4,2,512,300,20.0,0.037,270,1080,Fixed_Per_Instance,1,100397
INST_0397,DSDV,100,30,10,4,2,512,300,20.0,0.037,270,1080,Fixed_Per_Instance,1,100397
INST_0397,AOMDV,100,30,10,4,2,512,300,20.0,0.037,270,1080,Fixed_Per_Instance,1,100397
INST_0398,AODV,100,30,10,4,3,512,300,20.0,0.037,270,1080,Fixed_Per_Instance,1,100398
INST_0398,DSDV,100,30,10,4,3,512,300,20.0,0.037,270,1080,Fixed_Per_Instance,1,100398
INST_0398,AOMDV,100,30,10,4,3,512,300,20.0,0.037,270,1080,Fixed_Per_Instance,1,100398
INST_0399,AODV,100,30,10,4,4,512,300,20.0,0.037,270,1080,Fixed_Per_Instance,1,100399
INST_0399,DSDV,100,30,10,4,4,512,300,20.0,0.037,270,1080,Fixed_Per_Instance,1,100399
INST_0399,AOMDV,100,30,10,4,4,512,300,20.0,0.037,270,1080,Fixed_Per_Instance,1,100399
INST_0400,AODV,100,30,10,4,5,512,300,20.0,0.037,270,1080,Fixed_Per_Instance,1,100400
INST_0400,DSDV,100,30,10,4,5,512,300,20.0,0.037,270,1080,Fixed_Per_Instance,1,100400
INST_0400,AOMDV,100,30,10,4,5,512,300,20.0,0.037,270,1080,Fixed_Per_Instance,1,100400
INST_0401,AODV,100,30,10,8,1,512,300,20.0,0.037,270,2160,Fixed_Per_Instance,1,100401
INST_0401,DSDV,100,30,10,8,1,512,300,20.0,0.037,270,2160,Fixed_Per_Instance,1,100401
INST_0401,AOMDV,100,30,10,8,1,512,300,20.0,0.037,270,2160,Fixed_Per_Instance,1,100401
INST_0402,AODV,100,30,10,8,2,512,300,20.0,0.037,270,2160,Fixed_Per_Instance,1,100402
INST_0402,DSDV,100,30,10,8,2,512,300,20.0,0.037,270,2160,Fixed_Per_Instance,1,100402
INST_0402,AOMDV,100,30,10,8,2,512,300,20.0,0.037,270,2160,Fixed_Per_Instance,1,100402
INST_0403,AODV,100,30,10,8,3,512,300,20.0,0.037,270,2160,Fixed_Per_Instance,1,100403
INST_0403,DSDV,100,30,10,8,3,512,300,20.0,0.037,270,2160,Fixed_Per_Instance,1,100403
INST_0403,AOMDV,100,30,10,8,3,512,300,20.0,0.037,270,2160,Fixed_Per_Instance,1,100403
INST_0404,AODV,100,30,10,8,4,512,300,20.0,0.037,270,2160,Fixed_Per_Instance,1,100404
INST_0404,DSDV,100,30,10,8,4,512,300,20.0,0.037,270,2160,Fixed_Per_Instance,1,100404
INST_0404,AOMDV,100,30,10,8,4,512,300,20.0,0.037,270,2160,Fixed_Per_Instance,1,100404
INST_0405,AODV,100,30,10,8,5,512,300,20.0,0.037,270,2160,Fixed_Per_Instance,1,100405
INST_0405,DSDV,100,30,10,8,5,512,300,20.0,0.037,270,2160,Fixed_Per_Instance,1,100405
INST_0405,AOMDV,100,30,10,8,5,512,300,20.0,0.037,270,2160,Fixed_Per_Instance,1,100405
INST_0406,AODV,100,30,15,2,1,512,300,20.0,0.037,270,540,Fixed_Per_Instance,1,100406
INST_0406,DSDV,100,30,15,2,1,512,300,20.0,0.037,270,540,Fixed_Per_Instance,1,100406
INST_0406,AOMDV,100,30,15,2,1,512,300,20.0,0.037,270,540,Fixed_Per_Instance,1,100406
INST_0407,AODV,100,30,15,2,2,512,300,20.0,0.037,270,540,Fixed_Per_Instance,1,100407
INST_0407,DSDV,100,30,15,2,2,512,300,20.0,0.037,270,540,Fixed_Per_Instance,1,100407
INST_0407,AOMDV,100,30,15,2,2,512,300,20.0,0.037,270,540,Fixed_Per_Instance,1,100407
INST_0408,AODV,100,30,15,2,3,512,300,20.0,0.037,270,540,Fixed_Per_Instance,1,100408
INST_0408,DSDV,100,30,15,2,3,512,300,20.0,0.037,270,540,Fixed_Per_Instance,1,100408
INST_0408,AOMDV,100,30,15,2,3,512,300,20.0,0.037,270,540,Fixed_Per_Instance,1,100408
INST_0409,AODV,100,30,15,2,4,512,300,20.0,0.037,270,540,Fixed_Per_Instance,1,100409
INST_0409,DSDV,100,30,15,2,4,512,300,20.0,0.037,270,540,Fixed_Per_Instance,1,100409
INST_0409,AOMDV,100,30,15,2,4,512,300,20.0,0.037,270,540,Fixed_Per_Instance,1,100409
INST_0410,AODV,100,30,15,2,5,512,300,20.0,0.037,270,540,Fixed_Per_Instance,1,100410
INST_0410,DSDV,100,30,15,2,5,512,300,20.0,0.037,270,540,Fixed_Per_Instance,1,100410
INST_0410,AOMDV,100,30,15,2,5,512,300,20.0,0.037,270,540,Fixed_Per_Instance,1,100410
INST_0411,AODV,100,30,15,4,1,512,300,20.0,0.037,270,1080,Fixed_Per_Instance,1,100411
INST_0411,DSDV,100,30,15,4,1,512,300,20.0,0.037,270,1080,Fixed_Per_Instance,1,100411
INST_0411,AOMDV,100,30,15,4,1,512,300,20.0,0.037,270,1080,Fixed_Per_Instance,1,100411
INST_0412,AODV,100,30,15,4,2,512,300,20.0,0.037,270,1080,Fixed_Per_Instance,1,100412
INST_0412,DSDV,100,30,15,4,2,512,300,20.0,0.037,270,1080,Fixed_Per_Instance,1,100412
INST_0412,AOMDV,100,30,15,4,2,512,300,20.0,0.037,270,1080,Fixed_Per_Instance,1,100412
INST_0413,AODV,100,30,15,4,3,512,300,20.0,0.037,270,1080,Fixed_Per_Instance,1,100413
INST_0413,DSDV,100,30,15,4,3,512,300,20.0,0.037,270,1080,Fixed_Per_Instance,1,100413
INST_0413,AOMDV,100,30,15,4,3,512,300,20.0,0.037,270,1080,Fixed_Per_Instance,1,100413
INST_0414,AODV,100,30,15,4,4,512,300,20.0,0.037,270,1080,Fixed_Per_Instance,1,100414
INST_0414,DSDV,100,30,15,4,4,512,300,20.0,0.037,270,1080,Fixed_Per_Instance,1,100414
INST_0414,AOMDV,100,30,15,4,4,512,300,20.0,0.037,270,1080,Fixed_Per_Instance,1,100414
INST_0415,AODV,100,30,15,4,5,512,300,20.0,0.037,270,1080,Fixed_Per_Instance,1,100415
INST_0415,DSDV,100,30,15,4,5,512,300,20.0,0.037,270,1080,Fixed_Per_Instance,1,100415
INST_0415,AOMDV,100,30,15,4,5,512,300,20.0,0.037,270,1080,Fixed_Per_Instance,1,100415
INST_0416,AODV,100,30,15,8,1,512,300,20.0,0.037,270,2160,Fixed_Per_Instance,1,100416
INST_0416,DSDV,100,30,15,8,1,512,300,20.0,0.037,270,2160,Fixed_Per_Instance,1,100416
INST_0416,AOMDV,100,30,15,8,1,512,300,20.0,0.037,270,2160,Fixed_Per_Instance,1,100416
INST_0417,AODV,100,30,15,8,2,512,300,20.0,0.037,270,2160,Fixed_Per_Instance,1,100417
INST_0417,DSDV,100,30,15,8,2,512,300,20.0,0.037,270,2160,Fixed_Per_Instance,1,100417
INST_0417,AOMDV,100,30,15,8,2,512,300,20.0,0.037,270,2160,Fixed_Per_Instance,1,100417
INST_0418,AODV,100,30,15,8,3,512,300,20.0,0.037,270,2160,Fixed_Per_Instance,1,100418
INST_0418,DSDV,100,30,15,8,3,512,300,20.0,0.037,270,2160,Fixed_Per_Instance,1,100418
INST_0418,AOMDV,100,30,15,8,3,512,300,20.0,0.037,270,2160,Fixed_Per_Instance,1,100418
INST_0419,AODV,100,30,15,8,4,512,300,20.0,0.037,270,2160,Fixed_Per_Instance,1,100419
INST_0419,DSDV,100,30,15,8,4,512,300,20.0,0.037,270,2160,Fixed_Per_Instance,1,100419
INST_0419,AOMDV,100,30,15,8,4,512,300,20.0,0.037,270,2160,Fixed_Per_Instance,1,100419
INST_0420,AODV,100,30,15,8,5,512,300,20.0,0.037,270,2160,Fixed_Per_Instance,1,100420
INST_0420,DSDV,100,30,15,8,5,512,300,20.0,0.037,270,2160,Fixed_Per_Instance,1,100420
INST_0420,AOMDV,100,30,15,8,5,512,300,20.0,0.037,270,2160,Fixed_Per_Instance,1,100420
INST_0421,AODV,100,30,20,2,1,512,300,20.0,0.037,270,540,Fixed_Per_Instance,1,100421
INST_0421,DSDV,100,30,20,2,1,512,300,20.0,0.037,270,540,Fixed_Per_Instance,1,100421
INST_0421,AOMDV,100,30,20,2,1,512,300,20.0,0.037,270,540,Fixed_Per_Instance,1,100421
INST_0422,AODV,100,30,20,2,2,512,300,20.0,0.037,270,540,Fixed_Per_Instance,1,100422
INST_0422,DSDV,100,30,20,2,2,512,300,20.0,0.037,270,540,Fixed_Per_Instance,1,100422
INST_0422,AOMDV,100,30,20,2,2,512,300,20.0,0.037,270,540,Fixed_Per_Instance,1,100422
INST_0423,AODV,100,30,20,2,3,512,300,20.0,0.037,270,540,Fixed_Per_Instance,1,100423
INST_0423,DSDV,100,30,20,2,3,512,300,20.0,0.037,270,540,Fixed_Per_Instance,1,100423
INST_0423,AOMDV,100,30,20,2,3,512,300,20.0,0.037,270,540,Fixed_Per_Instance,1,100423
INST_0424,AODV,100,30,20,2,4,512,300,20.0,0.037,270,540,Fixed_Per_Instance,1,100424
INST_0424,DSDV,100,30,20,2,4,512,300,20.0,0.037,270,540,Fixed_Per_Instance,1,100424
INST_0424,AOMDV,100,30,20,2,4,512,300,20.0,0.037,270,540,Fixed_Per_Instance,1,100424
INST_0425,AODV,100,30,20,2,5,512,300,20.0,0.037,270,540,Fixed_Per_Instance,1,100425
INST_0425,DSDV,100,30,20,2,5,512,300,20.0,0.037,270,540,Fixed_Per_Instance,1,100425
INST_0425,AOMDV,100,30,20,2,5,512,300,20.0,0.037,270,540,Fixed_Per_Instance,1,100425
INST_0426,AODV,100,30,20,4,1,512,300,20.0,0.037,270,1080,Fixed_Per_Instance,1,100426
INST_0426,DSDV,100,30,20,4,1,512,300,20.0,0.037,270,1080,Fixed_Per_Instance,1,100426
INST_0426,AOMDV,100,30,20,4,1,512,300,20.0,0.037,270,1080,Fixed_Per_Instance,1,100426
INST_0427,AODV,100,30,20,4,2,512,300,20.0,0.037,270,1080,Fixed_Per_Instance,1,100427
INST_0427,DSDV,100,30,20,4,2,512,300,20.0,0.037,270,1080,Fixed_Per_Instance,1,100427
INST_0427,AOMDV,100,30,20,4,2,512,300,20.0,0.037,270,1080,Fixed_Per_Instance,1,100427
INST_0428,AODV,100,30,20,4,3,512,300,20.0,0.037,270,1080,Fixed_Per_Instance,1,100428
INST_0428,DSDV,100,30,20,4,3,512,300,20.0,0.037,270,1080,Fixed_Per_Instance,1,100428
INST_0428,AOMDV,100,30,20,4,3,512,300,20.0,0.037,270,1080,Fixed_Per_Instance,1,100428
INST_0429,AODV,100,30,20,4,4,512,300,20.0,0.037,270,1080,Fixed_Per_Instance,1,100429
INST_0429,DSDV,100,30,20,4,4,512,300,20.0,0.037,270,1080,Fixed_Per_Instance,1,100429
INST_0429,AOMDV,100,30,20,4,4,512,300,20.0,0.037,270,1080,Fixed_Per_Instance,1,100429
INST_0430,AODV,100,30,20,4,5,512,300,20.0,0.037,270,1080,Fixed_Per_Instance,1,100430
INST_0430,DSDV,100,30,20,4,5,512,300,20.0,0.037,270,1080,Fixed_Per_Instance,1,100430
INST_0430,AOMDV,100,30,20,4,5,512,300,20.0,0.037,270,1080,Fixed_Per_Instance,1,100430
INST_0431,AODV,100,30,20,8,1,512,300,20.0,0.037,270,2160,Fixed_Per_Instance,1,100431
INST_0431,DSDV,100,30,20,8,1,512,300,20.0,0.037,270,2160,Fixed_Per_Instance,1,100431
INST_0431,AOMDV,100,30,20,8,1,512,300,20.0,0.037,270,2160,Fixed_Per_Instance,1,100431
INST_0432,AODV,100,30,20,8,2,512,300,20.0,0.037,270,2160,Fixed_Per_Instance,1,100432
INST_0432,DSDV,100,30,20,8,2,512,300,20.0,0.037,270,2160,Fixed_Per_Instance,1,100432
INST_0432,AOMDV,100,30,20,8,2,512,300,20.0,0.037,270,2160,Fixed_Per_Instance,1,100432
INST_0433,AODV,100,30,20,8,3,512,300,20.0,0.037,270,2160,Fixed_Per_Instance,1,100433
INST_0433,DSDV,100,30,20,8,3,512,300,20.0,0.037,270,2160,Fixed_Per_Instance,1,100433
INST_0433,AOMDV,100,30,20,8,3,512,300,20.0,0.037,270,2160,Fixed_Per_Instance,1,100433
INST_0434,AODV,100,30,20,8,4,512,300,20.0,0.037,270,2160,Fixed_Per_Instance,1,100434
INST_0434,DSDV,100,30,20,8,4,512,300,20.0,0.037,270,2160,Fixed_Per_Instance,1,100434
INST_0434,AOMDV,100,30,20,8,4,512,300,20.0,0.037,270,2160,Fixed_Per_Instance,1,100434
INST_0435,AODV,100,30,20,8,5,512,300,20.0,0.037,270,2160,Fixed_Per_Instance,1,100435
INST_0435,DSDV,100,30,20,8,5,512,300,20.0,0.037,270,2160,Fixed_Per_Instance,1,100435
INST_0435,AOMDV,100,30,20,8,5,512,300,20.0,0.037,270,2160,Fixed_Per_Instance,1,100435
INST_0436,AODV,100,30,25,2,1,512,300,20.0,0.037,270,540,Fixed_Per_Instance,1,100436
INST_0436,DSDV,100,30,25,2,1,512,300,20.0,0.037,270,540,Fixed_Per_Instance,1,100436
INST_0436,AOMDV,100,30,25,2,1,512,300,20.0,0.037,270,540,Fixed_Per_Instance,1,100436
INST_0437,AODV,100,30,25,2,2,512,300,20.0,0.037,270,540,Fixed_Per_Instance,1,100437
INST_0437,DSDV,100,30,25,2,2,512,300,20.0,0.037,270,540,Fixed_Per_Instance,1,100437
INST_0437,AOMDV,100,30,25,2,2,512,300,20.0,0.037,270,540,Fixed_Per_Instance,1,100437
INST_0438,AODV,100,30,25,2,3,512,300,20.0,0.037,270,540,Fixed_Per_Instance,1,100438
INST_0438,DSDV,100,30,25,2,3,512,300,20.0,0.037,270,540,Fixed_Per_Instance,1,100438
INST_0438,AOMDV,100,30,25,2,3,512,300,20.0,0.037,270,540,Fixed_Per_Instance,1,100438
INST_0439,AODV,100,30,25,2,4,512,300,20.0,0.037,270,540,Fixed_Per_Instance,1,100439
INST_0439,DSDV,100,30,25,2,4,512,300,20.0,0.037,270,540,Fixed_Per_Instance,1,100439
INST_0439,AOMDV,100,30,25,2,4,512,300,20.0,0.037,270,540,Fixed_Per_Instance,1,100439
INST_0440,AODV,100,30,25,2,5,512,300,20.0,0.037,270,540,Fixed_Per_Instance,1,100440
INST_0440,DSDV,100,30,25,2,5,512,300,20.0,0.037,270,540,Fixed_Per_Instance,1,100440
INST_0440,AOMDV,100,30,25,2,5,512,300,20.0,0.037,270,540,Fixed_Per_Instance,1,100440
INST_0441,AODV,100,30,25,4,1,512,300,20.0,0.037,270,1080,Fixed_Per_Instance,1,100441
INST_0441,DSDV,100,30,25,4,1,512,300,20.0,0.037,270,1080,Fixed_Per_Instance,1,100441
INST_0441,AOMDV,100,30,25,4,1,512,300,20.0,0.037,270,1080,Fixed_Per_Instance,1,100441
INST_0442,AODV,100,30,25,4,2,512,300,20.0,0.037,270,1080,Fixed_Per_Instance,1,100442
INST_0442,DSDV,100,30,25,4,2,512,300,20.0,0.037,270,1080,Fixed_Per_Instance,1,100442
INST_0442,AOMDV,100,30,25,4,2,512,300,20.0,0.037,270,1080,Fixed_Per_Instance,1,100442
INST_0443,AODV,100,30,25,4,3,512,300,20.0,0.037,270,1080,Fixed_Per_Instance,1,100443
INST_0443,DSDV,100,30,25,4,3,512,300,20.0,0.037,270,1080,Fixed_Per_Instance,1,100443
INST_0443,AOMDV,100,30,25,4,3,512,300,20.0,0.037,270,1080,Fixed_Per_Instance,1,100443
INST_0444,AODV,100,30,25,4,4,512,300,20.0,0.037,270,1080,Fixed_Per_Instance,1,100444
INST_0444,DSDV,100,30,25,4,4,512,300,20.0,0.037,270,1080,Fixed_Per_Instance,1,100444
INST_0444,AOMDV,100,30,25,4,4,512,300,20.0,0.037,270,1080,Fixed_Per_Instance,1,100444
INST_0445,AODV,100,30,25,4,5,512,300,20.0,0.037,270,1080,Fixed_Per_Instance,1,100445
INST_0445,DSDV,100,30,25,4,5,512,300,20.0,0.037,270,1080,Fixed_Per_Instance,1,100445
INST_0445,AOMDV,100,30,25,4,5,512,300,20.0,0.037,270,1080,Fixed_Per_Instance,1,100445
INST_0446,AODV,100,30,25,8,1,512,300,20.0,0.037,270,2160,Fixed_Per_Instance,1,100446
INST_0446,DSDV,100,30,25,8,1,512,300,20.0,0.037,270,2160,Fixed_Per_Instance,1,100446
INST_0446,AOMDV,100,30,25,8,1,512,300,20.0,0.037,270,2160,Fixed_Per_Instance,1,100446
INST_0447,AODV,100,30,25,8,2,512,300,20.0,0.037,270,2160,Fixed_Per_Instance,1,100447
INST_0447,DSDV,100,30,25,8,2,512,300,20.0,0.037,270,2160,Fixed_Per_Instance,1,100447
INST_0447,AOMDV,100,30,25,8,2,512,300,20.0,0.037,270,2160,Fixed_Per_Instance,1,100447
INST_0448,AODV,100,30,25,8,3,512,300,20.0,0.037,270,2160,Fixed_Per_Instance,1,100448
INST_0448,DSDV,100,30,25,8,3,512,300,20.0,0.037,270,2160,Fixed_Per_Instance,1,100448
INST_0448,AOMDV,100,30,25,8,3,512,300,20.0,0.037,270,2160,Fixed_Per_Instance,1,100448
INST_0449,AODV,100,30,25,8,4,512,300,20.0,0.037,270,2160,Fixed_Per_Instance,1,100449
INST_0449,DSDV,100,30,25,8,4,512,300,20.0,0.037,270,2160,Fixed_Per_Instance,1,100449
INST_0449,AOMDV,100,30,25,8,4,512,300,20.0,0.037,270,2160,Fixed_Per_Instance,1,100449
INST_0450,AODV,100,30,25,8,5,512,300,20.0,0.037,270,2160,Fixed_Per_Instance,1,100450
INST_0450,DSDV,100,30,25,8,5,512,300,20.0,0.037,270,2160,Fixed_Per_Instance,1,100450
INST_0450,AOMDV,100,30,25,8,5,512,300,20.0,0.037,270,2160,Fixed_Per_Instance,1,100450
INST_0451,AODV,100,40,5,2,1,512,300,20.0,0.037,270,540,Fixed_Per_Instance,1,100451
INST_0451,DSDV,100,40,5,2,1,512,300,20.0,0.037,270,540,Fixed_Per_Instance,1,100451
INST_0451,AOMDV,100,40,5,2,1,512,300,20.0,0.037,270,540,Fixed_Per_Instance,1,100451
INST_0452,AODV,100,40,5,2,2,512,300,20.0,0.037,270,540,Fixed_Per_Instance,1,100452
INST_0452,DSDV,100,40,5,2,2,512,300,20.0,0.037,270,540,Fixed_Per_Instance,1,100452
INST_0452,AOMDV,100,40,5,2,2,512,300,20.0,0.037,270,540,Fixed_Per_Instance,1,100452
INST_0453,AODV,100,40,5,2,3,512,300,20.0,0.037,270,540,Fixed_Per_Instance,1,100453
INST_0453,DSDV,100,40,5,2,3,512,300,20.0,0.037,270,540,Fixed_Per_Instance,1,100453
INST_0453,AOMDV,100,40,5,2,3,512,300,20.0,0.037,270,540,Fixed_Per_Instance,1,100453
INST_0454,AODV,100,40,5,2,4,512,300,20.0,0.037,270,540,Fixed_Per_Instance,1,100454
INST_0454,DSDV,100,40,5,2,4,512,300,20.0,0.037,270,540,Fixed_Per_Instance,1,100454
INST_0454,AOMDV,100,40,5,2,4,512,300,20.0,0.037,270,540,Fixed_Per_Instance,1,100454
INST_0455,AODV,100,40,5,2,5,512,300,20.0,0.037,270,540,Fixed_Per_Instance,1,100455
INST_0455,DSDV,100,40,5,2,5,512,300,20.0,0.037,270,540,Fixed_Per_Instance,1,100455
INST_0455,AOMDV,100,40,5,2,5,512,300,20.0,0.037,270,540,Fixed_Per_Instance,1,100455
INST_0456,AODV,100,40,5,4,1,512,300,20.0,0.037,270,1080,Fixed_Per_Instance,1,100456
INST_0456,DSDV,100,40,5,4,1,512,300,20.0,0.037,270,1080,Fixed_Per_Instance,1,100456
INST_0456,AOMDV,100,40,5,4,1,512,300,20.0,0.037,270,1080,Fixed_Per_Instance,1,100456
INST_0457,AODV,100,40,5,4,2,512,300,20.0,0.037,270,1080,Fixed_Per_Instance,1,100457
INST_0457,DSDV,100,40,5,4,2,512,300,20.0,0.037,270,1080,Fixed_Per_Instance,1,100457
INST_0457,AOMDV,100,40,5,4,2,512,300,20.0,0.037,270,1080,Fixed_Per_Instance,1,100457
INST_0458,AODV,100,40,5,4,3,512,300,20.0,0.037,270,1080,Fixed_Per_Instance,1,100458
INST_0458,DSDV,100,40,5,4,3,512,300,20.0,0.037,270,1080,Fixed_Per_Instance,1,100458
INST_0458,AOMDV,100,40,5,4,3,512,300,20.0,0.037,270,1080,Fixed_Per_Instance,1,100458
INST_0459,AODV,100,40,5,4,4,512,300,20.0,0.037,270,1080,Fixed_Per_Instance,1,100459
INST_0459,DSDV,100,40,5,4,4,512,300,20.0,0.037,270,1080,Fixed_Per_Instance,1,100459
INST_0459,AOMDV,100,40,5,4,4,512,300,20.0,0.037,270,1080,Fixed_Per_Instance,1,100459
INST_0460,AODV,100,40,5,4,5,512,300,20.0,0.037,270,1080,Fixed_Per_Instance,1,100460
INST_0460,DSDV,100,40,5,4,5,512,300,20.0,0.037,270,1080,Fixed_Per_Instance,1,100460
INST_0460,AOMDV,100,40,5,4,5,512,300,20.0,0.037,270,1080,Fixed_Per_Instance,1,100460
INST_0461,AODV,100,40,5,8,1,512,300,20.0,0.037,270,2160,Fixed_Per_Instance,1,100461
INST_0461,DSDV,100,40,5,8,1,512,300,20.0,0.037,270,2160,Fixed_Per_Instance,1,100461
INST_0461,AOMDV,100,40,5,8,1,512,300,20.0,0.037,270,2160,Fixed_Per_Instance,1,100461
INST_0462,AODV,100,40,5,8,2,512,300,20.0,0.037,270,2160,Fixed_Per_Instance,1,100462
INST_0462,DSDV,100,40,5,8,2,512,300,20.0,0.037,270,2160,Fixed_Per_Instance,1,100462
INST_0462,AOMDV,100,40,5,8,2,512,300,20.0,0.037,270,2160,Fixed_Per_Instance,1,100462
INST_0463,AODV,100,40,5,8,3,512,300,20.0,0.037,270,2160,Fixed_Per_Instance,1,100463
INST_0463,DSDV,100,40,5,8,3,512,300,20.0,0.037,270,2160,Fixed_Per_Instance,1,100463
INST_0463,AOMDV,100,40,5,8,3,512,300,20.0,0.037,270,2160,Fixed_Per_Instance,1,100463
INST_0464,AODV,100,40,5,8,4,512,300,20.0,0.037,270,2160,Fixed_Per_Instance,1,100464
INST_0464,DSDV,100,40,5,8,4,512,300,20.0,0.037,270,2160,Fixed_Per_Instance,1,100464
INST_0464,AOMDV,100,40,5,8,4,512,300,20.0,0.037,270,2160,Fixed_Per_Instance,1,100464
INST_0465,AODV,100,40,5,8,5,512,300,20.0,0.037,270,2160,Fixed_Per_Instance,1,100465
INST_0465,DSDV,100,40,5,8,5,512,300,20.0,0.037,270,2160,Fixed_Per_Instance,1,100465
INST_0465,AOMDV,100,40,5,8,5,512,300,20.0,0.037,270,2160,Fixed_Per_Instance,1,100465
INST_0466,AODV,100,40,10,2,1,512,300,20.0,0.037,270,540,Fixed_Per_Instance,1,100466
INST_0466,DSDV,100,40,10,2,1,512,300,20.0,0.037,270,540,Fixed_Per_Instance,1,100466
INST_0466,AOMDV,100,40,10,2,1,512,300,20.0,0.037,270,540,Fixed_Per_Instance,1,100466
INST_0467,AODV,100,40,10,2,2,512,300,20.0,0.037,270,540,Fixed_Per_Instance,1,100467
INST_0467,DSDV,100,40,10,2,2,512,300,20.0,0.037,270,540,Fixed_Per_Instance,1,100467
INST_0467,AOMDV,100,40,10,2,2,512,300,20.0,0.037,270,540,Fixed_Per_Instance,1,100467
INST_0468,AODV,100,40,10,2,3,512,300,20.0,0.037,270,540,Fixed_Per_Instance,1,100468
INST_0468,DSDV,100,40,10,2,3,512,300,20.0,0.037,270,540,Fixed_Per_Instance,1,100468
INST_0468,AOMDV,100,40,10,2,3,512,300,20.0,0.037,270,540,Fixed_Per_Instance,1,100468
INST_0469,AODV,100,40,10,2,4,512,300,20.0,0.037,270,540,Fixed_Per_Instance,1,100469
INST_0469,DSDV,100,40,10,2,4,512,300,20.0,0.037,270,540,Fixed_Per_Instance,1,100469
INST_0469,AOMDV,100,40,10,2,4,512,300,20.0,0.037,270,540,Fixed_Per_Instance,1,100469
INST_0470,AODV,100,40,10,2,5,512,300,20.0,0.037,270,540,Fixed_Per_Instance,1,100470
INST_0470,DSDV,100,40,10,2,5,512,300,20.0,0.037,270,540,Fixed_Per_Instance,1,100470
INST_0470,AOMDV,100,40,10,2,5,512,300,20.0,0.037,270,540,Fixed_Per_Instance,1,100470
INST_0471,AODV,100,40,10,4,1,512,300,20.0,0.037,270,1080,Fixed_Per_Instance,1,100471
INST_0471,DSDV,100,40,10,4,1,512,300,20.0,0.037,270,1080,Fixed_Per_Instance,1,100471
INST_0471,AOMDV,100,40,10,4,1,512,300,20.0,0.037,270,1080,Fixed_Per_Instance,1,100471
INST_0472,AODV,100,40,10,4,2,512,300,20.0,0.037,270,1080,Fixed_Per_Instance,1,100472
INST_0472,DSDV,100,40,10,4,2,512,300,20.0,0.037,270,1080,Fixed_Per_Instance,1,100472
INST_0472,AOMDV,100,40,10,4,2,512,300,20.0,0.037,270,1080,Fixed_Per_Instance,1,100472
INST_0473,AODV,100,40,10,4,3,512,300,20.0,0.037,270,1080,Fixed_Per_Instance,1,100473
INST_0473,DSDV,100,40,10,4,3,512,300,20.0,0.037,270,1080,Fixed_Per_Instance,1,100473
INST_0473,AOMDV,100,40,10,4,3,512,300,20.0,0.037,270,1080,Fixed_Per_Instance,1,100473
INST_0474,AODV,100,40,10,4,4,512,300,20.0,0.037,270,1080,Fixed_Per_Instance,1,100474
INST_0474,DSDV,100,40,10,4,4,512,300,20.0,0.037,270,1080,Fixed_Per_Instance,1,100474
INST_0474,AOMDV,100,40,10,4,4,512,300,20.0,0.037,270,1080,Fixed_Per_Instance,1,100474
INST_0475,AODV,100,40,10,4,5,512,300,20.0,0.037,270,1080,Fixed_Per_Instance,1,100475
INST_0475,DSDV,100,40,10,4,5,512,300,20.0,0.037,270,1080,Fixed_Per_Instance,1,100475
INST_0475,AOMDV,100,40,10,4,5,512,300,20.0,0.037,270,1080,Fixed_Per_Instance,1,100475
INST_0476,AODV,100,40,10,8,1,512,300,20.0,0.037,270,2160,Fixed_Per_Instance,1,100476
INST_0476,DSDV,100,40,10,8,1,512,300,20.0,0.037,270,2160,Fixed_Per_Instance,1,100476
INST_0476,AOMDV,100,40,10,8,1,512,300,20.0,0.037,270,2160,Fixed_Per_Instance,1,100476
INST_0477,AODV,100,40,10,8,2,512,300,20.0,0.037,270,2160,Fixed_Per_Instance,1,100477
INST_0477,DSDV,100,40,10,8,2,512,300,20.0,0.037,270,2160,Fixed_Per_Instance,1,100477
INST_0477,AOMDV,100,40,10,8,2,512,300,20.0,0.037,270,2160,Fixed_Per_Instance,1,100477
INST_0478,AODV,100,40,10,8,3,512,300,20.0,0.037,270,2160,Fixed_Per_Instance,1,100478
INST_0478,DSDV,100,40,10,8,3,512,300,20.0,0.037,270,2160,Fixed_Per_Instance,1,100478
INST_0478,AOMDV,100,40,10,8,3,512,300,20.0,0.037,270,2160,Fixed_Per_Instance,1,100478
INST_0479,AODV,100,40,10,8,4,512,300,20.0,0.037,270,2160,Fixed_Per_Instance,1,100479
INST_0479,DSDV,100,40,10,8,4,512,300,20.0,0.037,270,2160,Fixed_Per_Instance,1,100479
INST_0479,AOMDV,100,40,10,8,4,512,300,20.0,0.037,270,2160,Fixed_Per_Instance,1,100479
INST_0480,AODV,100,40,10,8,5,512,300,20.0,0.037,270,2160,Fixed_Per_Instance,1,100480
INST_0480,DSDV,100,40,10,8,5,512,300,20.0,0.037,270,2160,Fixed_Per_Instance,1,100480
INST_0480,AOMDV,100,40,10,8,5,512,300,20.0,0.037,270,2160,Fixed_Per_Instance,1,100480
INST_0481,AODV,100,40,15,2,1,512,300,20.0,0.037,270,540,Fixed_Per_Instance,1,100481
INST_0481,DSDV,100,40,15,2,1,512,300,20.0,0.037,270,540,Fixed_Per_Instance,1,100481
INST_0481,AOMDV,100,40,15,2,1,512,300,20.0,0.037,270,540,Fixed_Per_Instance,1,100481
INST_0482,AODV,100,40,15,2,2,512,300,20.0,0.037,270,540,Fixed_Per_Instance,1,100482
INST_0482,DSDV,100,40,15,2,2,512,300,20.0,0.037,270,540,Fixed_Per_Instance,1,100482
INST_0482,AOMDV,100,40,15,2,2,512,300,20.0,0.037,270,540,Fixed_Per_Instance,1,100482
INST_0483,AODV,100,40,15,2,3,512,300,20.0,0.037,270,540,Fixed_Per_Instance,1,100483
INST_0483,DSDV,100,40,15,2,3,512,300,20.0,0.037,270,540,Fixed_Per_Instance,1,100483
INST_0483,AOMDV,100,40,15,2,3,512,300,20.0,0.037,270,540,Fixed_Per_Instance,1,100483
INST_0484,AODV,100,40,15,2,4,512,300,20.0,0.037,270,540,Fixed_Per_Instance,1,100484
INST_0484,DSDV,100,40,15,2,4,512,300,20.0,0.037,270,540,Fixed_Per_Instance,1,100484
INST_0484,AOMDV,100,40,15,2,4,512,300,20.0,0.037,270,540,Fixed_Per_Instance,1,100484
INST_0485,AODV,100,40,15,2,5,512,300,20.0,0.037,270,540,Fixed_Per_Instance,1,100485
INST_0485,DSDV,100,40,15,2,5,512,300,20.0,0.037,270,540,Fixed_Per_Instance,1,100485
INST_0485,AOMDV,100,40,15,2,5,512,300,20.0,0.037,270,540,Fixed_Per_Instance,1,100485
INST_0486,AODV,100,40,15,4,1,512,300,20.0,0.037,270,1080,Fixed_Per_Instance,1,100486
INST_0486,DSDV,100,40,15,4,1,512,300,20.0,0.037,270,1080,Fixed_Per_Instance,1,100486
INST_0486,AOMDV,100,40,15,4,1,512,300,20.0,0.037,270,1080,Fixed_Per_Instance,1,100486
INST_0487,AODV,100,40,15,4,2,512,300,20.0,0.037,270,1080,Fixed_Per_Instance,1,100487
INST_0487,DSDV,100,40,15,4,2,512,300,20.0,0.037,270,1080,Fixed_Per_Instance,1,100487
INST_0487,AOMDV,100,40,15,4,2,512,300,20.0,0.037,270,1080,Fixed_Per_Instance,1,100487
INST_0488,AODV,100,40,15,4,3,512,300,20.0,0.037,270,1080,Fixed_Per_Instance,1,100488
INST_0488,DSDV,100,40,15,4,3,512,300,20.0,0.037,270,1080,Fixed_Per_Instance,1,100488
INST_0488,AOMDV,100,40,15,4,3,512,300,20.0,0.037,270,1080,Fixed_Per_Instance,1,100488
INST_0489,AODV,100,40,15,4,4,512,300,20.0,0.037,270,1080,Fixed_Per_Instance,1,100489
INST_0489,DSDV,100,40,15,4,4,512,300,20.0,0.037,270,1080,Fixed_Per_Instance,1,100489
INST_0489,AOMDV,100,40,15,4,4,512,300,20.0,0.037,270,1080,Fixed_Per_Instance,1,100489
INST_0490,AODV,100,40,15,4,5,512,300,20.0,0.037,270,1080,Fixed_Per_Instance,1,100490
INST_0490,DSDV,100,40,15,4,5,512,300,20.0,0.037,270,1080,Fixed_Per_Instance,1,100490
INST_0490,AOMDV,100,40,15,4,5,512,300,20.0,0.037,270,1080,Fixed_Per_Instance,1,100490
INST_0491,AODV,100,40,15,8,1,512,300,20.0,0.037,270,2160,Fixed_Per_Instance,1,100491
INST_0491,DSDV,100,40,15,8,1,512,300,20.0,0.037,270,2160,Fixed_Per_Instance,1,100491
INST_0491,AOMDV,100,40,15,8,1,512,300,20.0,0.037,270,2160,Fixed_Per_Instance,1,100491
INST_0492,AODV,100,40,15,8,2,512,300,20.0,0.037,270,2160,Fixed_Per_Instance,1,100492
INST_0492,DSDV,100,40,15,8,2,512,300,20.0,0.037,270,2160,Fixed_Per_Instance,1,100492
INST_0492,AOMDV,100,40,15,8,2,512,300,20.0,0.037,270,2160,Fixed_Per_Instance,1,100492
INST_0493,AODV,100,40,15,8,3,512,300,20.0,0.037,270,2160,Fixed_Per_Instance,1,100493
INST_0493,DSDV,100,40,15,8,3,512,300,20.0,0.037,270,2160,Fixed_Per_Instance,1,100493
INST_0493,AOMDV,100,40,15,8,3,512,300,20.0,0.037,270,2160,Fixed_Per_Instance,1,100493
INST_0494,AODV,100,40,15,8,4,512,300,20.0,0.037,270,2160,Fixed_Per_Instance,1,100494
INST_0494,DSDV,100,40,15,8,4,512,300,20.0,0.037,270,2160,Fixed_Per_Instance,1,100494
INST_0494,AOMDV,100,40,15,8,4,512,300,20.0,0.037,270,2160,Fixed_Per_Instance,1,100494
INST_0495,AODV,100,40,15,8,5,512,300,20.0,0.037,270,2160,Fixed_Per_Instance,1,100495
INST_0495,DSDV,100,40,15,8,5,512,300,20.0,0.037,270,2160,Fixed_Per_Instance,1,100495
INST_0495,AOMDV,100,40,15,8,5,512,300,20.0,0.037,270,2160,Fixed_Per_Instance,1,100495
INST_0496,AODV,100,40,20,2,1,512,300,20.0,0.037,270,540,Fixed_Per_Instance,1,100496
INST_0496,DSDV,100,40,20,2,1,512,300,20.0,0.037,270,540,Fixed_Per_Instance,1,100496
INST_0496,AOMDV,100,40,20,2,1,512,300,20.0,0.037,270,540,Fixed_Per_Instance,1,100496
INST_0497,AODV,100,40,20,2,2,512,300,20.0,0.037,270,540,Fixed_Per_Instance,1,100497
INST_0497,DSDV,100,40,20,2,2,512,300,20.0,0.037,270,540,Fixed_Per_Instance,1,100497
INST_0497,AOMDV,100,40,20,2,2,512,300,20.0,0.037,270,540,Fixed_Per_Instance,1,100497
INST_0498,AODV,100,40,20,2,3,512,300,20.0,0.037,270,540,Fixed_Per_Instance,1,100498
INST_0498,DSDV,100,40,20,2,3,512,300,20.0,0.037,270,540,Fixed_Per_Instance,1,100498
INST_0498,AOMDV,100,40,20,2,3,512,300,20.0,0.037,270,540,Fixed_Per_Instance,1,100498
INST_0499,AODV,100,40,20,2,4,512,300,20.0,0.037,270,540,Fixed_Per_Instance,1,100499
INST_0499,DSDV,100,40,20,2,4,512,300,20.0,0.037,270,540,Fixed_Per_Instance,1,100499
INST_0499,AOMDV,100,40,20,2,4,512,300,20.0,0.037,270,540,Fixed_Per_Instance,1,100499
INST_0500,AODV,100,40,20,2,5,512,300,20.0,0.037,270,540,Fixed_Per_Instance,1,100500
INST_0500,DSDV,100,40,20,2,5,512,300,20.0,0.037,270,540,Fixed_Per_Instance,1,100500
INST_0500,AOMDV,100,40,20,2,5,512,300,20.0,0.037,270,540,Fixed_Per_Instance,1,100500
INST_0501,AODV,100,40,20,4,1,512,300,20.0,0.037,270,1080,Fixed_Per_Instance,1,100501
INST_0501,DSDV,100,40,20,4,1,512,300,20.0,0.037,270,1080,Fixed_Per_Instance,1,100501
INST_0501,AOMDV,100,40,20,4,1,512,300,20.0,0.037,270,1080,Fixed_Per_Instance,1,100501
INST_0502,AODV,100,40,20,4,2,512,300,20.0,0.037,270,1080,Fixed_Per_Instance,1,100502
INST_0502,DSDV,100,40,20,4,2,512,300,20.0,0.037,270,1080,Fixed_Per_Instance,1,100502
INST_0502,AOMDV,100,40,20,4,2,512,300,20.0,0.037,270,1080,Fixed_Per_Instance,1,100502
INST_0503,AODV,100,40,20,4,3,512,300,20.0,0.037,270,1080,Fixed_Per_Instance,1,100503
INST_0503,DSDV,100,40,20,4,3,512,300,20.0,0.037,270,1080,Fixed_Per_Instance,1,100503
INST_0503,AOMDV,100,40,20,4,3,512,300,20.0,0.037,270,1080,Fixed_Per_Instance,1,100503
INST_0504,AODV,100,40,20,4,4,512,300,20.0,0.037,270,1080,Fixed_Per_Instance,1,100504
INST_0504,DSDV,100,40,20,4,4,512,300,20.0,0.037,270,1080,Fixed_Per_Instance,1,100504
INST_0504,AOMDV,100,40,20,4,4,512,300,20.0,0.037,270,1080,Fixed_Per_Instance,1,100504
INST_0505,AODV,100,40,20,4,5,512,300,20.0,0.037,270,1080,Fixed_Per_Instance,1,100505
INST_0505,DSDV,100,40,20,4,5,512,300,20.0,0.037,270,1080,Fixed_Per_Instance,1,100505
INST_0505,AOMDV,100,40,20,4,5,512,300,20.0,0.037,270,1080,Fixed_Per_Instance,1,100505
INST_0506,AODV,100,40,20,8,1,512,300,20.0,0.037,270,2160,Fixed_Per_Instance,1,100506
INST_0506,DSDV,100,40,20,8,1,512,300,20.0,0.037,270,2160,Fixed_Per_Instance,1,100506
INST_0506,AOMDV,100,40,20,8,1,512,300,20.0,0.037,270,2160,Fixed_Per_Instance,1,100506
INST_0507,AODV,100,40,20,8,2,512,300,20.0,0.037,270,2160,Fixed_Per_Instance,1,100507
INST_0507,DSDV,100,40,20,8,2,512,300,20.0,0.037,270,2160,Fixed_Per_Instance,1,100507
INST_0507,AOMDV,100,40,20,8,2,512,300,20.0,0.037,270,2160,Fixed_Per_Instance,1,100507
INST_0508,AODV,100,40,20,8,3,512,300,20.0,0.037,270,2160,Fixed_Per_Instance,1,100508
INST_0508,DSDV,100,40,20,8,3,512,300,20.0,0.037,270,2160,Fixed_Per_Instance,1,100508
INST_0508,AOMDV,100,40,20,8,3,512,300,20.0,0.037,270,2160,Fixed_Per_Instance,1,100508
INST_0509,AODV,100,40,20,8,4,512,300,20.0,0.037,270,2160,Fixed_Per_Instance,1,100509
INST_0509,DSDV,100,40,20,8,4,512,300,20.0,0.037,270,2160,Fixed_Per_Instance,1,100509
INST_0509,AOMDV,100,40,20,8,4,512,300,20.0,0.037,270,2160,Fixed_Per_Instance,1,100509
INST_0510,AODV,100,40,20,8,5,512,300,20.0,0.037,270,2160,Fixed_Per_Instance,1,100510
INST_0510,DSDV,100,40,20,8,5,512,300,20.0,0.037,270,2160,Fixed_Per_Instance,1,100510
INST_0510,AOMDV,100,40,20,8,5,512,300,20.0,0.037,270,2160,Fixed_Per_Instance,1,100510
INST_0511,AODV,100,40,25,2,1,512,300,20.0,0.037,270,540,Fixed_Per_Instance,1,100511
INST_0511,DSDV,100,40,25,2,1,512,300,20.0,0.037,270,540,Fixed_Per_Instance,1,100511
INST_0511,AOMDV,100,40,25,2,1,512,300,20.0,0.037,270,540,Fixed_Per_Instance,1,100511
INST_0512,AODV,100,40,25,2,2,512,300,20.0,0.037,270,540,Fixed_Per_Instance,1,100512
INST_0512,DSDV,100,40,25,2,2,512,300,20.0,0.037,270,540,Fixed_Per_Instance,1,100512
INST_0512,AOMDV,100,40,25,2,2,512,300,20.0,0.037,270,540,Fixed_Per_Instance,1,100512
INST_0513,AODV,100,40,25,2,3,512,300,20.0,0.037,270,540,Fixed_Per_Instance,1,100513
INST_0513,DSDV,100,40,25,2,3,512,300,20.0,0.037,270,540,Fixed_Per_Instance,1,100513
INST_0513,AOMDV,100,40,25,2,3,512,300,20.0,0.037,270,540,Fixed_Per_Instance,1,100513
INST_0514,AODV,100,40,25,2,4,512,300,20.0,0.037,270,540,Fixed_Per_Instance,1,100514
INST_0514,DSDV,100,40,25,2,4,512,300,20.0,0.037,270,540,Fixed_Per_Instance,1,100514
INST_0514,AOMDV,100,40,25,2,4,512,300,20.0,0.037,270,540,Fixed_Per_Instance,1,100514
INST_0515,AODV,100,40,25,2,5,512,300,20.0,0.037,270,540,Fixed_Per_Instance,1,100515
INST_0515,DSDV,100,40,25,2,5,512,300,20.0,0.037,270,540,Fixed_Per_Instance,1,100515
INST_0515,AOMDV,100,40,25,2,5,512,300,20.0,0.037,270,540,Fixed_Per_Instance,1,100515
INST_0516,AODV,100,40,25,4,1,512,300,20.0,0.037,270,1080,Fixed_Per_Instance,1,100516
INST_0516,DSDV,100,40,25,4,1,512,300,20.0,0.037,270,1080,Fixed_Per_Instance,1,100516
INST_0516,AOMDV,100,40,25,4,1,512,300,20.0,0.037,270,1080,Fixed_Per_Instance,1,100516
INST_0517,AODV,100,40,25,4,2,512,300,20.0,0.037,270,1080,Fixed_Per_Instance,1,100517
INST_0517,DSDV,100,40,25,4,2,512,300,20.0,0.037,270,1080,Fixed_Per_Instance,1,100517
INST_0517,AOMDV,100,40,25,4,2,512,300,20.0,0.037,270,1080,Fixed_Per_Instance,1,100517
INST_0518,AODV,100,40,25,4,3,512,300,20.0,0.037,270,1080,Fixed_Per_Instance,1,100518
INST_0518,DSDV,100,40,25,4,3,512,300,20.0,0.037,270,1080,Fixed_Per_Instance,1,100518
INST_0518,AOMDV,100,40,25,4,3,512,300,20.0,0.037,270,1080,Fixed_Per_Instance,1,100518
INST_0519,AODV,100,40,25,4,4,512,300,20.0,0.037,270,1080,Fixed_Per_Instance,1,100519
INST_0519,DSDV,100,40,25,4,4,512,300,20.0,0.037,270,1080,Fixed_Per_Instance,1,100519
INST_0519,AOMDV,100,40,25,4,4,512,300,20.0,0.037,270,1080,Fixed_Per_Instance,1,100519
INST_0520,AODV,100,40,25,4,5,512,300,20.0,0.037,270,1080,Fixed_Per_Instance,1,100520
INST_0520,DSDV,100,40,25,4,5,512,300,20.0,0.037,270,1080,Fixed_Per_Instance,1,100520
INST_0520,AOMDV,100,40,25,4,5,512,300,20.0,0.037,270,1080,Fixed_Per_Instance,1,100520
INST_0521,AODV,100,40,25,8,1,512,300,20.0,0.037,270,2160,Fixed_Per_Instance,1,100521
INST_0521,DSDV,100,40,25,8,1,512,300,20.0,0.037,270,2160,Fixed_Per_Instance,1,100521
INST_0521,AOMDV,100,40,25,8,1,512,300,20.0,0.037,270,2160,Fixed_Per_Instance,1,100521
INST_0522,AODV,100,40,25,8,2,512,300,20.0,0.037,270,2160,Fixed_Per_Instance,1,100522
INST_0522,DSDV,100,40,25,8,2,512,300,20.0,0.037,270,2160,Fixed_Per_Instance,1,100522
INST_0522,AOMDV,100,40,25,8,2,512,300,20.0,0.037,270,2160,Fixed_Per_Instance,1,100522
INST_0523,AODV,100,40,25,8,3,512,300,20.0,0.037,270,2160,Fixed_Per_Instance,1,100523
INST_0523,DSDV,100,40,25,8,3,512,300,20.0,0.037,270,2160,Fixed_Per_Instance,1,100523
INST_0523,AOMDV,100,40,25,8,3,512,300,20.0,0.037,270,2160,Fixed_Per_Instance,1,100523
INST_0524,AODV,100,40,25,8,4,512,300,20.0,0.037,270,2160,Fixed_Per_Instance,1,100524
INST_0524,DSDV,100,40,25,8,4,512,300,20.0,0.037,270,2160,Fixed_Per_Instance,1,100524
INST_0524,AOMDV,100,40,25,8,4,512,300,20.0,0.037,270,2160,Fixed_Per_Instance,1,100524
INST_0525,AODV,100,40,25,8,5,512,300,20.0,0.037,270,2160,Fixed_Per_Instance,1,100525
INST_0525,DSDV,100,40,25,8,5,512,300,20.0,0.037,270,2160,Fixed_Per_Instance,1,100525
INST_0525,AOMDV,100,40,25,8,5,512,300,20.0,0.037,270,2160,Fixed_Per_Instance,1,100525
INST_0526,AODV,100,50,5,2,1,512,300,20.0,0.037,270,540,Fixed_Per_Instance,1,100526
INST_0526,DSDV,100,50,5,2,1,512,300,20.0,0.037,270,540,Fixed_Per_Instance,1,100526
INST_0526,AOMDV,100,50,5,2,1,512,300,20.0,0.037,270,540,Fixed_Per_Instance,1,100526
INST_0527,AODV,100,50,5,2,2,512,300,20.0,0.037,270,540,Fixed_Per_Instance,1,100527
INST_0527,DSDV,100,50,5,2,2,512,300,20.0,0.037,270,540,Fixed_Per_Instance,1,100527
INST_0527,AOMDV,100,50,5,2,2,512,300,20.0,0.037,270,540,Fixed_Per_Instance,1,100527
INST_0528,AODV,100,50,5,2,3,512,300,20.0,0.037,270,540,Fixed_Per_Instance,1,100528
INST_0528,DSDV,100,50,5,2,3,512,300,20.0,0.037,270,540,Fixed_Per_Instance,1,100528
INST_0528,AOMDV,100,50,5,2,3,512,300,20.0,0.037,270,540,Fixed_Per_Instance,1,100528
INST_0529,AODV,100,50,5,2,4,512,300,20.0,0.037,270,540,Fixed_Per_Instance,1,100529
INST_0529,DSDV,100,50,5,2,4,512,300,20.0,0.037,270,540,Fixed_Per_Instance,1,100529
INST_0529,AOMDV,100,50,5,2,4,512,300,20.0,0.037,270,540,Fixed_Per_Instance,1,100529
INST_0530,AODV,100,50,5,2,5,512,300,20.0,0.037,270,540,Fixed_Per_Instance,1,100530
INST_0530,DSDV,100,50,5,2,5,512,300,20.0,0.037,270,540,Fixed_Per_Instance,1,100530
INST_0530,AOMDV,100,50,5,2,5,512,300,20.0,0.037,270,540,Fixed_Per_Instance,1,100530
INST_0531,AODV,100,50,5,4,1,512,300,20.0,0.037,270,1080,Fixed_Per_Instance,1,100531
INST_0531,DSDV,100,50,5,4,1,512,300,20.0,0.037,270,1080,Fixed_Per_Instance,1,100531
INST_0531,AOMDV,100,50,5,4,1,512,300,20.0,0.037,270,1080,Fixed_Per_Instance,1,100531
INST_0532,AODV,100,50,5,4,2,512,300,20.0,0.037,270,1080,Fixed_Per_Instance,1,100532
INST_0532,DSDV,100,50,5,4,2,512,300,20.0,0.037,270,1080,Fixed_Per_Instance,1,100532
INST_0532,AOMDV,100,50,5,4,2,512,300,20.0,0.037,270,1080,Fixed_Per_Instance,1,100532
INST_0533,AODV,100,50,5,4,3,512,300,20.0,0.037,270,1080,Fixed_Per_Instance,1,100533
INST_0533,DSDV,100,50,5,4,3,512,300,20.0,0.037,270,1080,Fixed_Per_Instance,1,100533
INST_0533,AOMDV,100,50,5,4,3,512,300,20.0,0.037,270,1080,Fixed_Per_Instance,1,100533
INST_0534,AODV,100,50,5,4,4,512,300,20.0,0.037,270,1080,Fixed_Per_Instance,1,100534
INST_0534,DSDV,100,50,5,4,4,512,300,20.0,0.037,270,1080,Fixed_Per_Instance,1,100534
INST_0534,AOMDV,100,50,5,4,4,512,300,20.0,0.037,270,1080,Fixed_Per_Instance,1,100534
INST_0535,AODV,100,50,5,4,5,512,300,20.0,0.037,270,1080,Fixed_Per_Instance,1,100535
INST_0535,DSDV,100,50,5,4,5,512,300,20.0,0.037,270,1080,Fixed_Per_Instance,1,100535
INST_0535,AOMDV,100,50,5,4,5,512,300,20.0,0.037,270,1080,Fixed_Per_Instance,1,100535
INST_0536,AODV,100,50,5,8,1,512,300,20.0,0.037,270,2160,Fixed_Per_Instance,1,100536
INST_0536,DSDV,100,50,5,8,1,512,300,20.0,0.037,270,2160,Fixed_Per_Instance,1,100536
INST_0536,AOMDV,100,50,5,8,1,512,300,20.0,0.037,270,2160,Fixed_Per_Instance,1,100536
INST_0537,AODV,100,50,5,8,2,512,300,20.0,0.037,270,2160,Fixed_Per_Instance,1,100537
INST_0537,DSDV,100,50,5,8,2,512,300,20.0,0.037,270,2160,Fixed_Per_Instance,1,100537
INST_0537,AOMDV,100,50,5,8,2,512,300,20.0,0.037,270,2160,Fixed_Per_Instance,1,100537
INST_0538,AODV,100,50,5,8,3,512,300,20.0,0.037,270,2160,Fixed_Per_Instance,1,100538
INST_0538,DSDV,100,50,5,8,3,512,300,20.0,0.037,270,2160,Fixed_Per_Instance,1,100538
INST_0538,AOMDV,100,50,5,8,3,512,300,20.0,0.037,270,2160,Fixed_Per_Instance,1,100538
INST_0539,AODV,100,50,5,8,4,512,300,20.0,0.037,270,2160,Fixed_Per_Instance,1,100539
INST_0539,DSDV,100,50,5,8,4,512,300,20.0,0.037,270,2160,Fixed_Per_Instance,1,100539
INST_0539,AOMDV,100,50,5,8,4,512,300,20.0,0.037,270,2160,Fixed_Per_Instance,1,100539
INST_0540,AODV,100,50,5,8,5,512,300,20.0,0.037,270,2160,Fixed_Per_Instance,1,100540
INST_0540,DSDV,100,50,5,8,5,512,300,20.0,0.037,270,2160,Fixed_Per_Instance,1,100540
INST_0540,AOMDV,100,50,5,8,5,512,300,20.0,0.037,270,2160,Fixed_Per_Instance,1,100540
INST_0541,AODV,100,50,10,2,1,512,300,20.0,0.037,270,540,Fixed_Per_Instance,1,100541
INST_0541,DSDV,100,50,10,2,1,512,300,20.0,0.037,270,540,Fixed_Per_Instance,1,100541
INST_0541,AOMDV,100,50,10,2,1,512,300,20.0,0.037,270,540,Fixed_Per_Instance,1,100541
INST_0542,AODV,100,50,10,2,2,512,300,20.0,0.037,270,540,Fixed_Per_Instance,1,100542
INST_0542,DSDV,100,50,10,2,2,512,300,20.0,0.037,270,540,Fixed_Per_Instance,1,100542
INST_0542,AOMDV,100,50,10,2,2,512,300,20.0,0.037,270,540,Fixed_Per_Instance,1,100542
INST_0543,AODV,100,50,10,2,3,512,300,20.0,0.037,270,540,Fixed_Per_Instance,1,100543
INST_0543,DSDV,100,50,10,2,3,512,300,20.0,0.037,270,540,Fixed_Per_Instance,1,100543
INST_0543,AOMDV,100,50,10,2,3,512,300,20.0,0.037,270,540,Fixed_Per_Instance,1,100543
INST_0544,AODV,100,50,10,2,4,512,300,20.0,0.037,270,540,Fixed_Per_Instance,1,100544
INST_0544,DSDV,100,50,10,2,4,512,300,20.0,0.037,270,540,Fixed_Per_Instance,1,100544
INST_0544,AOMDV,100,50,10,2,4,512,300,20.0,0.037,270,540,Fixed_Per_Instance,1,100544
INST_0545,AODV,100,50,10,2,5,512,300,20.0,0.037,270,540,Fixed_Per_Instance,1,100545
INST_0545,DSDV,100,50,10,2,5,512,300,20.0,0.037,270,540,Fixed_Per_Instance,1,100545
INST_0545,AOMDV,100,50,10,2,5,512,300,20.0,0.037,270,540,Fixed_Per_Instance,1,100545
INST_0546,AODV,100,50,10,4,1,512,300,20.0,0.037,270,1080,Fixed_Per_Instance,1,100546
INST_0546,DSDV,100,50,10,4,1,512,300,20.0,0.037,270,1080,Fixed_Per_Instance,1,100546
INST_0546,AOMDV,100,50,10,4,1,512,300,20.0,0.037,270,1080,Fixed_Per_Instance,1,100546
INST_0547,AODV,100,50,10,4,2,512,300,20.0,0.037,270,1080,Fixed_Per_Instance,1,100547
INST_0547,DSDV,100,50,10,4,2,512,300,20.0,0.037,270,1080,Fixed_Per_Instance,1,100547
INST_0547,AOMDV,100,50,10,4,2,512,300,20.0,0.037,270,1080,Fixed_Per_Instance,1,100547
INST_0548,AODV,100,50,10,4,3,512,300,20.0,0.037,270,1080,Fixed_Per_Instance,1,100548
INST_0548,DSDV,100,50,10,4,3,512,300,20.0,0.037,270,1080,Fixed_Per_Instance,1,100548
INST_0548,AOMDV,100,50,10,4,3,512,300,20.0,0.037,270,1080,Fixed_Per_Instance,1,100548
INST_0549,AODV,100,50,10,4,4,512,300,20.0,0.037,270,1080,Fixed_Per_Instance,1,100549
INST_0549,DSDV,100,50,10,4,4,512,300,20.0,0.037,270,1080,Fixed_Per_Instance,1,100549
INST_0549,AOMDV,100,50,10,4,4,512,300,20.0,0.037,270,1080,Fixed_Per_Instance,1,100549
INST_0550,AODV,100,50,10,4,5,512,300,20.0,0.037,270,1080,Fixed_Per_Instance,1,100550
INST_0550,DSDV,100,50,10,4,5,512,300,20.0,0.037,270,1080,Fixed_Per_Instance,1,100550
INST_0550,AOMDV,100,50,10,4,5,512,300,20.0,0.037,270,1080,Fixed_Per_Instance,1,100550
INST_0551,AODV,100,50,10,8,1,512,300,20.0,0.037,270,2160,Fixed_Per_Instance,1,100551
INST_0551,DSDV,100,50,10,8,1,512,300,20.0,0.037,270,2160,Fixed_Per_Instance,1,100551
INST_0551,AOMDV,100,50,10,8,1,512,300,20.0,0.037,270,2160,Fixed_Per_Instance,1,100551
INST_0552,AODV,100,50,10,8,2,512,300,20.0,0.037,270,2160,Fixed_Per_Instance,1,100552
INST_0552,DSDV,100,50,10,8,2,512,300,20.0,0.037,270,2160,Fixed_Per_Instance,1,100552
INST_0552,AOMDV,100,50,10,8,2,512,300,20.0,0.037,270,2160,Fixed_Per_Instance,1,100552
INST_0553,AODV,100,50,10,8,3,512,300,20.0,0.037,270,2160,Fixed_Per_Instance,1,100553
INST_0553,DSDV,100,50,10,8,3,512,300,20.0,0.037,270,2160,Fixed_Per_Instance,1,100553
INST_0553,AOMDV,100,50,10,8,3,512,300,20.0,0.037,270,2160,Fixed_Per_Instance,1,100553
INST_0554,AODV,100,50,10,8,4,512,300,20.0,0.037,270,2160,Fixed_Per_Instance,1,100554
INST_0554,DSDV,100,50,10,8,4,512,300,20.0,0.037,270,2160,Fixed_Per_Instance,1,100554
INST_0554,AOMDV,100,50,10,8,4,512,300,20.0,0.037,270,2160,Fixed_Per_Instance,1,100554
INST_0555,AODV,100,50,10,8,5,512,300,20.0,0.037,270,2160,Fixed_Per_Instance,1,100555
INST_0555,DSDV,100,50,10,8,5,512,300,20.0,0.037,270,2160,Fixed_Per_Instance,1,100555
INST_0555,AOMDV,100,50,10,8,5,512,300,20.0,0.037,270,2160,Fixed_Per_Instance,1,100555
INST_0556,AODV,100,50,15,2,1,512,300,20.0,0.037,270,540,Fixed_Per_Instance,1,100556
INST_0556,DSDV,100,50,15,2,1,512,300,20.0,0.037,270,540,Fixed_Per_Instance,1,100556
INST_0556,AOMDV,100,50,15,2,1,512,300,20.0,0.037,270,540,Fixed_Per_Instance,1,100556
INST_0557,AODV,100,50,15,2,2,512,300,20.0,0.037,270,540,Fixed_Per_Instance,1,100557
INST_0557,DSDV,100,50,15,2,2,512,300,20.0,0.037,270,540,Fixed_Per_Instance,1,100557
INST_0557,AOMDV,100,50,15,2,2,512,300,20.0,0.037,270,540,Fixed_Per_Instance,1,100557
INST_0558,AODV,100,50,15,2,3,512,300,20.0,0.037,270,540,Fixed_Per_Instance,1,100558
INST_0558,DSDV,100,50,15,2,3,512,300,20.0,0.037,270,540,Fixed_Per_Instance,1,100558
INST_0558,AOMDV,100,50,15,2,3,512,300,20.0,0.037,270,540,Fixed_Per_Instance,1,100558
INST_0559,AODV,100,50,15,2,4,512,300,20.0,0.037,270,540,Fixed_Per_Instance,1,100559
INST_0559,DSDV,100,50,15,2,4,512,300,20.0,0.037,270,540,Fixed_Per_Instance,1,100559
INST_0559,AOMDV,100,50,15,2,4,512,300,20.0,0.037,270,540,Fixed_Per_Instance,1,100559
INST_0560,AODV,100,50,15,2,5,512,300,20.0,0.037,270,540,Fixed_Per_Instance,1,100560
INST_0560,DSDV,100,50,15,2,5,512,300,20.0,0.037,270,540,Fixed_Per_Instance,1,100560
INST_0560,AOMDV,100,50,15,2,5,512,300,20.0,0.037,270,540,Fixed_Per_Instance,1,100560
INST_0561,AODV,100,50,15,4,1,512,300,20.0,0.037,270,1080,Fixed_Per_Instance,1,100561
INST_0561,DSDV,100,50,15,4,1,512,300,20.0,0.037,270,1080,Fixed_Per_Instance,1,100561
INST_0561,AOMDV,100,50,15,4,1,512,300,20.0,0.037,270,1080,Fixed_Per_Instance,1,100561
INST_0562,AODV,100,50,15,4,2,512,300,20.0,0.037,270,1080,Fixed_Per_Instance,1,100562
INST_0562,DSDV,100,50,15,4,2,512,300,20.0,0.037,270,1080,Fixed_Per_Instance,1,100562
INST_0562,AOMDV,100,50,15,4,2,512,300,20.0,0.037,270,1080,Fixed_Per_Instance,1,100562
INST_0563,AODV,100,50,15,4,3,512,300,20.0,0.037,270,1080,Fixed_Per_Instance,1,100563
INST_0563,DSDV,100,50,15,4,3,512,300,20.0,0.037,270,1080,Fixed_Per_Instance,1,100563
INST_0563,AOMDV,100,50,15,4,3,512,300,20.0,0.037,270,1080,Fixed_Per_Instance,1,100563
INST_0564,AODV,100,50,15,4,4,512,300,20.0,0.037,270,1080,Fixed_Per_Instance,1,100564
INST_0564,DSDV,100,50,15,4,4,512,300,20.0,0.037,270,1080,Fixed_Per_Instance,1,100564
INST_0564,AOMDV,100,50,15,4,4,512,300,20.0,0.037,270,1080,Fixed_Per_Instance,1,100564
INST_0565,AODV,100,50,15,4,5,512,300,20.0,0.037,270,1080,Fixed_Per_Instance,1,100565
INST_0565,DSDV,100,50,15,4,5,512,300,20.0,0.037,270,1080,Fixed_Per_Instance,1,100565
INST_0565,AOMDV,100,50,15,4,5,512,300,20.0,0.037,270,1080,Fixed_Per_Instance,1,100565
INST_0566,AODV,100,50,15,8,1,512,300,20.0,0.037,270,2160,Fixed_Per_Instance,1,100566
INST_0566,DSDV,100,50,15,8,1,512,300,20.0,0.037,270,2160,Fixed_Per_Instance,1,100566
INST_0566,AOMDV,100,50,15,8,1,512,300,20.0,0.037,270,2160,Fixed_Per_Instance,1,100566
INST_0567,AODV,100,50,15,8,2,512,300,20.0,0.037,270,2160,Fixed_Per_Instance,1,100567
INST_0567,DSDV,100,50,15,8,2,512,300,20.0,0.037,270,2160,Fixed_Per_Instance,1,100567
INST_0567,AOMDV,100,50,15,8,2,512,300,20.0,0.037,270,2160,Fixed_Per_Instance,1,100567
INST_0568,AODV,100,50,15,8,3,512,300,20.0,0.037,270,2160,Fixed_Per_Instance,1,100568
INST_0568,DSDV,100,50,15,8,3,512,300,20.0,0.037,270,2160,Fixed_Per_Instance,1,100568
INST_0568,AOMDV,100,50,15,8,3,512,300,20.0,0.037,270,2160,Fixed_Per_Instance,1,100568
INST_0569,AODV,100,50,15,8,4,512,300,20.0,0.037,270,2160,Fixed_Per_Instance,1,100569
INST_0569,DSDV,100,50,15,8,4,512,300,20.0,0.037,270,2160,Fixed_Per_Instance,1,100569
INST_0569,AOMDV,100,50,15,8,4,512,300,20.0,0.037,270,2160,Fixed_Per_Instance,1,100569
INST_0570,AODV,100,50,15,8,5,512,300,20.0,0.037,270,2160,Fixed_Per_Instance,1,100570
INST_0570,DSDV,100,50,15,8,5,512,300,20.0,0.037,270,2160,Fixed_Per_Instance,1,100570
INST_0570,AOMDV,100,50,15,8,5,512,300,20.0,0.037,270,2160,Fixed_Per_Instance,1,100570
INST_0571,AODV,100,50,20,2,1,512,300,20.0,0.037,270,540,Fixed_Per_Instance,1,100571
INST_0571,DSDV,100,50,20,2,1,512,300,20.0,0.037,270,540,Fixed_Per_Instance,1,100571
INST_0571,AOMDV,100,50,20,2,1,512,300,20.0,0.037,270,540,Fixed_Per_Instance,1,100571
INST_0572,AODV,100,50,20,2,2,512,300,20.0,0.037,270,540,Fixed_Per_Instance,1,100572
INST_0572,DSDV,100,50,20,2,2,512,300,20.0,0.037,270,540,Fixed_Per_Instance,1,100572
INST_0572,AOMDV,100,50,20,2,2,512,300,20.0,0.037,270,540,Fixed_Per_Instance,1,100572
INST_0573,AODV,100,50,20,2,3,512,300,20.0,0.037,270,540,Fixed_Per_Instance,1,100573
INST_0573,DSDV,100,50,20,2,3,512,300,20.0,0.037,270,540,Fixed_Per_Instance,1,100573
INST_0573,AOMDV,100,50,20,2,3,512,300,20.0,0.037,270,540,Fixed_Per_Instance,1,100573
INST_0574,AODV,100,50,20,2,4,512,300,20.0,0.037,270,540,Fixed_Per_Instance,1,100574
INST_0574,DSDV,100,50,20,2,4,512,300,20.0,0.037,270,540,Fixed_Per_Instance,1,100574
INST_0574,AOMDV,100,50,20,2,4,512,300,20.0,0.037,270,540,Fixed_Per_Instance,1,100574
INST_0575,AODV,100,50,20,2,5,512,300,20.0,0.037,270,540,Fixed_Per_Instance,1,100575
INST_0575,DSDV,100,50,20,2,5,512,300,20.0,0.037,270,540,Fixed_Per_Instance,1,100575
INST_0575,AOMDV,100,50,20,2,5,512,300,20.0,0.037,270,540,Fixed_Per_Instance,1,100575
INST_0576,AODV,100,50,20,4,1,512,300,20.0,0.037,270,1080,Fixed_Per_Instance,1,100576
INST_0576,DSDV,100,50,20,4,1,512,300,20.0,0.037,270,1080,Fixed_Per_Instance,1,100576
INST_0576,AOMDV,100,50,20,4,1,512,300,20.0,0.037,270,1080,Fixed_Per_Instance,1,100576
INST_0577,AODV,100,50,20,4,2,512,300,20.0,0.037,270,1080,Fixed_Per_Instance,1,100577
INST_0577,DSDV,100,50,20,4,2,512,300,20.0,0.037,270,1080,Fixed_Per_Instance,1,100577
INST_0577,AOMDV,100,50,20,4,2,512,300,20.0,0.037,270,1080,Fixed_Per_Instance,1,100577
INST_0578,AODV,100,50,20,4,3,512,300,20.0,0.037,270,1080,Fixed_Per_Instance,1,100578
INST_0578,DSDV,100,50,20,4,3,512,300,20.0,0.037,270,1080,Fixed_Per_Instance,1,100578
INST_0578,AOMDV,100,50,20,4,3,512,300,20.0,0.037,270,1080,Fixed_Per_Instance,1,100578
INST_0579,AODV,100,50,20,4,4,512,300,20.0,0.037,270,1080,Fixed_Per_Instance,1,100579
INST_0579,DSDV,100,50,20,4,4,512,300,20.0,0.037,270,1080,Fixed_Per_Instance,1,100579
INST_0579,AOMDV,100,50,20,4,4,512,300,20.0,0.037,270,1080,Fixed_Per_Instance,1,100579
INST_0580,AODV,100,50,20,4,5,512,300,20.0,0.037,270,1080,Fixed_Per_Instance,1,100580
INST_0580,DSDV,100,50,20,4,5,512,300,20.0,0.037,270,1080,Fixed_Per_Instance,1,100580
INST_0580,AOMDV,100,50,20,4,5,512,300,20.0,0.037,270,1080,Fixed_Per_Instance,1,100580
INST_0581,AODV,100,50,20,8,1,512,300,20.0,0.037,270,2160,Fixed_Per_Instance,1,100581
INST_0581,DSDV,100,50,20,8,1,512,300,20.0,0.037,270,2160,Fixed_Per_Instance,1,100581
INST_0581,AOMDV,100,50,20,8,1,512,300,20.0,0.037,270,2160,Fixed_Per_Instance,1,100581
INST_0582,AODV,100,50,20,8,2,512,300,20.0,0.037,270,2160,Fixed_Per_Instance,1,100582
INST_0582,DSDV,100,50,20,8,2,512,300,20.0,0.037,270,2160,Fixed_Per_Instance,1,100582
INST_0582,AOMDV,100,50,20,8,2,512,300,20.0,0.037,270,2160,Fixed_Per_Instance,1,100582
INST_0583,AODV,100,50,20,8,3,512,300,20.0,0.037,270,2160,Fixed_Per_Instance,1,100583
INST_0583,DSDV,100,50,20,8,3,512,300,20.0,0.037,270,2160,Fixed_Per_Instance,1,100583
INST_0583,AOMDV,100,50,20,8,3,512,300,20.0,0.037,270,2160,Fixed_Per_Instance,1,100583
INST_0584,AODV,100,50,20,8,4,512,300,20.0,0.037,270,2160,Fixed_Per_Instance,1,100584
INST_0584,DSDV,100,50,20,8,4,512,300,20.0,0.037,270,2160,Fixed_Per_Instance,1,100584
INST_0584,AOMDV,100,50,20,8,4,512,300,20.0,0.037,270,2160,Fixed_Per_Instance,1,100584
INST_0585,AODV,100,50,20,8,5,512,300,20.0,0.037,270,2160,Fixed_Per_Instance,1,100585
INST_0585,DSDV,100,50,20,8,5,512,300,20.0,0.037,270,2160,Fixed_Per_Instance,1,100585
INST_0585,AOMDV,100,50,20,8,5,512,300,20.0,0.037,270,2160,Fixed_Per_Instance,1,100585
INST_0586,AODV,100,50,25,2,1,512,300,20.0,0.037,270,540,Fixed_Per_Instance,1,100586
INST_0586,DSDV,100,50,25,2,1,512,300,20.0,0.037,270,540,Fixed_Per_Instance,1,100586
INST_0586,AOMDV,100,50,25,2,1,512,300,20.0,0.037,270,540,Fixed_Per_Instance,1,100586
INST_0587,AODV,100,50,25,2,2,512,300,20.0,0.037,270,540,Fixed_Per_Instance,1,100587
INST_0587,DSDV,100,50,25,2,2,512,300,20.0,0.037,270,540,Fixed_Per_Instance,1,100587
INST_0587,AOMDV,100,50,25,2,2,512,300,20.0,0.037,270,540,Fixed_Per_Instance,1,100587
INST_0588,AODV,100,50,25,2,3,512,300,20.0,0.037,270,540,Fixed_Per_Instance,1,100588
INST_0588,DSDV,100,50,25,2,3,512,300,20.0,0.037,270,540,Fixed_Per_Instance,1,100588
INST_0588,AOMDV,100,50,25,2,3,512,300,20.0,0.037,270,540,Fixed_Per_Instance,1,100588
INST_0589,AODV,100,50,25,2,4,512,300,20.0,0.037,270,540,Fixed_Per_Instance,1,100589
INST_0589,DSDV,100,50,25,2,4,512,300,20.0,0.037,270,540,Fixed_Per_Instance,1,100589
INST_0589,AOMDV,100,50,25,2,4,512,300,20.0,0.037,270,540,Fixed_Per_Instance,1,100589
INST_0590,AODV,100,50,25,2,5,512,300,20.0,0.037,270,540,Fixed_Per_Instance,1,100590
INST_0590,DSDV,100,50,25,2,5,512,300,20.0,0.037,270,540,Fixed_Per_Instance,1,100590
INST_0590,AOMDV,100,50,25,2,5,512,300,20.0,0.037,270,540,Fixed_Per_Instance,1,100590
INST_0591,AODV,100,50,25,4,1,512,300,20.0,0.037,270,1080,Fixed_Per_Instance,1,100591
INST_0591,DSDV,100,50,25,4,1,512,300,20.0,0.037,270,1080,Fixed_Per_Instance,1,100591
INST_0591,AOMDV,100,50,25,4,1,512,300,20.0,0.037,270,1080,Fixed_Per_Instance,1,100591
INST_0592,AODV,100,50,25,4,2,512,300,20.0,0.037,270,1080,Fixed_Per_Instance,1,100592
INST_0592,DSDV,100,50,25,4,2,512,300,20.0,0.037,270,1080,Fixed_Per_Instance,1,100592
INST_0592,AOMDV,100,50,25,4,2,512,300,20.0,0.037,270,1080,Fixed_Per_Instance,1,100592
INST_0593,AODV,100,50,25,4,3,512,300,20.0,0.037,270,1080,Fixed_Per_Instance,1,100593
INST_0593,DSDV,100,50,25,4,3,512,300,20.0,0.037,270,1080,Fixed_Per_Instance,1,100593
INST_0593,AOMDV,100,50,25,4,3,512,300,20.0,0.037,270,1080,Fixed_Per_Instance,1,100593
INST_0594,AODV,100,50,25,4,4,512,300,20.0,0.037,270,1080,Fixed_Per_Instance,1,100594
INST_0594,DSDV,100,50,25,4,4,512,300,20.0,0.037,270,1080,Fixed_Per_Instance,1,100594
INST_0594,AOMDV,100,50,25,4,4,512,300,20.0,0.037,270,1080,Fixed_Per_Instance,1,100594
INST_0595,AODV,100,50,25,4,5,512,300,20.0,0.037,270,1080,Fixed_Per_Instance,1,100595
INST_0595,DSDV,100,50,25,4,5,512,300,20.0,0.037,270,1080,Fixed_Per_Instance,1,100595
INST_0595,AOMDV,100,50,25,4,5,512,300,20.0,0.037,270,1080,Fixed_Per_Instance,1,100595
INST_0596,AODV,100,50,25,8,1,512,300,20.0,0.037,270,2160,Fixed_Per_Instance,1,100596
INST_0596,DSDV,100,50,25,8,1,512,300,20.0,0.037,270,2160,Fixed_Per_Instance,1,100596
INST_0596,AOMDV,100,50,25,8,1,512,300,20.0,0.037,270,2160,Fixed_Per_Instance,1,100596
INST_0597,AODV,100,50,25,8,2,512,300,20.0,0.037,270,2160,Fixed_Per_Instance,1,100597
INST_0597,DSDV,100,50,25,8,2,512,300,20.0,0.037,270,2160,Fixed_Per_Instance,1,100597
INST_0597,AOMDV,100,50,25,8,2,512,300,20.0,0.037,270,2160,Fixed_Per_Instance,1,100597
INST_0598,AODV,100,50,25,8,3,512,300,20.0,0.037,270,2160,Fixed_Per_Instance,1,100598
INST_0598,DSDV,100,50,25,8,3,512,300,20.0,0.037,270,2160,Fixed_Per_Instance,1,100598
INST_0598,AOMDV,100,50,25,8,3,512,300,20.0,0.037,270,2160,Fixed_Per_Instance,1,100598
INST_0599,AODV,100,50,25,8,4,512,300,20.0,0.037,270,2160,Fixed_Per_Instance,1,100599
INST_0599,DSDV,100,50,25,8,4,512,300,20.0,0.037,270,2160,Fixed_Per_Instance,1,100599
INST_0599,AOMDV,100,50,25,8,4,512,300,20.0,0.037,270,2160,Fixed_Per_Instance,1,100599
INST_0600,AODV,100,50,25,8,5,512,300,20.0,0.037,270,2160,Fixed_Per_Instance,1,100600
INST_0600,DSDV,100,50,25,8,5,512,300,20.0,0.037,270,2160,Fixed_Per_Instance,1,100600
INST_0600,AOMDV,100,50,25,8,5,512,300,20.0,0.037,270,2160,Fixed_Per_Instance,1,100600
INST_0601,AODV,150,20,5,2,1,512,300,20.0,0.037,270,540,Fixed_Per_Instance,1,100601
INST_0601,DSDV,150,20,5,2,1,512,300,20.0,0.037,270,540,Fixed_Per_Instance,1,100601
INST_0601,AOMDV,150,20,5,2,1,512,300,20.0,0.037,270,540,Fixed_Per_Instance,1,100601
INST_0602,AODV,150,20,5,2,2,512,300,20.0,0.037,270,540,Fixed_Per_Instance,1,100602
INST_0602,DSDV,150,20,5,2,2,512,300,20.0,0.037,270,540,Fixed_Per_Instance,1,100602
INST_0602,AOMDV,150,20,5,2,2,512,300,20.0,0.037,270,540,Fixed_Per_Instance,1,100602
INST_0603,AODV,150,20,5,2,3,512,300,20.0,0.037,270,540,Fixed_Per_Instance,1,100603
INST_0603,DSDV,150,20,5,2,3,512,300,20.0,0.037,270,540,Fixed_Per_Instance,1,100603
INST_0603,AOMDV,150,20,5,2,3,512,300,20.0,0.037,270,540,Fixed_Per_Instance,1,100603
INST_0604,AODV,150,20,5,2,4,512,300,20.0,0.037,270,540,Fixed_Per_Instance,1,100604
INST_0604,DSDV,150,20,5,2,4,512,300,20.0,0.037,270,540,Fixed_Per_Instance,1,100604
INST_0604,AOMDV,150,20,5,2,4,512,300,20.0,0.037,270,540,Fixed_Per_Instance,1,100604
INST_0605,AODV,150,20,5,2,5,512,300,20.0,0.037,270,540,Fixed_Per_Instance,1,100605
INST_0605,DSDV,150,20,5,2,5,512,300,20.0,0.037,270,540,Fixed_Per_Instance,1,100605
INST_0605,AOMDV,150,20,5,2,5,512,300,20.0,0.037,270,540,Fixed_Per_Instance,1,100605
INST_0606,AODV,150,20,5,4,1,512,300,20.0,0.037,270,1080,Fixed_Per_Instance,1,100606
INST_0606,DSDV,150,20,5,4,1,512,300,20.0,0.037,270,1080,Fixed_Per_Instance,1,100606
INST_0606,AOMDV,150,20,5,4,1,512,300,20.0,0.037,270,1080,Fixed_Per_Instance,1,100606
INST_0607,AODV,150,20,5,4,2,512,300,20.0,0.037,270,1080,Fixed_Per_Instance,1,100607
INST_0607,DSDV,150,20,5,4,2,512,300,20.0,0.037,270,1080,Fixed_Per_Instance,1,100607
INST_0607,AOMDV,150,20,5,4,2,512,300,20.0,0.037,270,1080,Fixed_Per_Instance,1,100607
INST_0608,AODV,150,20,5,4,3,512,300,20.0,0.037,270,1080,Fixed_Per_Instance,1,100608
INST_0608,DSDV,150,20,5,4,3,512,300,20.0,0.037,270,1080,Fixed_Per_Instance,1,100608
INST_0608,AOMDV,150,20,5,4,3,512,300,20.0,0.037,270,1080,Fixed_Per_Instance,1,100608
INST_0609,AODV,150,20,5,4,4,512,300,20.0,0.037,270,1080,Fixed_Per_Instance,1,100609
INST_0609,DSDV,150,20,5,4,4,512,300,20.0,0.037,270,1080,Fixed_Per_Instance,1,100609
INST_0609,AOMDV,150,20,5,4,4,512,300,20.0,0.037,270,1080,Fixed_Per_Instance,1,100609
INST_0610,AODV,150,20,5,4,5,512,300,20.0,0.037,270,1080,Fixed_Per_Instance,1,100610
INST_0610,DSDV,150,20,5,4,5,512,300,20.0,0.037,270,1080,Fixed_Per_Instance,1,100610
INST_0610,AOMDV,150,20,5,4,5,512,300,20.0,0.037,270,1080,Fixed_Per_Instance,1,100610
INST_0611,AODV,150,20,5,8,1,512,300,20.0,0.037,270,2160,Fixed_Per_Instance,1,100611
INST_0611,DSDV,150,20,5,8,1,512,300,20.0,0.037,270,2160,Fixed_Per_Instance,1,100611
INST_0611,AOMDV,150,20,5,8,1,512,300,20.0,0.037,270,2160,Fixed_Per_Instance,1,100611
INST_0612,AODV,150,20,5,8,2,512,300,20.0,0.037,270,2160,Fixed_Per_Instance,1,100612
INST_0612,DSDV,150,20,5,8,2,512,300,20.0,0.037,270,2160,Fixed_Per_Instance,1,100612
INST_0612,AOMDV,150,20,5,8,2,512,300,20.0,0.037,270,2160,Fixed_Per_Instance,1,100612
INST_0613,AODV,150,20,5,8,3,512,300,20.0,0.037,270,2160,Fixed_Per_Instance,1,100613
INST_0613,DSDV,150,20,5,8,3,512,300,20.0,0.037,270,2160,Fixed_Per_Instance,1,100613
INST_0613,AOMDV,150,20,5,8,3,512,300,20.0,0.037,270,2160,Fixed_Per_Instance,1,100613
INST_0614,AODV,150,20,5,8,4,512,300,20.0,0.037,270,2160,Fixed_Per_Instance,1,100614
INST_0614,DSDV,150,20,5,8,4,512,300,20.0,0.037,270,2160,Fixed_Per_Instance,1,100614
INST_0614,AOMDV,150,20,5,8,4,512,300,20.0,0.037,270,2160,Fixed_Per_Instance,1,100614
INST_0615,AODV,150,20,5,8,5,512,300,20.0,0.037,270,2160,Fixed_Per_Instance,1,100615
INST_0615,DSDV,150,20,5,8,5,512,300,20.0,0.037,270,2160,Fixed_Per_Instance,1,100615
INST_0615,AOMDV,150,20,5,8,5,512,300,20.0,0.037,270,2160,Fixed_Per_Instance,1,100615
INST_0616,AODV,150,20,10,2,1,512,300,20.0,0.037,270,540,Fixed_Per_Instance,1,100616
INST_0616,DSDV,150,20,10,2,1,512,300,20.0,0.037,270,540,Fixed_Per_Instance,1,100616
INST_0616,AOMDV,150,20,10,2,1,512,300,20.0,0.037,270,540,Fixed_Per_Instance,1,100616
INST_0617,AODV,150,20,10,2,2,512,300,20.0,0.037,270,540,Fixed_Per_Instance,1,100617
INST_0617,DSDV,150,20,10,2,2,512,300,20.0,0.037,270,540,Fixed_Per_Instance,1,100617
INST_0617,AOMDV,150,20,10,2,2,512,300,20.0,0.037,270,540,Fixed_Per_Instance,1,100617
INST_0618,AODV,150,20,10,2,3,512,300,20.0,0.037,270,540,Fixed_Per_Instance,1,100618
INST_0618,DSDV,150,20,10,2,3,512,300,20.0,0.037,270,540,Fixed_Per_Instance,1,100618
INST_0618,AOMDV,150,20,10,2,3,512,300,20.0,0.037,270,540,Fixed_Per_Instance,1,100618
INST_0619,AODV,150,20,10,2,4,512,300,20.0,0.037,270,540,Fixed_Per_Instance,1,100619
INST_0619,DSDV,150,20,10,2,4,512,300,20.0,0.037,270,540,Fixed_Per_Instance,1,100619
INST_0619,AOMDV,150,20,10,2,4,512,300,20.0,0.037,270,540,Fixed_Per_Instance,1,100619
INST_0620,AODV,150,20,10,2,5,512,300,20.0,0.037,270,540,Fixed_Per_Instance,1,100620
INST_0620,DSDV,150,20,10,2,5,512,300,20.0,0.037,270,540,Fixed_Per_Instance,1,100620
INST_0620,AOMDV,150,20,10,2,5,512,300,20.0,0.037,270,540,Fixed_Per_Instance,1,100620
INST_0621,AODV,150,20,10,4,1,512,300,20.0,0.037,270,1080,Fixed_Per_Instance,1,100621
INST_0621,DSDV,150,20,10,4,1,512,300,20.0,0.037,270,1080,Fixed_Per_Instance,1,100621
INST_0621,AOMDV,150,20,10,4,1,512,300,20.0,0.037,270,1080,Fixed_Per_Instance,1,100621
INST_0622,AODV,150,20,10,4,2,512,300,20.0,0.037,270,1080,Fixed_Per_Instance,1,100622
INST_0622,DSDV,150,20,10,4,2,512,300,20.0,0.037,270,1080,Fixed_Per_Instance,1,100622
INST_0622,AOMDV,150,20,10,4,2,512,300,20.0,0.037,270,1080,Fixed_Per_Instance,1,100622
INST_0623,AODV,150,20,10,4,3,512,300,20.0,0.037,270,1080,Fixed_Per_Instance,1,100623
INST_0623,DSDV,150,20,10,4,3,512,300,20.0,0.037,270,1080,Fixed_Per_Instance,1,100623
INST_0623,AOMDV,150,20,10,4,3,512,300,20.0,0.037,270,1080,Fixed_Per_Instance,1,100623
INST_0624,AODV,150,20,10,4,4,512,300,20.0,0.037,270,1080,Fixed_Per_Instance,1,100624
INST_0624,DSDV,150,20,10,4,4,512,300,20.0,0.037,270,1080,Fixed_Per_Instance,1,100624
INST_0624,AOMDV,150,20,10,4,4,512,300,20.0,0.037,270,1080,Fixed_Per_Instance,1,100624
INST_0625,AODV,150,20,10,4,5,512,300,20.0,0.037,270,1080,Fixed_Per_Instance,1,100625
INST_0625,DSDV,150,20,10,4,5,512,300,20.0,0.037,270,1080,Fixed_Per_Instance,1,100625
INST_0625,AOMDV,150,20,10,4,5,512,300,20.0,0.037,270,1080,Fixed_Per_Instance,1,100625
INST_0626,AODV,150,20,10,8,1,512,300,20.0,0.037,270,2160,Fixed_Per_Instance,1,100626
INST_0626,DSDV,150,20,10,8,1,512,300,20.0,0.037,270,2160,Fixed_Per_Instance,1,100626
INST_0626,AOMDV,150,20,10,8,1,512,300,20.0,0.037,270,2160,Fixed_Per_Instance,1,100626
INST_0627,AODV,150,20,10,8,2,512,300,20.0,0.037,270,2160,Fixed_Per_Instance,1,100627
INST_0627,DSDV,150,20,10,8,2,512,300,20.0,0.037,270,2160,Fixed_Per_Instance,1,100627
INST_0627,AOMDV,150,20,10,8,2,512,300,20.0,0.037,270,2160,Fixed_Per_Instance,1,100627
INST_0628,AODV,150,20,10,8,3,512,300,20.0,0.037,270,2160,Fixed_Per_Instance,1,100628
INST_0628,DSDV,150,20,10,8,3,512,300,20.0,0.037,270,2160,Fixed_Per_Instance,1,100628
INST_0628,AOMDV,150,20,10,8,3,512,300,20.0,0.037,270,2160,Fixed_Per_Instance,1,100628
INST_0629,AODV,150,20,10,8,4,512,300,20.0,0.037,270,2160,Fixed_Per_Instance,1,100629
INST_0629,DSDV,150,20,10,8,4,512,300,20.0,0.037,270,2160,Fixed_Per_Instance,1,100629
INST_0629,AOMDV,150,20,10,8,4,512,300,20.0,0.037,270,2160,Fixed_Per_Instance,1,100629
INST_0630,AODV,150,20,10,8,5,512,300,20.0,0.037,270,2160,Fixed_Per_Instance,1,100630
INST_0630,DSDV,150,20,10,8,5,512,300,20.0,0.037,270,2160,Fixed_Per_Instance,1,100630
INST_0630,AOMDV,150,20,10,8,5,512,300,20.0,0.037,270,2160,Fixed_Per_Instance,1,100630
INST_0631,AODV,150,20,15,2,1,512,300,20.0,0.037,270,540,Fixed_Per_Instance,1,100631
INST_0631,DSDV,150,20,15,2,1,512,300,20.0,0.037,270,540,Fixed_Per_Instance,1,100631
INST_0631,AOMDV,150,20,15,2,1,512,300,20.0,0.037,270,540,Fixed_Per_Instance,1,100631
INST_0632,AODV,150,20,15,2,2,512,300,20.0,0.037,270,540,Fixed_Per_Instance,1,100632
INST_0632,DSDV,150,20,15,2,2,512,300,20.0,0.037,270,540,Fixed_Per_Instance,1,100632
INST_0632,AOMDV,150,20,15,2,2,512,300,20.0,0.037,270,540,Fixed_Per_Instance,1,100632
INST_0633,AODV,150,20,15,2,3,512,300,20.0,0.037,270,540,Fixed_Per_Instance,1,100633
INST_0633,DSDV,150,20,15,2,3,512,300,20.0,0.037,270,540,Fixed_Per_Instance,1,100633
INST_0633,AOMDV,150,20,15,2,3,512,300,20.0,0.037,270,540,Fixed_Per_Instance,1,100633
INST_0634,AODV,150,20,15,2,4,512,300,20.0,0.037,270,540,Fixed_Per_Instance,1,100634
INST_0634,DSDV,150,20,15,2,4,512,300,20.0,0.037,270,540,Fixed_Per_Instance,1,100634
INST_0634,AOMDV,150,20,15,2,4,512,300,20.0,0.037,270,540,Fixed_Per_Instance,1,100634
INST_0635,AODV,150,20,15,2,5,512,300,20.0,0.037,270,540,Fixed_Per_Instance,1,100635
INST_0635,DSDV,150,20,15,2,5,512,300,20.0,0.037,270,540,Fixed_Per_Instance,1,100635
INST_0635,AOMDV,150,20,15,2,5,512,300,20.0,0.037,270,540,Fixed_Per_Instance,1,100635
INST_0636,AODV,150,20,15,4,1,512,300,20.0,0.037,270,1080,Fixed_Per_Instance,1,100636
INST_0636,DSDV,150,20,15,4,1,512,300,20.0,0.037,270,1080,Fixed_Per_Instance,1,100636
INST_0636,AOMDV,150,20,15,4,1,512,300,20.0,0.037,270,1080,Fixed_Per_Instance,1,100636
INST_0637,AODV,150,20,15,4,2,512,300,20.0,0.037,270,1080,Fixed_Per_Instance,1,100637
INST_0637,DSDV,150,20,15,4,2,512,300,20.0,0.037,270,1080,Fixed_Per_Instance,1,100637
INST_0637,AOMDV,150,20,15,4,2,512,300,20.0,0.037,270,1080,Fixed_Per_Instance,1,100637
INST_0638,AODV,150,20,15,4,3,512,300,20.0,0.037,270,1080,Fixed_Per_Instance,1,100638
INST_0638,DSDV,150,20,15,4,3,512,300,20.0,0.037,270,1080,Fixed_Per_Instance,1,100638
INST_0638,AOMDV,150,20,15,4,3,512,300,20.0,0.037,270,1080,Fixed_Per_Instance,1,100638
INST_0639,AODV,150,20,15,4,4,512,300,20.0,0.037,270,1080,Fixed_Per_Instance,1,100639
INST_0639,DSDV,150,20,15,4,4,512,300,20.0,0.037,270,1080,Fixed_Per_Instance,1,100639
INST_0639,AOMDV,150,20,15,4,4,512,300,20.0,0.037,270,1080,Fixed_Per_Instance,1,100639
INST_0640,AODV,150,20,15,4,5,512,300,20.0,0.037,270,1080,Fixed_Per_Instance,1,100640
INST_0640,DSDV,150,20,15,4,5,512,300,20.0,0.037,270,1080,Fixed_Per_Instance,1,100640
INST_0640,AOMDV,150,20,15,4,5,512,300,20.0,0.037,270,1080,Fixed_Per_Instance,1,100640
INST_0641,AODV,150,20,15,8,1,512,300,20.0,0.037,270,2160,Fixed_Per_Instance,1,100641
INST_0641,DSDV,150,20,15,8,1,512,300,20.0,0.037,270,2160,Fixed_Per_Instance,1,100641
INST_0641,AOMDV,150,20,15,8,1,512,300,20.0,0.037,270,2160,Fixed_Per_Instance,1,100641
INST_0642,AODV,150,20,15,8,2,512,300,20.0,0.037,270,2160,Fixed_Per_Instance,1,100642
INST_0642,DSDV,150,20,15,8,2,512,300,20.0,0.037,270,2160,Fixed_Per_Instance,1,100642
INST_0642,AOMDV,150,20,15,8,2,512,300,20.0,0.037,270,2160,Fixed_Per_Instance,1,100642
INST_0643,AODV,150,20,15,8,3,512,300,20.0,0.037,270,2160,Fixed_Per_Instance,1,100643
INST_0643,DSDV,150,20,15,8,3,512,300,20.0,0.037,270,2160,Fixed_Per_Instance,1,100643
INST_0643,AOMDV,150,20,15,8,3,512,300,20.0,0.037,270,2160,Fixed_Per_Instance,1,100643
INST_0644,AODV,150,20,15,8,4,512,300,20.0,0.037,270,2160,Fixed_Per_Instance,1,100644
INST_0644,DSDV,150,20,15,8,4,512,300,20.0,0.037,270,2160,Fixed_Per_Instance,1,100644
INST_0644,AOMDV,150,20,15,8,4,512,300,20.0,0.037,270,2160,Fixed_Per_Instance,1,100644
INST_0645,AODV,150,20,15,8,5,512,300,20.0,0.037,270,2160,Fixed_Per_Instance,1,100645
INST_0645,DSDV,150,20,15,8,5,512,300,20.0,0.037,270,2160,Fixed_Per_Instance,1,100645
INST_0645,AOMDV,150,20,15,8,5,512,300,20.0,0.037,270,2160,Fixed_Per_Instance,1,100645
INST_0646,AODV,150,20,20,2,1,512,300,20.0,0.037,270,540,Fixed_Per_Instance,1,100646
INST_0646,DSDV,150,20,20,2,1,512,300,20.0,0.037,270,540,Fixed_Per_Instance,1,100646
INST_0646,AOMDV,150,20,20,2,1,512,300,20.0,0.037,270,540,Fixed_Per_Instance,1,100646
INST_0647,AODV,150,20,20,2,2,512,300,20.0,0.037,270,540,Fixed_Per_Instance,1,100647
INST_0647,DSDV,150,20,20,2,2,512,300,20.0,0.037,270,540,Fixed_Per_Instance,1,100647
INST_0647,AOMDV,150,20,20,2,2,512,300,20.0,0.037,270,540,Fixed_Per_Instance,1,100647
INST_0648,AODV,150,20,20,2,3,512,300,20.0,0.037,270,540,Fixed_Per_Instance,1,100648
INST_0648,DSDV,150,20,20,2,3,512,300,20.0,0.037,270,540,Fixed_Per_Instance,1,100648
INST_0648,AOMDV,150,20,20,2,3,512,300,20.0,0.037,270,540,Fixed_Per_Instance,1,100648
INST_0649,AODV,150,20,20,2,4,512,300,20.0,0.037,270,540,Fixed_Per_Instance,1,100649
INST_0649,DSDV,150,20,20,2,4,512,300,20.0,0.037,270,540,Fixed_Per_Instance,1,100649
INST_0649,AOMDV,150,20,20,2,4,512,300,20.0,0.037,270,540,Fixed_Per_Instance,1,100649
INST_0650,AODV,150,20,20,2,5,512,300,20.0,0.037,270,540,Fixed_Per_Instance,1,100650
INST_0650,DSDV,150,20,20,2,5,512,300,20.0,0.037,270,540,Fixed_Per_Instance,1,100650
INST_0650,AOMDV,150,20,20,2,5,512,300,20.0,0.037,270,540,Fixed_Per_Instance,1,100650
INST_0651,AODV,150,20,20,4,1,512,300,20.0,0.037,270,1080,Fixed_Per_Instance,1,100651
INST_0651,DSDV,150,20,20,4,1,512,300,20.0,0.037,270,1080,Fixed_Per_Instance,1,100651
INST_0651,AOMDV,150,20,20,4,1,512,300,20.0,0.037,270,1080,Fixed_Per_Instance,1,100651
INST_0652,AODV,150,20,20,4,2,512,300,20.0,0.037,270,1080,Fixed_Per_Instance,1,100652
INST_0652,DSDV,150,20,20,4,2,512,300,20.0,0.037,270,1080,Fixed_Per_Instance,1,100652
INST_0652,AOMDV,150,20,20,4,2,512,300,20.0,0.037,270,1080,Fixed_Per_Instance,1,100652
INST_0653,AODV,150,20,20,4,3,512,300,20.0,0.037,270,1080,Fixed_Per_Instance,1,100653
INST_0653,DSDV,150,20,20,4,3,512,300,20.0,0.037,270,1080,Fixed_Per_Instance,1,100653
INST_0653,AOMDV,150,20,20,4,3,512,300,20.0,0.037,270,1080,Fixed_Per_Instance,1,100653
INST_0654,AODV,150,20,20,4,4,512,300,20.0,0.037,270,1080,Fixed_Per_Instance,1,100654
INST_0654,DSDV,150,20,20,4,4,512,300,20.0,0.037,270,1080,Fixed_Per_Instance,1,100654
INST_0654,AOMDV,150,20,20,4,4,512,300,20.0,0.037,270,1080,Fixed_Per_Instance,1,100654
INST_0655,AODV,150,20,20,4,5,512,300,20.0,0.037,270,1080,Fixed_Per_Instance,1,100655
INST_0655,DSDV,150,20,20,4,5,512,300,20.0,0.037,270,1080,Fixed_Per_Instance,1,100655
INST_0655,AOMDV,150,20,20,4,5,512,300,20.0,0.037,270,1080,Fixed_Per_Instance,1,100655
INST_0656,AODV,150,20,20,8,1,512,300,20.0,0.037,270,2160,Fixed_Per_Instance,1,100656
INST_0656,DSDV,150,20,20,8,1,512,300,20.0,0.037,270,2160,Fixed_Per_Instance,1,100656
INST_0656,AOMDV,150,20,20,8,1,512,300,20.0,0.037,270,2160,Fixed_Per_Instance,1,100656
INST_0657,AODV,150,20,20,8,2,512,300,20.0,0.037,270,2160,Fixed_Per_Instance,1,100657
INST_0657,DSDV,150,20,20,8,2,512,300,20.0,0.037,270,2160,Fixed_Per_Instance,1,100657
INST_0657,AOMDV,150,20,20,8,2,512,300,20.0,0.037,270,2160,Fixed_Per_Instance,1,100657
INST_0658,AODV,150,20,20,8,3,512,300,20.0,0.037,270,2160,Fixed_Per_Instance,1,100658
INST_0658,DSDV,150,20,20,8,3,512,300,20.0,0.037,270,2160,Fixed_Per_Instance,1,100658
INST_0658,AOMDV,150,20,20,8,3,512,300,20.0,0.037,270,2160,Fixed_Per_Instance,1,100658
INST_0659,AODV,150,20,20,8,4,512,300,20.0,0.037,270,2160,Fixed_Per_Instance,1,100659
INST_0659,DSDV,150,20,20,8,4,512,300,20.0,0.037,270,2160,Fixed_Per_Instance,1,100659
INST_0659,AOMDV,150,20,20,8,4,512,300,20.0,0.037,270,2160,Fixed_Per_Instance,1,100659
INST_0660,AODV,150,20,20,8,5,512,300,20.0,0.037,270,2160,Fixed_Per_Instance,1,100660
INST_0660,DSDV,150,20,20,8,5,512,300,20.0,0.037,270,2160,Fixed_Per_Instance,1,100660
INST_0660,AOMDV,150,20,20,8,5,512,300,20.0,0.037,270,2160,Fixed_Per_Instance,1,100660
INST_0661,AODV,150,20,25,2,1,512,300,20.0,0.037,270,540,Fixed_Per_Instance,1,100661
INST_0661,DSDV,150,20,25,2,1,512,300,20.0,0.037,270,540,Fixed_Per_Instance,1,100661
INST_0661,AOMDV,150,20,25,2,1,512,300,20.0,0.037,270,540,Fixed_Per_Instance,1,100661
INST_0662,AODV,150,20,25,2,2,512,300,20.0,0.037,270,540,Fixed_Per_Instance,1,100662
INST_0662,DSDV,150,20,25,2,2,512,300,20.0,0.037,270,540,Fixed_Per_Instance,1,100662
INST_0662,AOMDV,150,20,25,2,2,512,300,20.0,0.037,270,540,Fixed_Per_Instance,1,100662
INST_0663,AODV,150,20,25,2,3,512,300,20.0,0.037,270,540,Fixed_Per_Instance,1,100663
INST_0663,DSDV,150,20,25,2,3,512,300,20.0,0.037,270,540,Fixed_Per_Instance,1,100663
INST_0663,AOMDV,150,20,25,2,3,512,300,20.0,0.037,270,540,Fixed_Per_Instance,1,100663
INST_0664,AODV,150,20,25,2,4,512,300,20.0,0.037,270,540,Fixed_Per_Instance,1,100664
INST_0664,DSDV,150,20,25,2,4,512,300,20.0,0.037,270,540,Fixed_Per_Instance,1,100664
INST_0664,AOMDV,150,20,25,2,4,512,300,20.0,0.037,270,540,Fixed_Per_Instance,1,100664
INST_0665,AODV,150,20,25,2,5,512,300,20.0,0.037,270,540,Fixed_Per_Instance,1,100665
INST_0665,DSDV,150,20,25,2,5,512,300,20.0,0.037,270,540,Fixed_Per_Instance,1,100665
INST_0665,AOMDV,150,20,25,2,5,512,300,20.0,0.037,270,540,Fixed_Per_Instance,1,100665
INST_0666,AODV,150,20,25,4,1,512,300,20.0,0.037,270,1080,Fixed_Per_Instance,1,100666
INST_0666,DSDV,150,20,25,4,1,512,300,20.0,0.037,270,1080,Fixed_Per_Instance,1,100666
INST_0666,AOMDV,150,20,25,4,1,512,300,20.0,0.037,270,1080,Fixed_Per_Instance,1,100666
INST_0667,AODV,150,20,25,4,2,512,300,20.0,0.037,270,1080,Fixed_Per_Instance,1,100667
INST_0667,DSDV,150,20,25,4,2,512,300,20.0,0.037,270,1080,Fixed_Per_Instance,1,100667
INST_0667,AOMDV,150,20,25,4,2,512,300,20.0,0.037,270,1080,Fixed_Per_Instance,1,100667
INST_0668,AODV,150,20,25,4,3,512,300,20.0,0.037,270,1080,Fixed_Per_Instance,1,100668
INST_0668,DSDV,150,20,25,4,3,512,300,20.0,0.037,270,1080,Fixed_Per_Instance,1,100668
INST_0668,AOMDV,150,20,25,4,3,512,300,20.0,0.037,270,1080,Fixed_Per_Instance,1,100668
INST_0669,AODV,150,20,25,4,4,512,300,20.0,0.037,270,1080,Fixed_Per_Instance,1,100669
INST_0669,DSDV,150,20,25,4,4,512,300,20.0,0.037,270,1080,Fixed_Per_Instance,1,100669
INST_0669,AOMDV,150,20,25,4,4,512,300,20.0,0.037,270,1080,Fixed_Per_Instance,1,100669
INST_0670,AODV,150,20,25,4,5,512,300,20.0,0.037,270,1080,Fixed_Per_Instance,1,100670
INST_0670,DSDV,150,20,25,4,5,512,300,20.0,0.037,270,1080,Fixed_Per_Instance,1,100670
INST_0670,AOMDV,150,20,25,4,5,512,300,20.0,0.037,270,1080,Fixed_Per_Instance,1,100670
INST_0671,AODV,150,20,25,8,1,512,300,20.0,0.037,270,2160,Fixed_Per_Instance,1,100671
INST_0671,DSDV,150,20,25,8,1,512,300,20.0,0.037,270,2160,Fixed_Per_Instance,1,100671
INST_0671,AOMDV,150,20,25,8,1,512,300,20.0,0.037,270,2160,Fixed_Per_Instance,1,100671
INST_0672,AODV,150,20,25,8,2,512,300,20.0,0.037,270,2160,Fixed_Per_Instance,1,100672
INST_0672,DSDV,150,20,25,8,2,512,300,20.0,0.037,270,2160,Fixed_Per_Instance,1,100672
INST_0672,AOMDV,150,20,25,8,2,512,300,20.0,0.037,270,2160,Fixed_Per_Instance,1,100672
INST_0673,AODV,150,20,25,8,3,512,300,20.0,0.037,270,2160,Fixed_Per_Instance,1,100673
INST_0673,DSDV,150,20,25,8,3,512,300,20.0,0.037,270,2160,Fixed_Per_Instance,1,100673
INST_0673,AOMDV,150,20,25,8,3,512,300,20.0,0.037,270,2160,Fixed_Per_Instance,1,100673
INST_0674,AODV,150,20,25,8,4,512,300,20.0,0.037,270,2160,Fixed_Per_Instance,1,100674
INST_0674,DSDV,150,20,25,8,4,512,300,20.0,0.037,270,2160,Fixed_Per_Instance,1,100674
INST_0674,AOMDV,150,20,25,8,4,512,300,20.0,0.037,270,2160,Fixed_Per_Instance,1,100674
INST_0675,AODV,150,20,25,8,5,512,300,20.0,0.037,270,2160,Fixed_Per_Instance,1,100675
INST_0675,DSDV,150,20,25,8,5,512,300,20.0,0.037,270,2160,Fixed_Per_Instance,1,100675
INST_0675,AOMDV,150,20,25,8,5,512,300,20.0,0.037,270,2160,Fixed_Per_Instance,1,100675
INST_0676,AODV,150,30,5,2,1,512,300,20.0,0.037,270,540,Fixed_Per_Instance,1,100676
INST_0676,DSDV,150,30,5,2,1,512,300,20.0,0.037,270,540,Fixed_Per_Instance,1,100676
INST_0676,AOMDV,150,30,5,2,1,512,300,20.0,0.037,270,540,Fixed_Per_Instance,1,100676
INST_0677,AODV,150,30,5,2,2,512,300,20.0,0.037,270,540,Fixed_Per_Instance,1,100677
INST_0677,DSDV,150,30,5,2,2,512,300,20.0,0.037,270,540,Fixed_Per_Instance,1,100677
INST_0677,AOMDV,150,30,5,2,2,512,300,20.0,0.037,270,540,Fixed_Per_Instance,1,100677
INST_0678,AODV,150,30,5,2,3,512,300,20.0,0.037,270,540,Fixed_Per_Instance,1,100678
INST_0678,DSDV,150,30,5,2,3,512,300,20.0,0.037,270,540,Fixed_Per_Instance,1,100678
INST_0678,AOMDV,150,30,5,2,3,512,300,20.0,0.037,270,540,Fixed_Per_Instance,1,100678
INST_0679,AODV,150,30,5,2,4,512,300,20.0,0.037,270,540,Fixed_Per_Instance,1,100679
INST_0679,DSDV,150,30,5,2,4,512,300,20.0,0.037,270,540,Fixed_Per_Instance,1,100679
INST_0679,AOMDV,150,30,5,2,4,512,300,20.0,0.037,270,540,Fixed_Per_Instance,1,100679
INST_0680,AODV,150,30,5,2,5,512,300,20.0,0.037,270,540,Fixed_Per_Instance,1,100680
INST_0680,DSDV,150,30,5,2,5,512,300,20.0,0.037,270,540,Fixed_Per_Instance,1,100680
INST_0680,AOMDV,150,30,5,2,5,512,300,20.0,0.037,270,540,Fixed_Per_Instance,1,100680
INST_0681,AODV,150,30,5,4,1,512,300,20.0,0.037,270,1080,Fixed_Per_Instance,1,100681
INST_0681,DSDV,150,30,5,4,1,512,300,20.0,0.037,270,1080,Fixed_Per_Instance,1,100681
INST_0681,AOMDV,150,30,5,4,1,512,300,20.0,0.037,270,1080,Fixed_Per_Instance,1,100681
INST_0682,AODV,150,30,5,4,2,512,300,20.0,0.037,270,1080,Fixed_Per_Instance,1,100682
INST_0682,DSDV,150,30,5,4,2,512,300,20.0,0.037,270,1080,Fixed_Per_Instance,1,100682
INST_0682,AOMDV,150,30,5,4,2,512,300,20.0,0.037,270,1080,Fixed_Per_Instance,1,100682
INST_0683,AODV,150,30,5,4,3,512,300,20.0,0.037,270,1080,Fixed_Per_Instance,1,100683
INST_0683,DSDV,150,30,5,4,3,512,300,20.0,0.037,270,1080,Fixed_Per_Instance,1,100683
INST_0683,AOMDV,150,30,5,4,3,512,300,20.0,0.037,270,1080,Fixed_Per_Instance,1,100683
INST_0684,AODV,150,30,5,4,4,512,300,20.0,0.037,270,1080,Fixed_Per_Instance,1,100684
INST_0684,DSDV,150,30,5,4,4,512,300,20.0,0.037,270,1080,Fixed_Per_Instance,1,100684
INST_0684,AOMDV,150,30,5,4,4,512,300,20.0,0.037,270,1080,Fixed_Per_Instance,1,100684
INST_0685,AODV,150,30,5,4,5,512,300,20.0,0.037,270,1080,Fixed_Per_Instance,1,100685
INST_0685,DSDV,150,30,5,4,5,512,300,20.0,0.037,270,1080,Fixed_Per_Instance,1,100685
INST_0685,AOMDV,150,30,5,4,5,512,300,20.0,0.037,270,1080,Fixed_Per_Instance,1,100685
INST_0686,AODV,150,30,5,8,1,512,300,20.0,0.037,270,2160,Fixed_Per_Instance,1,100686
INST_0686,DSDV,150,30,5,8,1,512,300,20.0,0.037,270,2160,Fixed_Per_Instance,1,100686
INST_0686,AOMDV,150,30,5,8,1,512,300,20.0,0.037,270,2160,Fixed_Per_Instance,1,100686
INST_0687,AODV,150,30,5,8,2,512,300,20.0,0.037,270,2160,Fixed_Per_Instance,1,100687
INST_0687,DSDV,150,30,5,8,2,512,300,20.0,0.037,270,2160,Fixed_Per_Instance,1,100687
INST_0687,AOMDV,150,30,5,8,2,512,300,20.0,0.037,270,2160,Fixed_Per_Instance,1,100687
INST_0688,AODV,150,30,5,8,3,512,300,20.0,0.037,270,2160,Fixed_Per_Instance,1,100688
INST_0688,DSDV,150,30,5,8,3,512,300,20.0,0.037,270,2160,Fixed_Per_Instance,1,100688
INST_0688,AOMDV,150,30,5,8,3,512,300,20.0,0.037,270,2160,Fixed_Per_Instance,1,100688
INST_0689,AODV,150,30,5,8,4,512,300,20.0,0.037,270,2160,Fixed_Per_Instance,1,100689
INST_0689,DSDV,150,30,5,8,4,512,300,20.0,0.037,270,2160,Fixed_Per_Instance,1,100689
INST_0689,AOMDV,150,30,5,8,4,512,300,20.0,0.037,270,2160,Fixed_Per_Instance,1,100689
INST_0690,AODV,150,30,5,8,5,512,300,20.0,0.037,270,2160,Fixed_Per_Instance,1,100690
INST_0690,DSDV,150,30,5,8,5,512,300,20.0,0.037,270,2160,Fixed_Per_Instance,1,100690
INST_0690,AOMDV,150,30,5,8,5,512,300,20.0,0.037,270,2160,Fixed_Per_Instance,1,100690
INST_0691,AODV,150,30,10,2,1,512,300,20.0,0.037,270,540,Fixed_Per_Instance,1,100691
INST_0691,DSDV,150,30,10,2,1,512,300,20.0,0.037,270,540,Fixed_Per_Instance,1,100691
INST_0691,AOMDV,150,30,10,2,1,512,300,20.0,0.037,270,540,Fixed_Per_Instance,1,100691
INST_0692,AODV,150,30,10,2,2,512,300,20.0,0.037,270,540,Fixed_Per_Instance,1,100692
INST_0692,DSDV,150,30,10,2,2,512,300,20.0,0.037,270,540,Fixed_Per_Instance,1,100692
INST_0692,AOMDV,150,30,10,2,2,512,300,20.0,0.037,270,540,Fixed_Per_Instance,1,100692
INST_0693,AODV,150,30,10,2,3,512,300,20.0,0.037,270,540,Fixed_Per_Instance,1,100693
INST_0693,DSDV,150,30,10,2,3,512,300,20.0,0.037,270,540,Fixed_Per_Instance,1,100693
INST_0693,AOMDV,150,30,10,2,3,512,300,20.0,0.037,270,540,Fixed_Per_Instance,1,100693
INST_0694,AODV,150,30,10,2,4,512,300,20.0,0.037,270,540,Fixed_Per_Instance,1,100694
INST_0694,DSDV,150,30,10,2,4,512,300,20.0,0.037,270,540,Fixed_Per_Instance,1,100694
INST_0694,AOMDV,150,30,10,2,4,512,300,20.0,0.037,270,540,Fixed_Per_Instance,1,100694
INST_0695,AODV,150,30,10,2,5,512,300,20.0,0.037,270,540,Fixed_Per_Instance,1,100695
INST_0695,DSDV,150,30,10,2,5,512,300,20.0,0.037,270,540,Fixed_Per_Instance,1,100695
INST_0695,AOMDV,150,30,10,2,5,512,300,20.0,0.037,270,540,Fixed_Per_Instance,1,100695
INST_0696,AODV,150,30,10,4,1,512,300,20.0,0.037,270,1080,Fixed_Per_Instance,1,100696
INST_0696,DSDV,150,30,10,4,1,512,300,20.0,0.037,270,1080,Fixed_Per_Instance,1,100696
INST_0696,AOMDV,150,30,10,4,1,512,300,20.0,0.037,270,1080,Fixed_Per_Instance,1,100696
INST_0697,AODV,150,30,10,4,2,512,300,20.0,0.037,270,1080,Fixed_Per_Instance,1,100697
INST_0697,DSDV,150,30,10,4,2,512,300,20.0,0.037,270,1080,Fixed_Per_Instance,1,100697
INST_0697,AOMDV,150,30,10,4,2,512,300,20.0,0.037,270,1080,Fixed_Per_Instance,1,100697
INST_0698,AODV,150,30,10,4,3,512,300,20.0,0.037,270,1080,Fixed_Per_Instance,1,100698
INST_0698,DSDV,150,30,10,4,3,512,300,20.0,0.037,270,1080,Fixed_Per_Instance,1,100698
INST_0698,AOMDV,150,30,10,4,3,512,300,20.0,0.037,270,1080,Fixed_Per_Instance,1,100698
INST_0699,AODV,150,30,10,4,4,512,300,20.0,0.037,270,1080,Fixed_Per_Instance,1,100699
INST_0699,DSDV,150,30,10,4,4,512,300,20.0,0.037,270,1080,Fixed_Per_Instance,1,100699
INST_0699,AOMDV,150,30,10,4,4,512,300,20.0,0.037,270,1080,Fixed_Per_Instance,1,100699
INST_0700,AODV,150,30,10,4,5,512,300,20.0,0.037,270,1080,Fixed_Per_Instance,1,100700
INST_0700,DSDV,150,30,10,4,5,512,300,20.0,0.037,270,1080,Fixed_Per_Instance,1,100700
INST_0700,AOMDV,150,30,10,4,5,512,300,20.0,0.037,270,1080,Fixed_Per_Instance,1,100700
INST_0701,AODV,150,30,10,8,1,512,300,20.0,0.037,270,2160,Fixed_Per_Instance,1,100701
INST_0701,DSDV,150,30,10,8,1,512,300,20.0,0.037,270,2160,Fixed_Per_Instance,1,100701
INST_0701,AOMDV,150,30,10,8,1,512,300,20.0,0.037,270,2160,Fixed_Per_Instance,1,100701
INST_0702,AODV,150,30,10,8,2,512,300,20.0,0.037,270,2160,Fixed_Per_Instance,1,100702
INST_0702,DSDV,150,30,10,8,2,512,300,20.0,0.037,270,2160,Fixed_Per_Instance,1,100702
INST_0702,AOMDV,150,30,10,8,2,512,300,20.0,0.037,270,2160,Fixed_Per_Instance,1,100702
INST_0703,AODV,150,30,10,8,3,512,300,20.0,0.037,270,2160,Fixed_Per_Instance,1,100703
INST_0703,DSDV,150,30,10,8,3,512,300,20.0,0.037,270,2160,Fixed_Per_Instance,1,100703
INST_0703,AOMDV,150,30,10,8,3,512,300,20.0,0.037,270,2160,Fixed_Per_Instance,1,100703
INST_0704,AODV,150,30,10,8,4,512,300,20.0,0.037,270,2160,Fixed_Per_Instance,1,100704
INST_0704,DSDV,150,30,10,8,4,512,300,20.0,0.037,270,2160,Fixed_Per_Instance,1,100704
INST_0704,AOMDV,150,30,10,8,4,512,300,20.0,0.037,270,2160,Fixed_Per_Instance,1,100704
INST_0705,AODV,150,30,10,8,5,512,300,20.0,0.037,270,2160,Fixed_Per_Instance,1,100705
INST_0705,DSDV,150,30,10,8,5,512,300,20.0,0.037,270,2160,Fixed_Per_Instance,1,100705
INST_0705,AOMDV,150,30,10,8,5,512,300,20.0,0.037,270,2160,Fixed_Per_Instance,1,100705
INST_0706,AODV,150,30,15,2,1,512,300,20.0,0.037,270,540,Fixed_Per_Instance,1,100706
INST_0706,DSDV,150,30,15,2,1,512,300,20.0,0.037,270,540,Fixed_Per_Instance,1,100706
INST_0706,AOMDV,150,30,15,2,1,512,300,20.0,0.037,270,540,Fixed_Per_Instance,1,100706
INST_0707,AODV,150,30,15,2,2,512,300,20.0,0.037,270,540,Fixed_Per_Instance,1,100707
INST_0707,DSDV,150,30,15,2,2,512,300,20.0,0.037,270,540,Fixed_Per_Instance,1,100707
INST_0707,AOMDV,150,30,15,2,2,512,300,20.0,0.037,270,540,Fixed_Per_Instance,1,100707
INST_0708,AODV,150,30,15,2,3,512,300,20.0,0.037,270,540,Fixed_Per_Instance,1,100708
INST_0708,DSDV,150,30,15,2,3,512,300,20.0,0.037,270,540,Fixed_Per_Instance,1,100708
INST_0708,AOMDV,150,30,15,2,3,512,300,20.0,0.037,270,540,Fixed_Per_Instance,1,100708
INST_0709,AODV,150,30,15,2,4,512,300,20.0,0.037,270,540,Fixed_Per_Instance,1,100709
INST_0709,DSDV,150,30,15,2,4,512,300,20.0,0.037,270,540,Fixed_Per_Instance,1,100709
INST_0709,AOMDV,150,30,15,2,4,512,300,20.0,0.037,270,540,Fixed_Per_Instance,1,100709
INST_0710,AODV,150,30,15,2,5,512,300,20.0,0.037,270,540,Fixed_Per_Instance,1,100710
INST_0710,DSDV,150,30,15,2,5,512,300,20.0,0.037,270,540,Fixed_Per_Instance,1,100710
INST_0710,AOMDV,150,30,15,2,5,512,300,20.0,0.037,270,540,Fixed_Per_Instance,1,100710
INST_0711,AODV,150,30,15,4,1,512,300,20.0,0.037,270,1080,Fixed_Per_Instance,1,100711
INST_0711,DSDV,150,30,15,4,1,512,300,20.0,0.037,270,1080,Fixed_Per_Instance,1,100711
INST_0711,AOMDV,150,30,15,4,1,512,300,20.0,0.037,270,1080,Fixed_Per_Instance,1,100711
INST_0712,AODV,150,30,15,4,2,512,300,20.0,0.037,270,1080,Fixed_Per_Instance,1,100712
INST_0712,DSDV,150,30,15,4,2,512,300,20.0,0.037,270,1080,Fixed_Per_Instance,1,100712
INST_0712,AOMDV,150,30,15,4,2,512,300,20.0,0.037,270,1080,Fixed_Per_Instance,1,100712
INST_0713,AODV,150,30,15,4,3,512,300,20.0,0.037,270,1080,Fixed_Per_Instance,1,100713
INST_0713,DSDV,150,30,15,4,3,512,300,20.0,0.037,270,1080,Fixed_Per_Instance,1,100713
INST_0713,AOMDV,150,30,15,4,3,512,300,20.0,0.037,270,1080,Fixed_Per_Instance,1,100713
INST_0714,AODV,150,30,15,4,4,512,300,20.0,0.037,270,1080,Fixed_Per_Instance,1,100714
INST_0714,DSDV,150,30,15,4,4,512,300,20.0,0.037,270,1080,Fixed_Per_Instance,1,100714
INST_0714,AOMDV,150,30,15,4,4,512,300,20.0,0.037,270,1080,Fixed_Per_Instance,1,100714
INST_0715,AODV,150,30,15,4,5,512,300,20.0,0.037,270,1080,Fixed_Per_Instance,1,100715
INST_0715,DSDV,150,30,15,4,5,512,300,20.0,0.037,270,1080,Fixed_Per_Instance,1,100715
INST_0715,AOMDV,150,30,15,4,5,512,300,20.0,0.037,270,1080,Fixed_Per_Instance,1,100715
INST_0716,AODV,150,30,15,8,1,512,300,20.0,0.037,270,2160,Fixed_Per_Instance,1,100716
INST_0716,DSDV,150,30,15,8,1,512,300,20.0,0.037,270,2160,Fixed_Per_Instance,1,100716
INST_0716,AOMDV,150,30,15,8,1,512,300,20.0,0.037,270,2160,Fixed_Per_Instance,1,100716
INST_0717,AODV,150,30,15,8,2,512,300,20.0,0.037,270,2160,Fixed_Per_Instance,1,100717
INST_0717,DSDV,150,30,15,8,2,512,300,20.0,0.037,270,2160,Fixed_Per_Instance,1,100717
INST_0717,AOMDV,150,30,15,8,2,512,300,20.0,0.037,270,2160,Fixed_Per_Instance,1,100717
INST_0718,AODV,150,30,15,8,3,512,300,20.0,0.037,270,2160,Fixed_Per_Instance,1,100718
INST_0718,DSDV,150,30,15,8,3,512,300,20.0,0.037,270,2160,Fixed_Per_Instance,1,100718
INST_0718,AOMDV,150,30,15,8,3,512,300,20.0,0.037,270,2160,Fixed_Per_Instance,1,100718
INST_0719,AODV,150,30,15,8,4,512,300,20.0,0.037,270,2160,Fixed_Per_Instance,1,100719
INST_0719,DSDV,150,30,15,8,4,512,300,20.0,0.037,270,2160,Fixed_Per_Instance,1,100719
INST_0719,AOMDV,150,30,15,8,4,512,300,20.0,0.037,270,2160,Fixed_Per_Instance,1,100719
INST_0720,AODV,150,30,15,8,5,512,300,20.0,0.037,270,2160,Fixed_Per_Instance,1,100720
INST_0720,DSDV,150,30,15,8,5,512,300,20.0,0.037,270,2160,Fixed_Per_Instance,1,100720
INST_0720,AOMDV,150,30,15,8,5,512,300,20.0,0.037,270,2160,Fixed_Per_Instance,1,100720
INST_0721,AODV,150,30,20,2,1,512,300,20.0,0.037,270,540,Fixed_Per_Instance,1,100721
INST_0721,DSDV,150,30,20,2,1,512,300,20.0,0.037,270,540,Fixed_Per_Instance,1,100721
INST_0721,AOMDV,150,30,20,2,1,512,300,20.0,0.037,270,540,Fixed_Per_Instance,1,100721
INST_0722,AODV,150,30,20,2,2,512,300,20.0,0.037,270,540,Fixed_Per_Instance,1,100722
INST_0722,DSDV,150,30,20,2,2,512,300,20.0,0.037,270,540,Fixed_Per_Instance,1,100722
INST_0722,AOMDV,150,30,20,2,2,512,300,20.0,0.037,270,540,Fixed_Per_Instance,1,100722
INST_0723,AODV,150,30,20,2,3,512,300,20.0,0.037,270,540,Fixed_Per_Instance,1,100723
INST_0723,DSDV,150,30,20,2,3,512,300,20.0,0.037,270,540,Fixed_Per_Instance,1,100723
INST_0723,AOMDV,150,30,20,2,3,512,300,20.0,0.037,270,540,Fixed_Per_Instance,1,100723
INST_0724,AODV,150,30,20,2,4,512,300,20.0,0.037,270,540,Fixed_Per_Instance,1,100724
INST_0724,DSDV,150,30,20,2,4,512,300,20.0,0.037,270,540,Fixed_Per_Instance,1,100724
INST_0724,AOMDV,150,30,20,2,4,512,300,20.0,0.037,270,540,Fixed_Per_Instance,1,100724
INST_0725,AODV,150,30,20,2,5,512,300,20.0,0.037,270,540,Fixed_Per_Instance,1,100725
INST_0725,DSDV,150,30,20,2,5,512,300,20.0,0.037,270,540,Fixed_Per_Instance,1,100725
INST_0725,AOMDV,150,30,20,2,5,512,300,20.0,0.037,270,540,Fixed_Per_Instance,1,100725
INST_0726,AODV,150,30,20,4,1,512,300,20.0,0.037,270,1080,Fixed_Per_Instance,1,100726
INST_0726,DSDV,150,30,20,4,1,512,300,20.0,0.037,270,1080,Fixed_Per_Instance,1,100726
INST_0726,AOMDV,150,30,20,4,1,512,300,20.0,0.037,270,1080,Fixed_Per_Instance,1,100726
INST_0727,AODV,150,30,20,4,2,512,300,20.0,0.037,270,1080,Fixed_Per_Instance,1,100727
INST_0727,DSDV,150,30,20,4,2,512,300,20.0,0.037,270,1080,Fixed_Per_Instance,1,100727
INST_0727,AOMDV,150,30,20,4,2,512,300,20.0,0.037,270,1080,Fixed_Per_Instance,1,100727
INST_0728,AODV,150,30,20,4,3,512,300,20.0,0.037,270,1080,Fixed_Per_Instance,1,100728
INST_0728,DSDV,150,30,20,4,3,512,300,20.0,0.037,270,1080,Fixed_Per_Instance,1,100728
INST_0728,AOMDV,150,30,20,4,3,512,300,20.0,0.037,270,1080,Fixed_Per_Instance,1,100728
INST_0729,AODV,150,30,20,4,4,512,300,20.0,0.037,270,1080,Fixed_Per_Instance,1,100729
INST_0729,DSDV,150,30,20,4,4,512,300,20.0,0.037,270,1080,Fixed_Per_Instance,1,100729
INST_0729,AOMDV,150,30,20,4,4,512,300,20.0,0.037,270,1080,Fixed_Per_Instance,1,100729
INST_0730,AODV,150,30,20,4,5,512,300,20.0,0.037,270,1080,Fixed_Per_Instance,1,100730
INST_0730,DSDV,150,30,20,4,5,512,300,20.0,0.037,270,1080,Fixed_Per_Instance,1,100730
INST_0730,AOMDV,150,30,20,4,5,512,300,20.0,0.037,270,1080,Fixed_Per_Instance,1,100730
INST_0731,AODV,150,30,20,8,1,512,300,20.0,0.037,270,2160,Fixed_Per_Instance,1,100731
INST_0731,DSDV,150,30,20,8,1,512,300,20.0,0.037,270,2160,Fixed_Per_Instance,1,100731
INST_0731,AOMDV,150,30,20,8,1,512,300,20.0,0.037,270,2160,Fixed_Per_Instance,1,100731
INST_0732,AODV,150,30,20,8,2,512,300,20.0,0.037,270,2160,Fixed_Per_Instance,1,100732
INST_0732,DSDV,150,30,20,8,2,512,300,20.0,0.037,270,2160,Fixed_Per_Instance,1,100732
INST_0732,AOMDV,150,30,20,8,2,512,300,20.0,0.037,270,2160,Fixed_Per_Instance,1,100732
INST_0733,AODV,150,30,20,8,3,512,300,20.0,0.037,270,2160,Fixed_Per_Instance,1,100733
INST_0733,DSDV,150,30,20,8,3,512,300,20.0,0.037,270,2160,Fixed_Per_Instance,1,100733
INST_0733,AOMDV,150,30,20,8,3,512,300,20.0,0.037,270,2160,Fixed_Per_Instance,1,100733
INST_0734,AODV,150,30,20,8,4,512,300,20.0,0.037,270,2160,Fixed_Per_Instance,1,100734
INST_0734,DSDV,150,30,20,8,4,512,300,20.0,0.037,270,2160,Fixed_Per_Instance,1,100734
INST_0734,AOMDV,150,30,20,8,4,512,300,20.0,0.037,270,2160,Fixed_Per_Instance,1,100734
INST_0735,AODV,150,30,20,8,5,512,300,20.0,0.037,270,2160,Fixed_Per_Instance,1,100735
INST_0735,DSDV,150,30,20,8,5,512,300,20.0,0.037,270,2160,Fixed_Per_Instance,1,100735
INST_0735,AOMDV,150,30,20,8,5,512,300,20.0,0.037,270,2160,Fixed_Per_Instance,1,100735
INST_0736,AODV,150,30,25,2,1,512,300,20.0,0.037,270,540,Fixed_Per_Instance,1,100736
INST_0736,DSDV,150,30,25,2,1,512,300,20.0,0.037,270,540,Fixed_Per_Instance,1,100736
INST_0736,AOMDV,150,30,25,2,1,512,300,20.0,0.037,270,540,Fixed_Per_Instance,1,100736
INST_0737,AODV,150,30,25,2,2,512,300,20.0,0.037,270,540,Fixed_Per_Instance,1,100737
INST_0737,DSDV,150,30,25,2,2,512,300,20.0,0.037,270,540,Fixed_Per_Instance,1,100737
INST_0737,AOMDV,150,30,25,2,2,512,300,20.0,0.037,270,540,Fixed_Per_Instance,1,100737
INST_0738,AODV,150,30,25,2,3,512,300,20.0,0.037,270,540,Fixed_Per_Instance,1,100738
INST_0738,DSDV,150,30,25,2,3,512,300,20.0,0.037,270,540,Fixed_Per_Instance,1,100738
INST_0738,AOMDV,150,30,25,2,3,512,300,20.0,0.037,270,540,Fixed_Per_Instance,1,100738
INST_0739,AODV,150,30,25,2,4,512,300,20.0,0.037,270,540,Fixed_Per_Instance,1,100739
INST_0739,DSDV,150,30,25,2,4,512,300,20.0,0.037,270,540,Fixed_Per_Instance,1,100739
INST_0739,AOMDV,150,30,25,2,4,512,300,20.0,0.037,270,540,Fixed_Per_Instance,1,100739
INST_0740,AODV,150,30,25,2,5,512,300,20.0,0.037,270,540,Fixed_Per_Instance,1,100740
INST_0740,DSDV,150,30,25,2,5,512,300,20.0,0.037,270,540,Fixed_Per_Instance,1,100740
INST_0740,AOMDV,150,30,25,2,5,512,300,20.0,0.037,270,540,Fixed_Per_Instance,1,100740
INST_0741,AODV,150,30,25,4,1,512,300,20.0,0.037,270,1080,Fixed_Per_Instance,1,100741
INST_0741,DSDV,150,30,25,4,1,512,300,20.0,0.037,270,1080,Fixed_Per_Instance,1,100741
INST_0741,AOMDV,150,30,25,4,1,512,300,20.0,0.037,270,1080,Fixed_Per_Instance,1,100741
INST_0742,AODV,150,30,25,4,2,512,300,20.0,0.037,270,1080,Fixed_Per_Instance,1,100742
INST_0742,DSDV,150,30,25,4,2,512,300,20.0,0.037,270,1080,Fixed_Per_Instance,1,100742
INST_0742,AOMDV,150,30,25,4,2,512,300,20.0,0.037,270,1080,Fixed_Per_Instance,1,100742
INST_0743,AODV,150,30,25,4,3,512,300,20.0,0.037,270,1080,Fixed_Per_Instance,1,100743
INST_0743,DSDV,150,30,25,4,3,512,300,20.0,0.037,270,1080,Fixed_Per_Instance,1,100743
INST_0743,AOMDV,150,30,25,4,3,512,300,20.0,0.037,270,1080,Fixed_Per_Instance,1,100743
INST_0744,AODV,150,30,25,4,4,512,300,20.0,0.037,270,1080,Fixed_Per_Instance,1,100744
INST_0744,DSDV,150,30,25,4,4,512,300,20.0,0.037,270,1080,Fixed_Per_Instance,1,100744
INST_0744,AOMDV,150,30,25,4,4,512,300,20.0,0.037,270,1080,Fixed_Per_Instance,1,100744
INST_0745,AODV,150,30,25,4,5,512,300,20.0,0.037,270,1080,Fixed_Per_Instance,1,100745
INST_0745,DSDV,150,30,25,4,5,512,300,20.0,0.037,270,1080,Fixed_Per_Instance,1,100745
INST_0745,AOMDV,150,30,25,4,5,512,300,20.0,0.037,270,1080,Fixed_Per_Instance,1,100745
INST_0746,AODV,150,30,25,8,1,512,300,20.0,0.037,270,2160,Fixed_Per_Instance,1,100746
INST_0746,DSDV,150,30,25,8,1,512,300,20.0,0.037,270,2160,Fixed_Per_Instance,1,100746
INST_0746,AOMDV,150,30,25,8,1,512,300,20.0,0.037,270,2160,Fixed_Per_Instance,1,100746
INST_0747,AODV,150,30,25,8,2,512,300,20.0,0.037,270,2160,Fixed_Per_Instance,1,100747
INST_0747,DSDV,150,30,25,8,2,512,300,20.0,0.037,270,2160,Fixed_Per_Instance,1,100747
INST_0747,AOMDV,150,30,25,8,2,512,300,20.0,0.037,270,2160,Fixed_Per_Instance,1,100747
INST_0748,AODV,150,30,25,8,3,512,300,20.0,0.037,270,2160,Fixed_Per_Instance,1,100748
INST_0748,DSDV,150,30,25,8,3,512,300,20.0,0.037,270,2160,Fixed_Per_Instance,1,100748
INST_0748,AOMDV,150,30,25,8,3,512,300,20.0,0.037,270,2160,Fixed_Per_Instance,1,100748
INST_0749,AODV,150,30,25,8,4,512,300,20.0,0.037,270,2160,Fixed_Per_Instance,1,100749
INST_0749,DSDV,150,30,25,8,4,512,300,20.0,0.037,270,2160,Fixed_Per_Instance,1,100749
INST_0749,AOMDV,150,30,25,8,4,512,300,20.0,0.037,270,2160,Fixed_Per_Instance,1,100749
INST_0750,AODV,150,30,25,8,5,512,300,20.0,0.037,270,2160,Fixed_Per_Instance,1,100750
INST_0750,DSDV,150,30,25,8,5,512,300,20.0,0.037,270,2160,Fixed_Per_Instance,1,100750
INST_0750,AOMDV,150,30,25,8,5,512,300,20.0,0.037,270,2160,Fixed_Per_Instance,1,100750
INST_0751,AODV,150,40,5,2,1,512,300,20.0,0.037,270,540,Fixed_Per_Instance,1,100751
INST_0751,DSDV,150,40,5,2,1,512,300,20.0,0.037,270,540,Fixed_Per_Instance,1,100751
INST_0751,AOMDV,150,40,5,2,1,512,300,20.0,0.037,270,540,Fixed_Per_Instance,1,100751
INST_0752,AODV,150,40,5,2,2,512,300,20.0,0.037,270,540,Fixed_Per_Instance,1,100752
INST_0752,DSDV,150,40,5,2,2,512,300,20.0,0.037,270,540,Fixed_Per_Instance,1,100752
INST_0752,AOMDV,150,40,5,2,2,512,300,20.0,0.037,270,540,Fixed_Per_Instance,1,100752
INST_0753,AODV,150,40,5,2,3,512,300,20.0,0.037,270,540,Fixed_Per_Instance,1,100753
INST_0753,DSDV,150,40,5,2,3,512,300,20.0,0.037,270,540,Fixed_Per_Instance,1,100753
INST_0753,AOMDV,150,40,5,2,3,512,300,20.0,0.037,270,540,Fixed_Per_Instance,1,100753
INST_0754,AODV,150,40,5,2,4,512,300,20.0,0.037,270,540,Fixed_Per_Instance,1,100754
INST_0754,DSDV,150,40,5,2,4,512,300,20.0,0.037,270,540,Fixed_Per_Instance,1,100754
INST_0754,AOMDV,150,40,5,2,4,512,300,20.0,0.037,270,540,Fixed_Per_Instance,1,100754
INST_0755,AODV,150,40,5,2,5,512,300,20.0,0.037,270,540,Fixed_Per_Instance,1,100755
INST_0755,DSDV,150,40,5,2,5,512,300,20.0,0.037,270,540,Fixed_Per_Instance,1,100755
INST_0755,AOMDV,150,40,5,2,5,512,300,20.0,0.037,270,540,Fixed_Per_Instance,1,100755
INST_0756,AODV,150,40,5,4,1,512,300,20.0,0.037,270,1080,Fixed_Per_Instance,1,100756
INST_0756,DSDV,150,40,5,4,1,512,300,20.0,0.037,270,1080,Fixed_Per_Instance,1,100756
INST_0756,AOMDV,150,40,5,4,1,512,300,20.0,0.037,270,1080,Fixed_Per_Instance,1,100756
INST_0757,AODV,150,40,5,4,2,512,300,20.0,0.037,270,1080,Fixed_Per_Instance,1,100757
INST_0757,DSDV,150,40,5,4,2,512,300,20.0,0.037,270,1080,Fixed_Per_Instance,1,100757
INST_0757,AOMDV,150,40,5,4,2,512,300,20.0,0.037,270,1080,Fixed_Per_Instance,1,100757
INST_0758,AODV,150,40,5,4,3,512,300,20.0,0.037,270,1080,Fixed_Per_Instance,1,100758
INST_0758,DSDV,150,40,5,4,3,512,300,20.0,0.037,270,1080,Fixed_Per_Instance,1,100758
INST_0758,AOMDV,150,40,5,4,3,512,300,20.0,0.037,270,1080,Fixed_Per_Instance,1,100758
INST_0759,AODV,150,40,5,4,4,512,300,20.0,0.037,270,1080,Fixed_Per_Instance,1,100759
INST_0759,DSDV,150,40,5,4,4,512,300,20.0,0.037,270,1080,Fixed_Per_Instance,1,100759
INST_0759,AOMDV,150,40,5,4,4,512,300,20.0,0.037,270,1080,Fixed_Per_Instance,1,100759
INST_0760,AODV,150,40,5,4,5,512,300,20.0,0.037,270,1080,Fixed_Per_Instance,1,100760
INST_0760,DSDV,150,40,5,4,5,512,300,20.0,0.037,270,1080,Fixed_Per_Instance,1,100760
INST_0760,AOMDV,150,40,5,4,5,512,300,20.0,0.037,270,1080,Fixed_Per_Instance,1,100760
INST_0761,AODV,150,40,5,8,1,512,300,20.0,0.037,270,2160,Fixed_Per_Instance,1,100761
INST_0761,DSDV,150,40,5,8,1,512,300,20.0,0.037,270,2160,Fixed_Per_Instance,1,100761
INST_0761,AOMDV,150,40,5,8,1,512,300,20.0,0.037,270,2160,Fixed_Per_Instance,1,100761
INST_0762,AODV,150,40,5,8,2,512,300,20.0,0.037,270,2160,Fixed_Per_Instance,1,100762
INST_0762,DSDV,150,40,5,8,2,512,300,20.0,0.037,270,2160,Fixed_Per_Instance,1,100762
INST_0762,AOMDV,150,40,5,8,2,512,300,20.0,0.037,270,2160,Fixed_Per_Instance,1,100762
INST_0763,AODV,150,40,5,8,3,512,300,20.0,0.037,270,2160,Fixed_Per_Instance,1,100763
INST_0763,DSDV,150,40,5,8,3,512,300,20.0,0.037,270,2160,Fixed_Per_Instance,1,100763
INST_0763,AOMDV,150,40,5,8,3,512,300,20.0,0.037,270,2160,Fixed_Per_Instance,1,100763
INST_0764,AODV,150,40,5,8,4,512,300,20.0,0.037,270,2160,Fixed_Per_Instance,1,100764
INST_0764,DSDV,150,40,5,8,4,512,300,20.0,0.037,270,2160,Fixed_Per_Instance,1,100764
INST_0764,AOMDV,150,40,5,8,4,512,300,20.0,0.037,270,2160,Fixed_Per_Instance,1,100764
INST_0765,AODV,150,40,5,8,5,512,300,20.0,0.037,270,2160,Fixed_Per_Instance,1,100765
INST_0765,DSDV,150,40,5,8,5,512,300,20.0,0.037,270,2160,Fixed_Per_Instance,1,100765
INST_0765,AOMDV,150,40,5,8,5,512,300,20.0,0.037,270,2160,Fixed_Per_Instance,1,100765
INST_0766,AODV,150,40,10,2,1,512,300,20.0,0.037,270,540,Fixed_Per_Instance,1,100766
INST_0766,DSDV,150,40,10,2,1,512,300,20.0,0.037,270,540,Fixed_Per_Instance,1,100766
INST_0766,AOMDV,150,40,10,2,1,512,300,20.0,0.037,270,540,Fixed_Per_Instance,1,100766
INST_0767,AODV,150,40,10,2,2,512,300,20.0,0.037,270,540,Fixed_Per_Instance,1,100767
INST_0767,DSDV,150,40,10,2,2,512,300,20.0,0.037,270,540,Fixed_Per_Instance,1,100767
INST_0767,AOMDV,150,40,10,2,2,512,300,20.0,0.037,270,540,Fixed_Per_Instance,1,100767
INST_0768,AODV,150,40,10,2,3,512,300,20.0,0.037,270,540,Fixed_Per_Instance,1,100768
INST_0768,DSDV,150,40,10,2,3,512,300,20.0,0.037,270,540,Fixed_Per_Instance,1,100768
INST_0768,AOMDV,150,40,10,2,3,512,300,20.0,0.037,270,540,Fixed_Per_Instance,1,100768
INST_0769,AODV,150,40,10,2,4,512,300,20.0,0.037,270,540,Fixed_Per_Instance,1,100769
INST_0769,DSDV,150,40,10,2,4,512,300,20.0,0.037,270,540,Fixed_Per_Instance,1,100769
INST_0769,AOMDV,150,40,10,2,4,512,300,20.0,0.037,270,540,Fixed_Per_Instance,1,100769
INST_0770,AODV,150,40,10,2,5,512,300,20.0,0.037,270,540,Fixed_Per_Instance,1,100770
INST_0770,DSDV,150,40,10,2,5,512,300,20.0,0.037,270,540,Fixed_Per_Instance,1,100770
INST_0770,AOMDV,150,40,10,2,5,512,300,20.0,0.037,270,540,Fixed_Per_Instance,1,100770
INST_0771,AODV,150,40,10,4,1,512,300,20.0,0.037,270,1080,Fixed_Per_Instance,1,100771
INST_0771,DSDV,150,40,10,4,1,512,300,20.0,0.037,270,1080,Fixed_Per_Instance,1,100771
INST_0771,AOMDV,150,40,10,4,1,512,300,20.0,0.037,270,1080,Fixed_Per_Instance,1,100771
INST_0772,AODV,150,40,10,4,2,512,300,20.0,0.037,270,1080,Fixed_Per_Instance,1,100772
INST_0772,DSDV,150,40,10,4,2,512,300,20.0,0.037,270,1080,Fixed_Per_Instance,1,100772
INST_0772,AOMDV,150,40,10,4,2,512,300,20.0,0.037,270,1080,Fixed_Per_Instance,1,100772
INST_0773,AODV,150,40,10,4,3,512,300,20.0,0.037,270,1080,Fixed_Per_Instance,1,100773
INST_0773,DSDV,150,40,10,4,3,512,300,20.0,0.037,270,1080,Fixed_Per_Instance,1,100773
INST_0773,AOMDV,150,40,10,4,3,512,300,20.0,0.037,270,1080,Fixed_Per_Instance,1,100773
INST_0774,AODV,150,40,10,4,4,512,300,20.0,0.037,270,1080,Fixed_Per_Instance,1,100774
INST_0774,DSDV,150,40,10,4,4,512,300,20.0,0.037,270,1080,Fixed_Per_Instance,1,100774
INST_0774,AOMDV,150,40,10,4,4,512,300,20.0,0.037,270,1080,Fixed_Per_Instance,1,100774
INST_0775,AODV,150,40,10,4,5,512,300,20.0,0.037,270,1080,Fixed_Per_Instance,1,100775
INST_0775,DSDV,150,40,10,4,5,512,300,20.0,0.037,270,1080,Fixed_Per_Instance,1,100775
INST_0775,AOMDV,150,40,10,4,5,512,300,20.0,0.037,270,1080,Fixed_Per_Instance,1,100775
INST_0776,AODV,150,40,10,8,1,512,300,20.0,0.037,270,2160,Fixed_Per_Instance,1,100776
INST_0776,DSDV,150,40,10,8,1,512,300,20.0,0.037,270,2160,Fixed_Per_Instance,1,100776
INST_0776,AOMDV,150,40,10,8,1,512,300,20.0,0.037,270,2160,Fixed_Per_Instance,1,100776
INST_0777,AODV,150,40,10,8,2,512,300,20.0,0.037,270,2160,Fixed_Per_Instance,1,100777
INST_0777,DSDV,150,40,10,8,2,512,300,20.0,0.037,270,2160,Fixed_Per_Instance,1,100777
INST_0777,AOMDV,150,40,10,8,2,512,300,20.0,0.037,270,2160,Fixed_Per_Instance,1,100777
INST_0778,AODV,150,40,10,8,3,512,300,20.0,0.037,270,2160,Fixed_Per_Instance,1,100778
INST_0778,DSDV,150,40,10,8,3,512,300,20.0,0.037,270,2160,Fixed_Per_Instance,1,100778
INST_0778,AOMDV,150,40,10,8,3,512,300,20.0,0.037,270,2160,Fixed_Per_Instance,1,100778
INST_0779,AODV,150,40,10,8,4,512,300,20.0,0.037,270,2160,Fixed_Per_Instance,1,100779
INST_0779,DSDV,150,40,10,8,4,512,300,20.0,0.037,270,2160,Fixed_Per_Instance,1,100779
INST_0779,AOMDV,150,40,10,8,4,512,300,20.0,0.037,270,2160,Fixed_Per_Instance,1,100779
INST_0780,AODV,150,40,10,8,5,512,300,20.0,0.037,270,2160,Fixed_Per_Instance,1,100780
INST_0780,DSDV,150,40,10,8,5,512,300,20.0,0.037,270,2160,Fixed_Per_Instance,1,100780
INST_0780,AOMDV,150,40,10,8,5,512,300,20.0,0.037,270,2160,Fixed_Per_Instance,1,100780
INST_0781,AODV,150,40,15,2,1,512,300,20.0,0.037,270,540,Fixed_Per_Instance,1,100781
INST_0781,DSDV,150,40,15,2,1,512,300,20.0,0.037,270,540,Fixed_Per_Instance,1,100781
INST_0781,AOMDV,150,40,15,2,1,512,300,20.0,0.037,270,540,Fixed_Per_Instance,1,100781
INST_0782,AODV,150,40,15,2,2,512,300,20.0,0.037,270,540,Fixed_Per_Instance,1,100782
INST_0782,DSDV,150,40,15,2,2,512,300,20.0,0.037,270,540,Fixed_Per_Instance,1,100782
INST_0782,AOMDV,150,40,15,2,2,512,300,20.0,0.037,270,540,Fixed_Per_Instance,1,100782
INST_0783,AODV,150,40,15,2,3,512,300,20.0,0.037,270,540,Fixed_Per_Instance,1,100783
INST_0783,DSDV,150,40,15,2,3,512,300,20.0,0.037,270,540,Fixed_Per_Instance,1,100783
INST_0783,AOMDV,150,40,15,2,3,512,300,20.0,0.037,270,540,Fixed_Per_Instance,1,100783
INST_0784,AODV,150,40,15,2,4,512,300,20.0,0.037,270,540,Fixed_Per_Instance,1,100784
INST_0784,DSDV,150,40,15,2,4,512,300,20.0,0.037,270,540,Fixed_Per_Instance,1,100784
INST_0784,AOMDV,150,40,15,2,4,512,300,20.0,0.037,270,540,Fixed_Per_Instance,1,100784
INST_0785,AODV,150,40,15,2,5,512,300,20.0,0.037,270,540,Fixed_Per_Instance,1,100785
INST_0785,DSDV,150,40,15,2,5,512,300,20.0,0.037,270,540,Fixed_Per_Instance,1,100785
INST_0785,AOMDV,150,40,15,2,5,512,300,20.0,0.037,270,540,Fixed_Per_Instance,1,100785
INST_0786,AODV,150,40,15,4,1,512,300,20.0,0.037,270,1080,Fixed_Per_Instance,1,100786
INST_0786,DSDV,150,40,15,4,1,512,300,20.0,0.037,270,1080,Fixed_Per_Instance,1,100786
INST_0786,AOMDV,150,40,15,4,1,512,300,20.0,0.037,270,1080,Fixed_Per_Instance,1,100786
INST_0787,AODV,150,40,15,4,2,512,300,20.0,0.037,270,1080,Fixed_Per_Instance,1,100787
INST_0787,DSDV,150,40,15,4,2,512,300,20.0,0.037,270,1080,Fixed_Per_Instance,1,100787
INST_0787,AOMDV,150,40,15,4,2,512,300,20.0,0.037,270,1080,Fixed_Per_Instance,1,100787
INST_0788,AODV,150,40,15,4,3,512,300,20.0,0.037,270,1080,Fixed_Per_Instance,1,100788
INST_0788,DSDV,150,40,15,4,3,512,300,20.0,0.037,270,1080,Fixed_Per_Instance,1,100788
INST_0788,AOMDV,150,40,15,4,3,512,300,20.0,0.037,270,1080,Fixed_Per_Instance,1,100788
INST_0789,AODV,150,40,15,4,4,512,300,20.0,0.037,270,1080,Fixed_Per_Instance,1,100789
INST_0789,DSDV,150,40,15,4,4,512,300,20.0,0.037,270,1080,Fixed_Per_Instance,1,100789
INST_0789,AOMDV,150,40,15,4,4,512,300,20.0,0.037,270,1080,Fixed_Per_Instance,1,100789
INST_0790,AODV,150,40,15,4,5,512,300,20.0,0.037,270,1080,Fixed_Per_Instance,1,100790
INST_0790,DSDV,150,40,15,4,5,512,300,20.0,0.037,270,1080,Fixed_Per_Instance,1,100790
INST_0790,AOMDV,150,40,15,4,5,512,300,20.0,0.037,270,1080,Fixed_Per_Instance,1,100790
INST_0791,AODV,150,40,15,8,1,512,300,20.0,0.037,270,2160,Fixed_Per_Instance,1,100791
INST_0791,DSDV,150,40,15,8,1,512,300,20.0,0.037,270,2160,Fixed_Per_Instance,1,100791
INST_0791,AOMDV,150,40,15,8,1,512,300,20.0,0.037,270,2160,Fixed_Per_Instance,1,100791
INST_0792,AODV,150,40,15,8,2,512,300,20.0,0.037,270,2160,Fixed_Per_Instance,1,100792
INST_0792,DSDV,150,40,15,8,2,512,300,20.0,0.037,270,2160,Fixed_Per_Instance,1,100792
INST_0792,AOMDV,150,40,15,8,2,512,300,20.0,0.037,270,2160,Fixed_Per_Instance,1,100792
INST_0793,AODV,150,40,15,8,3,512,300,20.0,0.037,270,2160,Fixed_Per_Instance,1,100793
INST_0793,DSDV,150,40,15,8,3,512,300,20.0,0.037,270,2160,Fixed_Per_Instance,1,100793
INST_0793,AOMDV,150,40,15,8,3,512,300,20.0,0.037,270,2160,Fixed_Per_Instance,1,100793
INST_0794,AODV,150,40,15,8,4,512,300,20.0,0.037,270,2160,Fixed_Per_Instance,1,100794
INST_0794,DSDV,150,40,15,8,4,512,300,20.0,0.037,270,2160,Fixed_Per_Instance,1,100794
INST_0794,AOMDV,150,40,15,8,4,512,300,20.0,0.037,270,2160,Fixed_Per_Instance,1,100794
INST_0795,AODV,150,40,15,8,5,512,300,20.0,0.037,270,2160,Fixed_Per_Instance,1,100795
INST_0795,DSDV,150,40,15,8,5,512,300,20.0,0.037,270,2160,Fixed_Per_Instance,1,100795
INST_0795,AOMDV,150,40,15,8,5,512,300,20.0,0.037,270,2160,Fixed_Per_Instance,1,100795
INST_0796,AODV,150,40,20,2,1,512,300,20.0,0.037,270,540,Fixed_Per_Instance,1,100796
INST_0796,DSDV,150,40,20,2,1,512,300,20.0,0.037,270,540,Fixed_Per_Instance,1,100796
INST_0796,AOMDV,150,40,20,2,1,512,300,20.0,0.037,270,540,Fixed_Per_Instance,1,100796
INST_0797,AODV,150,40,20,2,2,512,300,20.0,0.037,270,540,Fixed_Per_Instance,1,100797
INST_0797,DSDV,150,40,20,2,2,512,300,20.0,0.037,270,540,Fixed_Per_Instance,1,100797
INST_0797,AOMDV,150,40,20,2,2,512,300,20.0,0.037,270,540,Fixed_Per_Instance,1,100797
INST_0798,AODV,150,40,20,2,3,512,300,20.0,0.037,270,540,Fixed_Per_Instance,1,100798
INST_0798,DSDV,150,40,20,2,3,512,300,20.0,0.037,270,540,Fixed_Per_Instance,1,100798
INST_0798,AOMDV,150,40,20,2,3,512,300,20.0,0.037,270,540,Fixed_Per_Instance,1,100798
INST_0799,AODV,150,40,20,2,4,512,300,20.0,0.037,270,540,Fixed_Per_Instance,1,100799
INST_0799,DSDV,150,40,20,2,4,512,300,20.0,0.037,270,540,Fixed_Per_Instance,1,100799
INST_0799,AOMDV,150,40,20,2,4,512,300,20.0,0.037,270,540,Fixed_Per_Instance,1,100799
INST_0800,AODV,150,40,20,2,5,512,300,20.0,0.037,270,540,Fixed_Per_Instance,1,100800
INST_0800,DSDV,150,40,20,2,5,512,300,20.0,0.037,270,540,Fixed_Per_Instance,1,100800
INST_0800,AOMDV,150,40,20,2,5,512,300,20.0,0.037,270,540,Fixed_Per_Instance,1,100800
INST_0801,AODV,150,40,20,4,1,512,300,20.0,0.037,270,1080,Fixed_Per_Instance,1,100801
INST_0801,DSDV,150,40,20,4,1,512,300,20.0,0.037,270,1080,Fixed_Per_Instance,1,100801
INST_0801,AOMDV,150,40,20,4,1,512,300,20.0,0.037,270,1080,Fixed_Per_Instance,1,100801
INST_0802,AODV,150,40,20,4,2,512,300,20.0,0.037,270,1080,Fixed_Per_Instance,1,100802
INST_0802,DSDV,150,40,20,4,2,512,300,20.0,0.037,270,1080,Fixed_Per_Instance,1,100802
INST_0802,AOMDV,150,40,20,4,2,512,300,20.0,0.037,270,1080,Fixed_Per_Instance,1,100802
INST_0803,AODV,150,40,20,4,3,512,300,20.0,0.037,270,1080,Fixed_Per_Instance,1,100803
INST_0803,DSDV,150,40,20,4,3,512,300,20.0,0.037,270,1080,Fixed_Per_Instance,1,100803
INST_0803,AOMDV,150,40,20,4,3,512,300,20.0,0.037,270,1080,Fixed_Per_Instance,1,100803
INST_0804,AODV,150,40,20,4,4,512,300,20.0,0.037,270,1080,Fixed_Per_Instance,1,100804
INST_0804,DSDV,150,40,20,4,4,512,300,20.0,0.037,270,1080,Fixed_Per_Instance,1,100804
INST_0804,AOMDV,150,40,20,4,4,512,300,20.0,0.037,270,1080,Fixed_Per_Instance,1,100804
INST_0805,AODV,150,40,20,4,5,512,300,20.0,0.037,270,1080,Fixed_Per_Instance,1,100805
INST_0805,DSDV,150,40,20,4,5,512,300,20.0,0.037,270,1080,Fixed_Per_Instance,1,100805
INST_0805,AOMDV,150,40,20,4,5,512,300,20.0,0.037,270,1080,Fixed_Per_Instance,1,100805
INST_0806,AODV,150,40,20,8,1,512,300,20.0,0.037,270,2160,Fixed_Per_Instance,1,100806
INST_0806,DSDV,150,40,20,8,1,512,300,20.0,0.037,270,2160,Fixed_Per_Instance,1,100806
INST_0806,AOMDV,150,40,20,8,1,512,300,20.0,0.037,270,2160,Fixed_Per_Instance,1,100806
INST_0807,AODV,150,40,20,8,2,512,300,20.0,0.037,270,2160,Fixed_Per_Instance,1,100807
INST_0807,DSDV,150,40,20,8,2,512,300,20.0,0.037,270,2160,Fixed_Per_Instance,1,100807
INST_0807,AOMDV,150,40,20,8,2,512,300,20.0,0.037,270,2160,Fixed_Per_Instance,1,100807
INST_0808,AODV,150,40,20,8,3,512,300,20.0,0.037,270,2160,Fixed_Per_Instance,1,100808
INST_0808,DSDV,150,40,20,8,3,512,300,20.0,0.037,270,2160,Fixed_Per_Instance,1,100808
INST_0808,AOMDV,150,40,20,8,3,512,300,20.0,0.037,270,2160,Fixed_Per_Instance,1,100808
INST_0809,AODV,150,40,20,8,4,512,300,20.0,0.037,270,2160,Fixed_Per_Instance,1,100809
INST_0809,DSDV,150,40,20,8,4,512,300,20.0,0.037,270,2160,Fixed_Per_Instance,1,100809
INST_0809,AOMDV,150,40,20,8,4,512,300,20.0,0.037,270,2160,Fixed_Per_Instance,1,100809
INST_0810,AODV,150,40,20,8,5,512,300,20.0,0.037,270,2160,Fixed_Per_Instance,1,100810
INST_0810,DSDV,150,40,20,8,5,512,300,20.0,0.037,270,2160,Fixed_Per_Instance,1,100810
INST_0810,AOMDV,150,40,20,8,5,512,300,20.0,0.037,270,2160,Fixed_Per_Instance,1,100810
INST_0811,AODV,150,40,25,2,1,512,300,20.0,0.037,270,540,Fixed_Per_Instance,1,100811
INST_0811,DSDV,150,40,25,2,1,512,300,20.0,0.037,270,540,Fixed_Per_Instance,1,100811
INST_0811,AOMDV,150,40,25,2,1,512,300,20.0,0.037,270,540,Fixed_Per_Instance,1,100811
INST_0812,AODV,150,40,25,2,2,512,300,20.0,0.037,270,540,Fixed_Per_Instance,1,100812
INST_0812,DSDV,150,40,25,2,2,512,300,20.0,0.037,270,540,Fixed_Per_Instance,1,100812
INST_0812,AOMDV,150,40,25,2,2,512,300,20.0,0.037,270,540,Fixed_Per_Instance,1,100812
INST_0813,AODV,150,40,25,2,3,512,300,20.0,0.037,270,540,Fixed_Per_Instance,1,100813
INST_0813,DSDV,150,40,25,2,3,512,300,20.0,0.037,270,540,Fixed_Per_Instance,1,100813
INST_0813,AOMDV,150,40,25,2,3,512,300,20.0,0.037,270,540,Fixed_Per_Instance,1,100813
INST_0814,AODV,150,40,25,2,4,512,300,20.0,0.037,270,540,Fixed_Per_Instance,1,100814
INST_0814,DSDV,150,40,25,2,4,512,300,20.0,0.037,270,540,Fixed_Per_Instance,1,100814
INST_0814,AOMDV,150,40,25,2,4,512,300,20.0,0.037,270,540,Fixed_Per_Instance,1,100814
INST_0815,AODV,150,40,25,2,5,512,300,20.0,0.037,270,540,Fixed_Per_Instance,1,100815
INST_0815,DSDV,150,40,25,2,5,512,300,20.0,0.037,270,540,Fixed_Per_Instance,1,100815
INST_0815,AOMDV,150,40,25,2,5,512,300,20.0,0.037,270,540,Fixed_Per_Instance,1,100815
INST_0816,AODV,150,40,25,4,1,512,300,20.0,0.037,270,1080,Fixed_Per_Instance,1,100816
INST_0816,DSDV,150,40,25,4,1,512,300,20.0,0.037,270,1080,Fixed_Per_Instance,1,100816
INST_0816,AOMDV,150,40,25,4,1,512,300,20.0,0.037,270,1080,Fixed_Per_Instance,1,100816
INST_0817,AODV,150,40,25,4,2,512,300,20.0,0.037,270,1080,Fixed_Per_Instance,1,100817
INST_0817,DSDV,150,40,25,4,2,512,300,20.0,0.037,270,1080,Fixed_Per_Instance,1,100817
INST_0817,AOMDV,150,40,25,4,2,512,300,20.0,0.037,270,1080,Fixed_Per_Instance,1,100817
INST_0818,AODV,150,40,25,4,3,512,300,20.0,0.037,270,1080,Fixed_Per_Instance,1,100818
INST_0818,DSDV,150,40,25,4,3,512,300,20.0,0.037,270,1080,Fixed_Per_Instance,1,100818
INST_0818,AOMDV,150,40,25,4,3,512,300,20.0,0.037,270,1080,Fixed_Per_Instance,1,100818
INST_0819,AODV,150,40,25,4,4,512,300,20.0,0.037,270,1080,Fixed_Per_Instance,1,100819
INST_0819,DSDV,150,40,25,4,4,512,300,20.0,0.037,270,1080,Fixed_Per_Instance,1,100819
INST_0819,AOMDV,150,40,25,4,4,512,300,20.0,0.037,270,1080,Fixed_Per_Instance,1,100819
INST_0820,AODV,150,40,25,4,5,512,300,20.0,0.037,270,1080,Fixed_Per_Instance,1,100820
INST_0820,DSDV,150,40,25,4,5,512,300,20.0,0.037,270,1080,Fixed_Per_Instance,1,100820
INST_0820,AOMDV,150,40,25,4,5,512,300,20.0,0.037,270,1080,Fixed_Per_Instance,1,100820
INST_0821,AODV,150,40,25,8,1,512,300,20.0,0.037,270,2160,Fixed_Per_Instance,1,100821
INST_0821,DSDV,150,40,25,8,1,512,300,20.0,0.037,270,2160,Fixed_Per_Instance,1,100821
INST_0821,AOMDV,150,40,25,8,1,512,300,20.0,0.037,270,2160,Fixed_Per_Instance,1,100821
INST_0822,AODV,150,40,25,8,2,512,300,20.0,0.037,270,2160,Fixed_Per_Instance,1,100822
INST_0822,DSDV,150,40,25,8,2,512,300,20.0,0.037,270,2160,Fixed_Per_Instance,1,100822
INST_0822,AOMDV,150,40,25,8,2,512,300,20.0,0.037,270,2160,Fixed_Per_Instance,1,100822
INST_0823,AODV,150,40,25,8,3,512,300,20.0,0.037,270,2160,Fixed_Per_Instance,1,100823
INST_0823,DSDV,150,40,25,8,3,512,300,20.0,0.037,270,2160,Fixed_Per_Instance,1,100823
INST_0823,AOMDV,150,40,25,8,3,512,300,20.0,0.037,270,2160,Fixed_Per_Instance,1,100823
INST_0824,AODV,150,40,25,8,4,512,300,20.0,0.037,270,2160,Fixed_Per_Instance,1,100824
INST_0824,DSDV,150,40,25,8,4,512,300,20.0,0.037,270,2160,Fixed_Per_Instance,1,100824
INST_0824,AOMDV,150,40,25,8,4,512,300,20.0,0.037,270,2160,Fixed_Per_Instance,1,100824
INST_0825,AODV,150,40,25,8,5,512,300,20.0,0.037,270,2160,Fixed_Per_Instance,1,100825
INST_0825,DSDV,150,40,25,8,5,512,300,20.0,0.037,270,2160,Fixed_Per_Instance,1,100825
INST_0825,AOMDV,150,40,25,8,5,512,300,20.0,0.037,270,2160,Fixed_Per_Instance,1,100825
INST_0826,AODV,150,50,5,2,1,512,300,20.0,0.037,270,540,Fixed_Per_Instance,1,100826
INST_0826,DSDV,150,50,5,2,1,512,300,20.0,0.037,270,540,Fixed_Per_Instance,1,100826
INST_0826,AOMDV,150,50,5,2,1,512,300,20.0,0.037,270,540,Fixed_Per_Instance,1,100826
INST_0827,AODV,150,50,5,2,2,512,300,20.0,0.037,270,540,Fixed_Per_Instance,1,100827
INST_0827,DSDV,150,50,5,2,2,512,300,20.0,0.037,270,540,Fixed_Per_Instance,1,100827
INST_0827,AOMDV,150,50,5,2,2,512,300,20.0,0.037,270,540,Fixed_Per_Instance,1,100827
INST_0828,AODV,150,50,5,2,3,512,300,20.0,0.037,270,540,Fixed_Per_Instance,1,100828
INST_0828,DSDV,150,50,5,2,3,512,300,20.0,0.037,270,540,Fixed_Per_Instance,1,100828
INST_0828,AOMDV,150,50,5,2,3,512,300,20.0,0.037,270,540,Fixed_Per_Instance,1,100828
INST_0829,AODV,150,50,5,2,4,512,300,20.0,0.037,270,540,Fixed_Per_Instance,1,100829
INST_0829,DSDV,150,50,5,2,4,512,300,20.0,0.037,270,540,Fixed_Per_Instance,1,100829
INST_0829,AOMDV,150,50,5,2,4,512,300,20.0,0.037,270,540,Fixed_Per_Instance,1,100829
INST_0830,AODV,150,50,5,2,5,512,300,20.0,0.037,270,540,Fixed_Per_Instance,1,100830
INST_0830,DSDV,150,50,5,2,5,512,300,20.0,0.037,270,540,Fixed_Per_Instance,1,100830
INST_0830,AOMDV,150,50,5,2,5,512,300,20.0,0.037,270,540,Fixed_Per_Instance,1,100830
INST_0831,AODV,150,50,5,4,1,512,300,20.0,0.037,270,1080,Fixed_Per_Instance,1,100831
INST_0831,DSDV,150,50,5,4,1,512,300,20.0,0.037,270,1080,Fixed_Per_Instance,1,100831
INST_0831,AOMDV,150,50,5,4,1,512,300,20.0,0.037,270,1080,Fixed_Per_Instance,1,100831
INST_0832,AODV,150,50,5,4,2,512,300,20.0,0.037,270,1080,Fixed_Per_Instance,1,100832
INST_0832,DSDV,150,50,5,4,2,512,300,20.0,0.037,270,1080,Fixed_Per_Instance,1,100832
INST_0832,AOMDV,150,50,5,4,2,512,300,20.0,0.037,270,1080,Fixed_Per_Instance,1,100832
INST_0833,AODV,150,50,5,4,3,512,300,20.0,0.037,270,1080,Fixed_Per_Instance,1,100833
INST_0833,DSDV,150,50,5,4,3,512,300,20.0,0.037,270,1080,Fixed_Per_Instance,1,100833
INST_0833,AOMDV,150,50,5,4,3,512,300,20.0,0.037,270,1080,Fixed_Per_Instance,1,100833
INST_0834,AODV,150,50,5,4,4,512,300,20.0,0.037,270,1080,Fixed_Per_Instance,1,100834
INST_0834,DSDV,150,50,5,4,4,512,300,20.0,0.037,270,1080,Fixed_Per_Instance,1,100834
INST_0834,AOMDV,150,50,5,4,4,512,300,20.0,0.037,270,1080,Fixed_Per_Instance,1,100834
INST_0835,AODV,150,50,5,4,5,512,300,20.0,0.037,270,1080,Fixed_Per_Instance,1,100835
INST_0835,DSDV,150,50,5,4,5,512,300,20.0,0.037,270,1080,Fixed_Per_Instance,1,100835
INST_0835,AOMDV,150,50,5,4,5,512,300,20.0,0.037,270,1080,Fixed_Per_Instance,1,100835
INST_0836,AODV,150,50,5,8,1,512,300,20.0,0.037,270,2160,Fixed_Per_Instance,1,100836
INST_0836,DSDV,150,50,5,8,1,512,300,20.0,0.037,270,2160,Fixed_Per_Instance,1,100836
INST_0836,AOMDV,150,50,5,8,1,512,300,20.0,0.037,270,2160,Fixed_Per_Instance,1,100836
INST_0837,AODV,150,50,5,8,2,512,300,20.0,0.037,270,2160,Fixed_Per_Instance,1,100837
INST_0837,DSDV,150,50,5,8,2,512,300,20.0,0.037,270,2160,Fixed_Per_Instance,1,100837
INST_0837,AOMDV,150,50,5,8,2,512,300,20.0,0.037,270,2160,Fixed_Per_Instance,1,100837
INST_0838,AODV,150,50,5,8,3,512,300,20.0,0.037,270,2160,Fixed_Per_Instance,1,100838
INST_0838,DSDV,150,50,5,8,3,512,300,20.0,0.037,270,2160,Fixed_Per_Instance,1,100838
INST_0838,AOMDV,150,50,5,8,3,512,300,20.0,0.037,270,2160,Fixed_Per_Instance,1,100838
INST_0839,AODV,150,50,5,8,4,512,300,20.0,0.037,270,2160,Fixed_Per_Instance,1,100839
INST_0839,DSDV,150,50,5,8,4,512,300,20.0,0.037,270,2160,Fixed_Per_Instance,1,100839
INST_0839,AOMDV,150,50,5,8,4,512,300,20.0,0.037,270,2160,Fixed_Per_Instance,1,100839
INST_0840,AODV,150,50,5,8,5,512,300,20.0,0.037,270,2160,Fixed_Per_Instance,1,100840
INST_0840,DSDV,150,50,5,8,5,512,300,20.0,0.037,270,2160,Fixed_Per_Instance,1,100840
INST_0840,AOMDV,150,50,5,8,5,512,300,20.0,0.037,270,2160,Fixed_Per_Instance,1,100840
INST_0841,AODV,150,50,10,2,1,512,300,20.0,0.037,270,540,Fixed_Per_Instance,1,100841
INST_0841,DSDV,150,50,10,2,1,512,300,20.0,0.037,270,540,Fixed_Per_Instance,1,100841
INST_0841,AOMDV,150,50,10,2,1,512,300,20.0,0.037,270,540,Fixed_Per_Instance,1,100841
INST_0842,AODV,150,50,10,2,2,512,300,20.0,0.037,270,540,Fixed_Per_Instance,1,100842
INST_0842,DSDV,150,50,10,2,2,512,300,20.0,0.037,270,540,Fixed_Per_Instance,1,100842
INST_0842,AOMDV,150,50,10,2,2,512,300,20.0,0.037,270,540,Fixed_Per_Instance,1,100842
INST_0843,AODV,150,50,10,2,3,512,300,20.0,0.037,270,540,Fixed_Per_Instance,1,100843
INST_0843,DSDV,150,50,10,2,3,512,300,20.0,0.037,270,540,Fixed_Per_Instance,1,100843
INST_0843,AOMDV,150,50,10,2,3,512,300,20.0,0.037,270,540,Fixed_Per_Instance,1,100843
INST_0844,AODV,150,50,10,2,4,512,300,20.0,0.037,270,540,Fixed_Per_Instance,1,100844
INST_0844,DSDV,150,50,10,2,4,512,300,20.0,0.037,270,540,Fixed_Per_Instance,1,100844
INST_0844,AOMDV,150,50,10,2,4,512,300,20.0,0.037,270,540,Fixed_Per_Instance,1,100844
INST_0845,AODV,150,50,10,2,5,512,300,20.0,0.037,270,540,Fixed_Per_Instance,1,100845
INST_0845,DSDV,150,50,10,2,5,512,300,20.0,0.037,270,540,Fixed_Per_Instance,1,100845
INST_0845,AOMDV,150,50,10,2,5,512,300,20.0,0.037,270,540,Fixed_Per_Instance,1,100845
INST_0846,AODV,150,50,10,4,1,512,300,20.0,0.037,270,1080,Fixed_Per_Instance,1,100846
INST_0846,DSDV,150,50,10,4,1,512,300,20.0,0.037,270,1080,Fixed_Per_Instance,1,100846
INST_0846,AOMDV,150,50,10,4,1,512,300,20.0,0.037,270,1080,Fixed_Per_Instance,1,100846
INST_0847,AODV,150,50,10,4,2,512,300,20.0,0.037,270,1080,Fixed_Per_Instance,1,100847
INST_0847,DSDV,150,50,10,4,2,512,300,20.0,0.037,270,1080,Fixed_Per_Instance,1,100847
INST_0847,AOMDV,150,50,10,4,2,512,300,20.0,0.037,270,1080,Fixed_Per_Instance,1,100847
INST_0848,AODV,150,50,10,4,3,512,300,20.0,0.037,270,1080,Fixed_Per_Instance,1,100848
INST_0848,DSDV,150,50,10,4,3,512,300,20.0,0.037,270,1080,Fixed_Per_Instance,1,100848
INST_0848,AOMDV,150,50,10,4,3,512,300,20.0,0.037,270,1080,Fixed_Per_Instance,1,100848
INST_0849,AODV,150,50,10,4,4,512,300,20.0,0.037,270,1080,Fixed_Per_Instance,1,100849
INST_0849,DSDV,150,50,10,4,4,512,300,20.0,0.037,270,1080,Fixed_Per_Instance,1,100849
INST_0849,AOMDV,150,50,10,4,4,512,300,20.0,0.037,270,1080,Fixed_Per_Instance,1,100849
INST_0850,AODV,150,50,10,4,5,512,300,20.0,0.037,270,1080,Fixed_Per_Instance,1,100850
INST_0850,DSDV,150,50,10,4,5,512,300,20.0,0.037,270,1080,Fixed_Per_Instance,1,100850
INST_0850,AOMDV,150,50,10,4,5,512,300,20.0,0.037,270,1080,Fixed_Per_Instance,1,100850
INST_0851,AODV,150,50,10,8,1,512,300,20.0,0.037,270,2160,Fixed_Per_Instance,1,100851
INST_0851,DSDV,150,50,10,8,1,512,300,20.0,0.037,270,2160,Fixed_Per_Instance,1,100851
INST_0851,AOMDV,150,50,10,8,1,512,300,20.0,0.037,270,2160,Fixed_Per_Instance,1,100851
INST_0852,AODV,150,50,10,8,2,512,300,20.0,0.037,270,2160,Fixed_Per_Instance,1,100852
INST_0852,DSDV,150,50,10,8,2,512,300,20.0,0.037,270,2160,Fixed_Per_Instance,1,100852
INST_0852,AOMDV,150,50,10,8,2,512,300,20.0,0.037,270,2160,Fixed_Per_Instance,1,100852
INST_0853,AODV,150,50,10,8,3,512,300,20.0,0.037,270,2160,Fixed_Per_Instance,1,100853
INST_0853,DSDV,150,50,10,8,3,512,300,20.0,0.037,270,2160,Fixed_Per_Instance,1,100853
INST_0853,AOMDV,150,50,10,8,3,512,300,20.0,0.037,270,2160,Fixed_Per_Instance,1,100853
INST_0854,AODV,150,50,10,8,4,512,300,20.0,0.037,270,2160,Fixed_Per_Instance,1,100854
INST_0854,DSDV,150,50,10,8,4,512,300,20.0,0.037,270,2160,Fixed_Per_Instance,1,100854
INST_0854,AOMDV,150,50,10,8,4,512,300,20.0,0.037,270,2160,Fixed_Per_Instance,1,100854
INST_0855,AODV,150,50,10,8,5,512,300,20.0,0.037,270,2160,Fixed_Per_Instance,1,100855
INST_0855,DSDV,150,50,10,8,5,512,300,20.0,0.037,270,2160,Fixed_Per_Instance,1,100855
INST_0855,AOMDV,150,50,10,8,5,512,300,20.0,0.037,270,2160,Fixed_Per_Instance,1,100855
INST_0856,AODV,150,50,15,2,1,512,300,20.0,0.037,270,540,Fixed_Per_Instance,1,100856
INST_0856,DSDV,150,50,15,2,1,512,300,20.0,0.037,270,540,Fixed_Per_Instance,1,100856
INST_0856,AOMDV,150,50,15,2,1,512,300,20.0,0.037,270,540,Fixed_Per_Instance,1,100856
INST_0857,AODV,150,50,15,2,2,512,300,20.0,0.037,270,540,Fixed_Per_Instance,1,100857
INST_0857,DSDV,150,50,15,2,2,512,300,20.0,0.037,270,540,Fixed_Per_Instance,1,100857
INST_0857,AOMDV,150,50,15,2,2,512,300,20.0,0.037,270,540,Fixed_Per_Instance,1,100857
INST_0858,AODV,150,50,15,2,3,512,300,20.0,0.037,270,540,Fixed_Per_Instance,1,100858
INST_0858,DSDV,150,50,15,2,3,512,300,20.0,0.037,270,540,Fixed_Per_Instance,1,100858
INST_0858,AOMDV,150,50,15,2,3,512,300,20.0,0.037,270,540,Fixed_Per_Instance,1,100858
INST_0859,AODV,150,50,15,2,4,512,300,20.0,0.037,270,540,Fixed_Per_Instance,1,100859
INST_0859,DSDV,150,50,15,2,4,512,300,20.0,0.037,270,540,Fixed_Per_Instance,1,100859
INST_0859,AOMDV,150,50,15,2,4,512,300,20.0,0.037,270,540,Fixed_Per_Instance,1,100859
INST_0860,AODV,150,50,15,2,5,512,300,20.0,0.037,270,540,Fixed_Per_Instance,1,100860
INST_0860,DSDV,150,50,15,2,5,512,300,20.0,0.037,270,540,Fixed_Per_Instance,1,100860
INST_0860,AOMDV,150,50,15,2,5,512,300,20.0,0.037,270,540,Fixed_Per_Instance,1,100860
INST_0861,AODV,150,50,15,4,1,512,300,20.0,0.037,270,1080,Fixed_Per_Instance,1,100861
INST_0861,DSDV,150,50,15,4,1,512,300,20.0,0.037,270,1080,Fixed_Per_Instance,1,100861
INST_0861,AOMDV,150,50,15,4,1,512,300,20.0,0.037,270,1080,Fixed_Per_Instance,1,100861
INST_0862,AODV,150,50,15,4,2,512,300,20.0,0.037,270,1080,Fixed_Per_Instance,1,100862
INST_0862,DSDV,150,50,15,4,2,512,300,20.0,0.037,270,1080,Fixed_Per_Instance,1,100862
INST_0862,AOMDV,150,50,15,4,2,512,300,20.0,0.037,270,1080,Fixed_Per_Instance,1,100862
INST_0863,AODV,150,50,15,4,3,512,300,20.0,0.037,270,1080,Fixed_Per_Instance,1,100863
INST_0863,DSDV,150,50,15,4,3,512,300,20.0,0.037,270,1080,Fixed_Per_Instance,1,100863
INST_0863,AOMDV,150,50,15,4,3,512,300,20.0,0.037,270,1080,Fixed_Per_Instance,1,100863
INST_0864,AODV,150,50,15,4,4,512,300,20.0,0.037,270,1080,Fixed_Per_Instance,1,100864
INST_0864,DSDV,150,50,15,4,4,512,300,20.0,0.037,270,1080,Fixed_Per_Instance,1,100864
INST_0864,AOMDV,150,50,15,4,4,512,300,20.0,0.037,270,1080,Fixed_Per_Instance,1,100864
INST_0865,AODV,150,50,15,4,5,512,300,20.0,0.037,270,1080,Fixed_Per_Instance,1,100865
INST_0865,DSDV,150,50,15,4,5,512,300,20.0,0.037,270,1080,Fixed_Per_Instance,1,100865
INST_0865,AOMDV,150,50,15,4,5,512,300,20.0,0.037,270,1080,Fixed_Per_Instance,1,100865
INST_0866,AODV,150,50,15,8,1,512,300,20.0,0.037,270,2160,Fixed_Per_Instance,1,100866
INST_0866,DSDV,150,50,15,8,1,512,300,20.0,0.037,270,2160,Fixed_Per_Instance,1,100866
INST_0866,AOMDV,150,50,15,8,1,512,300,20.0,0.037,270,2160,Fixed_Per_Instance,1,100866
INST_0867,AODV,150,50,15,8,2,512,300,20.0,0.037,270,2160,Fixed_Per_Instance,1,100867
INST_0867,DSDV,150,50,15,8,2,512,300,20.0,0.037,270,2160,Fixed_Per_Instance,1,100867
INST_0867,AOMDV,150,50,15,8,2,512,300,20.0,0.037,270,2160,Fixed_Per_Instance,1,100867
INST_0868,AODV,150,50,15,8,3,512,300,20.0,0.037,270,2160,Fixed_Per_Instance,1,100868
INST_0868,DSDV,150,50,15,8,3,512,300,20.0,0.037,270,2160,Fixed_Per_Instance,1,100868
INST_0868,AOMDV,150,50,15,8,3,512,300,20.0,0.037,270,2160,Fixed_Per_Instance,1,100868
INST_0869,AODV,150,50,15,8,4,512,300,20.0,0.037,270,2160,Fixed_Per_Instance,1,100869
INST_0869,DSDV,150,50,15,8,4,512,300,20.0,0.037,270,2160,Fixed_Per_Instance,1,100869
INST_0869,AOMDV,150,50,15,8,4,512,300,20.0,0.037,270,2160,Fixed_Per_Instance,1,100869
INST_0870,AODV,150,50,15,8,5,512,300,20.0,0.037,270,2160,Fixed_Per_Instance,1,100870
INST_0870,DSDV,150,50,15,8,5,512,300,20.0,0.037,270,2160,Fixed_Per_Instance,1,100870
INST_0870,AOMDV,150,50,15,8,5,512,300,20.0,0.037,270,2160,Fixed_Per_Instance,1,100870
INST_0871,AODV,150,50,20,2,1,512,300,20.0,0.037,270,540,Fixed_Per_Instance,1,100871
INST_0871,DSDV,150,50,20,2,1,512,300,20.0,0.037,270,540,Fixed_Per_Instance,1,100871
INST_0871,AOMDV,150,50,20,2,1,512,300,20.0,0.037,270,540,Fixed_Per_Instance,1,100871
INST_0872,AODV,150,50,20,2,2,512,300,20.0,0.037,270,540,Fixed_Per_Instance,1,100872
INST_0872,DSDV,150,50,20,2,2,512,300,20.0,0.037,270,540,Fixed_Per_Instance,1,100872
INST_0872,AOMDV,150,50,20,2,2,512,300,20.0,0.037,270,540,Fixed_Per_Instance,1,100872
INST_0873,AODV,150,50,20,2,3,512,300,20.0,0.037,270,540,Fixed_Per_Instance,1,100873
INST_0873,DSDV,150,50,20,2,3,512,300,20.0,0.037,270,540,Fixed_Per_Instance,1,100873
INST_0873,AOMDV,150,50,20,2,3,512,300,20.0,0.037,270,540,Fixed_Per_Instance,1,100873
INST_0874,AODV,150,50,20,2,4,512,300,20.0,0.037,270,540,Fixed_Per_Instance,1,100874
INST_0874,DSDV,150,50,20,2,4,512,300,20.0,0.037,270,540,Fixed_Per_Instance,1,100874
INST_0874,AOMDV,150,50,20,2,4,512,300,20.0,0.037,270,540,Fixed_Per_Instance,1,100874
INST_0875,AODV,150,50,20,2,5,512,300,20.0,0.037,270,540,Fixed_Per_Instance,1,100875
INST_0875,DSDV,150,50,20,2,5,512,300,20.0,0.037,270,540,Fixed_Per_Instance,1,100875
INST_0875,AOMDV,150,50,20,2,5,512,300,20.0,0.037,270,540,Fixed_Per_Instance,1,100875
INST_0876,AODV,150,50,20,4,1,512,300,20.0,0.037,270,1080,Fixed_Per_Instance,1,100876
INST_0876,DSDV,150,50,20,4,1,512,300,20.0,0.037,270,1080,Fixed_Per_Instance,1,100876
INST_0876,AOMDV,150,50,20,4,1,512,300,20.0,0.037,270,1080,Fixed_Per_Instance,1,100876
INST_0877,AODV,150,50,20,4,2,512,300,20.0,0.037,270,1080,Fixed_Per_Instance,1,100877
INST_0877,DSDV,150,50,20,4,2,512,300,20.0,0.037,270,1080,Fixed_Per_Instance,1,100877
INST_0877,AOMDV,150,50,20,4,2,512,300,20.0,0.037,270,1080,Fixed_Per_Instance,1,100877
INST_0878,AODV,150,50,20,4,3,512,300,20.0,0.037,270,1080,Fixed_Per_Instance,1,100878
INST_0878,DSDV,150,50,20,4,3,512,300,20.0,0.037,270,1080,Fixed_Per_Instance,1,100878
INST_0878,AOMDV,150,50,20,4,3,512,300,20.0,0.037,270,1080,Fixed_Per_Instance,1,100878
INST_0879,AODV,150,50,20,4,4,512,300,20.0,0.037,270,1080,Fixed_Per_Instance,1,100879
INST_0879,DSDV,150,50,20,4,4,512,300,20.0,0.037,270,1080,Fixed_Per_Instance,1,100879
INST_0879,AOMDV,150,50,20,4,4,512,300,20.0,0.037,270,1080,Fixed_Per_Instance,1,100879
INST_0880,AODV,150,50,20,4,5,512,300,20.0,0.037,270,1080,Fixed_Per_Instance,1,100880
INST_0880,DSDV,150,50,20,4,5,512,300,20.0,0.037,270,1080,Fixed_Per_Instance,1,100880
INST_0880,AOMDV,150,50,20,4,5,512,300,20.0,0.037,270,1080,Fixed_Per_Instance,1,100880
INST_0881,AODV,150,50,20,8,1,512,300,20.0,0.037,270,2160,Fixed_Per_Instance,1,100881
INST_0881,DSDV,150,50,20,8,1,512,300,20.0,0.037,270,2160,Fixed_Per_Instance,1,100881
INST_0881,AOMDV,150,50,20,8,1,512,300,20.0,0.037,270,2160,Fixed_Per_Instance,1,100881
INST_0882,AODV,150,50,20,8,2,512,300,20.0,0.037,270,2160,Fixed_Per_Instance,1,100882
INST_0882,DSDV,150,50,20,8,2,512,300,20.0,0.037,270,2160,Fixed_Per_Instance,1,100882
INST_0882,AOMDV,150,50,20,8,2,512,300,20.0,0.037,270,2160,Fixed_Per_Instance,1,100882
INST_0883,AODV,150,50,20,8,3,512,300,20.0,0.037,270,2160,Fixed_Per_Instance,1,100883
INST_0883,DSDV,150,50,20,8,3,512,300,20.0,0.037,270,2160,Fixed_Per_Instance,1,100883
INST_0883,AOMDV,150,50,20,8,3,512,300,20.0,0.037,270,2160,Fixed_Per_Instance,1,100883
INST_0884,AODV,150,50,20,8,4,512,300,20.0,0.037,270,2160,Fixed_Per_Instance,1,100884
INST_0884,DSDV,150,50,20,8,4,512,300,20.0,0.037,270,2160,Fixed_Per_Instance,1,100884
INST_0884,AOMDV,150,50,20,8,4,512,300,20.0,0.037,270,2160,Fixed_Per_Instance,1,100884
INST_0885,AODV,150,50,20,8,5,512,300,20.0,0.037,270,2160,Fixed_Per_Instance,1,100885
INST_0885,DSDV,150,50,20,8,5,512,300,20.0,0.037,270,2160,Fixed_Per_Instance,1,100885
INST_0885,AOMDV,150,50,20,8,5,512,300,20.0,0.037,270,2160,Fixed_Per_Instance,1,100885
INST_0886,AODV,150,50,25,2,1,512,300,20.0,0.037,270,540,Fixed_Per_Instance,1,100886
INST_0886,DSDV,150,50,25,2,1,512,300,20.0,0.037,270,540,Fixed_Per_Instance,1,100886
INST_0886,AOMDV,150,50,25,2,1,512,300,20.0,0.037,270,540,Fixed_Per_Instance,1,100886
INST_0887,AODV,150,50,25,2,2,512,300,20.0,0.037,270,540,Fixed_Per_Instance,1,100887
INST_0887,DSDV,150,50,25,2,2,512,300,20.0,0.037,270,540,Fixed_Per_Instance,1,100887
INST_0887,AOMDV,150,50,25,2,2,512,300,20.0,0.037,270,540,Fixed_Per_Instance,1,100887
INST_0888,AODV,150,50,25,2,3,512,300,20.0,0.037,270,540,Fixed_Per_Instance,1,100888
INST_0888,DSDV,150,50,25,2,3,512,300,20.0,0.037,270,540,Fixed_Per_Instance,1,100888
INST_0888,AOMDV,150,50,25,2,3,512,300,20.0,0.037,270,540,Fixed_Per_Instance,1,100888
INST_0889,AODV,150,50,25,2,4,512,300,20.0,0.037,270,540,Fixed_Per_Instance,1,100889
INST_0889,DSDV,150,50,25,2,4,512,300,20.0,0.037,270,540,Fixed_Per_Instance,1,100889
INST_0889,AOMDV,150,50,25,2,4,512,300,20.0,0.037,270,540,Fixed_Per_Instance,1,100889
INST_0890,AODV,150,50,25,2,5,512,300,20.0,0.037,270,540,Fixed_Per_Instance,1,100890
INST_0890,DSDV,150,50,25,2,5,512,300,20.0,0.037,270,540,Fixed_Per_Instance,1,100890
INST_0890,AOMDV,150,50,25,2,5,512,300,20.0,0.037,270,540,Fixed_Per_Instance,1,100890
INST_0891,AODV,150,50,25,4,1,512,300,20.0,0.037,270,1080,Fixed_Per_Instance,1,100891
INST_0891,DSDV,150,50,25,4,1,512,300,20.0,0.037,270,1080,Fixed_Per_Instance,1,100891
INST_0891,AOMDV,150,50,25,4,1,512,300,20.0,0.037,270,1080,Fixed_Per_Instance,1,100891
INST_0892,AODV,150,50,25,4,2,512,300,20.0,0.037,270,1080,Fixed_Per_Instance,1,100892
INST_0892,DSDV,150,50,25,4,2,512,300,20.0,0.037,270,1080,Fixed_Per_Instance,1,100892
INST_0892,AOMDV,150,50,25,4,2,512,300,20.0,0.037,270,1080,Fixed_Per_Instance,1,100892
INST_0893,AODV,150,50,25,4,3,512,300,20.0,0.037,270,1080,Fixed_Per_Instance,1,100893
INST_0893,DSDV,150,50,25,4,3,512,300,20.0,0.037,270,1080,Fixed_Per_Instance,1,100893
INST_0893,AOMDV,150,50,25,4,3,512,300,20.0,0.037,270,1080,Fixed_Per_Instance,1,100893
INST_0894,AODV,150,50,25,4,4,512,300,20.0,0.037,270,1080,Fixed_Per_Instance,1,100894
INST_0894,DSDV,150,50,25,4,4,512,300,20.0,0.037,270,1080,Fixed_Per_Instance,1,100894
INST_0894,AOMDV,150,50,25,4,4,512,300,20.0,0.037,270,1080,Fixed_Per_Instance,1,100894
INST_0895,AODV,150,50,25,4,5,512,300,20.0,0.037,270,1080,Fixed_Per_Instance,1,100895
INST_0895,DSDV,150,50,25,4,5,512,300,20.0,0.037,270,1080,Fixed_Per_Instance,1,100895
INST_0895,AOMDV,150,50,25,4,5,512,300,20.0,0.037,270,1080,Fixed_Per_Instance,1,100895
INST_0896,AODV,150,50,25,8,1,512,300,20.0,0.037,270,2160,Fixed_Per_Instance,1,100896
INST_0896,DSDV,150,50,25,8,1,512,300,20.0,0.037,270,2160,Fixed_Per_Instance,1,100896
INST_0896,AOMDV,150,50,25,8,1,512,300,20.0,0.037,270,2160,Fixed_Per_Instance,1,100896
INST_0897,AODV,150,50,25,8,2,512,300,20.0,0.037,270,2160,Fixed_Per_Instance,1,100897
INST_0897,DSDV,150,50,25,8,2,512,300,20.0,0.037,270,2160,Fixed_Per_Instance,1,100897
INST_0897,AOMDV,150,50,25,8,2,512,300,20.0,0.037,270,2160,Fixed_Per_Instance,1,100897
INST_0898,AODV,150,50,25,8,3,512,300,20.0,0.037,270,2160,Fixed_Per_Instance,1,100898
INST_0898,DSDV,150,50,25,8,3,512,300,20.0,0.037,270,2160,Fixed_Per_Instance,1,100898
INST_0898,AOMDV,150,50,25,8,3,512,300,20.0,0.037,270,2160,Fixed_Per_Instance,1,100898
INST_0899,AODV,150,50,25,8,4,512,300,20.0,0.037,270,2160,Fixed_Per_Instance,1,100899
INST_0899,DSDV,150,50,25,8,4,512,300,20.0,0.037,270,2160,Fixed_Per_Instance,1,100899
INST_0899,AOMDV,150,50,25,8,4,512,300,20.0,0.037,270,2160,Fixed_Per_Instance,1,100899
INST_0900,AODV,150,50,25,8,5,512,300,20.0,0.037,270,2160,Fixed_Per_Instance,1,100900
INST_0900,DSDV,150,50,25,8,5,512,300,20.0,0.037,270,2160,Fixed_Per_Instance,1,100900
INST_0900,AOMDV,150,50,25,8,5,512,300,20.0,0.037,270,2160,Fixed_Per_Instance,1,100900
